{
    "run_n":53,
    "run_seed":0,
    "ndims":64,
    "nsamples":100000,
    "correlation":"corr",
    "nbijectors":5,
    "bijector":"CsplineN",
    "spline_knots":12,
    "range_min":-16,
    "hidden_layers":"256-256-256",
    "batch_size":512,
    "activation":"relu",
    "eps_regulariser":0,
    "regulariser":null,
    "dist_seed":0,
    "test_seed":0,
    "kl_divergence":-1,
    "ks_test_mean":0.223149891693241,
    "ks_test_median":0.23004067957850047,
    "ad_test_mean":0.13113289545750043,
    "ad_test_median":0.12298577040978136,
    "Wasserstein_median":0.06634839338198609,
    "Wasserstein_mean":0.06634839338198609,
    "frob_norm":0.7988315369706911,
    "epochs_input":1000,
    "epochs_output":152,
    "time":3980.5563028575853,
    "train_loss_history":[
        674.0352783203125,
        153.36181640625,
        84.9933090209961,
        65.0493392944336,
        55.65426254272461,
        49.97867965698242,
        47.00551986694336,
        44.70236587524414,
        43.21319580078125,
        41.56473922729492,
        40.551029205322266,
        39.38178634643555,
        38.8446044921875,
        38.00796127319336,
        38.319854736328125,
        37.53924560546875,
        36.92450714111328,
        36.709266662597656,
        36.76437759399414,
        36.14524459838867,
        36.1669921875,
        35.713680267333984,
        36.258296966552734,
        36.03334045410156,
        35.47300720214844,
        35.81435775756836,
        34.640777587890625,
        35.244564056396484,
        34.944217681884766,
        34.970821380615234,
        34.74176788330078,
        34.84259033203125,
        34.04059600830078,
        34.83284378051758,
        34.39363098144531,
        34.176536560058594,
        34.08852005004883,
        33.9212646484375,
        34.33933639526367,
        33.835506439208984,
        34.1021728515625,
        34.51652145385742,
        34.142539978027344,
        33.82646179199219,
        34.294803619384766,
        33.75576400756836,
        33.64345169067383,
        33.39490509033203,
        33.20655059814453,
        33.22980880737305,
        32.99300765991211,
        33.51836395263672,
        33.21500778198242,
        33.01283645629883,
        32.74953079223633,
        33.639957427978516,
        33.15864181518555,
        32.49915313720703,
        32.88274383544922,
        33.06143569946289,
        33.00038528442383,
        32.54121780395508,
        32.58869552612305,
        32.583221435546875,
        32.141502380371094,
        32.06400680541992,
        32.06330490112305,
        31.759599685668945,
        31.75452423095703,
        31.60161018371582,
        31.627660751342773,
        31.341449737548828,
        31.439950942993164,
        31.42316436767578,
        31.14828872680664,
        31.285675048828125,
        31.56757926940918,
        30.801193237304688,
        31.046356201171875,
        30.90419578552246,
        31.146543502807617,
        30.656343460083008,
        30.513992309570312,
        30.736461639404297,
        30.521900177001953,
        30.520029067993164,
        30.26213264465332,
        30.3950252532959,
        30.116670608520508,
        30.29218864440918,
        30.26703643798828,
        30.35555648803711,
        30.20132064819336,
        30.376461029052734,
        29.86566162109375,
        29.77776336669922,
        29.99269676208496,
        29.83478355407715,
        30.108182907104492,
        29.823810577392578,
        29.478118896484375,
        29.567779541015625,
        29.414939880371094,
        29.064863204956055,
        29.40145492553711,
        28.938152313232422,
        29.447723388671875,
        28.762434005737305,
        28.976280212402344,
        29.063335418701172,
        28.69636344909668,
        28.685461044311523,
        28.592802047729492,
        28.352548599243164,
        28.560739517211914,
        28.40065574645996,
        28.48385238647461,
        28.483251571655273,
        28.61272430419922,
        28.32408332824707,
        28.238353729248047,
        28.19173812866211,
        27.884584426879883,
        28.243600845336914,
        27.910690307617188,
        27.727710723876953,
        27.791410446166992,
        27.6690673828125,
        27.727792739868164,
        27.886882781982422,
        27.662569046020508,
        27.521751403808594,
        27.644968032836914,
        27.55873680114746,
        27.27956199645996,
        27.741315841674805,
        27.15810775756836,
        27.21413230895996,
        27.23232078552246,
        27.173961639404297,
        26.910940170288086,
        26.97850227355957,
        25.031543731689453,
        24.582578659057617,
        24.458341598510742,
        24.388147354125977,
        24.350099563598633,
        24.29886817932129,
        24.20380210876465,
        24.251737594604492,
        24.164335250854492,
        24.10878562927246
    ],