{
    "run_n":7,
    "run_seed":0,
    "ndims":8,
    "nsamples":100000,
    "correlation":"corr",
    "nbijectors":10,
    "bijector":"MAFN",
    "spline_knots":8,
    "range_min":-16,
    "hidden_layers":"128-128-128",
    "batch_size":512,
    "activation":"relu",
    "eps_regulariser":0,
    "regulariser":null,
    "dist_seed":0,
    "test_seed":0,
    "kl_divergence":-1,
    "ks_test_mean":0.2984967170107922,
    "ks_test_median":0.3376138003590783,
    "ad_test_mean":0.14222955567974782,
    "ad_test_median":0.12145229192028106,
    "Wasserstein_median":0.010783572646559679,
    "Wasserstein_mean":0.010783572646559679,
    "frob_norm":0.08265429373264403,
    "epochs_input":1000,
    "epochs_output":197,
    "time":864.9279065318406,
    "train_loss_history":[
        26.261884689331055,
        3.983229875564575,
        3.482835292816162,
        1.3631911277770996,
        0.9707556962966919,
        0.7506468296051025,
        1.2862114906311035,
        0.6333007216453552,
        0.3936435580253601,
        0.25122714042663574,
        0.09922081232070923,
        0.11644916236400604,
        0.10386541485786438,
        -0.051043059676885605,
        -0.1620834767818451,
        0.5060518980026245,
        -0.38907182216644287,
        -0.11797259002923965,
        -0.493280291557312,
        -0.4414874017238617,
        -0.2155691534280777,
        -0.4328572154045105,
        -0.2122926414012909,
        -0.5692465305328369,
        -0.632644772529602,
        -0.6867724657058716,
        0.0770709365606308,
        -0.7575966119766235,
        -0.5754422545433044,
        -0.20123593509197235,
        -0.6843486428260803,
        -0.766944169998169,
        -0.8220968842506409,
        -0.604532778263092,
        -0.8417412042617798,
        -0.403289258480072,
        0.4382709562778473,
        -0.8957856893539429,
        -0.9941648244857788,
        -0.6435737609863281,
        -0.5545819997787476,
        -0.8784967660903931,
        -0.974138081073761,
        -0.9394159317016602,
        -0.9704185128211975,
        -0.9100154042243958,
        -0.9452788233757019,
        -1.0292638540267944,
        -1.0767561197280884,
        -1.065950632095337,
        -0.9115221500396729,
        -0.65589839220047,
        -0.9138059020042419,
        -1.0601089000701904,
        0.15183572471141815,
        -1.044227957725525,
        -1.0173943042755127,
        -1.1666196584701538,
        -0.8941484689712524,
        -1.1020126342773438,
        -1.0971522331237793,
        -0.9299854040145874,
        -0.9714840650558472,
        -1.1505537033081055,
        -0.8157778382301331,
        -0.954371988773346,
        -1.035917043685913,
        -1.1522527933120728,
        -1.0170894861221313,
        -0.8931824564933777,
        -0.9313766360282898,
        -1.2527680397033691,
        -1.0174466371536255,
        -1.1577279567718506,
        -1.1600966453552246,
        -0.7899418473243713,
        -1.248978853225708,
        -1.2800724506378174,
        -0.8550977110862732,
        -1.2541022300720215,
        -0.9869608283042908,
        -1.0098117589950562,
        -1.2885360717773438,
        -1.0700788497924805,
        -1.2153513431549072,
        -1.0370290279388428,
        -1.2566214799880981,
        -0.7164283394813538,
        -1.2720879316329956,
        -1.1407346725463867,
        -1.1479429006576538,
        -1.2482110261917114,
        -1.154173493385315,
        -1.2759854793548584,
        -1.2185207605361938,
        -1.214043378829956,
        -1.2756997346878052,
        -1.270877718925476,
        -1.250480055809021,
        -1.2143051624298096,
        -1.08333420753479,
        -1.1885281801223755,
        -1.3018200397491455,
        -1.286359429359436,
        -1.188740611076355,
        -0.9849920868873596,
        -1.0160611867904663,
        -1.217232584953308,
        -1.3310030698776245,
        -1.259376883506775,
        -1.041306734085083,
        -1.247940182685852,
        -1.2779507637023926,
        -1.237404227256775,
        -1.2312346696853638,
        -1.338273286819458,
        -1.1857959032058716,
        -1.3070212602615356,
        -1.2141025066375732,
        -1.3111809492111206,
        -1.2999106645584106,
        -1.3184622526168823,
        -1.3657985925674438,
        -1.1111443042755127,
        -1.3820375204086304,
        -1.370607614517212,
        -1.3629058599472046,
        -1.3326069116592407,
        -1.3432904481887817,
        -1.3549379110336304,
        -1.248649001121521,
        -1.370618224143982,
        -1.2784662246704102,
        -1.3735370635986328,
        -1.4408501386642456,
        -1.3367618322372437,
        -1.4108625650405884,
        -1.2699936628341675,
        -1.4236946105957031,
        -1.2202743291854858,
        -1.452433705329895,
        -1.0959705114364624,
        -0.4000292718410492,
        -1.218880534172058,
        -1.127158761024475,
        -1.3052090406417847,
        -1.3391602039337158,
        -1.2306861877441406,
        -1.3152127265930176,
        -1.2084444761276245,
        NaN,
        NaN,
        NaN,
        NaN,
        NaN,
        NaN,
        NaN,
        NaN,
        NaN,
        NaN,
        NaN,
        NaN,
        NaN,
        NaN,
        NaN,
        NaN,
        NaN,
        NaN,
        NaN,
        NaN,
        NaN,
        NaN,
        NaN,
        NaN,
        NaN,
        NaN,
        NaN,
        NaN,
        NaN,
        NaN,
        NaN,
        NaN,
        NaN,
        NaN,
        NaN,
        NaN,
        NaN,
        NaN,
        NaN,
        NaN,
        NaN,
        NaN,
        NaN,
        NaN,
        NaN,
        NaN,
        NaN
    ],