{
    "run_n":4,
    "run_seed":0,
    "ndims":4,
    "nsamples":100000,
    "correlation":"corr",
    "nbijectors":10,
    "bijector":"MAFN",
    "spline_knots":8,
    "range_min":-5,
    "hidden_layers":"256-256-256",
    "batch_size":512,
    "activation":"relu",
    "eps_regulariser":0,
    "regulariser":null,
    "dist_seed":0,
    "test_seed":0,
    "kl_divergence":-1,
    "ks_test_mean":0.424711716311007,
    "ks_test_median":0.4418607140764923,
    "ad_test_mean":0.19287249888270575,
    "ad_test_median":0.19072176626590628,
    "Wasserstein_median":0.03851453750061551,
    "Wasserstein_mean":0.03851453750061551,
    "frob_norm":0.039395817460438444,
    "epochs_input":1000,
    "epochs_output":202,
    "time":901.4232357088476,
    "train_loss_history":[
        9.876331329345703,
        6.097498893737793,
        5.347169876098633,
        4.062176704406738,
        4.041322708129883,
        3.8555638790130615,
        3.780780792236328,
        3.972132921218872,
        3.6695058345794678,
        3.305631160736084,
        2.950098991394043,
        3.2311904430389404,
        2.7334036827087402,
        2.6846768856048584,
        2.660924196243286,
        2.7047717571258545,
        2.626120090484619,
        2.6355690956115723,
        2.5974910259246826,
        2.6050822734832764,
        2.605541706085205,
        2.5827267169952393,
        2.5799782276153564,
        2.607631206512451,
        2.5765557289123535,
        2.602041244506836,
        2.558760404586792,
        2.5839180946350098,
        2.5511486530303955,
        2.5615997314453125,
        2.5880753993988037,
        2.561638832092285,
        2.534991979598999,
        2.530489683151245,
        2.5425193309783936,
        2.55216908454895,
        2.5296452045440674,
        2.561255693435669,
        2.5084850788116455,
        2.5154495239257812,
        2.5040676593780518,
        2.5157299041748047,
        2.5133376121520996,
        2.534841537475586,
        2.4992547035217285,
        2.5046396255493164,
        2.5020806789398193,
        2.4966444969177246,
        2.5142323970794678,
        2.5106639862060547,
        2.488025665283203,
        2.5023045539855957,
        2.4950530529022217,
        2.5175116062164307,
        2.501816749572754,
        2.4915101528167725,
        2.514209747314453,
        2.5007574558258057,
        2.488907814025879,
        2.4915428161621094,
        2.4867892265319824,
        2.5066399574279785,
        2.477060556411743,
        2.4655399322509766,
        2.502063274383545,
        2.4988601207733154,
        2.522752046585083,
        2.4789795875549316,
        2.475104331970215,
        2.4659061431884766,
        2.4650514125823975,
        2.480717897415161,
        2.452907085418701,
        2.4946537017822266,
        2.4774651527404785,
        2.4806883335113525,
        2.4667422771453857,
        2.474827527999878,
        2.4523935317993164,
        2.468151807785034,
        2.456860303878784,
        2.467188835144043,
        2.4775021076202393,
        2.4600162506103516,
        2.46402645111084,
        2.4594452381134033,
        2.4804739952087402,
        2.4647915363311768,
        2.4512808322906494,
        2.4689204692840576,
        2.4374024868011475,
        2.4511618614196777,
        2.4779105186462402,
        2.450103759765625,
        2.464078664779663,
        2.45619535446167,
        2.456629753112793,
        2.457667827606201,
        2.435692071914673,
        2.444122314453125,
        2.472226619720459,
        2.4499428272247314,
        2.4570679664611816,
        2.453824043273926,
        2.4616029262542725,
        2.436448335647583,
        2.424288034439087,
        2.463245153427124,
        2.444537401199341,
        2.451249599456787,
        2.4337987899780273,
        2.4277398586273193,
        2.4413061141967773,
        2.4325151443481445,
        2.4261655807495117,
        2.4773178100585938,
        2.4251046180725098,
        2.44077730178833,
        2.4278781414031982,
        2.4529073238372803,
        2.4517719745635986,
        2.434998035430908,
        2.4369776248931885,
        2.4535932540893555,
        2.4511525630950928,
        2.4284989833831787,
        2.4264090061187744,
        2.427131414413452,
        2.419050693511963,
        2.4401447772979736,
        2.4326086044311523,
        2.4186878204345703,
        2.4340875148773193,
        2.4404261112213135,
        2.4216670989990234,
        2.454840898513794,
        2.440904378890991,
        2.4323573112487793,
        2.4239413738250732,
        2.427873134613037,
        2.424654960632324,
        2.4372503757476807,
        2.4375178813934326,
        2.4184234142303467,
        2.4191854000091553,
        2.423346757888794,
        2.416595220565796,
        2.4315552711486816,
        2.4136250019073486,
        2.421983480453491,
        2.4284048080444336,
        2.418379068374634,
        2.4071030616760254,
        2.413789749145508,
        2.4475624561309814,
        2.4114246368408203,
        2.4120588302612305,
        2.423227310180664,
        2.437830686569214,
        2.422072649002075,
        2.4192616939544678,
        2.4203803539276123,
        2.4131994247436523,
        2.4264166355133057,
        2.4146480560302734,
        2.4306163787841797,
        2.4233179092407227,
        2.4269115924835205,
        2.420311450958252,
        2.409430503845215,
        2.4124717712402344,
        2.4116415977478027,
        2.4129669666290283,
        2.41888427734375,
        2.4117159843444824,
        2.412719964981079,
        2.421267032623291,
        2.414947271347046,
        2.425022840499878,
        2.4239907264709473,
        2.4075658321380615,
        2.4110970497131348,
        2.405349016189575,
        2.4193615913391113,
        2.409963369369507,
        2.418480396270752,
        2.426203727722168,
        2.406226634979248,
        2.4117844104766846,
        2.413586378097534,
        2.413914442062378,
        2.3995418548583984,
        2.3550708293914795,
        2.3505401611328125,
        2.3520586490631104,
        2.353320360183716,
        2.355193614959717,
        2.3496572971343994,
        2.353874444961548,
        2.350146532058716,
        2.3505373001098633,
        2.350087881088257
    ],