{
    "run_n":9,
    "run_seed":926,
    "ndims":8,
    "nsamples":100000,
    "correlation":"corr",
    "nbijectors":2,
    "bijector":"MsplineN",
    "spline_knots":12,
    "range_min":-16,
    "hidden_layers":"128-128-128",
    "batch_size":512,
    "activation":"relu",
    "eps_regulariser":0,
    "regulariser":null,
    "dist_seed":0,
    "test_seed":0,
    "kl_divergence":-1,
    "ks_test_mean":0.4573908797084352,
    "ks_test_median":0.4463168462338099,
    "ad_test_mean":0.205743864760851,
    "ad_test_median":0.2045988940980413,
    "Wasserstein_median":0.04575963332285558,
    "Wasserstein_mean":0.04575963332285558,
    "frob_norm":0.028032342586133716,
    "epochs_input":1000,
    "epochs_output":222,
    "time":1498.5732202460058,
    "train_loss_history":[
        26.081302642822266,
        6.035856246948242,
        5.177806377410889,
        4.801058292388916,
        4.666683673858643,
        4.582624435424805,
        4.519162178039551,
        4.463729381561279,
        4.476546764373779,
        4.434072971343994,
        4.403427600860596,
        4.381973743438721,
        4.341920852661133,
        4.355210781097412,
        4.341693878173828,
        4.3056511878967285,
        4.3249030113220215,
        4.264008522033691,
        4.262997150421143,
        4.272586822509766,
        4.262425422668457,
        4.446254253387451,
        4.2560715675354,
        4.226621150970459,
        4.231304168701172,
        4.2448883056640625,
        4.219492435455322,
        4.205672264099121,
        4.208746910095215,
        4.232096195220947,
        4.214702129364014,
        4.2506422996521,
        4.206659317016602,
        4.232371807098389,
        4.186075687408447,
        4.203246593475342,
        4.198383808135986,
        4.187227249145508,
        4.202946662902832,
        4.215627670288086,
        4.165654182434082,
        4.2156758308410645,
        4.180675506591797,
        4.188943386077881,
        4.188294410705566,
        4.188991546630859,
        4.176122188568115,
        4.185965538024902,
        4.180478572845459,
        4.1848464012146,
        4.175982475280762,
        4.198354721069336,
        4.176701068878174,
        4.171494007110596,
        4.174074649810791,
        4.170862197875977,
        4.171223163604736,
        4.163640975952148,
        4.179441928863525,
        4.154563903808594,
        4.17655086517334,
        4.174071788787842,
        4.192473888397217,
        4.164368152618408,
        4.167420864105225,
        4.175909042358398,
        4.154834747314453,
        4.15712833404541,
        4.166331768035889,
        4.152830600738525,
        4.1661834716796875,
        4.14781379699707,
        4.1632490158081055,
        4.157547473907471,
        4.165156364440918,
        4.154055595397949,
        4.150521278381348,
        4.163741588592529,
        4.148255825042725,
        4.149233341217041,
        4.148211479187012,
        4.154072284698486,
        4.162272930145264,
        4.161838054656982,
        4.149374961853027,
        4.157127380371094,
        4.13709831237793,
        4.172682285308838,
        4.186254024505615,
        4.159871578216553,
        4.152050018310547,
        4.14024543762207,
        4.142531394958496,
        4.142062664031982,
        4.147075653076172,
        4.136722564697266,
        4.1415886878967285,
        4.142841815948486,
        4.149935722351074,
        4.142706871032715,
        4.144157409667969,
        4.148530960083008,
        4.143556594848633,
        4.134292125701904,
        4.13084077835083,
        4.1465888023376465,
        4.129427909851074,
        4.149148941040039,
        4.134970664978027,
        4.129699230194092,
        4.130336761474609,
        4.143008708953857,
        4.134661674499512,
        4.139585018157959,
        4.154349327087402,
        4.136285305023193,
        4.130692958831787,
        4.137381553649902,
        4.149869441986084,
        4.134061813354492,
        4.132628440856934,
        4.147521495819092,
        4.1332197189331055,
        4.1336846351623535,
        4.133131980895996,
        4.132413387298584,
        4.13245964050293,
        4.138949871063232,
        4.128844738006592,
        4.124154567718506,
        4.126669406890869,
        4.130293846130371,
        4.141122817993164,
        4.437563419342041,
        4.156165599822998,
        4.141459941864014,
        4.150166034698486,
        4.132972717285156,
        4.127358436584473,
        4.130890846252441,
        4.129283905029297,
        4.123891830444336,
        4.137512683868408,
        4.124654293060303,
        4.1303606033325195,
        4.1276397705078125,
        4.137165069580078,
        4.121935844421387,
        4.125556468963623,
        4.127682685852051,
        4.116891384124756,
        4.1255693435668945,
        4.118461608886719,
        4.134650707244873,
        4.1278181076049805,
        4.121214389801025,
        4.125637054443359,
        4.124025344848633,
        4.12833309173584,
        4.086359977722168,
        4.080587387084961,
        4.0829291343688965,
        4.082230567932129,
        4.081502914428711,
        4.083082675933838,
        4.08341646194458,
        4.082983493804932,
        4.083583354949951,
        4.080389022827148,
        4.080151081085205,
        4.082551956176758,
        4.081392288208008,
        4.083682060241699,
        4.0823493003845215,
        4.082356929779053,
        4.078762054443359,
        4.080295562744141,
        4.080319881439209,
        4.0798797607421875,
        4.0821919441223145,
        4.080864906311035,
        4.080617427825928,
        4.079645156860352,
        4.082573413848877,
        4.081798076629639,
        4.0793280601501465,
        4.082453727722168,
        4.0816874504089355,
        4.078851699829102,
        4.078525543212891,
        4.0793538093566895,
        4.081033706665039,
        4.0785627365112305,
        4.077642917633057,
        4.077692985534668,
        4.076937675476074,
        4.076923370361328,
        4.077162742614746,
        4.080129623413086,
        4.079570293426514,
        4.0776047706604,
        4.076374053955078,
        4.075814247131348,
        4.078120231628418,
        4.076804161071777,
        4.07579231262207,
        4.0766143798828125,
        4.0813164710998535,
        4.07554817199707,
        4.076021194458008,
        4.075901508331299,
        4.076235294342041,
        4.06626033782959,
        4.065273284912109,
        4.065973281860352,
        4.065168857574463,
        4.0641913414001465,
        4.064680099487305,
        4.064732551574707,
        4.064492702484131,
        4.063962936401367,
        4.064224720001221
    ],