{
    "run_n": 6,
    "run_seed": 0,
    "ndims": 8,
    "nsamples": 100000,
    "correlation": "corr",
    "nbijectors": 5,
    "bijector": "RealNVPN",
    "spline_knots": 8,
    "range_min": -5,
    "hidden_layers": "256-256-256",
    "batch_size": 256,
    "activation": "relu",
    "eps_regulariser": 0,
    "regulariser": null,
    "dist_seed": 0,
    "test_seed": 0,
    "kl_divergence": -1,
    "ks_test_mean": 0.20181867475439347,
    "ks_test_median": 0.2005304785499849,
    "ad_test_mean": 0.13513674236005735,
    "ad_test_median": 0.13212042944893254,
    "Wasserstein_median": 0.0729234476123416,
    "Wasserstein_mean": 0.0729234476123416,
    "frob_norm": 0.09581525649516205,
    "epochs_input": 1000,
    "epochs_output": 231,
    "time": 1284.9232778339647,
    "train_loss_history": [
        17.91054916381836,
        13.740303039550781,
        13.138775825500488,
        12.801937103271484,
        12.519977569580078,
        12.362640380859375,
        12.187925338745117,
        12.06744384765625,
        11.97795581817627,
        11.881648063659668,
        11.799991607666016,
        11.763299942016602,
        11.745684623718262,
        11.665321350097656,
        11.64083194732666,
        11.59067153930664,
        11.566340446472168,
        11.559846878051758,
        11.498173713684082,
        11.439957618713379,
        11.434612274169922,
        11.384448051452637,
        11.372900009155273,
        11.313182830810547,
        11.298593521118164,
        11.275532722473145,
        11.283641815185547,
        11.252459526062012,
        11.212430000305176,
        11.217949867248535,
        11.18164348602295,
        11.17236042022705,
        11.142618179321289,
        11.132312774658203,
        11.116227149963379,
        11.131957054138184,
        11.081254959106445,
        11.111614227294922,
        11.086461067199707,
        11.082109451293945,
        11.053218841552734,
        11.04305362701416,
        11.037257194519043,
        10.995649337768555,
        10.97680377960205,
        10.976775169372559,
        10.984952926635742,
        10.92448902130127,
        10.912262916564941,
        10.958353996276855,
        10.958136558532715,
        10.956927299499512,
        10.88655948638916,
        10.869688034057617,
        10.882275581359863,
        10.876953125,
        10.844522476196289,
        10.856778144836426,
        10.867079734802246,
        10.848400115966797,
        10.817843437194824,
        10.844515800476074,
        10.797500610351562,
        10.871987342834473,
        10.832067489624023,
        10.769722938537598,
        10.798097610473633,
        10.771292686462402,
        10.793367385864258,
        10.751270294189453,
        10.7664155960083,
        10.758001327514648,
        10.72573184967041,
        10.802050590515137,
        10.81688404083252,
        10.859289169311523,
        10.724862098693848,
        10.703619003295898,
        10.696331024169922,
        10.692313194274902,
        10.688533782958984,
        10.676158905029297,
        10.66529655456543,
        10.696621894836426,
        10.67802619934082,
        10.750261306762695,
        10.737117767333984,
        10.715190887451172,
        10.688459396362305,
        10.661052703857422,
        10.6288423538208,
        10.621456146240234,
        10.722860336303711,
        10.632758140563965,
        10.600961685180664,
        10.621161460876465,
        10.679664611816406,
        10.688544273376465,
        10.678618431091309,
        10.639568328857422,
        10.621902465820312,
        10.617865562438965,
        10.60098934173584,
        10.60964584350586,
        10.569062232971191,
        10.58332633972168,
        10.578673362731934,
        10.664315223693848,
        10.619738578796387,
        10.601724624633789,
        10.597746849060059,
        10.562002182006836,
        10.589507102966309,
        10.560807228088379,
        10.568084716796875,
        10.622106552124023,
        10.744632720947266,
        10.65011978149414,
        10.58530330657959,
        10.545489311218262,
        10.577320098876953,
        10.579449653625488,
        10.526138305664062,
        10.54483699798584,
        10.519454956054688,
        10.645225524902344,
        10.608599662780762,
        10.527588844299316,
        10.528910636901855,
        10.59113883972168,
        10.513513565063477,
        10.517471313476562,
        10.519781112670898,
        10.505005836486816,
        10.504739761352539,
        10.490784645080566,
        10.516284942626953,
        10.534120559692383,
        10.526979446411133,
        10.524109840393066,
        10.502680778503418,
        10.476935386657715,
        10.497923851013184,
        10.626829147338867,
        10.498648643493652,
        10.486071586608887,
        10.46146297454834,
        10.4912748336792,
        10.544879913330078,
        10.4779691696167,
        10.509058952331543,
        10.630354881286621,
        10.517739295959473,
        10.494791030883789,
        10.542964935302734,
        10.466103553771973,
        10.4635009765625,
        10.480446815490723,
        10.56074333190918,
        10.543839454650879,
        10.437671661376953,
        10.471193313598633,
        10.456643104553223,
        10.43736743927002,
        10.498771667480469,
        10.448410987854004,
        10.445225715637207,
        10.438385009765625,
        10.441887855529785,
        10.217084884643555,
        10.16248893737793,
        10.144989013671875,
        10.143458366394043,
        10.13617992401123,
        10.132864952087402,
        10.131153106689453,
        10.122440338134766,
        10.112605094909668,
        10.109891891479492,
        10.114642143249512,
        10.1054105758667,
        10.113570213317871,
        10.103876113891602,
        10.096317291259766,
        10.094253540039062,
        10.091096878051758,
        10.087059020996094,
        10.081856727600098,
        10.095158576965332,
        10.079069137573242,
        10.08366870880127,
        10.07556438446045,
        10.084369659423828,
        10.076798439025879,
        10.090140342712402,
        10.07496452331543,
        10.060174942016602,
        10.073433876037598,
        10.057855606079102,
        10.063151359558105,
        10.052878379821777,
        10.0559720993042,
        10.052452087402344,
        10.05977725982666,
        10.049912452697754,
        10.046140670776367,
        10.049787521362305,
        10.041472434997559,
        10.04244613647461,
        10.046089172363281,
        10.045762062072754,
        10.035069465637207,
        10.036295890808105,
        10.036633491516113,
        10.037099838256836,
        10.029253959655762,
        10.027508735656738,
        10.016024589538574,
        10.026817321777344,
        10.021819114685059,
        10.022811889648438,
        9.958800315856934,
        9.947809219360352,
        9.945025444030762,
        9.943737983703613,
        9.941398620605469,
        9.942232131958008,
        9.940579414367676,
        9.941329956054688,
        9.940489768981934,
        9.938672065734863
    ],