{
    "run_n":30,
    "run_seed":0,
    "ndims":16,
    "nsamples":100000,
    "correlation":"corr",
    "nbijectors":5,
    "bijector":"CsplineN",
    "spline_knots":12,
    "range_min":-16,
    "hidden_layers":"512-512-512",
    "batch_size":512,
    "activation":"relu",
    "eps_regulariser":0,
    "regulariser":null,
    "dist_seed":0,
    "test_seed":0,
    "kl_divergence":-1,
    "ks_test_mean":0.2685303983067445,
    "ks_test_median":0.27729287563207994,
    "ad_test_mean":0.14902284538414365,
    "ad_test_median":0.1322847029223952,
    "Wasserstein_median":0.04512037793799521,
    "Wasserstein_mean":0.04512037793799521,
    "frob_norm":0.29272771459703056,
    "epochs_input":1000,
    "epochs_output":89,
    "time":2672.728132288903,
    "train_loss_history":[
        20.680782318115234,
        8.958124160766602,
        8.563313484191895,
        7.276915073394775,
        6.977113723754883,
        6.551490306854248,
        6.259167194366455,
        6.2126030921936035,
        6.095529079437256,
        5.9050445556640625,
        5.883514881134033,
        5.779384136199951,
        5.82301139831543,
        5.605889320373535,
        5.653548717498779,
        5.640935897827148,
        5.675590515136719,
        5.517080783843994,
        5.536472797393799,
        5.492319107055664,
        5.495877265930176,
        5.433070659637451,
        5.461467742919922,
        5.412370681762695,
        5.431174278259277,
        5.3719635009765625,
        5.389678955078125,
        5.331070423126221,
        5.346621513366699,
        5.315481185913086,
        5.311727046966553,
        5.287888526916504,
        5.29657506942749,
        5.265986919403076,
        5.284305572509766,
        5.240171909332275,
        5.186593532562256,
        5.199814319610596,
        5.215719223022461,
        5.231279373168945,
        5.146117210388184,
        5.1299147605896,
        5.115800857543945,
        5.1366286277771,
        5.091623306274414,
        5.045213222503662,
        5.049701690673828,
        5.048742294311523,
        5.03066873550415,
        5.021729946136475,
        4.99375057220459,
        4.98003625869751,
        4.959829807281494,
        4.950819492340088,
        4.897027969360352,
        4.872696876525879,
        4.843872547149658,
        4.854516506195068,
        4.836204528808594,
        4.823493957519531,
        4.757092475891113,
        4.770962238311768,
        4.718171119689941,
        4.700259208679199,
        4.688028812408447,
        4.656237602233887,
        4.603349685668945,
        4.598994731903076,
        4.630491733551025,
        4.599466800689697,
        4.521398067474365,
        4.534611701965332,
        4.499532699584961,
        4.478466033935547,
        4.417475700378418,
        4.392201900482178,
        4.37260103225708,
        4.333504676818848,
        4.3112568855285645,
        3.721330165863037,
        3.4975032806396484,
        3.39379620552063,
        3.319434881210327,
        3.2688400745391846,
        3.198431968688965,
        3.172441005706787,
        3.1029579639434814,
        3.0702316761016846,
        3.0198800563812256
    ],
    "val_loss_history":[
        11.060007095336914,
        7.762497425079346,
        9.661239624023438,
        7.275723934173584,
        6.3988847732543945,
        6.98007345199585,
        6.018398761749268,
        5.908063888549805,
        5.741184234619141,
        6.519811153411865,
        5.640348434448242,
        6.503022193908691,
        5.719368934631348,
        5.590355396270752,
        5.523882865905762,
        5.593949317932129,
        5.765553951263428,
        5.614914417266846,
        5.533148765563965,
        5.511510848999023,
        5.563711166381836,
        5.527793884277344,
        5.490296363830566,
        5.572215557098389,
        5.677772045135498,
        5.735485553741455,
        5.477425575256348,
        5.454739570617676,
        5.45029354095459,
        5.576668739318848,
        5.516409873962402,
        5.495013236999512,
        5.519205093383789,
        5.5437493324279785,
        5.505642890930176,
        5.496207237243652,
        5.855061054229736,
        5.5190277099609375,
        5.665643215179443,
        5.537796974182129,
        5.506811141967773,
        5.549023151397705,
        5.757438659667969,
        5.542786121368408,
        5.560237407684326,
        5.600561141967773,
        5.7122931480407715,
        5.6305718421936035,
        5.684079647064209,
        5.6990156173706055,
        5.630874156951904,
        5.703990459442139,
        5.722278594970703,
        5.743443012237549,
        5.706673622131348,
        5.7321553230285645,
        5.734203338623047,
        5.728555679321289,
        5.939792156219482,
        5.825348377227783,
        5.762649059295654,
        5.76118803024292,
        5.887190341949463,
        6.00131368637085,
        5.869234561920166,
        5.920516490936279,
        5.96581506729126,
        5.981626033782959,
        6.229844570159912,
        6.166106700897217,
        6.1648101806640625,
        6.093027114868164,
        6.1790337562561035,
        6.11296272277832,
        6.161646842956543,
        6.247714519500732,
        6.351441860198975,
        6.363068103790283,
        6.30722713470459,
        6.656707286834717,
        6.844773292541504,
        7.020191669464111,
        7.1920342445373535,
        7.375054359436035,
        7.463161945343018,
        7.584616184234619,
        7.832675933837891,
        7.831116676330566,
        7.9133620262146
    ],
    "best_train_loss":5.346621513366699,
    "best_val_loss":5.45029354095459,
    "best_epoch":28
}