{
    "run_n":1,
    "run_seed":0,
    "ndims":8,
    "nsamples":100000,
    "correlation":"corr",
    "nbijectors":5,
    "bijector":"RealNVPN",
    "spline_knots":8,
    "range_min":-5,
    "hidden_layers":"128-128-128",
    "batch_size":256,
    "activation":"relu",
    "eps_regulariser":0,
    "regulariser":null,
    "dist_seed":0,
    "test_seed":0,
    "kl_divergence":-1,
    "ks_test_mean":0.4852043869673976,
    "ks_test_median":0.5021151710981011,
    "ad_test_mean":0.21655948592202434,
    "ad_test_median":0.2124004212233292,
    "Wasserstein_median":0.023015658531390044,
    "Wasserstein_mean":0.023015658531390044,
    "frob_norm":0.07125222742444663,
    "epochs_input":1000,
    "epochs_output":255,
    "time":1480.5007027140819,
    "train_loss_history":[
        13.29780387878418,
        7.111389636993408,
        6.3994140625,
        5.966488838195801,
        5.653865337371826,
        5.537212371826172,
        5.384081840515137,
        5.315187931060791,
        5.242790222167969,
        5.135721206665039,
        5.159063816070557,
        5.084282875061035,
        5.021060943603516,
        4.964496612548828,
        4.980918884277344,
        4.963743209838867,
        4.894591808319092,
        4.8584513664245605,
        4.825744152069092,
        4.830503463745117,
        4.794847011566162,
        4.800995826721191,
        4.773158550262451,
        4.715999603271484,
        4.791195392608643,
        4.734617233276367,
        4.719028472900391,
        4.693049907684326,
        4.714726448059082,
        4.681292533874512,
        4.6544413566589355,
        4.643908500671387,
        4.649096488952637,
        4.623570442199707,
        4.634488582611084,
        4.6170759201049805,
        4.609522819519043,
        4.585550785064697,
        4.589074611663818,
        4.579432964324951,
        4.581197738647461,
        4.581820487976074,
        4.534772872924805,
        4.5613861083984375,
        4.521883487701416,
        4.532798767089844,
        4.543829917907715,
        4.51374626159668,
        4.5562334060668945,
        4.509925365447998,
        4.523935317993164,
        4.4857096672058105,
        4.491848468780518,
        4.514144420623779,
        4.507711887359619,
        4.510096073150635,
        4.455674171447754,
        4.485658168792725,
        4.4684224128723145,
        4.489068984985352,
        4.482823371887207,
        4.446197986602783,
        4.420212745666504,
        4.426948070526123,
        4.478915214538574,
        4.458337306976318,
        4.440970420837402,
        4.427135944366455,
        4.432599067687988,
        4.442945957183838,
        4.416701316833496,
        4.398761749267578,
        4.426699638366699,
        4.422645568847656,
        4.394746780395508,
        4.401949882507324,
        4.421615123748779,
        4.3980231285095215,
        4.388522148132324,
        4.3866801261901855,
        4.392523765563965,
        4.391247272491455,
        4.3666605949401855,
        4.382059097290039,
        4.379030227661133,
        4.380151271820068,
        4.387102127075195,
        4.382500171661377,
        4.376462936401367,
        4.392655849456787,
        4.335947036743164,
        4.374711513519287,
        4.3819451332092285,
        4.37816047668457,
        4.362782001495361,
        4.339727401733398,
        4.360825061798096,
        4.3416056632995605,
        4.354430675506592,
        4.364323616027832,
        4.349894046783447,
        4.348214149475098,
        4.333518981933594,
        4.323000907897949,
        4.353434085845947,
        4.329621315002441,
        4.319658279418945,
        4.329483509063721,
        4.349523544311523,
        4.347428798675537,
        4.316883087158203,
        4.326730728149414,
        4.320368766784668,
        4.330491065979004,
        4.30485200881958,
        4.317174911499023,
        4.347472667694092,
        4.317169666290283,
        4.330385208129883,
        4.314494609832764,
        4.323450565338135,
        4.307555675506592,
        4.322414398193359,
        4.30035924911499,
        4.3045973777771,
        4.3066253662109375,
        4.322318077087402,
        4.332553863525391,
        4.299950122833252,
        4.327574729919434,
        4.302432060241699,
        4.301645755767822,
        4.2833404541015625,
        4.300145149230957,
        4.289200305938721,
        4.3392534255981445,
        4.273416519165039,
        4.311722278594971,
        4.317467212677002,
        4.3025312423706055,
        4.282862663269043,
        4.2992353439331055,
        4.3023481369018555,
        4.289257049560547,
        4.269174098968506,
        4.284853935241699,
        4.290131568908691,
        4.277047634124756,
        4.259529113769531,
        4.272688865661621,
        4.264930248260498,
        4.288449287414551,
        4.284400939941406,
        4.299269676208496,
        4.264200210571289,
        4.276735305786133,
        4.288845062255859,
        4.248675346374512,
        4.303525924682617,
        4.273266315460205,
        4.265289306640625,
        4.284249782562256,
        4.276972770690918,
        4.260383605957031,
        4.263029098510742,
        4.255472660064697,
        4.284108638763428,
        4.240421772003174,
        4.273455619812012,
        4.268396377563477,
        4.266538619995117,
        4.259303092956543,
        4.258705139160156,
        4.252869129180908,
        4.2657694816589355,
        4.2498064041137695,
        4.244661331176758,
        4.267423152923584,
        4.251858234405518,
        4.242785930633545,
        4.2382001876831055,
        4.251588821411133,
        4.242863178253174,
        4.251709938049316,
        4.229367256164551,
        4.236873149871826,
        4.2390360832214355,
        4.244742393493652,
        4.237734317779541,
        4.241659641265869,
        4.245157718658447,
        4.248753070831299,
        4.240209102630615,
        4.237000942230225,
        4.085996627807617,
        4.074355125427246,
        4.068609237670898,
        4.068098068237305,
        4.070663928985596,
        4.070563793182373,
        4.079571723937988,
        4.072482109069824,
        4.0662126541137695,
        4.070986270904541,
        4.072192192077637,
        4.070228576660156,
        4.072578430175781,
        4.0668206214904785,
        4.0704169273376465,
        4.064974784851074,
        4.064125061035156,
        4.062483310699463,
        4.067755222320557,
        4.065125465393066,
        4.064804553985596,
        4.063299179077148,
        4.062979221343994,
        4.06254243850708,
        4.069842338562012,
        4.059535503387451,
        4.061373710632324,
        4.061295986175537,
        4.063389778137207,
        4.061331272125244,
        4.057433605194092,
        4.058960437774658,
        4.063222885131836,
        4.063962459564209,
        4.057223796844482,
        4.0617876052856445,
        4.058970928192139,
        4.0523481369018555,
        4.052970886230469,
        4.053903579711914,
        4.051697254180908,
        4.056684970855713,
        4.054069995880127,
        4.04954719543457,
        4.053030014038086,
        4.059722900390625,
        4.051548480987549,
        4.0576629638671875,
        4.051553726196289,
        4.049759387969971,
        4.053895473480225,
        4.011630058288574,
        4.00954532623291,
        4.008965015411377,
        4.009170055389404,
        4.010948657989502,
        4.009866714477539,
        4.012423038482666,
        4.010503768920898,
        4.010466575622559,
        4.012105941772461
    ],