{
    "run_n":9,
    "run_seed":926,
    "ndims":4,
    "nsamples":100000,
    "correlation":"corr",
    "nbijectors":2,
    "bijector":"MsplineN",
    "spline_knots":12,
    "range_min":-16,
    "hidden_layers":"256-256-256",
    "batch_size":512,
    "activation":"relu",
    "eps_regulariser":0,
    "regulariser":null,
    "dist_seed":0,
    "test_seed":0,
    "kl_divergence":-1,
    "ks_test_mean":0.43794010481886747,
    "ks_test_median":0.4392290278923896,
    "ad_test_mean":0.20459171674128157,
    "ad_test_median":0.20312576396004153,
    "Wasserstein_median":0.04113900941104325,
    "Wasserstein_mean":0.04113900941104325,
    "frob_norm":0.031894663180431757,
    "epochs_input":1000,
    "epochs_output":293,
    "time":1969.5974884908646,
    "train_loss_history":[
        9.252022743225098,
        4.267510890960693,
        3.587846517562866,
        3.0046801567077637,
        2.894760847091675,
        2.7946953773498535,
        2.702343702316284,
        2.6809632778167725,
        2.6238656044006348,
        2.5844080448150635,
        2.5559394359588623,
        2.556396961212158,
        2.5406384468078613,
        2.530761241912842,
        2.500708818435669,
        2.5119199752807617,
        2.5147500038146973,
        2.4705257415771484,
        2.5008959770202637,
        2.4699442386627197,
        2.466214418411255,
        2.5072319507598877,
        2.453012704849243,
        2.4831767082214355,
        2.4684691429138184,
        2.4573915004730225,
        2.4642374515533447,
        2.4455296993255615,
        2.4509780406951904,
        2.4516148567199707,
        2.4538490772247314,
        2.446242570877075,
        2.438505172729492,
        2.4497909545898438,
        2.456942081451416,
        2.4393622875213623,
        2.4559755325317383,
        2.467647075653076,
        2.437638521194458,
        2.4553096294403076,
        2.4307539463043213,
        2.450148105621338,
        2.4216952323913574,
        2.4546170234680176,
        2.4385251998901367,
        2.4333176612854004,
        2.4195384979248047,
        2.4475605487823486,
        2.425938367843628,
        2.4351601600646973,
        2.4420571327209473,
        2.4395148754119873,
        2.4286112785339355,
        2.4910125732421875,
        2.4507856369018555,
        2.4289438724517822,
        2.4268314838409424,
        2.4241721630096436,
        2.41772723197937,
        2.415388584136963,
        2.4201316833496094,
        2.417616844177246,
        2.412604331970215,
        2.4111061096191406,
        2.4224348068237305,
        2.401191473007202,
        2.4330546855926514,
        2.412501096725464,
        2.4171717166900635,
        2.4094290733337402,
        2.4119908809661865,
        2.4244003295898438,
        2.4127111434936523,
        2.401714324951172,
        2.404309034347534,
        2.4095489978790283,
        2.410531997680664,
        2.409881114959717,
        2.421664237976074,
        2.412518262863159,
        2.4163358211517334,
        2.3965110778808594,
        2.4034738540649414,
        2.4059996604919434,
        2.3977065086364746,
        2.399756908416748,
        2.4054524898529053,
        2.3974170684814453,
        2.396117925643921,
        2.4040157794952393,
        2.4065604209899902,
        2.40425443649292,
        2.3958959579467773,
        2.401411294937134,
        2.404606580734253,
        2.391265630722046,
        2.402233362197876,
        2.389190912246704,
        2.392796277999878,
        2.4010329246520996,
        2.417409658432007,
        2.3941402435302734,
        2.4051804542541504,
        2.399304151535034,
        2.396538734436035,
        2.387845754623413,
        2.398940324783325,
        2.388862133026123,
        2.4119765758514404,
        2.3919081687927246,
        2.3952038288116455,
        2.3934481143951416,
        2.3894827365875244,
        2.3906774520874023,
        2.3941543102264404,
        2.393859624862671,
        2.39211106300354,
        2.397643804550171,
        2.4123306274414062,
        2.3915834426879883,
        2.3976809978485107,
        2.4887874126434326,
        2.4093801975250244,
        2.4189887046813965,
        2.403059959411621,
        2.5952253341674805,
        2.460737466812134,
        2.4162774085998535,
        2.403059482574463,
        2.4108879566192627,
        2.3946115970611572,
        2.405383348464966,
        2.396939516067505,
        2.4664146900177,
        2.3991215229034424,
        2.3856239318847656,
        2.388934850692749,
        2.3999569416046143,
        2.3848989009857178,
        2.38608717918396,
        2.417929172515869,
        2.3879446983337402,
        2.388981342315674,
        2.3867225646972656,
        2.3832974433898926,
        2.398775577545166,
        2.408442258834839,
        2.4319469928741455,
        2.4067375659942627,
        2.385958671569824,
        2.385716438293457,
        2.4044647216796875,
        2.379934787750244,
        2.4146993160247803,
        2.3875505924224854,
        2.4179275035858154,
        2.4586074352264404,
        2.402467966079712,
        2.3993756771087646,
        2.393106460571289,
        2.488940477371216,
        2.3890397548675537,
        2.390817642211914,
        2.37895131111145,
        2.380444049835205,
        2.3750526905059814,
        2.376833200454712,
        2.3774564266204834,
        2.3842525482177734,
        2.372588634490967,
        2.3857316970825195,
        2.3757269382476807,
        2.3952267169952393,
        2.3803045749664307,
        2.3723323345184326,
        2.3765416145324707,
        2.395416259765625,
        2.550845146179199,
        2.38202166557312,
        2.3783280849456787,
        2.418851137161255,
        2.374880075454712,
        2.3824591636657715,
        2.3745338916778564,
        2.379709005355835,
        2.3729867935180664,
        2.384945869445801,
        2.372563123703003,
        2.3792600631713867,
        2.376671075820923,
        2.377700090408325,
        2.3802242279052734,
        2.3730170726776123,
        2.3709564208984375,
        2.3763115406036377,
        2.376870632171631,
        2.3776955604553223,
        2.3700149059295654,
        2.382608652114868,
        2.3766374588012695,
        2.3749074935913086,
        2.375735282897949,
        2.3930399417877197,
        2.3816592693328857,
        2.421114444732666,
        2.370706081390381,
        2.374516010284424,
        2.5742955207824707,
        2.3881072998046875,
        2.3837013244628906,
        2.3851118087768555,
        2.3770194053649902,
        2.3789637088775635,
        2.3760669231414795,
        2.3714547157287598,
        2.3762550354003906,
        2.377507209777832,
        2.371742010116577,
        2.3759896755218506,
        2.3794238567352295,
        2.373802423477173,
        2.369946002960205,
        2.37412691116333,
        2.3752145767211914,
        2.3817784786224365,
        2.4493627548217773,
        2.3752763271331787,
        2.373508930206299,
        2.3776612281799316,
        2.375840663909912,
        2.418057918548584,
        2.379105806350708,
        2.3815367221832275,
        2.379209280014038,
        2.5177676677703857,
        2.4146671295166016,
        2.3768727779388428,
        2.3705246448516846,
        2.373408079147339,
        2.372443914413452,
        2.397045850753784,
        2.5934910774230957,
        2.52103590965271,
        2.44854736328125,
        2.4297659397125244,
        2.4191582202911377,
        2.4085888862609863,
        2.407512903213501,
        2.397529125213623,
        2.3994665145874023,
        2.4027371406555176,
        2.392888307571411,
        2.3952674865722656,
        2.393216848373413,
        2.3928186893463135,
        2.402097225189209,
        2.389206886291504,
        2.4347469806671143,
        2.3952436447143555,
        2.392604351043701,
        2.4004440307617188,
        2.388890504837036,
