{
    "run_n":28,
    "run_seed":0,
    "ndims":16,
    "nsamples":100000,
    "correlation":"corr",
    "nbijectors":5,
    "bijector":"CsplineN",
    "spline_knots":12,
    "range_min":-16,
    "hidden_layers":"128-128-128",
    "batch_size":512,
    "activation":"relu",
    "eps_regulariser":0,
    "regulariser":null,
    "dist_seed":0,
    "test_seed":0,
    "kl_divergence":-1,
    "ks_test_mean":0.33017948980578693,
    "ks_test_median":0.3415634393943908,
    "ad_test_mean":0.17313295133240603,
    "ad_test_median":0.1627861476233828,
    "Wasserstein_median":0.03589784246492053,
    "Wasserstein_mean":0.03589784246492053,
    "frob_norm":0.3561068838863958,
    "epochs_input":1000,
    "epochs_output":116,
    "time":2540.833720492199,
    "train_loss_history":[
        25.598234176635742,
        8.316049575805664,
        7.369174957275391,
        6.777170181274414,
        6.524755954742432,
        6.2874674797058105,
        6.1487531661987305,
        6.005502223968506,
        6.005939483642578,
        5.860799789428711,
        5.827086925506592,
        5.786884307861328,
        5.729808330535889,
        5.685336589813232,
        5.6275506019592285,
        5.718790531158447,
        5.5810136795043945,
        5.557002067565918,
        5.533498764038086,
        5.512192726135254,
        5.527511119842529,
        5.5025458335876465,
        5.474165916442871,
        5.501824855804443,
        5.4476776123046875,
        5.455368518829346,
        5.441502094268799,
        5.419813632965088,
        5.432066917419434,
        5.390777111053467,
        5.409045696258545,
        5.394511699676514,
        5.354379177093506,
        5.35963773727417,
        5.398903846740723,
        5.364292621612549,
        5.328558444976807,
        5.322648048400879,
        5.32611083984375,
        5.328612327575684,
        5.316012382507324,
        5.299651622772217,
        5.328856468200684,
        5.329562187194824,
        5.271912574768066,
        5.2610931396484375,
        5.251453876495361,
        5.260068893432617,
        5.263205528259277,
        5.264660358428955,
        5.228729724884033,
        5.226397514343262,
        5.249885559082031,
        5.211733818054199,
        5.221470832824707,
        5.197766304016113,
        5.203647613525391,
        5.196963787078857,
        5.177496910095215,
        5.214372634887695,
        5.166676998138428,
        5.186532974243164,
        5.159251689910889,
        5.149179458618164,
        5.148861408233643,
        5.122572898864746,
        5.184727668762207,
        5.118101119995117,
        5.132139682769775,
        5.104114055633545,
        5.087255477905273,
        5.110604286193848,
        5.123576641082764,
        5.126651287078857,
        5.072949409484863,
        5.075584888458252,
        5.078063011169434,
        5.041025161743164,
        5.043073654174805,
        5.042809963226318,
        5.047741889953613,
        5.032252311706543,
        5.015771389007568,
        5.005574703216553,
        5.002200126647949,
        4.9827046394348145,
        4.97519588470459,
        5.008747100830078,
        4.974366188049316,
        4.959177494049072,
        5.001132488250732,
        4.984333515167236,
        4.976540565490723,
        4.9318342208862305,
        4.905252456665039,
        4.920699119567871,
        4.92542028427124,
        4.9227471351623535,
        4.948485851287842,
        4.88947057723999,
        4.8778910636901855,
        4.883763790130615,
        4.900045394897461,
        4.86991024017334,
        4.8686957359313965,
        4.865991115570068,
        4.587734222412109,
        4.545744895935059,
        4.536070346832275,
        4.520178318023682,
        4.51900577545166,
        4.502628803253174,
        4.498554229736328,
        4.491240501403809,
        4.4917497634887695,
        4.485890865325928
    ],
    "val_loss_history":[
        9.145973205566406,
        7.53809928894043,
        6.758040428161621,
        6.400667190551758,
        6.444863319396973,
        6.3413262367248535,
        6.297679901123047,
        5.9277238845825195,
        5.842642307281494,
        5.769464492797852,
        5.744579315185547,
        6.048695087432861,
        5.610891342163086,
        5.561197757720947,
        5.9310503005981445,
        5.791767120361328,
        5.850612163543701,
        5.6290788650512695,
        5.527591705322266,
        5.461719989776611,
        5.831376075744629,
        5.437231540679932,
        5.53515100479126,
        5.508847713470459,
        5.641872882843018,
        5.5618133544921875,
        5.5021491050720215,
        5.646115303039551,
        5.57531213760376,
        5.674552917480469,
        5.405356407165527,
        5.487305641174316,
        5.454066753387451,
        5.838856220245361,
        5.771937847137451,
        5.607928276062012,
        5.577289581298828,
        5.454183101654053,
        5.397756576538086,
        5.4985857009887695,
        5.362305164337158,
        5.43574857711792,
        5.40150260925293,
        5.373423099517822,
        5.45304012298584,
        5.426535129547119,
        5.470769882202148,
        5.416557788848877,
        5.563607692718506,
        5.392641544342041,
        5.4218244552612305,
        5.470501899719238,
        5.431031703948975,
        5.446576118469238,
        5.496799468994141,
        5.352929592132568,
        5.527980327606201,
        5.454901218414307,
        5.494396209716797,
        5.456241607666016,
        5.3728718757629395,
        5.420260429382324,
        5.564907073974609,
        5.382189750671387,
        5.4225993156433105,
        5.4209065437316895,
        5.580820083618164,
        5.466118335723877,
        5.383760452270508,
        5.564335346221924,
        5.49238920211792,
        5.429442882537842,
        5.5681352615356445,
        5.4376020431518555,
        5.492528438568115,
        5.494554042816162,
        5.3978071212768555,
        5.45807409286499,
        5.469093322753906,
        5.5093913078308105,
        5.458761692047119,
        5.507684230804443,
        5.4426984786987305,
        5.445217132568359,
        5.55855655670166,
        5.543556213378906,
        5.491187572479248,
        5.524444103240967,
        5.532933712005615,
        5.5299553871154785,
        5.579204559326172,
        5.578128814697266,
        5.564617156982422,
        5.540134906768799,
        5.540976524353027,
        5.48920202255249,
        5.597861289978027,
        5.539469242095947,
        5.541220664978027,
        5.6924567222595215,
        5.619837284088135,
        5.691246032714844,
        5.6025495529174805,
        5.592422962188721,
        5.584968566894531,
        5.537689685821533,
        5.551995277404785,
        5.583690166473389,
        5.605156898498535,
        5.631882190704346,
        5.6367597579956055,
        5.665699481964111,
        5.686699867248535,
        5.7080817222595215,
        5.747827529907227,
        5.723989486694336
    ],
    "best_train_loss":5.197766304016113,
    "best_val_loss":5.352929592132568,
    "best_epoch":55
}