{
    "run_n":22,
    "run_seed":0,
    "ndims":8,
    "nsamples":100000,
    "correlation":"corr",
    "nbijectors":10,
    "bijector":"CsplineN",
    "spline_knots":12,
    "range_min":-16,
    "hidden_layers":"128-128-128",
    "batch_size":512,
    "activation":"relu",
    "eps_regulariser":0,
    "regulariser":null,
    "dist_seed":0,
    "test_seed":0,
    "kl_divergence":-1,
    "ks_test_mean":0.44426192284646826,
    "ks_test_median":0.4641357640757664,
    "ad_test_mean":0.2024622827207783,
    "ad_test_median":0.19790214891112595,
    "Wasserstein_median":0.0080886308812724,
    "Wasserstein_mean":0.0080886308812724,
    "frob_norm":0.05925445834855614,
    "epochs_input":1000,
    "epochs_output":311,
    "time":16070.026655431837,
    "train_loss_history":[
        58.15013885498047,
        10.805253982543945,
        6.174321174621582,
        3.5790791511535645,
        2.8502159118652344,
        1.7264392375946045,
        0.5419744849205017,
        0.8048104643821716,
        0.3980400860309601,
        0.3397216498851776,
        0.29615145921707153,
        0.8890017867088318,
        0.6274651885032654,
        0.014145961031317711,
        0.2861868441104889,
        0.7259477376937866,
        0.16967593133449554,
        0.43805304169654846,
        -0.16333554685115814,
        -0.12132527679204941,
        -0.07215085625648499,
        -0.22580371797084808,
        0.5867238640785217,
        -0.35671550035476685,
        -0.15008048713207245,
        0.17600515484809875,
        -0.1892285943031311,
        -0.37417665123939514,
        -0.2902296781539917,
        -0.4193178713321686,
        -0.04155982658267021,
        -0.07674805074930191,
        -0.3733571469783783,
        0.0006838893168605864,
        -0.028919221833348274,
        -0.5547152161598206,
        -0.4881060719490051,
        -0.4115624725818634,
        -0.34282034635543823,
        -0.4285978674888611,
        -0.21412718296051025,
        -0.6086064577102661,
        -0.5525233745574951,
        -0.5830523371696472,
        -0.5421600937843323,
        -0.2804919183254242,
        -0.8084391355514526,
        -0.5804481506347656,
        -0.8230555057525635,
        -0.6706457734107971,
        -0.8415877819061279,
        -0.6867785453796387,
        -0.7166980504989624,
        -0.5973865985870361,
        -0.7139198184013367,
        -0.744429886341095,
        -0.7773323059082031,
        -0.7654826641082764,
        -0.6199981570243835,
        -0.7760708332061768,
        -0.9069032073020935,
        -0.4705713093280792,
        -0.9780927300453186,
        -0.7111449241638184,
        -0.834289014339447,
        -0.6904212236404419,
        -0.9741353988647461,
        -0.9733649492263794,
        -0.8877143263816833,
        -0.9568187594413757,
        -0.8248292207717896,
        -1.036155343055725,
        -0.800014317035675,
        -0.9297534227371216,
        -1.0753870010375977,
        -0.9022274613380432,
        -1.028721570968628,
        -1.0063601732254028,
        -1.0877885818481445,
        -0.914013683795929,
        -0.838823139667511,
        -1.0702542066574097,
        -1.008211612701416,
        -1.0811941623687744,
        -1.052617073059082,
        -0.9707750082015991,
        -1.0788999795913696,
        -1.0845685005187988,
        -1.062604308128357,
        -0.8996080756187439,
        -1.0213515758514404,
        -1.1869310140609741,
        -1.1460270881652832,
        -1.0485199689865112,
        -1.0624350309371948,
        -1.1884599924087524,
        -1.2001848220825195,
        -1.120749831199646,
        -1.0272290706634521,
        -1.1553924083709717,
        -1.1318132877349854,
        -1.2163218259811401,
        -1.2407763004302979,
        -1.163631796836853,
        -1.1404770612716675,
        -1.1600244045257568,
        -1.2054829597473145,
        -1.2774156332015991,
        -1.201378583908081,
        -1.1964757442474365,
        -1.1471401453018188,
        -1.249889850616455,
        -1.2698967456817627,
        -1.2166777849197388,
        -1.1236377954483032,
        -1.3415350914001465,
        -1.2407727241516113,
        -1.3404595851898193,
        -1.1396411657333374,
        -1.3003637790679932,
        -1.1941457986831665,
        -1.2729984521865845,
        -1.2368396520614624,
        -1.2024513483047485,
        -1.363512635231018,
        -1.2726980447769165,
        -1.360163688659668,
        -1.2991142272949219,
        -1.2649730443954468,
        -1.2726975679397583,
        -1.3137136697769165,
        -1.369383454322815,
        -1.2326068878173828,
        -1.3861294984817505,
        -1.3165888786315918,
        -1.317280888557434,
        -1.3611983060836792,
        -1.159100890159607,
        -1.353875994682312,
        -1.350326418876648,
        -1.4136338233947754,
        -1.4204457998275757,
        -1.3748278617858887,
        -1.3207049369812012,
        -1.433149814605713,
        -1.313826322555542,
        -1.395404577255249,
        -1.3726638555526733,
        -1.2346526384353638,
        -1.478737235069275,
        -1.295858383178711,
        -1.3702985048294067,
        -1.4415563344955444,
        -1.312248706817627,
        -1.4362541437149048,
        -1.4597841501235962,
        -1.3877272605895996,
        -1.4101159572601318,
        -1.395168423652649,
        -1.458566665649414,
        -1.351460337638855,
        -1.381612777709961,
        -1.4454154968261719,
        -1.4441683292388916,
        -1.4128137826919556,
        -1.4275778532028198,
        -1.4942371845245361,
        -1.4164948463439941,
        -1.4105257987976074,
        -1.452166199684143,
        -1.4485737085342407,
        -1.4069560766220093,
        -1.4375109672546387,
        -1.3900929689407349,
        -1.4223835468292236,
        -1.502724051475525,
        -1.4315416812896729,
        -1.4358211755752563,
        -1.4651026725769043,
        -1.4839578866958618,
        -1.4562532901763916,
        -1.5019177198410034,
        -1.3414921760559082,
        -1.4569907188415527,
        -1.480860710144043,
        -1.4085402488708496,
        -1.4953426122665405,
        -1.5584986209869385,
        -1.512160301208496,
        -1.4256622791290283,
        -1.4588677883148193,
        -1.4770185947418213,
        -1.5085501670837402,
        -1.4794895648956299,
        -1.5527982711791992,
        -1.4165494441986084,
        -1.459712266921997,
        -1.5048224925994873,
        -1.4702425003051758,
        -1.562827467918396,
        -1.4464871883392334,
        -1.4270604848861694,
        -1.563256859779358,
        -1.7647920846939087,
        -1.7849980592727661,
        -1.794105887413025,
        -1.792956829071045,
        -1.7864375114440918,
        -1.7980328798294067,
        -1.7998037338256836,
        -1.7997757196426392,
        -1.7884138822555542,
        -1.8051892518997192,
        -1.8101495504379272,
        -1.7833154201507568,
        -1.7985199689865112,
        -1.7996546030044556,
        -1.7939013242721558,
        -1.7971960306167603,
        -1.8002381324768066,
        -1.8047938346862793,
        -1.8090664148330688,
        -1.8033506870269775,
        -1.799556851387024,
        -1.8053902387619019,
        -1.803715467453003,
        -1.814105749130249,
        -1.800502061843872,
        -1.7942804098129272,
        -1.8187015056610107,
        -1.8138766288757324,
        -1.808107852935791,
        -1.8017820119857788,
        -1.7968857288360596,
        -1.8069462776184082,
        -1.8003079891204834,
        -1.806106686592102,
        -1.8145045042037964,
        -1.821898102760315,
        -1.8064854145050049,
        -1.8049767017364502,
        -1.8131088018417358,
        -1.8220431804656982,
        -1.8107552528381348,
        -1.8157219886779785,
        -1.7558729648590088,
        -1.8230006694793701,
        -1.8043246269226074,
        -1.8237768411636353,
        -1.813239336013794,
