{
    "run_n":1,
    "run_seed":0,
    "ndims":400,
    "nsamples":100000,
    "correlation":"corr",
    "nbijectors":5,
    "bijector":"MAFN",
    "spline_knots":8,
    "range_min":-5,
    "hidden_layers":"128-128-128",
    "batch_size":512,
    "activation":"relu",
    "eps_regulariser":0,
    "regulariser":null,
    "dist_seed":0,
    "test_seed":0,
    "ks_mean":3.9231974843885144e-05,
    "ks_std":0.0014355084438009156,
    "ad_mean":0.0010011382701170916,
    "ad_std":5.560609128958881e-05,
    "wd_mean":1.14778631466872,
    "wd_std":6.194751697440185,
    "swd_mean":5.777493467059752,
    "swd_std":3.535681760074175,
    "fn_mean":85.3037655580227,
    "fn_std":0.7216135097959961,
    "epochs_input":1000,
    "epochs_output":299,
    "time":768.5583884529769,
    "train_loss_history":[
        1674.55126953125,
        766.01171875,
        526.7107543945312,
        434.79669189453125,
        387.922607421875,
        358.0732727050781,
        336.40484619140625,
        319.72332763671875,
        305.8006286621094,
        294.90948486328125,
        285.179931640625,
        277.03399658203125,
        270.0750427246094,
        263.640625,
        257.96502685546875,
        253.5035400390625,
        249.29745483398438,
        244.33900451660156,
        240.99314880371094,
        237.88653564453125,
        234.49520874023438,
        231.2460174560547,
        228.5119171142578,
        225.91854858398438,
        223.19911193847656,
        221.2384796142578,
        218.8998565673828,
        216.6880645751953,
        215.1782684326172,
        213.114013671875,
        211.50929260253906,
        209.92359924316406,
        208.33985900878906,
        207.25540161132812,
        205.79464721679688,
        204.41720581054688,
        203.27590942382812,
        202.18475341796875,
        201.21853637695312,
        199.87481689453125,
        199.36659240722656,
        197.76113891601562,
        196.901611328125,
        196.30789184570312,
        195.04132080078125,
        194.57498168945312,
        193.81161499023438,
        193.03514099121094,
        192.6204071044922,
        191.71173095703125,
        191.5925750732422,
        190.6812286376953,
        190.011962890625,
        189.2407989501953,
        189.03208923339844,
        188.3950958251953,
        188.2847442626953,
        187.474609375,
        186.9447021484375,
        186.549560546875,
        186.8765869140625,
        185.9870147705078,
        185.5007781982422,
        184.7640380859375,
        184.6869354248047,
        184.1217498779297,
        184.66587829589844,
        183.27789306640625,
        183.546630859375,
        183.31568908691406,
        182.93043518066406,
        182.64584350585938,
        182.04055786132812,
        181.98348999023438,
        181.8450469970703,
        181.68853759765625,
        181.35009765625,
        180.88462829589844,
        180.68692016601562,
        180.55157470703125,
        180.69789123535156,
        180.3063507080078,
        179.9478302001953,
        179.54991149902344,
        179.66009521484375,
        179.1844024658203,
        179.19651794433594,
        179.26869201660156,
        178.71824645996094,
        178.55311584472656,
        178.57537841796875,
        178.30650329589844,
        178.382568359375,
        180.0724639892578,
        178.58189392089844,
        178.3709716796875,
        177.5758514404297,
        177.41424560546875,
        177.34947204589844,
        177.28219604492188,
        176.68873596191406,
        177.19676208496094,
        176.84786987304688,
        176.2377471923828,
        176.7458953857422,
        176.27085876464844,
        176.36639404296875,
        176.91470336914062,
        176.17027282714844,
        175.91067504882812,
        175.5760498046875,
        175.95225524902344,
        175.7837371826172,
        175.1359100341797,
        175.0226593017578,
        175.67825317382812,
        317.5230712890625,
        396.40771484375,
        240.7803497314453,
        215.19808959960938,
        203.6602020263672,
        197.07020568847656,
        192.692626953125,
        189.61236572265625,
        187.7646942138672,
        185.7548828125,
        184.5380859375,
        183.26390075683594,
        182.2622528076172,
        181.8140411376953,
        181.11045837402344,
        179.98692321777344,
        179.6927032470703,
        179.080322265625,
        178.6812744140625,
        178.2941131591797,
        178.4039764404297,
        178.0596923828125,
        177.43177795410156,
        177.08444213867188,
        176.74913024902344,
        176.4557647705078,
        176.75262451171875,
        176.35800170898438,
        175.94873046875,
        175.98123168945312,
        175.68984985351562,
        175.63937377929688,
        175.85589599609375,
        175.63059997558594,
        174.868408203125,
        175.1568145751953,
        174.7879638671875,
        175.00099182128906,
        174.30551147460938,
        174.35516357421875,
        174.14173889160156,
        174.4419403076172,
        218.38893127441406,
        187.4642791748047,
        176.8364715576172,
        178.47555541992188,
        174.7722625732422,
        174.35508728027344,
        173.80079650878906,
        182.75326538085938,
        173.6766357421875,
        173.36749267578125,
        172.9376220703125,
        173.1853485107422,
        172.8224334716797,
        172.98025512695312,
        173.1429443359375,
        187.5953826904297,
        176.28944396972656,
        173.10848999023438,
        172.6986541748047,
        172.7299346923828,
        172.358642578125,
        171.90199279785156,
        172.99668884277344,
        172.06471252441406,
        173.66363525390625,
        172.17648315429688,
        171.82579040527344,
        171.951416015625,
        171.89593505859375,
        172.06126403808594,
        171.4465789794922,
        173.52960205078125,
        171.3041229248047,
        171.3467559814453,
        171.188232421875,
        173.0614013671875,
        171.4842529296875,
        172.0028076171875,
        171.80950927734375,
        171.53985595703125,
        170.7674560546875,
        170.850341796875,
        172.93194580078125,
        171.2328643798828,
        170.22105407714844,
        171.84774780273438,
        170.78732299804688,
        170.41644287109375,
        224.97669982910156,
        254.35594177246094,
        184.78074645996094,
        177.9720001220703,
        175.39578247070312,
        177.46315002441406,
        173.51377868652344,
        172.6876220703125,
        172.32737731933594,
        172.824462890625,
        171.94261169433594,
        171.5564727783203,
        170.99876403808594,
        200.95101928710938,
        174.34962463378906,
        172.1377716064453,
        171.38009643554688,
        171.1147918701172,
        172.56732177734375,
        171.18194580078125,
        170.86029052734375,
        171.14649963378906,
        172.5538787841797,
        170.3455047607422,
        170.24057006835938,
        170.17416381835938,
        170.11508178710938,
        170.37667846679688,
        170.07723999023438,
        171.03504943847656,
        169.8204803466797,
        170.0922393798828,
        169.54681396484375,
        170.32403564453125,
        169.90554809570312,
        193.6013946533203,
        174.21881103515625,
        171.13088989257812,
        173.8823699951172,
        174.5205535888672,
        170.5657501220703,
        170.78306579589844,
        169.69110107421875,
        169.79469299316406,
        203.16375732421875,
        183.75335693359375,
        171.85902404785156,
        170.69699096679688,
        170.4828643798828,
        264.3568115234375,
        347.64093017578125,
        216.56979370117188,
        197.71783447265625,
        189.9224395751953,
        188.59918212890625,
        184.18344116210938,
