{
    "run_n": 16,
    "run_seed": 0,
    "ndims": 32,
    "nsamples": 100000,
    "correlation": "corr",
    "nbijectors": 2,
    "bijector": "MsplineN",
    "spline_knots": 12,
    "range_min": -16,
    "hidden_layers": "256-256-256",
    "batch_size": 512,
    "activation": "relu",
    "eps_regulariser": 0,
    "regulariser": null,
    "dist_seed": 0,
    "test_seed": 0,
    "kl_divergence": -1,
    "ks_test_mean": 0.31232026151384734,
    "ks_test_median": 0.36813531411079065,
    "ad_test_mean": 0.18537973482683182,
    "ad_test_median": 0.15387549102912382,
    "Wasserstein_median": 0.057587979624547626,
    "Wasserstein_mean": 0.057587979624547626,
    "frob_norm": 0.24078364788468853,
    "epochs_input": 1000,
    "epochs_output": 114,
    "time": 677.5573415178806,
    "train_loss_history": [
        73.71768188476562,
        42.9112548828125,
        41.3800163269043,
        40.635650634765625,
        39.99049377441406,
        39.73764419555664,
        39.290191650390625,
        39.421470642089844,
        39.09284973144531,
        39.08745574951172,
        38.60447311401367,
        38.5046501159668,
        38.60983657836914,
        38.1027946472168,
        38.22264099121094,
        38.03041458129883,
        38.211402893066406,
        37.816322326660156,
        37.78620910644531,
        38.17051315307617,
        37.8106575012207,
        37.66347885131836,
        37.71440124511719,
        38.010475158691406,
        37.64442443847656,
        37.58540725708008,
        37.94588851928711,
        38.39213562011719,
        37.90079116821289,
        37.54670715332031,
        37.91453170776367,
        37.23929214477539,
        37.55366134643555,
        37.461334228515625,
        37.54297637939453,
        37.20087814331055,
        37.84967803955078,
        37.168304443359375,
        37.24736022949219,
        37.16947937011719,
        37.63582229614258,
        37.482444763183594,
        38.179725646972656,
        37.862545013427734,
        37.38666534423828,
        37.1395149230957,
        36.95539474487305,
        37.599281311035156,
        37.101619720458984,
        37.14311599731445,
        37.14976501464844,
        37.13801574707031,
        37.52593231201172,
        37.05408477783203,
        36.98504638671875,
        37.33473205566406,
        37.17441940307617,
        37.21896743774414,
        36.95030975341797,
        36.73779296875,
        36.928009033203125,
        36.85942459106445,
        37.02204132080078,
        37.20245361328125,
        37.37598419189453,
        37.41358947753906,
        36.840057373046875,
        36.84790802001953,
        36.705711364746094,
        37.1249885559082,
        36.720096588134766,
        36.86996078491211,
        36.80771255493164,
        36.758811950683594,
        36.6458740234375,
        36.91716003417969,
        36.69894790649414,
        36.673519134521484,
        36.91128921508789,
        36.498741149902344,
        36.7085075378418,
        36.642799377441406,
        36.754268646240234,
        36.754791259765625,
        36.53373718261719,
        36.44552993774414,
        36.57118606567383,
        36.49272537231445,
        36.56545639038086,
        36.43259811401367,
        36.72331237792969,
        37.1475715637207,
        36.88706588745117,
        36.67996597290039,
        36.50769805908203,
        36.46014404296875,
        36.47728729248047,
        36.497032165527344,
        36.48651885986328,
        36.400325775146484,
        36.476619720458984,
        36.6641731262207,
        36.24110794067383,
        36.494598388671875,
        35.89900207519531,
        35.803062438964844,
        35.814151763916016,
        35.768978118896484,
        35.72898864746094,
        35.75136947631836,
        35.964141845703125,
        35.766353607177734,
        35.75486755371094,
        35.855491638183594
    ],
    "val_loss_history": [
        44.68254470825195,
        41.61107635498047,
        40.50253677368164,
        39.86556625366211,
        39.77180099487305,
        39.53933334350586,
        38.907005310058594,
        39.785255432128906,
        39.391021728515625,
        38.40864944458008,
        38.38191604614258,
        38.96248245239258,
        37.901973724365234,
        37.84400177001953,
        38.11973571777344,
        38.146751403808594,
        37.86222457885742,
        37.682350158691406,
        37.680694580078125,
        39.1226806640625,
        37.52420425415039,
        37.262367248535156,
        37.609188079833984,
        37.79389953613281,
        37.20012664794922,
        37.83372116088867,
        38.938167572021484,
        37.641334533691406,
        37.46603775024414,
        37.44844055175781,
        37.95957946777344,
        37.91237258911133,
        38.40943145751953,
        37.62336730957031,
        37.385955810546875,
        37.976016998291016,
        38.30860137939453,
        37.27235412597656,
        37.391605377197266,
        37.195770263671875,
        38.06828308105469,
        37.526145935058594,
        38.34159469604492,
        38.07211685180664,
        37.788856506347656,
        37.38124084472656,
        37.48103713989258,
        37.83047103881836,
        37.71385955810547,
        37.686222076416016,
        37.28153991699219,
        37.45140075683594,
        37.796016693115234,
        37.18018341064453,
        37.58150863647461,
        37.80094528198242,
        37.304866790771484,
        38.01236343383789,
        37.37925720214844,
        37.61639404296875,
        37.483760833740234,
        37.481048583984375,
        37.439109802246094,
        37.622982025146484,
        37.84949493408203,
        37.62664031982422,
        37.52943801879883,
        37.541786193847656,
        37.403343200683594,
        37.9725456237793,
        38.44789505004883,
        38.38779830932617,
        37.66447067260742,
        37.415428161621094,
        37.45252990722656,
        37.612972259521484,
        37.53329086303711,
        37.25254821777344,
        37.71296310424805,
        37.476478576660156,
        37.72338104248047,
        37.843814849853516,
        38.11146545410156,
        37.46889877319336,
        37.4485969543457,
        37.469600677490234,
        38.16450500488281,
        37.8937873840332,
        37.421939849853516,
        37.33454132080078,
        38.0217170715332,
        38.49263000488281,
        37.53413772583008,
        37.45124816894531,
        37.52959442138672,
        37.513694763183594,
        37.8094596862793,
        37.54304122924805,
        37.625057220458984,
        37.45966339111328,
        37.77321243286133,
        37.8148307800293,
        37.68582534790039,
        37.548336029052734,
        37.4815559387207,
        37.54951477050781,
        37.55916976928711,
        37.58515930175781,
        37.565860748291016,
        37.61372375488281,
        37.61872100830078,
        37.6732177734375,
        37.703369140625,
        38.10720443725586
    ],
    "best_train_loss": 37.05408477783203,
    "best_val_loss": 37.18018341064453,
    "best_epoch": 53
}