{
    "run_n":2,
    "run_seed":0,
    "ndims":4,
    "nsamples":100000,
    "correlation":"corr",
    "nbijectors":5,
    "bijector":"CsplineN",
    "spline_knots":8,
    "range_min":-16,
    "hidden_layers":"256-256-256",
    "batch_size":512,
    "activation":"relu",
    "eps_regulariser":0,
    "regulariser":null,
    "dist_seed":0,
    "test_seed":0,
    "kl_divergence":-1,
    "ks_test_mean":0.5108143713486071,
    "ks_test_median":0.506196787362355,
    "ad_test_mean":0.21940906251292291,
    "ad_test_median":0.222365701305548,
    "Wasserstein_median":0.017200364343214997,
    "Wasserstein_mean":0.017200364343214997,
    "frob_norm":0.011596300054496229,
    "epochs_input":1000,
    "epochs_output":345,
    "time":11449.423982182052,
    "train_loss_history":[
        8.467605590820312,
        5.269411563873291,
        4.621327877044678,
        4.130243301391602,
        3.843125820159912,
        3.537259101867676,
        3.183789014816284,
        3.063657522201538,
        2.9674553871154785,
        2.969207286834717,
        2.8142237663269043,
        2.780346393585205,
        2.776561975479126,
        2.682654857635498,
        2.641997814178467,
        2.61336612701416,
        2.6196203231811523,
        2.6098999977111816,
        2.593984603881836,
        2.6036128997802734,
        2.784423351287842,
        2.609494209289551,
        2.5876402854919434,
        2.5748605728149414,
        2.5331432819366455,
        2.558704137802124,
        2.530653715133667,
        2.5551929473876953,
        2.5605413913726807,
        2.549922466278076,
        2.561511754989624,
        2.549189805984497,
        2.5244319438934326,
        2.552323341369629,
        2.528740644454956,
        2.5213959217071533,
        2.558473825454712,
        2.509890079498291,
        2.5107126235961914,
        2.4999873638153076,
        2.5106983184814453,
        2.5004570484161377,
        2.493472099304199,
        2.511559009552002,
        2.5094804763793945,
        2.49458384513855,
        2.4918434619903564,
        2.4988856315612793,
        2.4993093013763428,
        2.512004852294922,
        2.4884819984436035,
        2.4878034591674805,
        2.5116126537323,
        2.4858453273773193,
        2.484163522720337,
        2.4822726249694824,
        2.4797375202178955,
        2.4825282096862793,
        2.489635467529297,
        2.460792303085327,
        2.4667177200317383,
        2.4539928436279297,
        2.4973621368408203,
        2.462289333343506,
        2.4584505558013916,
        2.4652719497680664,
        2.4890053272247314,
        2.4667246341705322,
        2.4507572650909424,
        2.466953992843628,
        2.450260877609253,
        2.4693706035614014,
        2.4460623264312744,
        2.4493484497070312,
        2.4625279903411865,
        2.4596352577209473,
        2.4563889503479004,
        2.457493543624878,
        2.4411566257476807,
        2.438002586364746,
        2.441801071166992,
        2.4387528896331787,
        2.450504779815674,
        2.4573183059692383,
        2.4437382221221924,
        2.4410858154296875,
        2.442610263824463,
        2.436152696609497,
        2.4441161155700684,
        2.4514591693878174,
        2.4502787590026855,
        2.443906545639038,
        2.435575485229492,
        2.4237124919891357,
        2.4345993995666504,
        2.425239086151123,
        2.440516233444214,
        2.432758331298828,
        2.4294300079345703,
        2.4367825984954834,
        2.4553537368774414,
        2.4243319034576416,
        2.4731900691986084,
        2.4290976524353027,
        2.4423537254333496,
        2.4252514839172363,
        2.438340663909912,
        2.4277915954589844,
        2.4170279502868652,
        2.4399325847625732,
        2.4225006103515625,
        2.4215965270996094,
        2.429206371307373,
        2.4308009147644043,
        2.4181034564971924,
        2.445126533508301,
        2.423607349395752,
        2.436798095703125,
        2.4177300930023193,
        2.4223320484161377,
        2.419116497039795,
        2.413802146911621,
        2.421015977859497,
        2.4192543029785156,
        2.4284791946411133,
        2.4220120906829834,
        2.41239595413208,
        2.412646770477295,
        2.4267170429229736,
        2.410029172897339,
        2.42501163482666,
        2.4116721153259277,
        2.4075775146484375,
        2.421609401702881,
        2.4397621154785156,
        2.4476635456085205,
        2.412569761276245,
        2.4147510528564453,
        2.4279208183288574,
        2.406291961669922,
        2.426619291305542,
        2.417670488357544,
        2.422337055206299,
        2.4114277362823486,
        2.411010980606079,
        2.414991617202759,
        2.3990368843078613,
        2.4022557735443115,
        2.4225950241088867,
        2.412937641143799,
        2.4043898582458496,
        2.4102623462677,
        2.4175076484680176,
        2.4039063453674316,
        2.4887759685516357,
        2.429783582687378,
        2.399467706680298,
        2.416922092437744,
        2.412191152572632,
        2.408546209335327,
        2.415921211242676,
        2.4094760417938232,
        2.394435405731201,
        2.407487392425537,
        2.4026267528533936,
        2.4031355381011963,
        2.402082920074463,
        2.408540725708008,
        2.4075393676757812,
        2.413379192352295,
        2.395111560821533,
        2.3990800380706787,
        2.411830425262451,
        2.4012651443481445,
        2.400812864303589,
        2.404694080352783,
        2.4026851654052734,
        2.4168760776519775,
        2.3974549770355225,
        2.3947718143463135,
        2.399796724319458,
        2.39737868309021,
        2.4042932987213135,
        2.421604871749878,
        2.3900768756866455,
        2.3926515579223633,
        2.4033055305480957,
        2.4090309143066406,
        2.402266025543213,
        2.4030210971832275,
        2.4124391078948975,
        2.3972690105438232,
        2.3948514461517334,
        2.391417980194092,
        2.3999974727630615,
        2.4003357887268066,
        2.409031391143799,
        2.398658275604248,
        2.4040541648864746,
        2.3995094299316406,
        2.401853322982788,
        2.405653238296509,
        2.402825117111206,
        2.413207530975342,
        2.395197868347168,
        2.400482177734375,
        2.397191047668457,
        2.409550666809082,
        2.4018173217773438,
        2.394367218017578,
        2.3933112621307373,
        2.392228841781616,
        2.397960662841797,
        2.403848648071289,
        2.392881393432617,
        2.394134759902954,
        2.3961398601531982,
        2.401322841644287,
        2.393864393234253,
        2.4009947776794434,
        2.3943965435028076,
        2.390540599822998,
        2.3931522369384766,
        2.3850531578063965,
        2.402691602706909,
        2.4043421745300293,
        2.3885786533355713,
        2.3876514434814453,
        2.3989386558532715,
        2.3935110569000244,
        2.4009900093078613,
        2.4017486572265625,
        2.389345645904541,
        2.397238254547119,
        2.385220766067505,
        2.39502215385437,
        2.395350933074951,
        2.4084792137145996,
        2.3978617191314697,
        2.3971102237701416,
        2.385903835296631,
        2.3858649730682373,
        2.391242504119873,
        2.393841028213501,
        2.394089937210083,
        2.383638858795166,
        2.395618200302124,
        2.3901584148406982,
        2.3887133598327637,
        2.3864634037017822,
        2.383967399597168,
        2.404202699661255,
        2.3920743465423584,
        2.388817548751831,
        2.3997561931610107,
        2.388814926147461,
        2.3916780948638916,
        2.3955721855163574,
        2.3915700912475586,
        2.389070510864258,
        2.3865437507629395,
        2.397317409515381,
