{
    "run_n":6,
    "run_seed":0,
    "ndims":8,
    "nsamples":100000,
    "correlation":"corr",
    "nbijectors":2,
    "bijector":"MsplineN",
    "spline_knots":8,
    "range_min":-16,
    "hidden_layers":"256-256-256",
    "batch_size":512,
    "activation":"relu",
    "eps_regulariser":0,
    "regulariser":null,
    "dist_seed":0,
    "test_seed":0,
    "kl_divergence":-1,
    "ks_test_mean":0.3634468098368898,
    "ks_test_median":0.3724139823356244,
    "ad_test_mean":0.17599198284751089,
    "ad_test_median":0.16667174224495068,
    "Wasserstein_median":0.01645810899994906,
    "Wasserstein_mean":0.01645810899994906,
    "frob_norm":0.06227499542215357,
    "epochs_input":1000,
    "epochs_output":185,
    "time":1036.445798067376,
    "train_loss_history":[
        8.659934043884277,
        0.9530718922615051,
        -0.5891695022583008,
        -0.6527761816978455,
        -0.9192835688591003,
        -0.8738625645637512,
        -0.9690052270889282,
        -1.1980631351470947,
        -1.0648475885391235,
        -1.0740032196044922,
        -1.2683861255645752,
        -1.0557698011398315,
        -1.1884260177612305,
        -1.209647536277771,
        -1.2232941389083862,
        -1.1507128477096558,
        -1.360772967338562,
        -1.2963968515396118,
        -1.3515337705612183,
        -1.4399473667144775,
        -1.3336238861083984,
        -1.452614665031433,
        -1.2420443296432495,
        -1.4663466215133667,
        -1.4471293687820435,
        -1.3995829820632935,
        -1.3560220003128052,
        -1.4435455799102783,
        -1.372689962387085,
        -1.4799903631210327,
        -1.4990953207015991,
        -1.442289113998413,
        -1.4698735475540161,
        -1.4874964952468872,
        -1.4743620157241821,
        -1.5042134523391724,
        -1.4882229566574097,
        -1.4817836284637451,
        -1.4518064260482788,
        -1.5212490558624268,
        -1.4733835458755493,
        -1.4698067903518677,
        -1.558109164237976,
        -1.452616572380066,
        -1.537896990776062,
        -1.5579252243041992,
        -1.4911094903945923,
        -1.4805392026901245,
        -1.5726515054702759,
        -1.4596033096313477,
        -1.534794569015503,
        -1.5795682668685913,
        -1.5521215200424194,
        -1.5565506219863892,
        -1.574033498764038,
        -1.499898076057434,
        -1.5053702592849731,
        -1.593077301979065,
        -1.4830392599105835,
        -1.568591833114624,
        -1.4719955921173096,
        -1.556017279624939,
        -1.520310878753662,
        -1.5211684703826904,
        -1.5589169263839722,
        -1.6307075023651123,
        -1.5591347217559814,
        -1.6035441160202026,
        -1.611122488975525,
        -1.6278836727142334,
        -1.612117052078247,
        -1.6088095903396606,
        -1.5097084045410156,
        -1.6431907415390015,
        -1.6426202058792114,
        -1.6076245307922363,
        -1.6575034856796265,
        -1.5924839973449707,
        -1.5806750059127808,
        -1.524566888809204,
        -1.6462992429733276,
        -1.6227320432662964,
        -1.6503148078918457,
        -1.6482229232788086,
        -1.5717850923538208,
        -1.646996259689331,
        -1.6566028594970703,
        -1.5620720386505127,
        -1.6931631565093994,
        -1.570523977279663,
        -1.657293677330017,
        -1.6740862131118774,
        -1.5886774063110352,
        -1.6033679246902466,
        -1.6884099245071411,
        -1.6316438913345337,
        -1.6853358745574951,
        -1.6817408800125122,
        -1.690024971961975,
        -1.635276436805725,
        -1.7047237157821655,
        -1.7290645837783813,
        -1.6676751375198364,
        -1.7316926717758179,
        -1.7091460227966309,
        -1.6924442052841187,
        -1.6803656816482544,
        -1.7272244691848755,
        -1.7028816938400269,
        -1.7283374071121216,
        -1.6965070962905884,
        -1.7018935680389404,
        -1.663529872894287,
        -1.686848521232605,
        -1.7373970746994019,
        -1.7400459051132202,
        -1.6974890232086182,
        -1.7751861810684204,
        -1.7283835411071777,
        -1.738264799118042,
        -1.7201355695724487,
        -1.727144718170166,
        -1.707066297531128,
        -1.7450696229934692,
        -1.7485100030899048,
        -1.772308588027954,
        -1.7544997930526733,
        -1.7531603574752808,
        -1.7724210023880005,
        -1.7385151386260986,
        -1.7042267322540283,
        -1.730441927909851,
        -1.756968379020691,
        -1.751810073852539,
        -1.6982192993164062,
        -1.7686808109283447,
        -1.7553496360778809,
        -1.7751909494400024,
        -1.7898565530776978,
        -1.6919834613800049,
        -1.788453459739685,
        -1.7472312450408936,
        -1.7714263200759888,
        -1.7725961208343506,
        -1.753198266029358,
        -1.7739330530166626,
        -1.779227614402771,
        -1.7610803842544556,
        -1.7663311958312988,
        -1.7671886682510376,
        -1.7783302068710327,
        -1.7824466228485107,
        -1.7858904600143433,
        -1.7778189182281494,
        -1.8012816905975342,
        -1.7763012647628784,
        -1.8155403137207031,
        -1.7948627471923828,
        -1.7582237720489502,
        -1.7971410751342773,
        -1.7294586896896362,
        -1.8440909385681152,
        -1.7960540056228638,
        -1.80357027053833,
        -1.7796118259429932,
        -1.8187910318374634,
        -1.810041069984436,
        -1.827032446861267,
        -1.7853646278381348,
        -1.806023120880127,
        -1.8149633407592773,
        -1.8474770784378052,
        -1.806195855140686,
        -1.7927991151809692,
        -1.8269630670547485,
        -1.9137707948684692,
        -1.929952621459961,
        -1.934834599494934,
        -1.9333263635635376,
        -1.9387975931167603,
        -1.9385055303573608,
        -1.9355272054672241,
        -1.944109320640564,
        -1.9477115869522095,
        -1.9461519718170166
    ],