{
    "run_n":85,
    "seed_train":0,
    "seed_test":1,
    "seed_dist":0,
    "seed_metrics":0,
    "ndims":8,
    "nsamples_train":100000,
    "nsamples_val":30000,
    "nsamples_test":100000,
    "correlation":null,
    "nbijectors":10,
    "bijector":"CsplineN",
    "spline_knots":8,
    "range_min":-16,
    "hidden_layers":"128-128-128",
    "trainable_parameters":455320,
    "non_trainable_parameters":0,
    "batch_size":512,
    "activation":"relu",
    "regulariser":null,
    "eps_regulariser":0.0,
    "training_device":"NVIDIA A40",
    "epochs_input":1000,
    "epochs_output":219,
    "training_time":14838.730353450868,
    "prediction_time":126.0883858280722,
    "total_time":14964.81873927894,
    "best_train_loss":3.9621808528900146,
    "best_val_loss":4.175144672393799,
    "best_train_epoch":216,
    "best_val_epoch":118,
    "train_loss_history":[
        22.620464324951172,
        6.76663875579834,
        6.28571891784668,
        5.678136825561523,
        5.578836441040039,
        5.669214248657227,
        5.3086676597595215,
        5.2623395919799805,
        5.082755088806152,
        5.030130386352539,
        4.973245143890381,
        4.892584323883057,
        4.962497711181641,
        4.835887908935547,
        4.842884540557861,
        4.741876125335693,
        4.752768039703369,
        4.659080505371094,
        4.6153130531311035,
        4.549633502960205,
        4.734573841094971,
        4.5227885246276855,
        4.582160472869873,
        4.481606960296631,
        4.516809463500977,
        4.460161209106445,
        4.471002578735352,
        4.4124040603637695,
        4.444581985473633,
        4.395742416381836,
        4.4168524742126465,
        4.3587517738342285,
        4.399902820587158,
        4.418580532073975,
        4.364823341369629,
        4.363610744476318,
        4.364658832550049,
        4.314678192138672,
        4.312942981719971,
        4.291830539703369,
        4.327648162841797,
        4.283269882202148,
        4.285832405090332,
        4.272116661071777,
        4.246389865875244,
        4.280767440795898,
        4.238687515258789,
        4.240156650543213,
        4.258124351501465,
        4.249686241149902,
        4.241901397705078,
        4.279759407043457,
        4.237640857696533,
        4.230501651763916,
        4.260046482086182,
        4.227860450744629,
        4.2604780197143555,
        4.198992729187012,
        4.227656364440918,
        4.233345985412598,
        4.213597774505615,
        4.201895236968994,
        4.197920799255371,
        4.217004299163818,
        4.175959587097168,
        4.205569267272949,
        4.20314359664917,
        4.17210054397583,
        4.187201976776123,
        4.218492031097412,
        4.206284999847412,
        4.173394680023193,
        4.183656692504883,
        4.169806957244873,
        4.160206317901611,
        4.1613593101501465,
        4.166093349456787,
        4.1713666915893555,
        4.158280849456787,
        4.177541255950928,
        4.155827045440674,
        4.158742427825928,
        4.174637794494629,
        4.150593280792236,
        4.163013935089111,
        4.171319484710693,
        4.153782844543457,
        4.148275852203369,
        4.158548355102539,
        4.130830764770508,
        4.1500725746154785,
        4.146615028381348,
        4.177455425262451,
        4.142730236053467,
        4.131584167480469,
        4.136291980743408,
        4.138315200805664,
        4.1359992027282715,
        4.155561447143555,
        4.109513282775879,
        4.111767292022705,
        4.141745090484619,
        4.151101112365723,
        4.12522029876709,
        4.1192522048950195,
        4.139919757843018,
        4.12942361831665,
        4.136221408843994,
        4.133230686187744,
        4.118317127227783,
        4.129222869873047,
        4.128714561462402,
        4.1245341300964355,
        4.116302490234375,
        4.120671272277832,
        4.041069984436035,
        4.044234275817871,
        4.035401821136475,
        4.034487247467041,
        4.032850742340088,
        4.038762092590332,
        4.039032936096191,
        4.040341854095459,
        4.03582763671875,
        4.034677982330322,
        4.031451225280762,
        4.027625560760498,
        4.032193183898926,
        4.026883125305176,
        4.025870323181152,
        4.027198314666748,
        4.026480197906494,
        4.023256778717041,
        4.022376537322998,
        4.032052040100098,
        4.02212381362915,
        4.024868965148926,
        4.024083137512207,
        4.023665428161621,
        4.033962249755859,
        4.020822048187256,
        4.02595329284668,
        4.022476673126221,
        4.024282455444336,
        4.025588035583496,
        4.023093223571777,
        4.020328521728516,
        4.020295143127441,
        4.015505790710449,
        4.012287616729736,
        4.015618801116943,
        4.015957832336426,
        4.015861511230469,
        4.01519775390625,
        4.0134501457214355,
        4.015985488891602,
        4.015407085418701,
        4.015576362609863,
        4.011476993560791,
        4.016144752502441,
        4.008307933807373,
        4.009034156799316,
        4.0117292404174805,
        4.011916160583496,
        4.006831645965576,
        4.012886047363281,
        4.015262126922607,
        4.018212795257568,
        4.0113019943237305,
        3.982097864151001,
        3.9775822162628174,
        3.9779179096221924,
        3.976724147796631,
        3.978024959564209,
        3.9764389991760254,
        3.9760162830352783,
        3.976548194885254,
        3.9784228801727295,
        3.975567579269409,
        3.972198009490967,
        3.9728174209594727,
        3.976689100265503,
        3.9772140979766846,
        3.9713521003723145,
        3.9754934310913086,
        3.9761176109313965,
        3.976301670074463,
        3.9719696044921875,
        3.9750852584838867,
        3.971935987472534,
        3.969759941101074,
        3.978315830230713,
        3.972105026245117,
        3.9763565063476562,
        3.970461368560791,
        3.9712655544281006,
        3.9746387004852295,
        3.973238945007324,
        3.970595359802246,
        3.9696927070617676,
        3.9657199382781982,
        3.9722063541412354,
        3.970046043395996,
        3.9675378799438477,
        3.970308542251587,
        3.969217538833618,
        3.9650580883026123,
        3.970139741897583,
        3.9680986404418945,
        3.9662868976593018,
        3.966939926147461,
        3.967470407485962,
        3.968257188796997,
        3.9673540592193604,
        3.9654572010040283,
        3.96700119972229,
        3.9621808528900146,
        3.964398145675659,
        3.965092897415161
    ],