{
    "run_n":16,
    "run_seed":0,
    "ndims":32,
    "nsamples":100000,
    "correlation":"corr",
    "nbijectors":10,
    "bijector":"MAFN",
    "spline_knots":8,
    "range_min":-5,
    "hidden_layers":"256-256-256",
    "batch_size":512,
    "activation":"relu",
    "eps_regulariser":0,
    "regulariser":null,
    "dist_seed":0,
    "test_seed":0,
    "kl_divergence":-1,
    "ks_test_mean":0.29373674827674073,
    "ks_test_median":0.3367960300999605,
    "ad_test_mean":0.17840964068804271,
    "ad_test_median":0.14786422358306334,
    "Wasserstein_median":0.0571296197698891,
    "Wasserstein_mean":0.0571296197698891,
    "frob_norm":0.6400276955357468,
    "epochs_input":1000,
    "epochs_output":103,
    "time":754.9146209643222,
    "train_loss_history":[
        51.997955322265625,
        23.946186065673828,
        21.563209533691406,
        21.976238250732422,
        20.71832847595215,
        19.77650260925293,
        19.577537536621094,
        25.080995559692383,
        19.682464599609375,
        19.43355941772461,
        19.279869079589844,
        19.360788345336914,
        18.74532699584961,
        18.60605812072754,
        18.55580711364746,
        18.423009872436523,
        18.405776977539062,
        18.407373428344727,
        18.398542404174805,
        18.68383026123047,
        18.140775680541992,
        18.332595825195312,
        18.15995979309082,
        18.050193786621094,
        18.52379035949707,
        18.232515335083008,
        17.88282012939453,
        18.324296951293945,
        17.835805892944336,
        17.903308868408203,
        17.75172233581543,
        17.81707000732422,
        17.799386978149414,
        18.030324935913086,
        17.802675247192383,
        18.204570770263672,
        17.73467254638672,
        17.688400268554688,
        17.57416343688965,
        17.646425247192383,
        17.788236618041992,
        17.49666404724121,
        17.613401412963867,
        17.736766815185547,
        17.698549270629883,
        17.770992279052734,
        17.469751358032227,
        17.33538818359375,
        17.51128578186035,
        17.39063835144043,
        17.75383186340332,
        17.41956901550293,
        17.385663986206055,
        17.705408096313477,
        17.357942581176758,
        17.339515686035156,
        17.700719833374023,
        17.29190444946289,
        17.290557861328125,
        17.392866134643555,
        17.062368392944336,
        17.37042236328125,
        17.152223587036133,
        17.298765182495117,
        17.133962631225586,
        17.212804794311523,
        17.17548370361328,
        17.17150115966797,
        17.25089454650879,
        16.909265518188477,
        17.012466430664062,
        17.140430450439453,
        16.859106063842773,
        16.979888916015625,
        17.17298126220703,
        17.2530574798584,
        16.722095489501953,
        17.04585838317871,
        16.982681274414062,
        16.827186584472656,
        16.96892738342285,
        16.613441467285156,
        16.870939254760742,
        16.952123641967773,
        16.74321937561035,
        16.898941040039062,
        16.835447311401367,
        16.720314025878906,
        16.585840225219727,
        17.003814697265625,
        16.67224884033203,
        16.57638168334961,
        16.545576095581055,
        15.819737434387207,
        15.48292350769043,
        15.43118953704834,
        15.39623737335205,
        15.383946418762207,
        15.38122844696045,
        15.355684280395508,
        15.352444648742676,
        15.3289155960083,
        15.32393741607666
    ],
    "val_loss_history":[
        24.77826499938965,
        22.626779556274414,
        20.19574546813965,
        20.36701202392578,
        21.25691032409668,
        19.45537567138672,
        19.073148727416992,
        20.89959144592285,
        18.96462631225586,
        20.96614646911621,
        18.752708435058594,
        18.271060943603516,
        18.276336669921875,
        19.081357955932617,
        19.484987258911133,
        17.875272750854492,
        18.96461296081543,
        17.901199340820312,
        17.998397827148438,
        18.171499252319336,
        17.979536056518555,
        18.307086944580078,
        18.140201568603516,
        17.929302215576172,
        18.22399139404297,
        17.963531494140625,
        17.797298431396484,
        17.917661666870117,
        18.94853401184082,
        17.64575958251953,
        17.647611618041992,
        17.754615783691406,
        18.92474937438965,
        18.6830997467041,
        17.59603500366211,
        18.879623413085938,
        18.041730880737305,
        17.58311653137207,
        17.596355438232422,
        17.477508544921875,
        17.906017303466797,
        17.537578582763672,
        17.436981201171875,
        17.691068649291992,
        17.710596084594727,
        17.59136199951172,
        18.46836280822754,
        17.55319595336914,
        17.49850845336914,
        17.67328453063965,
        17.872329711914062,
        18.378143310546875,
        17.85316276550293,
        17.973957061767578,
        17.608699798583984,
        18.460954666137695,
        17.652305603027344,
        18.55031967163086,
        17.612037658691406,
        17.925731658935547,
        18.07468032836914,
        18.353139877319336,
        17.657087326049805,
        18.321605682373047,
        17.92832374572754,
        18.787128448486328,
        19.148677825927734,
        17.765981674194336,
        18.076955795288086,
        18.762939453125,
        17.876022338867188,
        17.98561668395996,
        18.139558792114258,
        17.73265266418457,
        17.940624237060547,
        18.513093948364258,
        17.897886276245117,
        17.976001739501953,
        18.198741912841797,
        18.102872848510742,
        18.604740142822266,
        18.0345458984375,
        19.165159225463867,
        18.096166610717773,
        19.783538818359375,
        18.74601173400879,
        18.31721305847168,
        18.92964744567871,
        18.083168029785156,
        18.752403259277344,
        19.21588706970215,
        18.930944442749023,
        20.416950225830078,
        18.690933227539062,
        18.813810348510742,
        19.28904151916504,
        29.274564743041992,
        19.886341094970703,
        65.02613067626953,
        28.299055099487305,
        1159600.625,
        19732150.0,
        1180.3631591796875
    ],
    "best_train_loss":17.613401412963867,
    "best_val_loss":17.436981201171875,
    "best_epoch":42
}