{
    "run_n":2,
    "run_seed":0,
    "ndims":4,
    "nsamples":100000,
    "correlation":"corr",
    "nbijectors":5,
    "bijector":"MsplineN",
    "spline_knots":8,
    "range_min":-16,
    "hidden_layers":"256-256-256",
    "batch_size":512,
    "activation":"relu",
    "eps_regulariser":0,
    "regulariser":null,
    "dist_seed":0,
    "test_seed":0,
    "kl_divergence":-1,
    "ks_test_mean":0.4414621471345129,
    "ks_test_median":0.4374362429259439,
    "ad_test_mean":0.20279846766582002,
    "ad_test_median":0.20122596715651916,
    "Wasserstein_median":0.010406080881318388,
    "Wasserstein_mean":0.010406080881318388,
    "frob_norm":0.023463432086785183,
    "epochs_input":100,
    "epochs_output":100,
    "time":1021.7952578399997,
    "train_loss_history":[
        2.245790958404541,
        -0.20847950875759125,
        -0.3411279320716858,
        -0.3944495618343353,
        -0.4893192648887634,
        -0.5623105764389038,
        -0.5732628107070923,
        -0.4472517669200897,
        -0.41492342948913574,
        -0.637424111366272,
        -0.6584783792495728,
        -0.5808460712432861,
        -0.6318068504333496,
        -0.6600801348686218,
        -0.6140842437744141,
        -0.6675305366516113,
        -0.665934681892395,
        -0.6517992615699768,
        -0.685285747051239,
        -0.6710224747657776,
        -0.6815527081489563,
        -0.6993334293365479,
        -0.6888715624809265,
        -0.7035865783691406,
        -0.6817071437835693,
        -0.7014641165733337,
        -0.6997915506362915,
        -0.699673056602478,
        -0.7490047216415405,
        -0.7221496105194092,
        -0.7251081466674805,
        -0.7288224697113037,
        -0.6791660785675049,
        -0.7400225400924683,
        -0.7328077554702759,
        -0.7243139147758484,
        -0.7652100324630737,
        -0.7229855060577393,
        -0.7578961849212646,
        -0.7385736703872681,
        -0.7500473260879517,
        -0.6987879276275635,
        -0.7753390669822693,
        -0.74033123254776,
        -0.7336599826812744,
        -0.7728936672210693,
        -0.7534551620483398,
        -0.769900918006897,
        -0.7431599497795105,
        -0.7662830352783203,
        -0.7330782413482666,
        -0.7794522643089294,
        -0.746066689491272,
        -0.7860326170921326,
        -0.758143961429596,
        -0.7325858473777771,
        -0.7543958425521851,
        -0.7431734800338745,
        -0.7655336856842041,
        -0.7661667466163635,
        -0.7632765173912048,
        -0.7859290242195129,
        -0.7576263546943665,
        -0.7732284665107727,
        -0.7814924716949463,
        -0.7568102478981018,
        -0.7807982563972473,
        -0.77906733751297,
        -0.7657621502876282,
        -0.7829626202583313,
        -0.774088978767395,
        -0.7554816007614136,
        -0.7636198401451111,
        -0.7836598753929138,
        -0.7661171555519104,
        -0.7627511024475098,
        -0.792794406414032,
        -0.7947946786880493,
        -0.7484463453292847,
        -0.766802966594696,
        -0.8003107905387878,
        -0.751403272151947,
        -0.8078497648239136,
        -0.7981002330780029,
        -0.7581223249435425,
        -0.7757106423377991,
        -0.7942622900009155,
        -0.7931489944458008,
        -0.7901795506477356,
        -0.7931386828422546,
        -0.7925364971160889,
        -0.7903526425361633,
        -0.7888225317001343,
        -0.775748610496521,
        -0.8032572269439697,
        -0.7762573957443237,
        -0.7856065630912781,
        -0.7825122475624084,
        -0.8025537729263306,
        -0.7904725074768066
    ],
    "val_loss_history":[
        0.22319184243679047,
        -0.48516005277633667,
        -0.5887007117271423,
        -0.5092089772224426,
        -0.4833877384662628,
        -0.6290601491928101,
        -0.6093212962150574,
        -0.44896551966667175,
        -0.5945861339569092,
        -0.630994975566864,
        -0.7125669717788696,
        -0.48250898718833923,
        -0.7033449411392212,
        -0.674171507358551,
        -0.7422695159912109,
        -0.7248411178588867,
        -0.6261473894119263,
        -0.6340376138687134,
        -0.7667327523231506,
        -0.7618833184242249,
        -0.42559123039245605,
        -0.7058351039886475,
        -0.6897276639938354,
        -0.7097877860069275,
        -0.6648328900337219,
        -0.6935825347900391,
        -0.775493323802948,
        -0.6606093645095825,
        -0.7640372514724731,
        -0.8037946224212646,
        -0.6822027564048767,
        -0.4466467499732971,
        -0.6007530689239502,
        -0.7616536021232605,
        -0.7803821563720703,
        -0.7731098532676697,
        -0.7649458050727844,
        -0.7874945402145386,
        -0.7856678366661072,
        -0.7149352431297302,
        -0.7525295615196228,
        -0.644997775554657,
        -0.8178204894065857,
        -0.6176477074623108,
        -0.7746156454086304,
        -0.7466651797294617,
        -0.43422362208366394,
        -0.771920382976532,
        -0.7512070536613464,
        -0.6633488535881042,
        -0.8037796020507812,
        -0.7670578360557556,
        -0.7742305397987366,
        -0.7720423936843872,
        -0.7499487996101379,
        -0.5999612808227539,
        -0.7834511995315552,
        -0.7912142872810364,
        -0.7649679780006409,
        -0.7656455636024475,
        -0.7913333773612976,
        -0.45401638746261597,
        -0.8127796649932861,
        -0.8065115809440613,
        -0.7891104817390442,
        -0.7972390055656433,
        -0.7475041151046753,
        -0.5358404517173767,
        -0.6306712031364441,
        -0.795764148235321,
        -0.7965192794799805,
        -0.8216609358787537,
        -0.6856831312179565,
        -0.7999371886253357,
        -0.8180776238441467,
        -0.813147783279419,
        -0.7969949841499329,
        -0.8293852806091309,
        -0.7492392659187317,
        -0.7987734079360962,
        -0.7280542254447937,
        -0.8120911717414856,
        -0.757550835609436,
        -0.8144418001174927,
        -0.720858633518219,
        -0.7484549283981323,
        -0.7897390127182007,
        -0.8130602240562439,
        -0.8023061752319336,
        -0.8191729187965393,
        -0.8312311172485352,
        -0.8425377011299133,
        -0.8366933465003967,
        -0.8076368570327759,
        -0.7361396551132202,
        -0.8200970888137817,
        -0.784539520740509,
        -0.8186116814613342,
        -0.36911067366600037,
        -0.8005111813545227
    ],
    "best_train_loss":-0.7903526425361633,
    "best_val_loss":-0.8425377011299133,
    "best_epoch":91
}