{
    "run_n":4,
    "run_seed":0,
    "ndims":8,
    "nsamples":100000,
    "correlation":"corr",
    "nbijectors":2,
    "bijector":"MsplineN",
    "spline_knots":12,
    "range_min":-5,
    "hidden_layers":"256-256-256",
    "batch_size":512,
    "activation":"relu",
    "eps_regulariser":0,
    "regulariser":null,
    "dist_seed":0,
    "test_seed":0,
    "kl_divergence":-1,
    "ks_test_mean":0.4250616507081335,
    "ks_test_median":0.40657869652837064,
    "ad_test_mean":0.19029741889116178,
    "ad_test_median":0.19271075370154428,
    "Wasserstein_median":0.026684097434255427,
    "Wasserstein_mean":0.026684097434255427,
    "frob_norm":0.05597155399210873,
    "epochs_input":1000,
    "epochs_output":78,
    "time":434.3230455648154,
    "train_loss_history":[
        10.352768898010254,
        9.628703117370605,
        9.598727226257324,
        9.587940216064453,
        9.577746391296387,
        9.571379661560059,
        9.568472862243652,
        9.561314582824707,
        9.56010627746582,
        9.55743408203125,
        9.56239128112793,
        9.555208206176758,
        9.552248001098633,
        9.55382251739502,
        9.551891326904297,
        9.547048568725586,
        9.546246528625488,
        9.5509033203125,
        9.54183578491211,
        9.537851333618164,
        9.53883171081543,
        9.536792755126953,
        9.533716201782227,
        9.533031463623047,
        9.530921936035156,
        9.534993171691895,
        9.531233787536621,
        9.526881217956543,
        9.52354621887207,
        9.52229118347168,
        9.521143913269043,
        9.517874717712402,
        9.51461124420166,
        9.510298728942871,
        9.51002025604248,
        9.506635665893555,
        9.50517749786377,
        9.50378704071045,
        9.497493743896484,
        9.497736930847168,
        9.492766380310059,
        9.489988327026367,
        9.484053611755371,
        9.484551429748535,
        9.483429908752441,
        9.476834297180176,
        9.47473430633545,
        9.470258712768555,
        9.46558952331543,
        9.464871406555176,
        9.463916778564453,
        9.45837116241455,
        9.455451011657715,
        9.453742027282715,
        9.449552536010742,
        9.446944236755371,
        9.441261291503906,
        9.438189506530762,
        9.436103820800781,
        9.433405876159668,
        9.425042152404785,
        9.42438793182373,
        9.41972541809082,
        9.418327331542969,
        9.409443855285645,
        9.41437816619873,
        9.4080228805542,
        9.404818534851074,
        9.358808517456055,
        9.345033645629883,
        9.339790344238281,
        9.335597038269043,
        9.333508491516113,
        9.331055641174316,
        9.32713794708252,
        9.327108383178711,
        9.323651313781738,
        9.32075309753418
    ],
    "val_loss_history":[
        9.656691551208496,
        9.605744361877441,
        9.607060432434082,
        9.590520858764648,
        9.57303524017334,
        9.570448875427246,
        9.575159072875977,
        9.563485145568848,
        9.566793441772461,
        9.591708183288574,
        9.574690818786621,
        9.574198722839355,
        9.55942440032959,
        9.560762405395508,
        9.56938362121582,
        9.586038589477539,
        9.559765815734863,
        9.5577392578125,
        9.57284927368164,
        9.563460350036621,
        9.56673526763916,
        9.561251640319824,
        9.557952880859375,
        9.564567565917969,
        9.59809398651123,
        9.572127342224121,
        9.579547882080078,
        9.565750122070312,
        9.564745903015137,
        9.572945594787598,
        9.566683769226074,
        9.576251029968262,
        9.576861381530762,
        9.582962036132812,
        9.57610034942627,
        9.578042030334473,
        9.582686424255371,
        9.578679084777832,
        9.589948654174805,
        9.593728065490723,
        9.588488578796387,
        9.595569610595703,
        9.597915649414062,
        9.610618591308594,
        9.61355209350586,
        9.60838794708252,
        9.598076820373535,
        9.611621856689453,
        9.61240291595459,
        9.616159439086914,
        9.615796089172363,
        9.618329048156738,
        9.625678062438965,
        9.620736122131348,
        9.626322746276855,
        9.63056755065918,
        9.63915729522705,
        9.645776748657227,
        9.642013549804688,
        9.65470027923584,
        9.663384437561035,
        9.662076950073242,
        9.659727096557617,
        9.670735359191895,
        9.664040565490723,
        9.677630424499512,
        9.691629409790039,
        9.679666519165039,
        9.685478210449219,
        9.693977355957031,
        9.708794593811035,
        9.71826171875,
        9.709920883178711,
        9.716703414916992,
        9.73409652709961,
        9.73243522644043,
        9.72951889038086,
        9.744978904724121
    ],
    "best_train_loss":9.5509033203125,
    "best_val_loss":9.5577392578125,
    "best_epoch":17
}