{
    "run_n":8,
    "run_seed":869,
    "ndims":16,
    "nsamples":100000,
    "correlation":"corr",
    "nbijectors":10,
    "bijector":"RealNVPN",
    "spline_knots":8,
    "range_min":-5,
    "hidden_layers":"128-128-128",
    "batch_size":256,
    "activation":"relu",
    "eps_regulariser":0,
    "regulariser":null,
    "dist_seed":0,
    "test_seed":0,
    "kl_divergence":-1,
    "ks_test_mean":0.35028513491540214,
    "ks_test_median":0.36514827283140283,
    "ad_test_mean":0.18223575995839952,
    "ad_test_median":0.16259385442036942,
    "Wasserstein_median":0.048317254862219244,
    "Wasserstein_mean":0.048317254862219244,
    "frob_norm":0.6297753277328662,
    "epochs_input":1000,
    "epochs_output":111,
    "time":1271.0302509698085,
    "train_loss_history":[
        23.33650016784668,
        8.030281066894531,
        7.007152557373047,
        6.507514953613281,
        6.377065181732178,
        6.201289653778076,
        6.071053504943848,
        5.993404388427734,
        5.959469318389893,
        5.931758880615234,
        5.815037727355957,
        5.853248596191406,
        5.731567859649658,
        5.769008159637451,
        5.729472637176514,
        5.75887393951416,
        5.681281566619873,
        5.661900520324707,
        5.626674175262451,
        5.618376731872559,
        5.6143293380737305,
        5.599274158477783,
        5.6228556632995605,
        5.548588752746582,
        5.580110549926758,
        5.561356544494629,
        5.533268928527832,
        5.508418083190918,
        5.520890712738037,
        5.485917568206787,
        5.470040321350098,
        5.448209762573242,
        5.448001384735107,
        5.4311699867248535,
        5.428964138031006,
        5.410619258880615,
        5.393115997314453,
        5.382227897644043,
        5.410715579986572,
        5.390147686004639,
        5.339664459228516,
        5.381473064422607,
        5.34793758392334,
        5.323513031005859,
        5.3332672119140625,
        5.304798603057861,
        5.306833267211914,
        5.312386989593506,
        5.301110744476318,
        5.282334327697754,
        5.257752895355225,
        5.2790045738220215,
        5.253271579742432,
        5.254117965698242,
        5.229770660400391,
        5.225507736206055,
        5.238326072692871,
        5.224325180053711,
        5.206120014190674,
        5.2132744789123535,
        5.180812358856201,
        5.170636177062988,
        5.19000244140625,
        5.200703144073486,
        5.149771690368652,
        5.185323238372803,
        5.120992660522461,
        5.141047477722168,
        5.149651050567627,
        5.11287260055542,
        5.111800670623779,
        5.093302249908447,
        5.098018169403076,
        5.088850021362305,
        5.075168132781982,
        5.056568145751953,
        5.05938196182251,
        5.0538434982299805,
        5.046508312225342,
        5.014914512634277,
        5.034477710723877,
        5.004483222961426,
        4.995516777038574,
        5.002628803253174,
        4.980586528778076,
        4.987794399261475,
        4.992369174957275,
        4.9680562019348145,
        4.953465938568115,
        4.954282760620117,
        4.9412841796875,
        4.919205665588379,
        4.901076316833496,
        4.952995300292969,
        4.9051384925842285,
        4.921576976776123,
        4.8944478034973145,
        4.878280162811279,
        4.879792213439941,
        4.891955852508545,
        4.889889717102051,
        4.592482566833496,
        4.5420942306518555,
        4.529226303100586,
        4.5200114250183105,
        4.511263847351074,
        4.503026008605957,
        4.494193077087402,
        4.489392280578613,
        4.475947856903076,
        4.473194599151611
    ],
    "val_loss_history":[
        9.360288619995117,
        7.147988319396973,
        6.883065223693848,
        6.749707221984863,
        6.293488025665283,
        6.708564281463623,
        6.516306400299072,
        6.814854145050049,
        5.840214252471924,
        5.78663444519043,
        6.054693222045898,
        5.620977401733398,
        5.837055683135986,
        5.723871231079102,
        5.692544460296631,
        5.792562484741211,
        6.045505523681641,
        5.695490837097168,
        5.848519325256348,
        5.566218376159668,
        5.588940620422363,
        5.579250812530518,
        5.7072834968566895,
        5.70682954788208,
        5.639749526977539,
        5.862828254699707,
        5.556970119476318,
        5.468047618865967,
        5.7754435539245605,
        5.602612495422363,
        5.584781169891357,
        6.185462474822998,
        5.486288070678711,
        5.45665168762207,
        5.634902477264404,
        5.714736461639404,
        5.485005855560303,
        5.906777381896973,
        5.51539421081543,
        5.62744665145874,
        5.42567253112793,
        5.401988983154297,
        5.5844407081604,
        5.466368675231934,
        5.476886749267578,
        5.421788692474365,
        5.637202262878418,
        5.429963111877441,
        5.617891788482666,
        5.4907941818237305,
        5.339054584503174,
        5.383099555969238,
        5.752072811126709,
        5.501760482788086,
        5.438561916351318,
        5.432081699371338,
        5.582662105560303,
        5.382491588592529,
        5.423439979553223,
        5.46148681640625,
        5.465041637420654,
        5.434609413146973,
        5.435419082641602,
        5.679185390472412,
        5.60667085647583,
        5.419029712677002,
        5.407078266143799,
        5.428579330444336,
        5.651772499084473,
        5.449071407318115,
        5.409122467041016,
        5.4602837562561035,
        5.526890754699707,
        5.480015754699707,
        5.462220668792725,
        5.481156349182129,
        5.637409687042236,
        5.460766792297363,
        5.607880115509033,
        5.655247688293457,
        5.449642658233643,
        5.529411315917969,
        5.682167053222656,
        5.545349597930908,
        5.523675918579102,
        5.581207752227783,
        5.544158935546875,
        5.608989715576172,
        5.723731994628906,
        5.65232515335083,
        5.57061767578125,
        5.579784393310547,
        5.635456085205078,
        5.6021294593811035,
        5.668298244476318,
        5.769810199737549,
        5.599377632141113,
        5.6178297996521,
        5.665785312652588,
        5.656825542449951,
        5.678971290588379,
        5.653775215148926,
        5.685814380645752,
        5.738361835479736,
        5.732419967651367,
        5.758025646209717,
        5.797671318054199,
        5.817773342132568,
        5.825019836425781,
        5.870363712310791,
        5.895087718963623
    ],
    "best_train_loss":5.257752895355225,
    "best_val_loss":5.339054584503174,
    "best_epoch":50
}