{
    "run_n":176,
    "seed_train":187,
    "seed_test":188,
    "seed_dist":0,
    "seed_metrics":0,
    "ndims":16,
    "nsamples_train":100000,
    "nsamples_val":30000,
    "nsamples_test":100000,
    "correlation":null,
    "nbijectors":10,
    "bijector":"CsplineN",
    "spline_knots":12,
    "range_min":-16,
    "hidden_layers":"256-256-256",
    "trainable_parameters":2058480,
    "non_trainable_parameters":0,
    "batch_size":512,
    "activation":"relu",
    "regulariser":null,
    "eps_regulariser":0.0,
    "training_device":"NVIDIA A40",
    "epochs_input":1000,
    "epochs_output":137,
    "training_time":11316.261023209896,
    "prediction_time":166.06417809799314,
    "total_time":11482.325201307889,
    "best_train_loss":4.228000640869141,
    "best_val_loss":5.397543907165527,
    "best_train_epoch":136,
    "best_val_epoch":36,
    "train_loss_history":[
        31.828529357910156,
        8.975383758544922,
        7.431107044219971,
        7.176726818084717,
        6.516177654266357,
        6.369049549102783,
        6.178071022033691,
        6.014346122741699,
        5.92507791519165,
        5.882293701171875,
        5.753146171569824,
        5.759274959564209,
        5.6366987228393555,
        5.6171393394470215,
        5.566762447357178,
        5.5448899269104,
        5.505937099456787,
        5.492480754852295,
        5.430729866027832,
        5.450186252593994,
        5.41823148727417,
        5.371530055999756,
        5.364005088806152,
        5.303914546966553,
        5.293919563293457,
        5.265697479248047,
        5.278135776519775,
        5.302044868469238,
        5.265451431274414,
        5.245363235473633,
        5.195669174194336,
        5.242293357849121,
        5.1722564697265625,
        5.185853004455566,
        5.17958927154541,
        5.161803245544434,
        5.118861675262451,
        5.1049418449401855,
        5.123647689819336,
        5.129110813140869,
        5.109699249267578,
        5.081000804901123,
        5.0500593185424805,
        5.061953544616699,
        5.050191402435303,
        5.025108814239502,
        5.055011749267578,
        5.005224227905273,
        5.015644550323486,
        5.035401821136475,
        4.993483543395996,
        5.066370964050293,
        4.999447345733643,
        4.954966068267822,
        4.961350440979004,
        4.9642157554626465,
        4.940835475921631,
        4.948464393615723,
        4.939218044281006,
        4.928300380706787,
        4.935882091522217,
        4.877742767333984,
        4.909246444702148,
        4.904845237731934,
        4.875942707061768,
        4.861075401306152,
        4.871845245361328,
        4.849743843078613,
        4.836507797241211,
        4.858669281005859,
        4.855347156524658,
        4.830014705657959,
        4.805830478668213,
        4.807546138763428,
        4.808527946472168,
        4.804805755615234,
        4.764739513397217,
        4.764575481414795,
        4.750166893005371,
        4.755331993103027,
        4.744210243225098,
        4.730741500854492,
        4.738976001739502,
        4.742941856384277,
        4.744997024536133,
        4.713608264923096,
        4.770448684692383,
        4.5104289054870605,
        4.487185478210449,
        4.480961322784424,
        4.468175411224365,
        4.458388328552246,
        4.4443888664245605,
        4.437714099884033,
        4.440881729125977,
        4.424356937408447,
        4.429112434387207,
        4.420653343200684,
        4.423974514007568,
        4.400968551635742,
        4.409242153167725,
        4.407931804656982,
        4.394692897796631,
        4.3846435546875,
        4.396443843841553,
        4.365808010101318,
        4.355275630950928,
        4.366759300231934,
        4.3548102378845215,
        4.362785816192627,
        4.3498430252075195,
        4.341670989990234,
        4.34674072265625,
        4.333014488220215,
        4.337033748626709,
        4.312098503112793,
        4.317439079284668,
        4.319640636444092,
        4.3081560134887695,
        4.311028003692627,
        4.285170078277588,
        4.298009872436523,
        4.296098232269287,
        4.2889814376831055,
        4.289339542388916,
        4.275459289550781,
        4.267886638641357,
        4.252202033996582,
        4.2832865715026855,
        4.2511796951293945,
        4.259267330169678,
        4.2630486488342285,
        4.257456302642822,
        4.237511157989502,
        4.228306770324707,
        4.244349002838135,
        4.228000640869141
    ],