{
    "run_n":2,
    "run_seed":0,
    "ndims":4,
    "nsamples":100000,
    "correlation":"corr",
    "nbijectors":5,
    "bijector":"MAFN",
    "spline_knots":8,
    "range_min":-16,
    "hidden_layers":"256-256-256",
    "batch_size":512,
    "activation":"relu",
    "eps_regulariser":0,
    "regulariser":null,
    "dist_seed":0,
    "test_seed":0,
    "kl_divergence":-1,
    "ks_test_mean":0.5103639812691203,
    "ks_test_median":0.49826823340028037,
    "ad_test_mean":0.21853767285396208,
    "ad_test_median":0.21385973856563348,
    "Wasserstein_median":0.007895469487605042,
    "Wasserstein_mean":0.007895469487605042,
    "frob_norm":0.03552680168205752,
    "epochs_input":1000,
    "epochs_output":188,
    "time":452.99244684726,
    "train_loss_history":[
        4.958554744720459,
        2.2757716178894043,
        2.219635486602783,
        2.173826217651367,
        2.183819055557251,
        2.186690092086792,
        2.1644363403320312,
        2.172443389892578,
        2.2453603744506836,
        2.1831679344177246,
        2.1623966693878174,
        2.1559226512908936,
        2.1448917388916016,
        2.1242082118988037,
        2.138054847717285,
        2.1086573600769043,
        2.3417112827301025,
        2.180818796157837,
        2.164212226867676,
        2.169875383377075,
        2.134368419647217,
        2.177204132080078,
        2.1245458126068115,
        2.1315102577209473,
        2.109602212905884,
        2.1225807666778564,
        2.1046690940856934,
        2.088313341140747,
        2.1406338214874268,
        2.093370199203491,
        2.0821800231933594,
        2.082444906234741,
        2.0822041034698486,
        2.0821735858917236,
        2.075636863708496,
        2.086733102798462,
        2.0694189071655273,
        2.086095094680786,
        2.0938024520874023,
        2.089205026626587,
        2.0605194568634033,
        2.0768845081329346,
        2.0664665699005127,
        2.070709705352783,
        2.067023515701294,
        2.0804669857025146,
        2.072707414627075,
        2.0548081398010254,
        2.2492685317993164,
        2.1246635913848877,
        2.1492292881011963,
        2.0998075008392334,
        2.0677130222320557,
        2.087472438812256,
        2.063817024230957,
        2.0673394203186035,
        2.0639469623565674,
        2.084022283554077,
        2.0680203437805176,
        2.0724294185638428,
        2.061077117919922,
        2.063473701477051,
        2.0566751956939697,
        2.0602219104766846,
        2.051849842071533,
        2.0542237758636475,
        2.0549864768981934,
        2.0548553466796875,
        2.0420684814453125,
        2.0591001510620117,
        2.060535192489624,
        2.047067165374756,
        2.050123929977417,
        2.0582194328308105,
        2.0520880222320557,
        2.048637628555298,
        2.1076648235321045,
        2.061124801635742,
        2.0451552867889404,
        2.058443069458008,
        2.070758581161499,
        2.0508532524108887,
        2.04251766204834,
        2.0457589626312256,
        2.039774179458618,
        2.0524070262908936,
        2.0665602684020996,
        2.0709640979766846,
        2.035123109817505,
        2.052055835723877,
        2.042555570602417,
        2.051126480102539,
        2.0363550186157227,
        2.039557456970215,
        2.046987533569336,
        2.039930820465088,
        2.0628421306610107,
        2.048750400543213,
        2.043905258178711,
        2.050935745239258,
        2.0388612747192383,
        2.0379974842071533,
        2.037039279937744,
        2.038177728652954,
        2.053798198699951,
        2.036198377609253,
        2.044440507888794,
        2.0418264865875244,
        2.049537181854248,
        2.0322651863098145,
        2.0459020137786865,
        2.0564520359039307,
        2.0345280170440674,
        2.0376927852630615,
        2.0403757095336914,
        2.0356225967407227,
        2.037385940551758,
        2.0784802436828613,
        2.042811393737793,
        2.0367939472198486,
        2.0326316356658936,
        2.041996955871582,
        2.0343821048736572,
        2.0348639488220215,
        2.0313589572906494,
        2.081378698348999,
        2.037822961807251,
        2.0412354469299316,
        2.043416976928711,
        2.036562204360962,
        2.0354115962982178,
        2.047670364379883,
        2.045844793319702,
        2.0436878204345703,
        2.0299854278564453,
        2.037393808364868,
        2.0466222763061523,
        2.032858371734619,
        2.048107385635376,
        2.023862361907959,
        2.0354793071746826,
        2.0355019569396973,
        2.0338547229766846,
        2.0291659832000732,
        2.0504910945892334,
        2.0272037982940674,
        2.040071725845337,
        2.035778045654297,
        2.0384490489959717,
        2.026036500930786,
        2.729398012161255,
        2.3142285346984863,
        2.2010083198547363,
        2.177288770675659,
        2.162754535675049,
        2.1504156589508057,
        2.154263734817505,
        2.1332993507385254,
        2.133370876312256,
        2.111569404602051,
        2.0956473350524902,
        2.085106134414673,
        2.097069025039673,
        2.076270341873169,
        3.218640089035034,
        2.273348569869995,
        2.228363513946533,
        2.1925840377807617,
        2.1781375408172607,
        2.1617469787597656,
        2.1532678604125977,
        2.141911745071411,
        2.131352424621582,
        2.1241769790649414,
        2.1216750144958496,
        2.114150285720825,
        2.1079862117767334,
        2.1060893535614014,
        2.085946559906006,
        2.0828983783721924,
        2.081657886505127,
        2.081094264984131,
        2.080838680267334,
        2.0785105228424072,
        2.077941656112671,
        2.078118324279785,
        2.0752363204956055,
        2.074124574661255
    ],