{
    "run_n":5,
    "run_seed":520,
    "ndims":8,
    "nsamples":100000,
    "correlation":"corr",
    "nbijectors":5,
    "bijector":"CsplineN",
    "spline_knots":12,
    "range_min":-16,
    "hidden_layers":"128-128-128",
    "batch_size":512,
    "activation":"relu",
    "eps_regulariser":0,
    "regulariser":null,
    "dist_seed":0,
    "test_seed":0,
    "kl_divergence":-1,
    "ks_test_mean":0.41776297580855215,
    "ks_test_median":0.45999041150214537,
    "ad_test_mean":0.20352030788260622,
    "ad_test_median":0.1951786811123737,
    "Wasserstein_median":0.04602137101395212,
    "Wasserstein_mean":0.04602137101395212,
    "frob_norm":0.0544805546328112,
    "epochs_input":1000,
    "epochs_output":184,
    "time":4312.989842465147,
    "train_loss_history":[
        16.191783905029297,
        7.341899871826172,
        6.558624267578125,
        6.12868595123291,
        5.774672985076904,
        5.675372123718262,
        5.643793106079102,
        5.743722438812256,
        5.425875186920166,
        5.247297286987305,
        5.226274490356445,
        5.241517543792725,
        5.2656965255737305,
        5.04680061340332,
        5.0973429679870605,
        5.007534980773926,
        4.977740287780762,
        4.774734020233154,
        4.898146629333496,
        4.815085411071777,
        4.701388359069824,
        4.692683696746826,
        4.663048267364502,
        4.773111820220947,
        4.653347969055176,
        4.653815269470215,
        4.588122367858887,
        4.564006805419922,
        4.746129989624023,
        4.640071392059326,
        4.5631327629089355,
        4.669900894165039,
        4.58828592300415,
        4.473160266876221,
        4.521687030792236,
        4.483031272888184,
        4.519451141357422,
        4.49825382232666,
        4.486555576324463,
        4.476211071014404,
        4.472721099853516,
        4.4694390296936035,
        4.582925319671631,
        4.410564422607422,
        4.5038628578186035,
        4.406885147094727,
        4.400074005126953,
        4.421914577484131,
        4.405280590057373,
        4.3857421875,
        4.400701522827148,
        4.382466793060303,
        4.425439834594727,
        4.384982585906982,
        4.372287750244141,
        4.3573832511901855,
        4.417605400085449,
        4.397299766540527,
        4.35376501083374,
        4.327008247375488,
        4.361142635345459,
        4.331462383270264,
        4.4058990478515625,
        4.336900234222412,
        4.382843494415283,
        4.2969441413879395,
        4.287432670593262,
        4.325151443481445,
        4.308812141418457,
        4.4062180519104,
        4.320946216583252,
        4.30681848526001,
        4.282726287841797,
        4.318518161773682,
        4.320021152496338,
        4.316651821136475,
        4.253599166870117,
        4.303079605102539,
        4.249042510986328,
        4.278217315673828,
        4.287304878234863,
        4.288161277770996,
        4.281062126159668,
        4.273789882659912,
        4.2593817710876465,
        4.271768093109131,
        4.292808532714844,
        4.2570576667785645,
        4.246878147125244,
        4.258253574371338,
        4.251117706298828,
        4.261795997619629,
        4.268030166625977,
        4.2547712326049805,
        4.253037452697754,
        4.266595363616943,
        4.229099750518799,
        4.249305725097656,
        4.255288600921631,
        4.223592281341553,
        4.206326484680176,
        4.275084018707275,
        4.241669178009033,
        4.228646278381348,
        4.223357677459717,
        4.2436604499816895,
        4.200230598449707,
        4.219384670257568,
        4.2214789390563965,
        4.2043046951293945,
        4.199405193328857,
        4.215448379516602,
        4.194738388061523,
        4.225808143615723,
        4.229991912841797,
        4.227427005767822,
        4.2172393798828125,
        4.190711975097656,
        4.208738803863525,
        4.202564716339111,
        4.209510803222656,
        4.191352844238281,
        4.164862632751465,
        4.205848217010498,
        4.177213668823242,
        4.19489049911499,
        4.198505401611328,
        4.199563980102539,
        4.169008731842041,
        4.183574676513672,
        4.1945013999938965,
        4.163711071014404,
        4.1670756340026855,
        4.1660590171813965,
        4.166159152984619,
        4.163211822509766,
        4.1711015701293945,
        4.1840291023254395,
        4.18965482711792,
        4.182141304016113,
        4.159471035003662,
        4.182546138763428,
        4.149704933166504,
        4.149660587310791,
        4.151134014129639,
        4.1736650466918945,
        4.153881549835205,
        4.140589714050293,
        4.156775951385498,
        4.1421709060668945,
        4.141162395477295,
        4.151655673980713,
        4.14784574508667,
        4.1131510734558105,
        4.166435718536377,
        4.142848014831543,
        4.165625095367432,
        4.136173248291016,
        4.142850875854492,
        4.123317718505859,
        4.140048027038574,
        4.1501030921936035,
        4.127964973449707,
        4.119218826293945,
        4.155901908874512,
        4.13590669631958,
        4.121758460998535,
        4.1291399002075195,
        4.103718280792236,
        4.1509013175964355,
        4.1459059715271,
        4.122867107391357,
        4.128570079803467,
        4.097862243652344,
        3.9982869625091553,
        3.962181329727173,
        3.9551072120666504,
        3.9564473628997803,
        3.947892427444458,
        3.9515607357025146,
        3.9483683109283447,
        3.948934316635132,
        3.944694757461548,
        3.9426348209381104
    ],