{
    "run_n":14,
    "run_seed":0,
    "ndims":32,
    "nsamples":100000,
    "correlation":"corr",
    "nbijectors":5,
    "bijector":"MAFN",
    "spline_knots":8,
    "range_min":-5,
    "hidden_layers":"256-256-256",
    "batch_size":512,
    "activation":"relu",
    "eps_regulariser":0,
    "regulariser":null,
    "dist_seed":0,
    "test_seed":0,
    "kl_divergence":-1,
    "ks_test_mean":0.4855012250117055,
    "ks_test_median":0.5012052058028783,
    "ad_test_mean":0.22010272548890464,
    "ad_test_median":0.21484685957344535,
    "Wasserstein_median":0.01736764827079302,
    "Wasserstein_mean":0.01736764827079302,
    "frob_norm":0.11635888224621406,
    "epochs_input":1000,
    "epochs_output":176,
    "time":493.7440116740763,
    "train_loss_history":[
        62.59185791015625,
        24.8836669921875,
        22.214675903320312,
        20.91706657409668,
        20.240453720092773,
        20.162845611572266,
        19.345752716064453,
        19.237274169921875,
        18.901660919189453,
        19.097509384155273,
        18.748950958251953,
        18.865095138549805,
        18.563932418823242,
        19.471721649169922,
        18.855207443237305,
        18.894920349121094,
        18.297588348388672,
        18.322118759155273,
        18.098356246948242,
        18.3121280670166,
        18.152881622314453,
        18.31104278564453,
        17.96883201599121,
        18.070175170898438,
        18.002315521240234,
        17.972017288208008,
        18.08959197998047,
        18.324174880981445,
        17.96260643005371,
        18.103193283081055,
        17.934499740600586,
        17.794116973876953,
        17.909191131591797,
        17.698774337768555,
        18.010589599609375,
        17.638280868530273,
        17.754384994506836,
        17.624786376953125,
        17.589513778686523,
        17.53907012939453,
        17.477659225463867,
        17.652881622314453,
        17.478212356567383,
        17.560705184936523,
        17.70191192626953,
        17.446331024169922,
        17.485172271728516,
        17.76197624206543,
        17.462961196899414,
        17.484020233154297,
        17.455907821655273,
        17.36081886291504,
        17.50371551513672,
        17.453073501586914,
        17.31295394897461,
        17.375614166259766,
        17.30110740661621,
        17.43636131286621,
        17.264339447021484,
        17.367534637451172,
        17.36581039428711,
        17.328744888305664,
        18.076509475708008,
        17.38692855834961,
        17.237804412841797,
        17.375953674316406,
        17.335250854492188,
        17.184045791625977,
        17.353790283203125,
        17.187824249267578,
        17.146228790283203,
        17.264366149902344,
        17.244916915893555,
        17.177644729614258,
        17.134864807128906,
        17.140111923217773,
        17.154998779296875,
        17.103050231933594,
        17.157522201538086,
        17.109729766845703,
        17.319400787353516,
        17.074045181274414,
        17.15827751159668,
        17.27798843383789,
        17.157419204711914,
        17.05013656616211,
        17.034751892089844,
        17.313838958740234,
        17.06888771057129,
        17.162059783935547,
        17.068450927734375,
        16.9838924407959,
        16.99466896057129,
        17.072858810424805,
        16.968931198120117,
        16.978862762451172,
        17.000370025634766,
        16.98697853088379,
        16.930557250976562,
        16.952747344970703,
        16.89249610900879,
        17.075057983398438,
        17.0521240234375,
        16.91577911376953,
        16.899654388427734,
        16.880359649658203,
        16.908842086791992,
        16.85234260559082,
        16.927162170410156,
        16.89934730529785,
        16.81507682800293,
        16.913801193237305,
        16.344579696655273,
        16.242389678955078,
        16.215742111206055,
        16.21294403076172,
        16.217166900634766,
        16.20374870300293,
        16.2211856842041,
        16.205934524536133,
        16.197376251220703,
        16.16713523864746,
        16.214242935180664,
        16.182003021240234,
        16.163442611694336,
        16.174837112426758,
        16.193506240844727,
        16.172182083129883,
        16.189348220825195,
        16.189926147460938,
        16.186920166015625,
        16.14277458190918,
        16.174135208129883,
        16.177738189697266,
        16.14666175842285,
        16.162715911865234,
        16.14017105102539,
        16.13239860534668,
        16.162397384643555,
        16.13212776184082,
        16.12400245666504,
        16.127729415893555,
        16.137990951538086,
        16.12008285522461,
        16.116037368774414,
        16.13814353942871,
        16.14942741394043,
        16.1125545501709,
        16.1160888671875,
        16.094749450683594,
        16.096782684326172,
        16.125293731689453,
        16.09421157836914,
        16.08753776550293,
        16.122146606445312,
        16.073686599731445,
        16.085222244262695,
        16.079790115356445,
        16.100345611572266,
        16.087778091430664,
        16.080602645874023,
        16.082801818847656,
        16.060909271240234,
        16.11009407043457,
        16.047527313232422,
        16.048412322998047,
        15.945210456848145,
        15.936312675476074,
        15.93552303314209,
        15.932260513305664,
        15.935369491577148,
        15.936930656433105,
        15.931724548339844,
        15.931053161621094,
        15.933490753173828,
        15.930810928344727
    ],