{
    "run_n":8,
    "run_seed":null,
    "ndims":64,
    "nsamples":100000,
    "correlation":"corr",
    "nbijectors":5,
    "bijector":"CsplineN",
    "spline_knots":12,
    "range_min":-16,
    "hidden_layers":"128-128-128",
    "batch_size":512,
    "activation":"relu",
    "eps_regulariser":0,
    "regulariser":null,
    "dist_seed":0,
    "test_seed":0,
    "ks_mean":0.02850367529650884,
    "ks_std":0.10431229540581058,
    "ad_mean":0.025073481566352057,
    "ad_std":0.05936978357384716,
    "wd_mean":0.10812792898652505,
    "wd_std":0.06706879767128983,
    "swd_mean":0.10656250494516954,
    "swd_std":0.07736669190336448,
    "fn_mean":1.334583952072195,
    "fn_std":0.216340201154868,
    "epochs_input":1000,
    "epochs_output":298,
    "time":8458.726695565972,
    "train_loss_history":[
        1028.974365234375,
        202.2735595703125,
        168.9763641357422,
        110.19514465332031,
        86.40205383300781,
        72.84062194824219,
        64.57051849365234,
        59.024803161621094,
        55.32712173461914,
        51.9202766418457,
        50.09015655517578,
        49.128604888916016,
        47.79718017578125,
        45.05721664428711,
        45.183319091796875,
        43.98712921142578,
        43.05306625366211,
        42.23102951049805,
        41.63544464111328,
        41.03028106689453,
        40.401309967041016,
        40.27275466918945,
        39.74220657348633,
        39.21744918823242,
        39.27476119995117,
        39.01396179199219,
        38.35675811767578,
        37.487430572509766,
        37.23475646972656,
        37.42073440551758,
        36.882816314697266,
        36.79439926147461,
        37.22529220581055,
        36.437355041503906,
        37.34016418457031,
        36.327213287353516,
        35.328121185302734,
        35.81397247314453,
        35.63786697387695,
        35.4143180847168,
        35.206787109375,
        35.32971954345703,
        36.008670806884766,
        34.94026565551758,
        34.605594635009766,
        36.23033142089844,
        35.1767692565918,
        35.08576202392578,
        34.624691009521484,
        34.93442916870117,
        34.42267990112305,
        35.56032943725586,
        34.553009033203125,
        34.48540115356445,
        34.33906555175781,
        34.80683135986328,
        34.12302780151367,
        34.089725494384766,
        33.820377349853516,
        34.35334777832031,
        33.993492126464844,
        33.62392807006836,
        34.50486373901367,
        33.560672760009766,
        33.96788787841797,
        33.23212814331055,
        34.124568939208984,
        33.27545928955078,
        32.96472930908203,
        33.67767333984375,
        33.46916961669922,
        32.93449783325195,
        32.80036163330078,
        32.96455001831055,
        32.844398498535156,
        33.91706085205078,
        32.485042572021484,
        33.18400192260742,
        32.39630889892578,
        32.61686325073242,
        32.38083267211914,
        33.0743408203125,
        32.253562927246094,
        32.682926177978516,
        32.97626876831055,
        32.57197952270508,
        31.80385398864746,
        31.944196701049805,
        32.450408935546875,
        31.80109214782715,
        31.60030746459961,
        32.402740478515625,
        31.76213836669922,
        32.1676139831543,
        31.624910354614258,
        31.491222381591797,
        32.133148193359375,
        31.834274291992188,
        31.402774810791016,
        32.20103454589844,
        32.227325439453125,
        31.759057998657227,
        31.7965030670166,
        31.404403686523438,
        31.612775802612305,
        32.46083450317383,
        31.31789207458496,
        31.318960189819336,
        32.0533447265625,
        31.61358642578125,
        31.112546920776367,
        31.381315231323242,
        31.08641815185547,
        30.99644660949707,
        31.885906219482422,
        31.397388458251953,
        31.203304290771484,
        31.1767578125,
        30.905197143554688,
        31.7143497467041,
        31.12220001220703,
        31.340274810791016,
        31.25199317932129,
        31.149438858032227,
        30.990589141845703,
        30.52826499938965,
        31.136125564575195,
        30.937602996826172,
        30.99889373779297,
        30.547664642333984,
        30.411338806152344,
        30.774700164794922,
        30.482467651367188,
        30.529296875,
        30.422164916992188,
        30.193078994750977,
        31.206727981567383,
        30.65990447998047,
        30.652009963989258,
        35.08600616455078,
        31.415197372436523,
        30.97526741027832,
        31.035015106201172,
        30.650495529174805,
        30.661563873291016,
        30.40671730041504,
        30.16994285583496,
        31.140300750732422,
        30.879379272460938,
        30.420700073242188,
        30.476072311401367,
        30.1662540435791,
        30.380260467529297,
        29.914262771606445,
        30.290620803833008,
        30.493925094604492,
        29.871076583862305,
        30.611318588256836,
        29.941795349121094,
        30.04001808166504,
        29.765090942382812,
        30.320236206054688,
        29.691972732543945,
        30.208446502685547,
        29.718734741210938,
        29.776857376098633,
        30.31425666809082,
        30.2935848236084,
        29.68368911743164,
        30.10528564453125,
        30.16666030883789,
        29.53101921081543,
        29.825458526611328,
        29.610713958740234,
        29.470016479492188,
        30.726093292236328,
        29.1944580078125,
        30.09923553466797,
        29.435840606689453,
        29.786861419677734,
        29.91632843017578,
        29.411081314086914,
        29.37938117980957,
        29.369361877441406,
        29.611330032348633,
        29.300451278686523,
        29.74718475341797,
        29.940109252929688,
        29.69439697265625,
        29.245655059814453,
        29.819774627685547,
        29.423051834106445,
        29.49829864501953,
        29.084928512573242,
        29.019105911254883,
        29.354869842529297,
        29.313312530517578,
        29.147357940673828,
        29.122365951538086,
        29.197023391723633,
        28.827102661132812,
        29.4415340423584,
        29.1925048828125,
        29.04553985595703,
        29.452877044677734,
        29.057111740112305,
        29.625288009643555,
        29.087312698364258,
        29.073108673095703,
        29.02716827392578,
        28.883594512939453,
        29.02853012084961,
        28.9770450592041,
        29.099037170410156,
        29.157180786132812,
        29.13290786743164,
        28.739286422729492,
        29.26392364501953,
        29.282085418701172,
        28.651512145996094,
        29.094911575317383,
        28.664676666259766,
        29.072834014892578,
        28.8718204498291,
        28.594554901123047,
        28.882654190063477,
        28.70107078552246,
        28.51723289489746,
        28.61663246154785,
        28.602861404418945,
        27.24026870727539,
        26.989513397216797,
        26.924142837524414,
        26.914783477783203,
        26.922826766967773,
        26.90357208251953,
        26.926769256591797,
        26.895727157592773,
        26.849319458007812,
        26.84473419189453,
        26.84864044189453,
        26.81326675415039,
        26.912752151489258,
        26.795665740966797,
        26.86209487915039,
        26.911361694335938,
        26.800195693969727,
        26.825075149536133,
        26.811908721923828,
        26.86270523071289,
        26.789833068847656,
        26.79104995727539,
        26.74612045288086,
        26.819717407226562,
        26.76441764831543,
        26.812440872192383,
        26.722991943359375,
        26.744871139526367,
        26.696062088012695,
        26.730009078979492,
        26.774890899658203,
        26.734527587890625,
