{
    "run_n":2,
    "run_seed":187,
    "ndims":32,
    "nsamples":100000,
    "correlation":"corr",
    "nbijectors":5,
    "bijector":"RealNVPN",
    "spline_knots":8,
    "range_min":-5,
    "hidden_layers":"128-128-128",
    "batch_size":256,
    "activation":"relu",
    "eps_regulariser":0,
    "regulariser":null,
    "dist_seed":0,
    "test_seed":0,
    "ks_mean":0.041365736330754285,
    "ks_std":0.11522254326865197,
    "ad_mean":0.031186107873146775,
    "ad_std":0.0629310474063652,
    "wd_mean":0.10347143941047636,
    "wd_std":0.051389767309771,
    "swd_mean":0.10404333102623368,
    "swd_std":0.04924311068244365,
    "fn_mean":0.8207863769491818,
    "fn_std":0.07828195071019148,
    "epochs_input":1000,
    "epochs_output":276,
    "time":2170.9556824602187,
    "train_loss_history":[
        147.52638244628906,
        36.11354446411133,
        31.530921936035156,
        29.148115158081055,
        27.688888549804688,
        26.671241760253906,
        25.894466400146484,
        25.292531967163086,
        24.93524932861328,
        24.45072364807129,
        24.093753814697266,
        23.73822021484375,
        26.97633171081543,
        24.350263595581055,
        23.63809585571289,
        23.165922164916992,
        22.826011657714844,
        22.579336166381836,
        22.704648971557617,
        22.095584869384766,
        22.03777503967285,
        21.67749786376953,
        21.357080459594727,
        23.04058837890625,
        21.507658004760742,
        21.145801544189453,
        21.118362426757812,
        20.84136199951172,
        20.582429885864258,
        20.629995346069336,
        20.522306442260742,
        20.23729133605957,
        20.50014305114746,
        20.146238327026367,
        20.336889266967773,
        19.835237503051758,
        19.730573654174805,
        19.46162986755371,
        20.145463943481445,
        19.356945037841797,
        19.68564796447754,
        19.51812744140625,
        19.0672607421875,
        19.16897201538086,
        18.939390182495117,
        19.12638282775879,
        19.088916778564453,
        18.54213523864746,
        18.69314193725586,
        18.516849517822266,
        18.571475982666016,
        18.561702728271484,
        18.18096160888672,
        18.76533317565918,
        18.823801040649414,
        18.393253326416016,
        18.23796844482422,
        17.87034034729004,
        17.915485382080078,
        17.82033348083496,
        17.680648803710938,
        18.01133155822754,
        17.7835693359375,
        17.56194496154785,
        17.630428314208984,
        17.381378173828125,
        18.060840606689453,
        17.669376373291016,
        17.523847579956055,
        17.5982723236084,
        17.590839385986328,
        17.584720611572266,
        17.676929473876953,
        18.328216552734375,
        17.483020782470703,
        17.470500946044922,
        17.145849227905273,
        17.206710815429688,
        17.37134552001953,
        17.485261917114258,
        17.051916122436523,
        17.13795280456543,
        17.299877166748047,
        17.055374145507812,
        17.344499588012695,
        17.571386337280273,
        16.94650650024414,
        16.906906127929688,
        17.913421630859375,
        17.048646926879883,
        17.00012969970703,
        17.046537399291992,
        17.032960891723633,
        16.728546142578125,
        17.206071853637695,
        16.917556762695312,
        16.984241485595703,
        16.980207443237305,
        16.88807487487793,
        16.829545974731445,
        16.572519302368164,
        16.739116668701172,
        16.676687240600586,
        16.66372299194336,
        16.62118911743164,
        16.658578872680664,
        17.51109504699707,
        16.530317306518555,
        17.43471908569336,
        16.701026916503906,
        16.732736587524414,
        16.530075073242188,
        16.573833465576172,
        16.67471694946289,
        16.55893325805664,
        16.5889892578125,
        16.441205978393555,
        16.596723556518555,
        16.56032943725586,
        16.431364059448242,
        16.490062713623047,
        16.629657745361328,
        16.47015380859375,
        16.217304229736328,
        16.5921573638916,
        16.43084144592285,
        16.528663635253906,
        16.526945114135742,
        16.894567489624023,
        16.402673721313477,
        16.29118537902832,
        16.516254425048828,
        16.1510066986084,
        16.424455642700195,
        16.406551361083984,
        16.86534881591797,
        16.162187576293945,
        16.348047256469727,
        16.11545753479004,
        16.1229248046875,
        16.125337600708008,
        16.27749252319336,
        16.852439880371094,
        16.15800666809082,
        17.053247451782227,
        16.329469680786133,
        16.258726119995117,
        16.212684631347656,
        16.087278366088867,
        16.644210815429688,
        16.182859420776367,
        16.039392471313477,
        16.067522048950195,
        16.011354446411133,
        16.15683364868164,
        16.115385055541992,
        16.283004760742188,
        16.27058982849121,
        16.003742218017578,
        15.925702095031738,
        15.999017715454102,
        16.13091278076172,
        15.857952117919922,
        15.867073059082031,
        16.02541160583496,
        16.054567337036133,
        16.64229965209961,
        16.589754104614258,
        16.18893814086914,
        16.030323028564453,
        16.019405364990234,
        15.752371788024902,
        16.472190856933594,
        16.2111759185791,
        16.183883666992188,
        15.88001823425293,
        15.92579460144043,
        16.25034523010254,
        15.88017463684082,
        15.95824146270752,
        15.986212730407715,
        15.901426315307617,
        15.85897159576416,
        15.82468032836914,
        16.34123992919922,
        15.800033569335938,
        15.837474822998047,
        15.710710525512695,
        15.867586135864258,
        15.768628120422363,
        16.1318302154541,
        15.867517471313477,
        16.574010848999023,
        15.878870010375977,
        15.919537544250488,
        15.836471557617188,
        16.128618240356445,
        15.976787567138672,
        15.742709159851074,
        15.785883903503418,
        15.672415733337402,
        15.761750221252441,
        15.648140907287598,
        16.385032653808594,
        15.838706970214844,
        15.757530212402344,
        15.670957565307617,
        15.868221282958984,
        16.385601043701172,
        16.01436996459961,
        15.941413879394531,
        15.686280250549316,
        15.76982307434082,
        15.757214546203613,
        14.976645469665527,
        14.778936386108398,
        14.697043418884277,
        14.653644561767578,
        14.661133766174316,
        15.48090934753418,
        14.786701202392578,
        14.652009010314941,
        14.647442817687988,
        14.578227043151855,
        14.560754776000977,
        14.550037384033203,
        14.59573745727539,
        14.810750961303711,
        14.658378601074219,
        14.573266983032227,
        14.51153564453125,
        14.482202529907227,
        14.512754440307617,
        14.477277755737305,
        14.452417373657227,
        14.483914375305176,
        14.429032325744629,
        14.435070037841797,
        14.648612022399902,
        14.430030822753906,
        14.407330513000488,
        14.502726554870605,
        14.402134895324707,
        14.460472106933594,
        14.435635566711426,
        14.428342819213867,
        14.590176582336426,
        14.436344146728516,
        14.415541648864746,
        14.379226684570312,
        14.408151626586914,
        14.576691627502441,
        14.392088890075684,
        14.341299057006836,
        14.35134220123291,
        14.354351997375488,
        14.348663330078125,
        14.48009967803955,
        14.355433464050293,
