{
    "run_n":4,
    "run_seed":440,
    "ndims":4,
    "nsamples":100000,
    "correlation":"corr",
    "nbijectors":2,
    "bijector":"MsplineN",
    "spline_knots":12,
    "range_min":-16,
    "hidden_layers":"256-256-256",
    "batch_size":512,
    "activation":"relu",
    "eps_regulariser":0,
    "regulariser":null,
    "dist_seed":0,
    "test_seed":0,
    "kl_divergence":-1,
    "ks_test_mean":0.4472565707270065,
    "ks_test_median":0.44901301137226635,
    "ad_test_mean":0.19764671731153405,
    "ad_test_median":0.19849568193515812,
    "Wasserstein_median":0.03637036953276282,
    "Wasserstein_mean":0.03637036953276282,
    "frob_norm":0.033280731981154076,
    "epochs_input":1000,
    "epochs_output":337,
    "time":2123.1360258581117,
    "train_loss_history":[
        8.677900314331055,
        4.2317986488342285,
        3.182870626449585,
        3.052619695663452,
        2.919185161590576,
        2.7951886653900146,
        2.7256009578704834,
        2.671225070953369,
        2.6298062801361084,
        2.6314127445220947,
        2.5960068702697754,
        2.5943763256073,
        2.5528087615966797,
        2.5481770038604736,
        2.555036783218384,
        2.5483198165893555,
        2.5330941677093506,
        2.5120208263397217,
        2.556891679763794,
        2.5255706310272217,
        2.517749786376953,
        2.530334711074829,
        2.4986839294433594,
        2.5001144409179688,
        2.4991774559020996,
        2.5036845207214355,
        2.495502471923828,
        2.513665199279785,
        2.4726531505584717,
        2.502581834793091,
        2.5003249645233154,
        2.4903404712677,
        2.4906346797943115,
        2.4738264083862305,
        2.471395969390869,
        2.489576816558838,
        2.4760420322418213,
        2.462533473968506,
        2.472369432449341,
        2.4683997631073,
        2.462318181991577,
        2.468921422958374,
        2.4809353351593018,
        2.461768865585327,
        2.4807872772216797,
        2.463886260986328,
        2.4633021354675293,
        2.4499502182006836,
        2.465430974960327,
        2.457439422607422,
        2.449103593826294,
        2.4493203163146973,
        2.4573237895965576,
        2.455820083618164,
        2.445324420928955,
        2.4540858268737793,
        2.4578826427459717,
        2.442298173904419,
        2.446873903274536,
        2.464006185531616,
        2.4386849403381348,
        2.44638729095459,
        2.4386932849884033,
        2.4419283866882324,
        2.439114570617676,
        2.450167179107666,
        2.4387423992156982,
        2.4376487731933594,
        2.4413862228393555,
        2.4359755516052246,
        2.4328455924987793,
        2.4295499324798584,
        2.4351608753204346,
        2.4360806941986084,
        2.4423670768737793,
        2.4335033893585205,
        2.441281795501709,
        2.434856653213501,
        2.434830904006958,
        2.4267032146453857,
        2.4415831565856934,
        2.433260440826416,
        2.429673194885254,
        2.4431052207946777,
        2.4249067306518555,
        2.423297882080078,
        2.426476001739502,
        2.420302152633667,
        2.426105499267578,
        2.442736864089966,
        2.4247663021087646,
        2.418623208999634,
        2.424445390701294,
        2.429574966430664,
        2.420501708984375,
        2.4264016151428223,
        2.42775559425354,
        2.4266154766082764,
        2.4231958389282227,
        2.4192097187042236,
        2.4194445610046387,
        2.4210686683654785,
        2.417548418045044,
        2.428105354309082,
        2.4237403869628906,
        2.4274609088897705,
        2.418625831604004,
        2.4173543453216553,
        2.424919366836548,
        2.407968044281006,
        2.415858030319214,
        2.4199576377868652,
        2.4138498306274414,
        2.412182569503784,
        2.4103951454162598,
        2.419618844985962,
        2.4084556102752686,
        2.4066731929779053,
        2.4147212505340576,
        2.4107275009155273,
        2.4222512245178223,
        2.4190778732299805,
        2.4178478717803955,
        2.4238014221191406,
        2.4075586795806885,
        2.4112513065338135,
        2.409010887145996,
        2.4111621379852295,
        2.40697979927063,
        2.4027059078216553,
        2.414022445678711,
        2.4020192623138428,
        2.4096193313598633,
        2.409288167953491,
        2.4111053943634033,
        2.4211013317108154,
        2.407515048980713,
        2.412102460861206,
        2.413217306137085,
        2.4094319343566895,
        2.4025280475616455,
        2.4046473503112793,
        2.411929130554199,
        2.407170295715332,
        2.4068186283111572,
        2.4128193855285645,
        2.4092655181884766,
        2.4028429985046387,
        2.404399871826172,
        2.406038522720337,
        2.4057047367095947,
        2.4024407863616943,
        2.398509979248047,
        2.40622615814209,
        2.409627914428711,
        2.4148919582366943,
        2.4051663875579834,
        2.4016549587249756,
        2.4054744243621826,
        2.4057343006134033,
        2.3981778621673584,
        2.399754285812378,
        2.3990535736083984,
        2.4134883880615234,
        2.3973000049591064,
        2.405437707901001,
        2.4043385982513428,
        2.3977928161621094,
        2.4061238765716553,
        2.4015917778015137,
        2.4019792079925537,
        2.397425413131714,
        2.405148983001709,
        2.3951363563537598,
        2.4045207500457764,
        2.3979082107543945,
        2.398833990097046,
        2.3960177898406982,
        2.4012913703918457,
        2.4036457538604736,
        2.402397871017456,
        2.4057905673980713,
        2.3980255126953125,
        2.3971798419952393,
        2.3992538452148438,
        2.402496099472046,
        2.402053117752075,
        2.398077964782715,
        2.393484592437744,
        2.39363694190979,
        2.405142068862915,
        2.4051990509033203,
        2.3958404064178467,
        2.3944215774536133,
        2.397150993347168,
        2.3961923122406006,
        2.3998546600341797,
        2.411436080932617,
        2.3974437713623047,
        2.3950769901275635,
        2.3990437984466553,
        2.3945493698120117,
        2.391935110092163,
        2.4049389362335205,
        2.398757219314575,
        2.3965890407562256,
        2.394561290740967,
        2.3896431922912598,
        2.394443988800049,
        2.3958749771118164,
        2.394681930541992,
        2.3990378379821777,
        2.3987128734588623,
        2.3919637203216553,
        2.3998775482177734,
        2.396427631378174,
        2.4008543491363525,
        2.399343967437744,
        2.389388084411621,
        2.3946926593780518,
        2.392897844314575,
        2.396970510482788,
        2.3946456909179688,
        2.3894400596618652,
        2.3946142196655273,
        2.3912742137908936,
        2.3955838680267334,
        2.3983380794525146,
        2.3924262523651123,
        2.3949127197265625,
        2.394904136657715,
        2.395904779434204,
        2.3914382457733154,
        2.403792381286621,
        2.386193037033081,
        2.396397113800049,
        2.3877408504486084,
        2.3926050662994385,
        2.393169641494751,
        2.3883259296417236,
        2.389329195022583,
        2.39032244682312,
        2.3913071155548096,
        2.3909244537353516,
        2.3874309062957764,
        2.394404172897339,
        2.397709369659424,
        2.392378091812134,
        2.3936917781829834,
        2.391212224960327,
        2.3874192237854004,
        2.3915088176727295,
        2.3935763835906982,
        2.3893542289733887,
        2.386793613433838,
        2.388875722885132,
        2.391183853149414,
        2.3936593532562256,
        2.390744686126709,
        2.391465425491333,
        2.3865952491760254,
        2.3922648429870605,
