{
    "run_n":30,
    "run_seed":0,
    "ndims":400,
    "nsamples":100000,
    "correlation":"corr",
    "nbijectors":5,
    "bijector":"MAFN",
    "spline_knots":8,
    "range_min":-5,
    "hidden_layers":"256-256-256",
    "batch_size":512,
    "activation":"relu",
    "eps_regulariser":0,
    "regulariser":null,
    "dist_seed":0,
    "test_seed":0,
    "kl_divergence":-1,
    "ks_test_mean":0.013312186273729758,
    "ks_test_median":9.163001301587723e-15,
    "ad_test_mean":0.0010000000000000002,
    "ad_test_median":0.007342199899794197,
    "Wasserstein_median":0.6577036798390579,
    "Wasserstein_mean":0.6577036798390579,
    "frob_norm":4.776153994002519,
    "epochs_input":1000,
    "epochs_output":115,
    "time":319.74285738915205,
    "train_loss_history":[
        1121.8966064453125,
        823.0794677734375,
        821.0916137695312,
        819.931396484375,
        819.2230834960938,
        818.2465209960938,
        819.4901123046875,
        817.4296875,
        817.0818481445312,
        816.8541870117188,
        816.7153930664062,
        816.416015625,
        816.6834106445312,
        815.9091796875,
        815.8032836914062,
        815.2371826171875,
        814.8743286132812,
        814.6898193359375,
        817.7808837890625,
        815.0182495117188,
        813.4730834960938,
        813.1876220703125,
        812.8436279296875,
        812.54541015625,
        812.5341796875,
        812.0806274414062,
        811.8642578125,
        811.47412109375,
        811.1259155273438,
        810.6566162109375,
        810.29150390625,
        809.436279296875,
        808.7320556640625,
        808.40185546875,
        807.998291015625,
        831.573974609375,
        819.1739501953125,
        814.9332275390625,
        812.6776733398438,
        811.2392578125,
        810.509765625,
        809.9170532226562,
        809.5108642578125,
        809.1549072265625,
        808.8428344726562,
        808.58740234375,
        808.423583984375,
        808.2119750976562,
        807.9457397460938,
        807.7236328125,
        807.5745239257812,
        807.4165649414062,
        807.18896484375,
        806.91259765625,
        806.7678833007812,
        806.693603515625,
        806.37353515625,
        806.2471923828125,
        805.9725341796875,
        805.6774291992188,
        805.7372436523438,
        805.2476196289062,
        804.9066772460938,
        804.6309814453125,
        804.7704467773438,
        804.2325439453125,
        804.5138549804688,
        803.9248046875,
        803.5534057617188,
        803.6563720703125,
        803.2110595703125,
        802.6323852539062,
        802.3270263671875,
        802.0070190429688,
        801.7938842773438,
        801.5692138671875,
        801.2781982421875,
        801.055908203125,
        800.8553466796875,
        800.5750122070312,
        800.30322265625,
        800.5145263671875,
        799.98681640625,
        799.70849609375,
        799.299560546875,
        NaN,
        NaN,
        NaN,
        NaN,
        NaN,
        NaN,
        NaN,
        NaN,
        NaN,
        NaN,
        NaN,
        NaN,
        NaN,
        NaN,
        NaN,
        NaN,
        NaN,
        NaN,
        NaN,
        NaN,
        NaN,
        NaN,
        NaN,
        NaN,
        NaN,
        NaN,
        NaN,
        NaN,
        NaN,
        NaN
    ],
    "val_loss_history":[
        825.1071166992188,
        821.8987426757812,
        820.6793823242188,
        819.5260009765625,
        818.5468139648438,
        818.1315307617188,
        817.8347778320312,
        817.497802734375,
        817.3181762695312,
        817.0670776367188,
        816.9932250976562,
        817.4766845703125,
        816.9658813476562,
        816.9535522460938,
        816.508544921875,
        816.2015991210938,
        815.256103515625,
        815.4737548828125,
        818.2826538085938,
        814.8191528320312,
        814.749755859375,
        814.5782470703125,
        814.5137329101562,
        814.4760131835938,
        814.2587890625,
        814.2028198242188,
        814.5484008789062,
        813.8786010742188,
        813.5464477539062,
        813.2939453125,
        813.6773071289062,
        812.0596923828125,
        811.63134765625,
        811.6421508789062,
        811.6397705078125,
        824.4321899414062,
        817.4925537109375,
        814.665283203125,
        813.507080078125,
        812.1767578125,
        812.54248046875,
        812.2865600585938,
        811.8507080078125,
        811.9593505859375,
        812.1190795898438,
        813.0162963867188,
        811.0818481445312,
        812.2923583984375,
        812.5650634765625,
        813.0128173828125,
        812.0482788085938,
        813.7212524414062,
        813.0482177734375,
        813.1858520507812,
        810.5338134765625,
        813.3676147460938,
        811.8929443359375,
        811.2490844726562,
        813.1170654296875,
        812.8720703125,
        812.6465454101562,
        811.604736328125,
        813.9718017578125,
        814.5571899414062,
        811.1093139648438,
        810.975341796875,
        810.6162719726562,
        811.17822265625,
        812.1010131835938,
        811.69970703125,
        811.3682250976562,
        812.1589965820312,
        811.026611328125,
        812.4703369140625,
        812.9285278320312,
        815.7518920898438,
        813.78857421875,
        924.9285888671875,
        815.5435180664062,
        Infinity,
        Infinity,
        Infinity,
        1790341545984.0,
        Infinity,
        Infinity,
        NaN,
        NaN,
        NaN,
        NaN,
        NaN,
        NaN,
        NaN,
        NaN,
        NaN,
        NaN,
        NaN,
        NaN,
        NaN,
        NaN,
        NaN,
        NaN,
        NaN,
        NaN,
        NaN,
        NaN,
        NaN,
        NaN,
        NaN,
        NaN,
        NaN,
        NaN,
        NaN,
        NaN,
        NaN,
        NaN
    ],
    "best_train_loss":[],
    "best_val_loss":NaN,
    "best_epoch":[]
}