{
    "run_n":28,
    "run_seed":0,
    "ndims":200,
    "nsamples":100000,
    "correlation":"corr",
    "nbijectors":2,
    "bijector":"MsplineN",
    "spline_knots":12,
    "range_min":-16,
    "hidden_layers":"256-256-256",
    "batch_size":512,
    "activation":"relu",
    "eps_regulariser":0,
    "regulariser":null,
    "dist_seed":0,
    "test_seed":0,
    "kl_divergence":-1,
    "ks_test_mean":0.491571510351989,
    "ks_test_median":0.49668812421977165,
    "ad_test_mean":0.21829079297470366,
    "ad_test_median":0.21520187927195314,
    "Wasserstein_median":0.03710006886176334,
    "Wasserstein_mean":0.03710006886176334,
    "frob_norm":1.1482255592093957,
    "epochs_input":1000,
    "epochs_output":200,
    "time":1296.113276346121,
    "train_loss_history":[
        301.9584655761719,
        105.3838119506836,
        97.30128479003906,
        94.18333435058594,
        92.25003051757812,
        90.54058074951172,
        89.68414306640625,
        89.23564147949219,
        88.76560974121094,
        88.09137725830078,
        87.7411880493164,
        87.69306182861328,
        87.29519653320312,
        86.98787689208984,
        87.22154235839844,
        86.6958999633789,
        86.36211395263672,
        86.19793701171875,
        85.84602355957031,
        86.16378784179688,
        86.18364715576172,
        85.93196105957031,
        85.77904510498047,
        85.54508209228516,
        85.7543716430664,
        85.30440521240234,
        85.94764709472656,
        85.34687042236328,
        85.10223388671875,
        85.14124298095703,
        85.38421630859375,
        85.14949798583984,
        84.85514831542969,
        85.30689239501953,
        84.84069061279297,
        85.18924713134766,
        84.91188049316406,
        84.54429626464844,
        84.59720611572266,
        84.40702819824219,
        84.34876251220703,
        84.24384307861328,
        83.9669418334961,
        84.4970932006836,
        84.04277038574219,
        83.87893676757812,
        83.96088409423828,
        84.11555480957031,
        84.25743865966797,
        84.05756378173828,
        84.0200424194336,
        83.83209991455078,
        83.78707885742188,
        83.88590240478516,
        83.62467193603516,
        83.56019592285156,
        83.35247802734375,
        83.43557739257812,
        83.6229476928711,
        83.37521362304688,
        83.49170684814453,
        83.22029113769531,
        83.3173828125,
        83.63016510009766,
        83.11225891113281,
        82.93550109863281,
        83.29676055908203,
        83.15778350830078,
        83.22040557861328,
        82.95536041259766,
        83.1878890991211,
        82.90892028808594,
        82.8676528930664,
        83.12059020996094,
        82.74073028564453,
        82.6962661743164,
        83.08970642089844,
        83.25980377197266,
        82.81871795654297,
        82.82610321044922,
        82.30976104736328,
        82.62483978271484,
        82.57787322998047,
        82.53175354003906,
        82.44042205810547,
        82.33182525634766,
        82.57095336914062,
        82.27836608886719,
        82.38031768798828,
        82.08972930908203,
        82.34868621826172,
        82.23135375976562,
        82.1317367553711,
        82.33769989013672,
        81.85077667236328,
        82.17254638671875,
        81.91439819335938,
        82.14469146728516,
        81.79011535644531,
        81.83406829833984,
        82.06159210205078,
        81.92127227783203,
        82.05075073242188,
        81.7277603149414,
        81.80738830566406,
        81.83666229248047,
        81.75516510009766,
        81.93585968017578,
        81.62834167480469,
        81.98128509521484,
        81.5938491821289,
        81.6526870727539,
        81.72295379638672,
        81.75245666503906,
        81.626220703125,
        81.59525299072266,
        81.25106811523438,
        81.50434875488281,
        81.71524810791016,
        81.44020080566406,
        81.20625305175781,
        81.28656005859375,
        81.34516906738281,
        81.46137237548828,
        81.19992065429688,
        81.5177001953125,
        81.46784210205078,
        81.25679779052734,
        81.29707336425781,
        81.1597900390625,
        81.09058380126953,
        81.3315200805664,
        80.95109558105469,
        81.58332061767578,
        81.11614990234375,
        81.29539489746094,
        79.35948944091797,
        79.08869934082031,
        79.02335357666016,
        78.99568939208984,
        78.99436950683594,
        78.95561981201172,
        78.99288940429688,
        78.99199676513672,
        78.93238830566406,
        78.94046783447266,
        78.94634246826172,
        78.93724060058594,
        78.91683197021484,
        78.90345001220703,
        78.92979431152344,
        78.92916870117188,
        78.8944320678711,
        78.88748168945312,
        78.86599731445312,
        78.88616180419922,
        78.87348937988281,
        78.87523651123047,
        78.84033203125,
        78.88565826416016,
        78.83888244628906,
        78.85830688476562,
        78.8671646118164,
        78.82733917236328,
        78.83576965332031,
        78.8216781616211,
        78.84693908691406,
        78.79586029052734,
        78.81475067138672,
        78.8061752319336,
        78.8154296875,
        78.7889404296875,
        78.77310180664062,
        78.77236938476562,
        78.78621673583984,
        78.77886199951172,
        78.7652816772461,
        78.78359985351562,
        78.74507904052734,
        78.74982452392578,
        78.73248291015625,
        78.71894073486328,
        78.71397399902344,
        78.71995544433594,
        78.71063232421875,
        78.7142562866211,
        78.72331237792969,
        78.70872497558594,
        78.71977233886719,
        78.69792938232422,
        78.35919952392578,
        78.32649993896484,
        78.32118225097656,
        78.3174819946289,
        78.32477569580078,
        78.3201675415039,
        78.32550811767578,
        78.32105255126953,
        78.32133483886719,
        78.31507873535156
    ],