{
    "run_n":6,
    "run_seed":0,
    "ndims":100,
    "nsamples":100000,
    "correlation":"corr",
    "nbijectors":2,
    "bijector":"MsplineN",
    "spline_knots":12,
    "range_min":-16,
    "hidden_layers":"256-256-256",
    "batch_size":512,
    "activation":"relu",
    "eps_regulariser":0,
    "regulariser":null,
    "dist_seed":0,
    "test_seed":0,
    "kl_divergence":-1,
    "ks_test_mean":0.4026582452478352,
    "ks_test_median":0.4072907523818129,
    "ad_test_mean":0.19542507506328174,
    "ad_test_median":0.19455677458510554,
    "Wasserstein_median":0.07322217848184305,
    "Wasserstein_mean":0.07322217848184305,
    "frob_norm":1.3939312229469303,
    "epochs_input":1000,
    "epochs_output":193,
    "time":1118.0094420537353,
    "train_loss_history":[
        193.01809692382812,
        66.46395874023438,
        58.015750885009766,
        54.23506546020508,
        52.160675048828125,
        50.820587158203125,
        49.933162689208984,
        48.99147033691406,
        48.490726470947266,
        47.88960266113281,
        47.563594818115234,
        47.124000549316406,
        46.901161193847656,
        46.802467346191406,
        46.46879196166992,
        46.52823257446289,
        46.329246520996094,
        46.07132339477539,
        46.00583267211914,
        45.87338638305664,
        45.81130599975586,
        46.029930114746094,
        45.524444580078125,
        45.51683044433594,
        45.40304183959961,
        45.380027770996094,
        45.22872543334961,
        45.227394104003906,
        45.19913101196289,
        45.13827133178711,
        44.999874114990234,
        44.95425033569336,
        45.05873107910156,
        45.20722579956055,
        44.861488342285156,
        44.7612190246582,
        44.94626998901367,
        44.76390838623047,
        44.76774597167969,
        44.682334899902344,
        44.73765182495117,
        44.6586799621582,
        44.46646499633789,
        44.4053840637207,
        44.33110809326172,
        44.460105895996094,
        44.3754997253418,
        44.49140167236328,
        44.3416862487793,
        44.29200744628906,
        44.33173751831055,
        44.10453414916992,
        44.22663116455078,
        44.209381103515625,
        44.06664276123047,
        44.056251525878906,
        44.09229278564453,
        43.98115158081055,
        43.99549865722656,
        44.080055236816406,
        43.94832229614258,
        43.9152946472168,
        43.78780746459961,
        43.976951599121094,
        43.883338928222656,
        43.83477020263672,
        43.85044479370117,
        43.66775131225586,
        43.88484191894531,
        43.652469635009766,
        43.83186721801758,
        43.79905700683594,
        43.57173538208008,
        43.526756286621094,
        43.60501480102539,
        43.63603591918945,
        43.44587326049805,
        43.51444625854492,
        43.422325134277344,
        43.4063720703125,
        43.490108489990234,
        43.50228500366211,
        43.46150588989258,
        43.30940246582031,
        43.3021240234375,
        43.429473876953125,
        43.301570892333984,
        43.31218719482422,
        43.20527267456055,
        43.33359146118164,
        43.27190399169922,
        43.27578353881836,
        43.214351654052734,
        43.07546615600586,
        43.33750534057617,
        43.070640563964844,
        43.089317321777344,
        43.06875228881836,
        43.06675720214844,
        43.04249572753906,
        43.0633544921875,
        43.064876556396484,
        42.990509033203125,
        43.154991149902344,
        42.9449348449707,
        43.0118522644043,
        42.89934539794922,
        43.03950881958008,
        42.95127487182617,
        42.81608963012695,
        43.028900146484375,
        42.86470413208008,
        42.87016296386719,
        42.82585525512695,
        42.75965881347656,
        42.826454162597656,
        42.70975112915039,
        42.88432693481445,
        42.76456069946289,
        42.72711944580078,
        42.68500518798828,
        42.803958892822266,
        42.63135528564453,
        42.72077941894531,
        42.64107894897461,
        42.63417053222656,
        42.794403076171875,
        41.413970947265625,
        41.230506896972656,
        41.16971969604492,
        41.16706466674805,
        41.155418395996094,
        41.084571838378906,
        41.20109176635742,
        41.08570098876953,
        41.10683822631836,
        41.10191345214844,
        41.04949188232422,
        41.05097198486328,
        41.04392623901367,
        41.069580078125,
        41.09162902832031,
        40.97401428222656,
        41.06109619140625,
        40.985206604003906,
        41.0445442199707,
        40.97328567504883,
        41.02181625366211,
        40.92803192138672,
        41.03547668457031,
        40.95673751831055,
        41.093421936035156,
        40.920772552490234,
        40.95085525512695,
        40.945404052734375,
        40.99177551269531,
        40.91346740722656,
        40.96685791015625,
        40.905517578125,
        40.930545806884766,
        40.91545867919922,
        40.90789031982422,
        40.89181900024414,
        40.8494873046875,
        40.884559631347656,
        40.86368942260742,
        40.893489837646484,
        40.82865905761719,
        40.87406539916992,
        40.83620071411133,
        40.892425537109375,
        40.859371185302734,
        40.82162094116211,
        40.848793029785156,
        40.86125183105469,
        40.83906555175781,
        40.78538131713867,
        40.910701751708984,
        40.780975341796875,
        40.82157516479492,
        40.778377532958984,
        40.80219650268555,
        40.77531814575195,
        40.44934844970703,
        40.40652847290039,
        40.40288543701172,
        40.394508361816406,
        40.393489837646484,
        40.39216613769531,
        40.39466094970703,
        40.39519119262695,
        40.38750457763672,
        40.376739501953125
    ],