{
    "run_n":10,
    "run_seed":933,
    "ndims":16,
    "nsamples":100000,
    "correlation":"corr",
    "nbijectors":5,
    "bijector":"CsplineN",
    "spline_knots":12,
    "range_min":-16,
    "hidden_layers":"256-256-256",
    "batch_size":512,
    "activation":"relu",
    "eps_regulariser":0,
    "regulariser":null,
    "dist_seed":0,
    "test_seed":0,
    "ks_mean":0.0038682669041484605,
    "ks_std":0.020835415563832137,
    "ad_mean":0.004256651882023078,
    "ad_std":0.011632868633898341,
    "wd_mean":0.10131988158290942,
    "wd_std":0.06838499001324014,
    "swd_mean":0.10775285595385009,
    "swd_std":0.06310945080212153,
    "fn_mean":1.0537100213122161,
    "fn_std":0.15201271191057297,
    "epochs_input":1000,
    "epochs_output":82,
    "time":2861.86522412498,
    "train_loss_history":[
        22.62966537475586,
        8.85526180267334,
        7.730107307434082,
        6.852181434631348,
        6.253523349761963,
        6.053492069244385,
        5.907741546630859,
        5.873907089233398,
        5.747195243835449,
        5.68270206451416,
        5.6877264976501465,
        5.576821804046631,
        5.583133220672607,
        5.5696940422058105,
        5.551321506500244,
        5.469917297363281,
        5.4551591873168945,
        5.5307297706604,
        5.482376575469971,
        5.459695339202881,
        5.412598133087158,
        5.373904228210449,
        5.442383766174316,
        5.347889423370361,
        5.344117641448975,
        5.38096809387207,
        5.3498382568359375,
        5.325061321258545,
        5.297580242156982,
        5.369009494781494,
        5.246847629547119,
        5.241124153137207,
        5.322357177734375,
        5.2668914794921875,
        5.239804267883301,
        5.22577428817749,
        5.230664253234863,
        5.149446487426758,
        5.178207874298096,
        5.161094665527344,
        5.152626991271973,
        5.186715126037598,
        5.107487678527832,
        5.114418029785156,
        5.1302666664123535,
        5.114745140075684,
        5.103332996368408,
        5.048521041870117,
        5.055914878845215,
        5.048035144805908,
        5.046430587768555,
        4.99591588973999,
        4.9732255935668945,
        4.9851298332214355,
        4.999866962432861,
        4.950185298919678,
        4.94807767868042,
        4.948493003845215,
        4.9102067947387695,
        4.912826061248779,
        4.885114669799805,
        4.898109436035156,
        4.884908676147461,
        4.836206912994385,
        4.825517177581787,
        4.815677165985107,
        4.776701927185059,
        4.798887252807617,
        4.755427837371826,
        4.759153366088867,
        4.738666534423828,
        4.727925777435303,
        4.328914165496826,
        4.226524829864502,
        4.178722858428955,
        4.151388168334961,
        4.125892162322998,
        4.107085704803467,
        4.081971645355225,
        4.0695953369140625,
        4.048819541931152,
        4.024761199951172
    ],
    "val_loss_history":[
        9.469093322753906,
        7.788418769836426,
        9.093445777893066,
        7.0121636390686035,
        6.117225646972656,
        5.943659782409668,
        5.782582759857178,
        5.799221515655518,
        5.776845455169678,
        5.794023036956787,
        5.9087910652160645,
        5.833354473114014,
        5.64305305480957,
        5.660552024841309,
        5.588115692138672,
        5.514659881591797,
        5.486548900604248,
        5.4234395027160645,
        5.586096286773682,
        5.490954399108887,
        5.576221466064453,
        5.354248046875,
        5.508159160614014,
        5.5007710456848145,
        5.627699851989746,
        5.5077128410339355,
        5.539064884185791,
        5.390835285186768,
        5.50024938583374,
        5.473673343658447,
        5.40879487991333,
        6.071253776550293,
        5.421051502227783,
        5.418309688568115,
        5.450625419616699,
        5.635335445404053,
        5.518801212310791,
        5.5566086769104,
        5.4254560470581055,
        5.410240173339844,
        5.664795875549316,
        5.486939430236816,
        5.573526382446289,
        5.570839881896973,
        5.431144714355469,
        5.550445079803467,
        5.55363130569458,
        5.4785614013671875,
        5.590005397796631,
        5.594329357147217,
        5.550014019012451,
        5.493887424468994,
        5.51176643371582,
        5.723268032073975,
        5.595389366149902,
        5.710457801818848,
        5.669695854187012,
        5.5636725425720215,
        5.734053611755371,
        5.5629377365112305,
        5.600260257720947,
        5.568166732788086,
        5.679413318634033,
        5.631850719451904,
        5.644871234893799,
        5.623470306396484,
        5.649378299713135,
        5.655200004577637,
        5.736812114715576,
        5.7023024559021,
        5.727726936340332,
        5.747969627380371,
        5.834301948547363,
        5.8880157470703125,
        5.967455863952637,
        6.0351457595825195,
        6.099979400634766,
        6.177258491516113,
        6.1486053466796875,
        6.263038635253906,
        6.2922797203063965,
        6.261571884155273
    ],
    "best_train_loss":5.373904228210449,
    "best_val_loss":5.354248046875,
    "best_epoch":21
}