{
    "run_n":10,
    "run_seed":933,
    "ndims":16,
    "nsamples":100000,
    "correlation":"corr",
    "nbijectors":5,
    "bijector":"CsplineN",
    "spline_knots":8,
    "range_min":-16,
    "hidden_layers":"128-128-128",
    "batch_size":512,
    "activation":"relu",
    "eps_regulariser":0,
    "regulariser":null,
    "dist_seed":0,
    "test_seed":0,
    "kl_divergence":-1,
    "ks_test_mean":0.466179405007024,
    "ks_test_median":0.46948577420728,
    "ad_test_mean":0.21024042440950952,
    "ad_test_median":0.20814077842824355,
    "Wasserstein_median":0.021823390174864267,
    "Wasserstein_mean":0.021823390174864267,
    "frob_norm":0.3913017606160478,
    "epochs_input":1000,
    "epochs_output":150,
    "time":2953.129484090954,
    "train_loss_history":[
        48.09341049194336,
        9.532319068908691,
        7.7866668701171875,
        7.215666770935059,
        6.888706207275391,
        6.501770973205566,
        6.423496246337891,
        6.409283638000488,
        6.174440860748291,
        6.007207870483398,
        5.938700199127197,
        5.9740190505981445,
        5.904211521148682,
        5.844234943389893,
        5.773594856262207,
        5.781217575073242,
        5.737292766571045,
        5.648622989654541,
        5.674083232879639,
        5.653633117675781,
        5.617265224456787,
        5.606701374053955,
        5.582869529724121,
        5.573118686676025,
        5.527592182159424,
        5.528780460357666,
        5.5268330574035645,
        5.4800920486450195,
        5.482208251953125,
        5.487957000732422,
        5.458007335662842,
        5.450348854064941,
        5.426764488220215,
        5.4472503662109375,
        5.431807994842529,
        5.378347873687744,
        5.392702102661133,
        5.4120941162109375,
        5.364319324493408,
        5.353643417358398,
        5.3651323318481445,
        5.379175186157227,
        5.3780412673950195,
        5.352529048919678,
        5.310044765472412,
        5.306844234466553,
        5.323726654052734,
        5.3340325355529785,
        5.3021464347839355,
        5.291567325592041,
        5.285847187042236,
        5.2662835121154785,
        5.304323196411133,
        5.300555229187012,
        5.29299783706665,
        5.258996486663818,
        5.238842964172363,
        5.279338359832764,
        5.269952774047852,
        5.256191730499268,
        5.225515842437744,
        5.240145683288574,
        5.231725215911865,
        5.217424392700195,
        5.20754337310791,
        5.202922821044922,
        5.200672149658203,
        5.211925029754639,
        5.1810431480407715,
        5.169942378997803,
        5.199754238128662,
        5.168808937072754,
        5.154284954071045,
        5.166663646697998,
        5.172124862670898,
        5.155474662780762,
        5.126440048217773,
        5.1425981521606445,
        5.117125034332275,
        5.126769065856934,
        5.11855936050415,
        5.110958099365234,
        5.11812162399292,
        5.098612308502197,
        5.113519668579102,
        5.082001686096191,
        5.092271327972412,
        5.070825099945068,
        5.067221164703369,
        4.849464416503906,
        4.820307731628418,
        4.811209678649902,
        4.806496620178223,
        4.800534725189209,
        4.800073623657227,
        4.793848514556885,
        4.793590068817139,
        4.785340309143066,
        4.78902530670166,
        4.773736000061035,
        4.77706241607666,
        4.7751054763793945,
        4.772214889526367,
        4.764512538909912,
        4.770124912261963,
        4.762300968170166,
        4.753170967102051,
        4.749362468719482,
        4.744829177856445,
        4.74078893661499,
        4.741161823272705,
        4.737770080566406,
        4.736224174499512,
        4.727165699005127,
        4.723877906799316,
        4.721024513244629,
        4.712491035461426,
        4.717197418212891,
        4.710705757141113,
        4.697977542877197,
        4.700536251068115,
        4.693167686462402,
        4.698122501373291,
        4.689064979553223,
        4.684802532196045,
        4.678380966186523,
        4.680504322052002,
        4.679312229156494,
        4.674811840057373,
        4.671013355255127,
        4.661358833312988,
        4.658102035522461,
        4.674919128417969,
        4.6474833488464355,
        4.653688430786133,
        4.650584697723389,
        4.646461486816406,
        4.632914066314697,
        4.642974376678467,
        4.633795261383057,
        4.553285598754883,
        4.543078899383545,
        4.540135860443115,
        4.538812160491943,
        4.538216590881348,
        4.534540176391602,
        4.533255577087402,
        4.533363342285156,
        4.5321946144104,
        4.532677173614502
    ],