{
    "run_n":1,
    "run_seed":0,
    "ndims":8,
    "nsamples":100000,
    "correlation":"corr",
    "nbijectors":2,
    "bijector":"MsplineN",
    "spline_knots":12,
    "range_min":-16,
    "hidden_layers":"128-128-128",
    "batch_size":512,
    "activation":"relu",
    "eps_regulariser":0,
    "regulariser":null,
    "dist_seed":0,
    "test_seed":0,
    "kl_divergence":-1,
    "ks_test_mean":0.49200292648823596,
    "ks_test_median":0.4910051640984847,
    "ad_test_mean":0.21597893276665697,
    "ad_test_median":0.21505513603639903,
    "Wasserstein_median":0.014643352700507147,
    "Wasserstein_mean":0.014643352700507147,
    "frob_norm":0.03090885154867312,
    "epochs_input":1000,
    "epochs_output":267,
    "time":1738.6501254821196,
    "train_loss_history":[
        25.497556686401367,
        5.971251964569092,
        4.986490726470947,
        4.802373886108398,
        4.681769371032715,
        4.6351542472839355,
        4.5604567527771,
        4.526595592498779,
        4.499253273010254,
        4.477131366729736,
        4.454716205596924,
        4.450562953948975,
        4.4375901222229,
        4.4015398025512695,
        4.381441593170166,
        4.442455768585205,
        4.3460001945495605,
        4.334860801696777,
        4.342118263244629,
        4.312386989593506,
        4.32020378112793,
        4.298891067504883,
        4.283031463623047,
        4.271808624267578,
        4.267165184020996,
        4.281778335571289,
        4.280718803405762,
        4.283564567565918,
        4.243452072143555,
        4.244756698608398,
        4.27081823348999,
        4.245135307312012,
        4.248802661895752,
        4.247217178344727,
        4.250708103179932,
        4.236030578613281,
        4.2533860206604,
        4.244594573974609,
        4.2258148193359375,
        4.233667373657227,
        4.248476505279541,
        4.224201679229736,
        4.219547271728516,
        4.242793560028076,
        4.210204601287842,
        4.226580619812012,
        4.239173412322998,
        4.2137064933776855,
        4.226362705230713,
        4.251662254333496,
        4.230520725250244,
        4.217926025390625,
        4.220038890838623,
        4.201903343200684,
        4.212155342102051,
        4.201967716217041,
        4.207201957702637,
        4.201391220092773,
        4.198600769042969,
        4.228470325469971,
        4.195217132568359,
        4.202615737915039,
        4.181612968444824,
        4.191513538360596,
        4.182461261749268,
        4.219130039215088,
        4.198940277099609,
        4.197683334350586,
        4.19605827331543,
        4.205168724060059,
        4.19009256362915,
        4.191069602966309,
        4.186521530151367,
        4.174711227416992,
        4.179316520690918,
        4.178738594055176,
        4.179028034210205,
        4.180323600769043,
        4.179872989654541,
        4.185342311859131,
        4.17130184173584,
        4.162271499633789,
        4.178194046020508,
        4.1702880859375,
        4.171665191650391,
        4.171181678771973,
        4.174664497375488,
        4.174101829528809,
        4.166172504425049,
        4.162997245788574,
        4.1944050788879395,
        4.168129920959473,
        4.165694713592529,
        4.165460586547852,
        4.159104824066162,
        4.1611008644104,
        4.164647579193115,
        4.177599906921387,
        4.159785747528076,
        4.159256935119629,
        4.1597490310668945,
        4.167110443115234,
        4.167810440063477,
        4.148756504058838,
        4.211857795715332,
        4.16259241104126,
        4.1442389488220215,
        4.158834934234619,
        4.153353214263916,
        4.159648418426514,
        4.1724042892456055,
        4.149582386016846,
        4.159440040588379,
        4.14301872253418,
        4.157196521759033,
        4.161288261413574,
        4.142157554626465,
        4.162550449371338,
        4.153477191925049,
        4.171661376953125,
        4.151980400085449,
        4.1425604820251465,
        4.144119739532471,
        4.152070999145508,
        4.1606221199035645,
        4.1587018966674805,
        4.151997089385986,
        4.14707612991333,
        4.150208473205566,
        4.149302005767822,
        4.154440879821777,
        4.1424880027771,
        4.151458263397217,
        4.152436256408691,
        4.145570278167725,
        4.144613265991211,
        4.150672912597656,
        4.1613616943359375,
        4.143166542053223,
        4.150548458099365,
        4.140360355377197,
        4.147340297698975,
        4.142497539520264,
        4.142345428466797,
        4.140117168426514,
        4.143707752227783,
        4.145074844360352,
        4.140545845031738,
        4.138892650604248,
        4.139267444610596,
        4.152443885803223,
        4.144870281219482,
        4.143752574920654,
        4.101441383361816,
        4.107861518859863,
        4.103405475616455,
        4.098390102386475,
        4.097970485687256,
        4.0982441902160645,
        4.100330352783203,
        4.099302768707275,
        4.100978374481201,
        4.101151943206787,
        4.098898887634277,
        4.099277496337891,
        4.100710391998291,
        4.100893974304199,
        4.097741603851318,
        4.098997592926025,
        4.098458290100098,
        4.096925258636475,
        4.10034704208374,
        4.099356174468994,
        4.09728479385376,
        4.097729682922363,
        4.098559856414795,
        4.096000671386719,
        4.096807956695557,
        4.098377704620361,
        4.09992790222168,
        4.101949691772461,
        4.097991466522217,
        4.098776817321777,
        4.109675407409668,
        4.100099086761475,
        4.097208023071289,
        4.097202301025391,
        4.094637870788574,
        4.102853775024414,
        4.0963664054870605,
        4.095104694366455,
        4.094695568084717,
        4.103241443634033,
        4.097869396209717,
        4.095661640167236,
        4.096365451812744,
        4.096118450164795,
        4.096163272857666,
        4.095076560974121,
        4.094152450561523,
        4.09658670425415,
        4.095462799072266,
        4.093987941741943,
        4.093534469604492,
        4.084527015686035,
        4.083527088165283,
        4.084074974060059,
        4.083302974700928,
        4.084803104400635,
        4.083165645599365,
        4.083718776702881,
        4.0830607414245605,
        4.083756446838379,
        4.083354949951172,
        4.085340976715088,
        4.084568023681641,
        4.083292484283447,
        4.083282947540283,
        4.083921909332275,
        4.083847999572754,
        4.08366584777832,
        4.083066940307617,
        4.083222389221191,
        4.083808898925781,
        4.0833659172058105,
        4.083009243011475,
        4.084191799163818,
        4.083670616149902,
        4.085165023803711,
        4.0828447341918945,
        4.083445072174072,
        4.0832366943359375,
        4.083096504211426,
        4.082746982574463,
        4.0836615562438965,
        4.082810878753662,
        4.082076549530029,
        4.08277702331543,
        4.082138538360596,
        4.0829033851623535,
        4.08241605758667,
        4.08329963684082,
        4.083205223083496,
        4.083220481872559,
        4.0825324058532715,
        4.082435131072998,
        4.0823774337768555,
        4.083178520202637,
        4.082274436950684,
        4.082236289978027,
        4.082721710205078,
        4.08305025100708,
        4.082155227661133,
        4.082032203674316,
        4.083248615264893,
        4.082605838775635,
        4.082617282867432,
        4.079995632171631,
        4.079444885253906,
        4.079402446746826,
        4.079557418823242,
        4.079344749450684,
        4.0793304443359375,
        4.079309463500977,
        4.079625129699707,
        4.079509735107422,
        4.079466342926025
    ],