{
    "run_n":6,
    "run_seed":0,
    "ndims":16,
    "nsamples":100000,
    "correlation":"corr",
    "nbijectors":5,
    "bijector":"MAFN",
    "spline_knots":8,
    "range_min":-16,
    "hidden_layers":"256-256-256",
    "batch_size":512,
    "activation":"relu",
    "eps_regulariser":0,
    "regulariser":null,
    "dist_seed":0,
    "test_seed":0,
    "kl_divergence":-1,
    "ks_test_mean":0.37522412079488243,
    "ks_test_median":0.43577382786580154,
    "ad_test_mean":0.18227482393567596,
    "ad_test_median":0.1590047175486262,
    "Wasserstein_median":0.02406299199286848,
    "Wasserstein_mean":0.02406299199286848,
    "frob_norm":0.1598552520350014,
    "epochs_input":1000,
    "epochs_output":94,
    "time":246.51908158045262,
    "train_loss_history":[
        22.610597610473633,
        21.18012046813965,
        20.295656204223633,
        20.03343391418457,
        19.888202667236328,
        19.70827865600586,
        19.713842391967773,
        19.61186408996582,
        19.431774139404297,
        19.373138427734375,
        19.293424606323242,
        19.219436645507812,
        19.200414657592773,
        19.162260055541992,
        19.162015914916992,
        19.10477066040039,
        19.14607810974121,
        19.071998596191406,
        19.043180465698242,
        19.023759841918945,
        19.006328582763672,
        18.991443634033203,
        18.977184295654297,
        18.960756301879883,
        18.918743133544922,
        18.88058853149414,
        18.898752212524414,
        18.85489273071289,
        18.851831436157227,
        18.80529022216797,
        18.79286003112793,
        18.805313110351562,
        18.928722381591797,
        18.83197593688965,
        18.766399383544922,
        18.746936798095703,
        18.721385955810547,
        18.70796775817871,
        18.679975509643555,
        18.684541702270508,
        18.643627166748047,
        18.6425838470459,
        18.65267562866211,
        18.61595916748047,
        18.62963104248047,
        18.60569953918457,
        18.5759220123291,
        18.579856872558594,
        18.559795379638672,
        18.55984115600586,
        18.585439682006836,
        18.573434829711914,
        18.518815994262695,
        18.509353637695312,
        18.497163772583008,
        18.58201026916504,
        18.518756866455078,
        18.46661376953125,
        18.478532791137695,
        18.490352630615234,
        18.43666648864746,
        18.440011978149414,
        18.42129898071289,
        18.41900634765625,
        NaN,
        NaN,
        NaN,
        NaN,
        NaN,
        NaN,
        NaN,
        NaN,
        NaN,
        NaN,
        NaN,
        NaN,
        NaN,
        NaN,
        NaN,
        NaN,
        NaN,
        NaN,
        NaN,
        NaN,
        NaN,
        NaN,
        NaN,
        NaN,
        NaN,
        NaN,
        NaN,
        NaN,
        NaN,
        NaN
    ],
    "val_loss_history":[
        21.69656753540039,
        20.56072235107422,
        20.129629135131836,
        19.957115173339844,
        19.87359046936035,
        19.711137771606445,
        19.761646270751953,
        19.537609100341797,
        19.40183448791504,
        19.507156372070312,
        19.280675888061523,
        19.232030868530273,
        19.333965301513672,
        19.54172706604004,
        19.192033767700195,
        19.334739685058594,
        19.19080924987793,
        19.15266990661621,
        19.169530868530273,
        19.172649383544922,
        19.108592987060547,
        19.16452980041504,
        19.29634666442871,
        19.069299697875977,
        19.06085968017578,
        19.05258560180664,
        19.171201705932617,
        19.012582778930664,
        19.032733917236328,
        19.1373348236084,
        19.03119659423828,
        19.03359031677246,
        19.186548233032227,
        18.999330520629883,
        19.121807098388672,
        21.075164794921875,
        19.01573944091797,
        19.11295509338379,
        19.001453399658203,
        19.015459060668945,
        18.999839782714844,
        19.21426010131836,
        72.026123046875,
        19.921274185180664,
        19.03898048400879,
        3.6530484558247396e+28,
        1.5794738660128403e+32,
        4945920512.0,
        20.373613357543945,
        54553.96875,
        19.135974884033203,
        706.2709350585938,
        8360186368.0,
        12842854.0,
        Infinity,
        Infinity,
        2.1842099930553878e+32,
        Infinity,
        Infinity,
        Infinity,
        Infinity,
        Infinity,
        Infinity,
        1176874778624.0,
        NaN,
        NaN,
        NaN,
        NaN,
        NaN,
        NaN,
        NaN,
        NaN,
        NaN,
        NaN,
        NaN,
        NaN,
        NaN,
        NaN,
        NaN,
        NaN,
        NaN,
        NaN,
        NaN,
        NaN,
        NaN,
        NaN,
        NaN,
        NaN,
        NaN,
        NaN,
        NaN,
        NaN,
        NaN,
        NaN
    ],
    "best_train_loss":[],
    "best_val_loss":NaN,
    "best_epoch":[]
}