{
    "run_n":31,
    "run_seed":0,
    "ndims":400,
    "nsamples":100000,
    "correlation":"corr",
    "nbijectors":10,
    "bijector":"RealNVPN",
    "spline_knots":8,
    "range_min":-5,
    "hidden_layers":"128-128-128",
    "batch_size":256,
    "activation":"relu",
    "eps_regulariser":0,
    "regulariser":null,
    "dist_seed":0,
    "test_seed":0,
    "kl_divergence":-1,
    "ks_test_mean":0.009180772273241426,
    "ks_test_median":4.71166371078206e-14,
    "ad_test_mean":0.0010000000000000002,
    "ad_test_median":0.0054408461588771155,
    "Wasserstein_median":0.6348577933110371,
    "Wasserstein_mean":0.6348577933110371,
    "frob_norm":3.3019384531687104,
    "epochs_input":1000,
    "epochs_output":217,
    "time":2233.175117059145,
    "train_loss_history":[
        477194.34375,
        949.0883178710938,
        888.7032470703125,
        867.069091796875,
        856.3216552734375,
        850.7306518554688,
        847.2252197265625,
        844.8829345703125,
        843.0674438476562,
        841.2849731445312,
        839.59130859375,
        838.4111328125,
        837.4805908203125,
        836.546630859375,
        835.79736328125,
        835.1506958007812,
        834.44482421875,
        833.866943359375,
        833.233642578125,
        832.5966796875,
        831.8804321289062,
        831.243408203125,
        830.6141357421875,
        829.9684448242188,
        829.3221435546875,
        828.68994140625,
        828.1253662109375,
        827.6197509765625,
        827.1343383789062,
        826.6090698242188,
        826.1572875976562,
        825.6968994140625,
        825.3025512695312,
        824.9502563476562,
        824.5807495117188,
        824.2164306640625,
        823.8460083007812,
        823.4710693359375,
        823.1608276367188,
        822.8158569335938,
        822.6907958984375,
        822.3172607421875,
        822.090576171875,
        821.8642578125,
        821.6668701171875,
        821.4412231445312,
        821.076904296875,
        821.1284790039062,
        820.8107299804688,
        820.947509765625,
        820.6205444335938,
        820.658935546875,
        820.0361328125,
        820.01025390625,
        819.9083862304688,
        819.8522338867188,
        819.5057373046875,
        819.9285278320312,
        819.1181640625,
        819.1876220703125,
        818.7378540039062,
        818.7896728515625,
        818.4066772460938,
        818.38232421875,
        818.1636352539062,
        818.27734375,
        817.9049682617188,
        818.128662109375,
        817.66552734375,
        817.2691040039062,
        816.9010009765625,
        816.6111450195312,
        817.9618530273438,
        816.5109252929688,
        816.04638671875,
        815.920654296875,
        817.1416625976562,
        815.6254272460938,
        817.6763305664062,
        815.52783203125,
        816.915771484375,
        817.3175048828125,
        815.10791015625,
        814.7979736328125,
        814.7581176757812,
        814.2874145507812,
        814.2276000976562,
        813.7954711914062,
        813.8346557617188,
        813.5098266601562,
        815.109375,
        813.3990478515625,
        813.0369262695312,
        812.8958740234375,
        817.05126953125,
        813.1851806640625,
        822.8367309570312,
        817.3519287109375,
        815.4421997070312,
        814.95556640625,
        814.0157470703125,
        813.5719604492188,
        813.844970703125,
        812.702880859375,
        812.2576293945312,
        811.9271850585938,
        811.9855346679688,
        811.3895263671875,
        810.8580932617188,
        810.6361083984375,
        810.3209228515625,
        810.4072265625,
        809.7422485351562,
        809.8557739257812,
        809.5372314453125,
        809.0888061523438,
        810.8619995117188,
        809.1268920898438,
        808.2748413085938,
        808.0343017578125,
        808.5673217773438,
        809.0499877929688,
        808.6792602539062,
        807.558349609375,
        807.5255126953125,
        807.010009765625,
        806.9080200195312,
        806.5992431640625,
        806.5264282226562,
        806.1755981445312,
        806.0183715820312,
        806.5059204101562,
        806.1304321289062,
        805.771728515625,
        806.24853515625,
        807.4774780273438,
        805.7250366210938,
        805.5393676757812,
        805.2775268554688,
        805.240966796875,
        804.7905883789062,
        804.4619750976562,
        804.9857788085938,
        806.2789916992188,
        804.6488037109375,
        804.3158569335938,
        805.2042236328125,
        805.7548217773438,
        804.4141845703125,
        804.411865234375,
        803.7409057617188,
        803.4019165039062,
        803.475830078125,
        803.1629638671875,
        804.5137329101562,
        803.8804931640625,
        804.1631469726562,
        803.54541015625,
        803.0659790039062,
        802.8133544921875,
        802.7819213867188,
        802.7155151367188,
        802.6620483398438,
        802.6832885742188,
        802.4661254882812,
        802.3760986328125,
        802.5702514648438,
        802.6552734375,
        802.4510498046875,
        803.9505004882812,
        803.4728393554688,
        802.7305297851562,
        802.044921875,
        803.0208740234375,
        803.8477172851562,
        802.1966552734375,
        801.9747314453125,
        801.9341430664062,
        802.046875,
        802.5259399414062,
        801.7861328125,
        801.5484619140625,
        801.5989379882812,
        801.44677734375,
        801.8239135742188,
        801.4486083984375,
        801.6427612304688,
        802.6809692382812,
        801.2113037109375,
        801.4201049804688,
        801.715087890625,
        802.0536499023438,
        801.2742309570312,
        801.0399169921875,
        801.0096435546875,
        800.9396362304688,
        806.7031860351562,
        803.159423828125,
        801.5011596679688,
        801.0096435546875,
        800.7696533203125,
        800.3602294921875,
        800.5775756835938,
        801.643798828125,
        800.969482421875,
        801.0925903320312,
        800.4845581054688,
        798.996826171875,
        798.6110229492188,
        798.4407348632812,
        798.3294067382812,
        798.2062377929688,
        798.0993041992188,
        798.033203125,
        797.9498901367188,
        797.89453125,
        797.816162109375
    ],