{
    "run_n":27,
    "run_seed":0,
    "ndims":200,
    "nsamples":100000,
    "correlation":"corr",
    "nbijectors":10,
    "bijector":"RealNVPN",
    "spline_knots":8,
    "range_min":-5,
    "hidden_layers":"128-128-128",
    "batch_size":256,
    "activation":"relu",
    "eps_regulariser":0,
    "regulariser":null,
    "dist_seed":0,
    "test_seed":0,
    "kl_divergence":-1,
    "ks_test_mean":0.3624822410362941,
    "ks_test_median":0.39907471833197083,
    "ad_test_mean":0.19446854201954542,
    "ad_test_median":0.1686390550735295,
    "Wasserstein_median":0.041051421300586644,
    "Wasserstein_mean":0.041051421300586644,
    "frob_norm":2.2885353426360906,
    "epochs_input":1000,
    "epochs_output":239,
    "time":2761.962029209826,
    "train_loss_history":[
        84185.1015625,
        322.47137451171875,
        212.61477661132812,
        187.43869018554688,
        173.26516723632812,
        164.73178100585938,
        158.8907470703125,
        154.30679321289062,
        150.55471801757812,
        147.34603881835938,
        144.54574584960938,
        141.9610137939453,
        139.9600067138672,
        138.17987060546875,
        136.36163330078125,
        134.7557373046875,
        133.2688446044922,
        131.9295654296875,
        130.65093994140625,
        129.35220336914062,
        128.1190948486328,
        126.950927734375,
        125.83951568603516,
        124.68771362304688,
        123.50521087646484,
        122.55025482177734,
        121.60841369628906,
        120.2503890991211,
        119.3750991821289,
        118.31478881835938,
        117.30902099609375,
        116.18138885498047,
        115.03639221191406,
        114.19965362548828,
        113.3197250366211,
        112.6156005859375,
        111.33700561523438,
        110.30095672607422,
        109.6558609008789,
        108.77236938476562,
        107.72811126708984,
        107.0000228881836,
        106.49817657470703,
        105.52373504638672,
        104.85244750976562,
        104.18522644042969,
        103.60357666015625,
        103.13798522949219,
        102.15299987792969,
        102.30094146728516,
        101.36579895019531,
        100.9024429321289,
        100.39454650878906,
        100.06517028808594,
        99.76876068115234,
        99.34973907470703,
        99.08191680908203,
        98.80451965332031,
        98.30806732177734,
        98.43486785888672,
        98.27111053466797,
        97.30342864990234,
        97.19218444824219,
        96.75582885742188,
        96.58285522460938,
        96.2969970703125,
        170.0253448486328,
        108.0995864868164,
        101.74552917480469,
        99.10661315917969,
        97.51432800292969,
        96.56930541992188,
        95.68292236328125,
        94.99364471435547,
        94.6894760131836,
        94.25980377197266,
        93.97489929199219,
        93.88617706298828,
        93.3723373413086,
        93.23899841308594,
        92.87664031982422,
        93.05606079101562,
        92.83686065673828,
        91.96346282958984,
        92.60396575927734,
        91.88369750976562,
        91.90314483642578,
        91.49568939208984,
        91.56095886230469,
        90.89566802978516,
        90.98370361328125,
        91.18574523925781,
        90.67491912841797,
        90.4124755859375,
        183.31442260742188,
        106.68582916259766,
        98.28704833984375,
        96.66596984863281,
        94.51956939697266,
        93.59133911132812,
        92.80339813232422,
        92.61446380615234,
        92.21107482910156,
        91.93426513671875,
        91.93486785888672,
        91.3591537475586,
        91.02558135986328,
        91.00968933105469,
        90.78108978271484,
        90.48560333251953,
        90.94625854492188,
        90.50094604492188,
        90.40431213378906,
        90.5857925415039,
        90.10340881347656,
        90.27886199951172,
        90.04385375976562,
        89.88196563720703,
        89.63089752197266,
        89.54287719726562,
        89.85924530029297,
        89.37525177001953,
        89.4478530883789,
        90.16773223876953,
        89.00263214111328,
        89.78352355957031,
        88.96760559082031,
        88.69999694824219,
        88.7586441040039,
        88.75658416748047,
        88.58570861816406,
        88.62642669677734,
        88.50753784179688,
        88.337646484375,
        88.6313705444336,
        88.13626098632812,
        88.2113265991211,
        87.98477935791016,
        88.3048324584961,
        87.80156707763672,
        88.05194091796875,
        87.95050811767578,
        87.978515625,
        87.80292510986328,
        87.9202880859375,
        87.58668518066406,
        87.64315795898438,
        199.5093994140625,
        102.1322021484375,
        96.43460845947266,
        94.04016876220703,
        92.76262664794922,
        91.89563751220703,
        91.30430603027344,
        90.85482025146484,
        90.46165466308594,
        90.06404113769531,
        89.87848663330078,
        89.82992553710938,
        89.27970886230469,
        89.42801666259766,
        89.0670394897461,
        89.18973541259766,
        89.1154556274414,
        88.81859588623047,
        88.65544891357422,
        88.96260070800781,
        88.72193908691406,
        88.5538101196289,
        88.60688018798828,
        88.68571472167969,
        88.54039001464844,
        88.2135238647461,
        88.55870056152344,
        88.16374969482422,
        88.2001724243164,
        88.16279602050781,
        88.36882019042969,
        88.16476440429688,
        87.98904418945312,
        88.3931884765625,
        87.88544464111328,
        87.861572265625,
        150.6464080810547,
        105.70358276367188,
        96.3083267211914,
        93.6763687133789,
        92.3988037109375,
        91.37259674072266,
        90.98963928222656,
        90.54639434814453,
        90.36138916015625,
        90.07638549804688,
        90.04257202148438,
        89.97896575927734,
        89.64292907714844,
        89.32355499267578,
        89.42548370361328,
        89.32681274414062,
        89.3609390258789,
        88.96075439453125,
        89.17684173583984,
        88.6849594116211,
        418.5208435058594,
        100.81302642822266,
        96.63155364990234,
        94.47380828857422,
        93.31209564208984,
        92.52294921875,
        91.76353454589844,
        91.78777313232422,
        91.30960845947266,
        90.66568756103516,
        90.22986602783203,
        89.99008178710938,
        89.6042251586914,
        89.46601104736328,
        89.1265869140625,
        89.38200378417969,
        88.85829162597656,
        102.34861755371094,
        115.56888580322266,
        93.88632202148438,
        91.85725402832031,
        91.10411071777344,
        91.59312438964844,
        90.90853118896484,
        89.911865234375,
        89.68289947509766,
        88.11638641357422,
        87.95469665527344,
        87.91268920898438,
        87.77548217773438,
        87.75308227539062,
        87.60431671142578,
        87.52519989013672,
        87.46858215332031,
        87.32535552978516,
        87.2750473022461
    ],