{
    "run_n":3,
    "run_seed":0,
    "ndims":4,
    "nsamples":100000,
    "correlation":"corr",
    "nbijectors":2,
    "bijector":"MsplineN",
    "spline_knots":12,
    "range_min":-16,
    "hidden_layers":"128-128-128",
    "batch_size":512,
    "activation":"relu",
    "eps_regulariser":0,
    "regulariser":null,
    "dist_seed":0,
    "test_seed":0,
    "kl_divergence":-1,
    "ks_test_mean":0.47715330269986744,
    "ks_test_median":0.47676283816685416,
    "ad_test_mean":0.2187966958132766,
    "ad_test_median":0.21317700395930084,
    "Wasserstein_median":0.025960212910977817,
    "Wasserstein_mean":0.025960212910977817,
    "frob_norm":0.012226298427858216,
    "epochs_input":1000,
    "epochs_output":330,
    "time":1752.661989740096,
    "train_loss_history":[
        10.145814895629883,
        3.599396228790283,
        3.0025744438171387,
        2.8973751068115234,
        2.823943614959717,
        2.791762113571167,
        2.7318320274353027,
        2.703732490539551,
        2.6448824405670166,
        2.620734691619873,
        2.61700439453125,
        2.5869367122650146,
        2.583759069442749,
        2.5399606227874756,
        2.5516881942749023,
        2.535184144973755,
        2.513646125793457,
        2.4917690753936768,
        2.5079827308654785,
        2.5166642665863037,
        2.495954751968384,
        2.4759902954101562,
        2.4894187450408936,
        2.4653007984161377,
        2.4752326011657715,
        2.4943926334381104,
        2.4534366130828857,
        2.4725728034973145,
        2.4743337631225586,
        2.464677333831787,
        2.464791774749756,
        2.4673144817352295,
        2.4823081493377686,
        2.4551949501037598,
        2.4445629119873047,
        2.474905252456665,
        2.453843355178833,
        2.458875894546509,
        2.4460031986236572,
        2.4387755393981934,
        2.4563183784484863,
        2.4459755420684814,
        2.451080322265625,
        2.440997838973999,
        2.4413540363311768,
        2.4499502182006836,
        2.4468016624450684,
        2.4505043029785156,
        2.4214837551116943,
        2.446617841720581,
        2.4428250789642334,
        2.4322662353515625,
        2.433626413345337,
        2.4243552684783936,
        2.4569027423858643,
        2.437011480331421,
        2.4428467750549316,
        2.4371602535247803,
        2.417634963989258,
        2.448514699935913,
        2.43105149269104,
        2.411048173904419,
        2.4173424243927,
        2.4271411895751953,
        2.4266579151153564,
        2.4260385036468506,
        2.423771619796753,
        2.422321319580078,
        2.4289844036102295,
        2.426870584487915,
        2.418764591217041,
        2.425095558166504,
        2.4203717708587646,
        2.4165072441101074,
        2.409627676010132,
        2.4297590255737305,
        2.410588502883911,
        2.4194629192352295,
        2.409345865249634,
        2.423647165298462,
        2.4074995517730713,
        2.4191219806671143,
        2.411062717437744,
        2.419135808944702,
        2.414088487625122,
        2.409111738204956,
        2.4039173126220703,
        2.4217419624328613,
        2.402182102203369,
        2.406188726425171,
        2.410804510116577,
        2.4052369594573975,
        2.4156694412231445,
        2.4179775714874268,
        2.4037413597106934,
        2.4114232063293457,
        2.403001546859741,
        2.406859874725342,
        2.3993241786956787,
        2.409017324447632,
        2.416783332824707,
        2.3995001316070557,
        2.4053478240966797,
        2.4004738330841064,
        2.403811454772949,
        2.399691104888916,
        2.4007222652435303,
        2.398348331451416,
        2.400547742843628,
        2.4080514907836914,
        2.398942708969116,
        2.3989319801330566,
        2.403472900390625,
        2.3969929218292236,
        2.400300979614258,
        2.4010963439941406,
        2.396369457244873,
        2.4029197692871094,
        2.398571729660034,
        2.3991918563842773,
        2.3921449184417725,
        2.4005050659179688,
        2.3973989486694336,
        2.396097421646118,
        2.3986032009124756,
        2.390501022338867,
        2.3963372707366943,
        2.3966031074523926,
        2.3990960121154785,
        2.392859935760498,
        2.3989124298095703,
        2.4014534950256348,
        2.398263454437256,
        2.389766216278076,
        2.391040325164795,
        2.40264630317688,
        2.392737627029419,
        2.3928263187408447,
        2.3982977867126465,
        2.3843367099761963,
        2.3847014904022217,
        2.3954761028289795,
        2.38981294631958,
        2.392747402191162,
        2.384060859680176,
        2.392254114151001,
        2.3857648372650146,
        2.392789840698242,
        2.387030601501465,
        2.385640859603882,
        2.3933980464935303,
        2.385305166244507,
        2.3913238048553467,
        2.3977067470550537,
        2.3895490169525146,
        2.3888916969299316,
        2.389434337615967,
        2.385739803314209,
        2.387028455734253,
        2.3884007930755615,
        2.3848776817321777,
        2.385982036590576,
        2.3868672847747803,
        2.382429838180542,
        2.3921008110046387,
        2.3837907314300537,
        2.384845018386841,
        2.3880562782287598,
        2.391202449798584,
        2.3872580528259277,
        2.3860044479370117,
        2.3897147178649902,
        2.387725353240967,
        2.387338876724243,
        2.390413284301758,
        2.3847243785858154,
        2.383026599884033,
        2.3875434398651123,
        2.3814568519592285,
        2.3840067386627197,
        2.3857388496398926,
        2.381507158279419,
        2.391322612762451,
        2.380053758621216,
        2.38104510307312,
        2.394653081893921,
        2.385080575942993,
        2.3873119354248047,
        2.384122610092163,
        2.3770437240600586,
        2.3857431411743164,
        2.38554048538208,
        2.3784639835357666,
        2.3798789978027344,
        2.379673719406128,
        2.3840982913970947,
        2.3774378299713135,
        2.377328872680664,
        2.384340524673462,
        2.3829360008239746,
        2.3798625469207764,
        2.3795204162597656,
        2.3898420333862305,
        2.3820667266845703,
        2.3776450157165527,
        2.384028673171997,
        2.3788201808929443,
        2.3798880577087402,
        2.3777692317962646,
        2.388019561767578,
        2.383265256881714,
        2.378992795944214,
        2.3749544620513916,
        2.3754656314849854,
        2.3723104000091553,
        2.3787577152252197,
        2.376713275909424,
        2.375209331512451,
        2.3825342655181885,
        2.375734329223633,
        2.38025164604187,
        2.388432264328003,
        2.373539447784424,
        2.381836414337158,
        2.3829643726348877,
        2.3772549629211426,
        2.3738605976104736,
        2.3745532035827637,
        2.382005214691162,
        2.377664804458618,
        2.3816676139831543,
        2.3743700981140137,
        2.3757505416870117,
        2.378781795501709,
        2.3769948482513428,
        2.3793084621429443,
        2.3792877197265625,
        2.3770182132720947,
        2.37329363822937,
        2.372695207595825,
        2.3749728202819824,
        2.3758628368377686,
        2.378887891769409,
        2.375840425491333,
        2.3750686645507812,
        2.3794829845428467,
        2.3743577003479004,
        2.378603219985962,
        2.3728253841400146,
        2.375302314758301,
        2.3698198795318604,
        2.3769378662109375,
        2.370713710784912,
        2.374363422393799,
        2.3718154430389404,
        2.3722667694091797,
        2.372469425201416,
        2.373945951461792,
        2.377542018890381,
        2.3715856075286865,
        2.3714771270751953,
        2.3728597164154053,
