{
    "run_n":5,
    "run_seed":520,
    "ndims":32,
    "nsamples":100000,
    "correlation":"corr",
    "nbijectors":5,
    "bijector":"RealNVPN",
    "spline_knots":8,
    "range_min":-5,
    "hidden_layers":"128-128-128",
    "batch_size":256,
    "activation":"relu",
    "eps_regulariser":0,
    "regulariser":null,
    "dist_seed":0,
    "test_seed":0,
    "ks_mean":0.14396387397766142,
    "ks_std":0.202287486284345,
    "ad_mean":0.09077036876549559,
    "ad_std":0.10075096247128781,
    "wd_mean":0.06675211899606508,
    "wd_std":0.030753827305061925,
    "swd_mean":0.06675727903187004,
    "swd_std":0.029479353120463618,
    "fn_mean":0.5922433733548678,
    "fn_std":0.0669450467083516,
    "epochs_input":1000,
    "epochs_output":276,
    "time":1877.405598438345,
    "train_loss_history":[
        102.08053588867188,
        34.361507415771484,
        30.411996841430664,
        28.178829193115234,
        26.719406127929688,
        25.88826560974121,
        25.187175750732422,
        24.58053207397461,
        24.326616287231445,
        23.690515518188477,
        23.450883865356445,
        23.141944885253906,
        22.886362075805664,
        22.86179542541504,
        21.89139747619629,
        21.93389129638672,
        21.8543701171875,
        21.56979751586914,
        21.45529556274414,
        21.110076904296875,
        21.396333694458008,
        20.89068031311035,
        20.54593849182129,
        20.594058990478516,
        20.343141555786133,
        20.159740447998047,
        20.24854278564453,
        20.135141372680664,
        20.388761520385742,
        19.663122177124023,
        19.60023307800293,
        19.42054557800293,
        19.022499084472656,
        19.06623077392578,
        19.222169876098633,
        18.958498001098633,
        18.90022087097168,
        18.82246971130371,
        18.56972885131836,
        18.49301528930664,
        18.386600494384766,
        18.481586456298828,
        18.199514389038086,
        18.301544189453125,
        18.007055282592773,
        17.995080947875977,
        17.936065673828125,
        17.86490821838379,
        17.883037567138672,
        17.80381965637207,
        17.768701553344727,
        17.71140480041504,
        17.732358932495117,
        17.550825119018555,
        17.546030044555664,
        17.44182586669922,
        17.514705657958984,
        17.48932456970215,
        17.428241729736328,
        17.33935546875,
        17.30323600769043,
        17.363168716430664,
        17.219783782958984,
        17.186716079711914,
        17.112764358520508,
        17.114728927612305,
        17.18270492553711,
        17.015975952148438,
        17.016332626342773,
        16.991275787353516,
        16.994518280029297,
        16.94896697998047,
        16.980241775512695,
        16.918292999267578,
        16.95913314819336,
        16.8339786529541,
        16.834800720214844,
        16.770963668823242,
        16.694150924682617,
        16.7368221282959,
        16.731182098388672,
        16.674985885620117,
        16.73885154724121,
        16.735767364501953,
        16.621124267578125,
        16.590639114379883,
        16.664026260375977,
        16.510822296142578,
        16.548934936523438,
        16.54744529724121,
        16.550371170043945,
        16.59724235534668,
        16.527379989624023,
        16.5384578704834,
        16.502470016479492,
        16.432064056396484,
        16.516586303710938,
        16.39621353149414,
        16.471996307373047,
        16.36466407775879,
        16.402437210083008,
        16.3343563079834,
        16.32823944091797,
        16.299997329711914,
        16.347684860229492,
        16.315330505371094,
        16.34623146057129,
        16.261966705322266,
        16.234439849853516,
        16.241594314575195,
        16.274965286254883,
        16.19801902770996,
        16.24553871154785,
        16.187843322753906,
        16.14254379272461,
        16.257959365844727,
        16.26849365234375,
        16.219541549682617,
        16.06999969482422,
        16.173120498657227,
        16.1866397857666,
        16.169036865234375,
        16.100610733032227,
        16.084707260131836,
        16.16120719909668,
        16.112348556518555,
        16.072805404663086,
        16.03350830078125,
        16.01987075805664,
        16.02228546142578,
        16.00955581665039,
        16.096424102783203,
        16.01443862915039,
        16.085947036743164,
        15.979244232177734,
        15.981319427490234,
        15.932661056518555,
        16.04916763305664,
        15.948931694030762,
        15.894430160522461,
        15.871892929077148,
        16.095401763916016,
        15.970762252807617,
        15.944496154785156,
        15.848238945007324,
        15.885246276855469,
        15.898673057556152,
        15.93549633026123,
        15.867856979370117,
        15.873516082763672,
        15.83299446105957,
        15.845935821533203,
        15.830716133117676,
        16.062631607055664,
        15.844468116760254,
        15.911049842834473,
        15.8640718460083,
        15.755126953125,
        15.822457313537598,
        15.763715744018555,
        15.787776947021484,
        15.709553718566895,
        15.784587860107422,
        15.806296348571777,
        15.780797958374023,
        15.714771270751953,
        15.716158866882324,
        15.81279468536377,
        15.666230201721191,
        15.664989471435547,
        15.701927185058594,
        15.714832305908203,
        15.609292984008789,
        15.709308624267578,
        15.900471687316895,
        15.67721939086914,
        15.736599922180176,
        15.678535461425781,
        15.610944747924805,
        15.621391296386719,
        15.58005142211914,
        15.691564559936523,
        15.673090934753418,
        15.634306907653809,
        15.580657005310059,
        15.591052055358887,
        15.516901969909668,
        15.496203422546387,
        15.698494911193848,
        15.627969741821289,
        15.595442771911621,
        15.601637840270996,
        15.593582153320312,
        15.542200088500977,
        15.5123929977417,
        15.438973426818848,
        15.603732109069824,
        15.541338920593262,
        15.505855560302734,
        15.507806777954102,
        15.493966102600098,
        15.577177047729492,
        15.575699806213379,
        15.551965713500977,
        15.437225341796875,
        15.495241165161133,
        15.457937240600586,
        15.534485816955566,
        15.563136100769043,
        15.392090797424316,
        15.435796737670898,
        15.510059356689453,
        15.365877151489258,
        15.721678733825684,
        14.826190948486328,
        14.686847686767578,
        14.638314247131348,
        14.603560447692871,
        14.586374282836914,
        14.550714492797852,
        14.546655654907227,
        14.5172119140625,
        14.511884689331055,
        14.48430347442627,
        14.492305755615234,
        14.476945877075195,
        14.454051971435547,
        14.4572172164917,
        14.462201118469238,
        14.44119930267334,
        14.423379898071289,
        14.420687675476074,
        14.43899154663086,
        14.397566795349121,
        14.406998634338379,
        14.377768516540527,
        14.373359680175781,
        14.379463195800781,
        14.369884490966797,
        14.383160591125488,
        14.352325439453125,
        14.364447593688965,
        14.381903648376465,
        14.365861892700195,
        14.342971801757812,
        14.376747131347656,
        14.320389747619629,
        14.325714111328125,
        14.326377868652344,
        14.320651054382324,
        14.329214096069336,
        14.330011367797852,
        14.295049667358398,
        14.302569389343262,
        14.30241870880127,
        14.300312042236328,
        14.30794620513916,
        14.296218872070312,
        14.288533210754395,
