{
    "run_n":10,
    "run_seed":933,
    "ndims":8,
    "nsamples":100000,
    "correlation":"corr",
    "nbijectors":2,
    "bijector":"MsplineN",
    "spline_knots":12,
    "range_min":-16,
    "hidden_layers":"128-128-128",
    "batch_size":512,
    "activation":"relu",
    "eps_regulariser":0,
    "regulariser":null,
    "dist_seed":0,
    "test_seed":0,
    "kl_divergence":-1,
    "ks_test_mean":0.49922708244685765,
    "ks_test_median":0.4905938804973513,
    "ad_test_mean":0.2122307412010424,
    "ad_test_median":0.21522690441902176,
    "Wasserstein_median":0.04148167039032717,
    "Wasserstein_mean":0.04148167039032717,
    "frob_norm":0.06367138948727466,
    "epochs_input":1000,
    "epochs_output":312,
    "time":2044.5875614630058,
    "train_loss_history":[
        24.569467544555664,
        5.934237480163574,
        4.985478401184082,
        4.759573936462402,
        4.659938335418701,
        4.630984783172607,
        4.577799320220947,
        4.526503562927246,
        4.53959846496582,
        4.522516250610352,
        4.494387626647949,
        4.494446754455566,
        4.472832202911377,
        4.446224689483643,
        4.4410576820373535,
        4.449552536010742,
        4.447269439697266,
        4.445063591003418,
        4.41925048828125,
        4.428391933441162,
        4.438863277435303,
        4.41182804107666,
        4.397650718688965,
        4.39047908782959,
        4.391709804534912,
        4.37125825881958,
        4.39916467666626,
        4.357661247253418,
        4.355931758880615,
        4.359724044799805,
        4.34782600402832,
        4.34259557723999,
        4.343662738800049,
        4.33465576171875,
        4.337340354919434,
        4.3007707595825195,
        4.294164657592773,
        4.277158260345459,
        4.2754998207092285,
        4.237696647644043,
        4.272192001342773,
        4.238557815551758,
        4.247772693634033,
        4.254467964172363,
        4.252218246459961,
        4.238600254058838,
        4.220639228820801,
        4.231839179992676,
        4.228855133056641,
        4.209686756134033,
        4.228654384613037,
        4.209023952484131,
        4.18265438079834,
        4.193187713623047,
        4.26716947555542,
        4.225869178771973,
        4.1958794593811035,
        4.189426898956299,
        4.202292442321777,
        4.1757426261901855,
        4.183955192565918,
        4.198429107666016,
        4.1853928565979,
        4.191751956939697,
        4.182093143463135,
        4.185985088348389,
        4.1789937019348145,
        4.178666114807129,
        4.181868076324463,
        4.1784749031066895,
        4.173025131225586,
        4.181018352508545,
        4.18328332901001,
        4.1633148193359375,
        4.1618828773498535,
        4.1698760986328125,
        4.190049171447754,
        4.1680006980896,
        4.1978230476379395,
        4.1917500495910645,
        4.166368007659912,
        4.16099739074707,
        4.165174961090088,
        4.191450595855713,
        4.177260875701904,
        4.151587009429932,
        4.164198875427246,
        4.233595848083496,
        4.168938159942627,
        4.156817436218262,
        4.155148029327393,
        4.15730619430542,
        4.176767826080322,
        4.151255130767822,
        4.160027980804443,
        4.136042594909668,
        4.1507649421691895,
        4.148107051849365,
        4.150147438049316,
        4.152196884155273,
        4.153741836547852,
        4.138201713562012,
        4.1591901779174805,
        4.1399102210998535,
        4.166541576385498,
        4.1599602699279785,
        4.137630939483643,
        4.138848781585693,
        4.140749931335449,
        4.148601531982422,
        4.153774738311768,
        4.180356502532959,
        4.137526035308838,
        4.135764122009277,
        4.150503158569336,
        4.130899906158447,
        4.133755683898926,
        4.144123554229736,
        4.141170978546143,
        4.15018367767334,
        4.136371612548828,
        4.150584697723389,
        4.135690689086914,
        4.135346412658691,
        4.14179801940918,
        4.130613803863525,
        4.135220527648926,
        4.133984565734863,
        4.13760232925415,
        4.137433052062988,
        4.131988048553467,
        4.171541690826416,
        4.141232013702393,
        4.138120174407959,
        4.129350662231445,
        4.127165794372559,
        4.12701416015625,
        4.133331775665283,
        4.128757476806641,
        4.149066925048828,
        4.142236709594727,
        4.478677749633789,
        4.1676106452941895,
        4.151611328125,
        4.13759708404541,
        4.133725643157959,
        4.130862712860107,
        4.173282623291016,
        4.133572578430176,
        4.134637832641602,
        4.1231842041015625,
        4.12888765335083,
        4.128093242645264,
        4.136756420135498,
        4.122966289520264,
        4.126427173614502,
        4.120006084442139,
        4.140481472015381,
        4.128739356994629,
        4.1548752784729,
        4.12274694442749,
        4.119877338409424,
        4.128058910369873,
        4.116363525390625,
        4.116429805755615,
        4.132647514343262,
        4.125973701477051,
        4.142368793487549,
        4.135608673095703,
        4.121920108795166,
        4.127686977386475,
        4.129977226257324,
        4.127266883850098,
        4.137116432189941,
        4.118835926055908,
        4.112332344055176,
        4.121079444885254,
        4.112654685974121,
        4.119441032409668,
        4.126809597015381,
        4.133631706237793,
        4.117337703704834,
        4.14814567565918,
        4.123582363128662,
        4.112905979156494,
        4.111512660980225,
        4.118727684020996,
        4.147403717041016,
        4.154762268066406,
        4.1211442947387695,
        4.112391471862793,
        4.169848442077637,
        4.156055927276611,
        4.127782821655273,
        4.119613170623779,
        4.1194748878479,
        4.120429515838623,
        4.111796855926514,
        4.118725776672363,
        4.11100959777832,
        4.117788314819336,
        4.138197898864746,
        4.114476680755615,
        4.115435600280762,
        4.109001159667969,
        4.11605167388916,
        4.1228718757629395,
        4.114858627319336,
        4.112081527709961,
        4.102532863616943,
        4.111812591552734,
        4.12404727935791,
        4.110692501068115,
        4.119074821472168,
        4.125406265258789,
        4.112973690032959,
        4.110509872436523,
        4.108080863952637,
        4.111677169799805,
        4.105100154876709,
        4.106389999389648,
        4.107240200042725,
        4.106882572174072,
        4.110097885131836,
        4.111282825469971,
        4.108805179595947,
        4.109868049621582,
        4.1073479652404785,
        4.100976943969727,
        4.116553783416748,
        4.1072869300842285,
        4.130364894866943,
        4.112303256988525,
        4.120548725128174,
        4.101369857788086,
        4.105193138122559,
        4.102505207061768,
        4.1020188331604,
        4.113709449768066,
        4.099918365478516,
        4.1067280769348145,
        4.103034496307373,
        4.106454372406006,
        4.105307579040527,
        4.112130165100098,
        4.0999884605407715,
        4.102987766265869,
        4.070487022399902,
        4.065573215484619,
        4.066864967346191,
        4.066410064697266,
        4.064846038818359,
        4.065690517425537,
        4.066592693328857,
        4.064744472503662,
        4.069393634796143,
        4.066850662231445,
        4.0638909339904785,
        4.071683406829834,
        4.066500186920166,
        4.065124988555908,
        4.066097259521484,
        4.065535068511963,
        4.064672470092773,
        4.063940525054932,
        4.068047046661377,
        4.066831588745117,
