{
    "run_n":5,
    "run_seed":520,
    "ndims":4,
    "nsamples":100000,
    "correlation":"corr",
    "nbijectors":5,
    "bijector":"CsplineN",
    "spline_knots":8,
    "range_min":-16,
    "hidden_layers":"128-128-128",
    "batch_size":512,
    "activation":"relu",
    "eps_regulariser":0,
    "regulariser":null,
    "dist_seed":0,
    "test_seed":0,
    "kl_divergence":-1,
    "ks_test_mean":0.4844782361473632,
    "ks_test_median":0.47962577075914514,
    "ad_test_mean":0.2097790709031446,
    "ad_test_median":0.2121929946779751,
    "Wasserstein_median":0.018647442663728704,
    "Wasserstein_mean":0.018647442663728704,
    "frob_norm":0.008825967520634524,
    "epochs_input":1000,
    "epochs_output":276,
    "time":6287.2218499169685,
    "train_loss_history":[
        8.23017406463623,
        4.831875324249268,
        4.435716152191162,
        4.257558822631836,
        4.030923843383789,
        3.969935178756714,
        3.806863307952881,
        4.047983646392822,
        3.656543254852295,
        3.2718677520751953,
        3.2169549465179443,
        3.0210142135620117,
        3.3032217025756836,
        3.0385901927948,
        3.09468936920166,
        2.7692408561706543,
        2.759838342666626,
        2.6289727687835693,
        2.6313910484313965,
        2.603768825531006,
        2.56681489944458,
        2.584040880203247,
        2.5648610591888428,
        2.5540952682495117,
        2.5488011837005615,
        2.556708574295044,
        2.5181713104248047,
        2.5690789222717285,
        2.514993190765381,
        2.539923906326294,
        2.547056198120117,
        2.553359270095825,
        2.5264220237731934,
        2.513223886489868,
        2.4885103702545166,
        3.0661487579345703,
        2.592980146408081,
        2.5229568481445312,
        2.513981819152832,
        2.5231597423553467,
        2.5122740268707275,
        2.4949021339416504,
        2.482508659362793,
        2.491745948791504,
        2.4858994483947754,
        2.482544422149658,
        2.480093479156494,
        2.5031440258026123,
        2.4867420196533203,
        2.4857053756713867,
        2.4865221977233887,
        2.498180389404297,
        2.452357769012451,
        2.448364019393921,
        2.48106050491333,
        2.4748854637145996,
        2.459033489227295,
        2.4976065158843994,
        2.6193084716796875,
        2.4851837158203125,
        2.657475471496582,
        2.447660207748413,
        2.444631576538086,
        2.4544265270233154,
        2.4576988220214844,
        2.435110330581665,
        2.4503908157348633,
        2.4405925273895264,
        2.4532101154327393,
        2.4505670070648193,
        2.435032606124878,
        2.4572160243988037,
        2.4415371417999268,
        2.4568212032318115,
        2.4458510875701904,
        2.4506404399871826,
        2.438359260559082,
        2.4296815395355225,
        2.439694881439209,
        2.4227511882781982,
        2.4371719360351562,
        2.4429726600646973,
        2.434934616088867,
        2.437051773071289,
        2.460883140563965,
        2.4288535118103027,
        2.426136016845703,
        2.4312949180603027,
        2.4362244606018066,
        2.429795265197754,
        2.434807300567627,
        2.4461026191711426,
        2.431061029434204,
        2.4419546127319336,
        2.410963535308838,
        2.4107139110565186,
        2.4406635761260986,
        2.434784173965454,
        2.4183759689331055,
        2.4198436737060547,
        2.4281177520751953,
        2.4417848587036133,
        2.4181928634643555,
        2.4221065044403076,
        2.4372527599334717,
        2.416884183883667,
        2.440363883972168,
        2.4129104614257812,
        2.4296603202819824,
        2.4063303470611572,
        2.424429416656494,
        2.431023359298706,
        2.4078269004821777,
        2.42299747467041,
        2.4134364128112793,
        2.4448060989379883,
        2.4255387783050537,
        2.408567190170288,
        2.428670883178711,
        2.39569354057312,
        2.4159765243530273,
        2.4157347679138184,
        2.4153878688812256,
        2.410588502883911,
        2.4126460552215576,
        2.41072940826416,
        2.404139995574951,
        2.411367654800415,
        2.429621934890747,
        2.4062461853027344,
        2.404280185699463,
        2.42775297164917,
        2.411604642868042,
        2.400682210922241,
        2.422112464904785,
        2.415043354034424,
        2.4133901596069336,
        2.4146201610565186,
        2.4331111907958984,
        2.3993778228759766,
        2.4111008644104004,
        2.419147253036499,
        2.417825937271118,
        2.4111406803131104,
        2.4030308723449707,
        2.4120662212371826,
        2.4111108779907227,
        2.4070076942443848,
        2.414367198944092,
        2.400489091873169,
        2.3954885005950928,
        2.422576904296875,
        2.4153451919555664,
        2.400895833969116,
        2.412135362625122,
        2.398527145385742,
        2.396815538406372,
        2.439185380935669,
        2.4160308837890625,
        2.401987314224243,
        2.400123357772827,
        2.410707473754883,
        2.4014410972595215,
        2.4033470153808594,
        2.407508611679077,
        2.4047634601593018,
        2.3986728191375732,
        2.4019553661346436,
        2.4036874771118164,
        2.3979876041412354,
        2.3886606693267822,
        2.4076242446899414,
        2.4032959938049316,
        2.3984766006469727,
        2.396559238433838,
        2.402557373046875,
        2.3889262676239014,
        2.4118332862854004,
        2.412799596786499,
        2.3876023292541504,
        2.3968796730041504,
        2.396904945373535,
        2.392152786254883,
        2.3922815322875977,
        2.394798755645752,
        2.3923425674438477,
        2.4056339263916016,
        2.38922381401062,
        2.3863847255706787,
        2.413231611251831,
        2.411872148513794,
        2.3877828121185303,
        2.3908040523529053,
        2.3886382579803467,
        2.390385627746582,
        2.3921241760253906,
        2.395249605178833,
        2.3980627059936523,
        2.40230393409729,
        2.3879592418670654,
        2.394351005554199,
        2.388289451599121,
        2.391622304916382,
        2.3926796913146973,
        2.3951804637908936,
        2.3885271549224854,
        2.3953020572662354,
        2.393568754196167,
        2.4036898612976074,
        2.401676654815674,
        2.3827476501464844,
        2.356640100479126,
        2.351595401763916,
        2.351276397705078,
        2.35143780708313,
        2.352936029434204,
        2.352402687072754,
        2.351437568664551,
        2.3504838943481445,
        2.3511016368865967,
        2.351487636566162,
        2.3526556491851807,
        2.354175329208374,
        2.350872278213501,
        2.352893829345703,
        2.3529369831085205,
        2.352212905883789,
        2.3498401641845703,
        2.349682092666626,
        2.3502519130706787,
        2.3491923809051514,
        2.3520095348358154,
        2.351419687271118,
        2.3521625995635986,
        2.3511745929718018,
        2.3538148403167725,
        2.3498103618621826,
        2.3569419384002686,
        2.353574275970459,
        2.3508498668670654,
        2.3511745929718018,
        2.349665641784668,
        2.351304769515991,
        2.348299503326416,
        2.3548226356506348,
        2.355626344680786,
        2.3511812686920166,
        2.3506436347961426,
        2.3516459465026855,
        2.3493425846099854,
        2.350159168243408,
        2.3494560718536377,
        2.3474841117858887,
        2.350266218185425,
        2.3508434295654297,
        2.350423574447632,
        2.3532092571258545,
        2.349538564682007,
        2.3482985496520996,
        2.3519515991210938,
        2.354888439178467,
        2.3467464447021484,
