{
    "run_n":8,
    "run_seed":869,
    "ndims":200,
    "nsamples":100000,
    "correlation":"corr",
    "nbijectors":10,
    "bijector":"RealNVPN",
    "spline_knots":8,
    "range_min":-5,
    "hidden_layers":"128-128-128",
    "batch_size":256,
    "activation":"relu",
    "eps_regulariser":0,
    "regulariser":null,
    "dist_seed":0,
    "test_seed":0,
    "ks_mean":0.033315352835882425,
    "ks_std":0.09744564164653209,
    "ad_mean":0.02872858352273955,
    "ad_std":0.06154958564491689,
    "wd_mean":0.12307466837401611,
    "wd_std":0.05730886108451807,
    "swd_mean":0.1257277365925016,
    "swd_std":0.06439691649033977,
    "fn_mean":7.715813761321096,
    "fn_std":0.46215084926808925,
    "epochs_input":1000,
    "epochs_output":306,
    "time":3373.3897873329697,
    "train_loss_history":[
        76507.625,
        520.8294067382812,
        368.140625,
        313.4898986816406,
        283.1008605957031,
        261.7362976074219,
        246.09902954101562,
        233.9793701171875,
        223.7461395263672,
        214.34410095214844,
        206.35714721679688,
        199.91847229003906,
        194.22430419921875,
        188.73619079589844,
        183.5874786376953,
        178.97348022460938,
        174.98941040039062,
        171.2931365966797,
        167.6971435546875,
        164.57313537597656,
        161.4415740966797,
        158.61997985839844,
        155.89187622070312,
        153.128662109375,
        150.59544372558594,
        148.2371826171875,
        145.982177734375,
        143.9217987060547,
        141.75550842285156,
        139.73143005371094,
        138.00498962402344,
        136.25804138183594,
        134.35165405273438,
        132.690185546875,
        131.12574768066406,
        129.51953125,
        128.13072204589844,
        126.86479949951172,
        125.16297149658203,
        124.03314208984375,
        122.63518524169922,
        121.12875366210938,
        119.82430267333984,
        118.79653930664062,
        117.95983123779297,
        116.33057403564453,
        116.41687774658203,
        114.0941390991211,
        113.55914306640625,
        112.23091125488281,
        111.85721588134766,
        111.42144012451172,
        109.4971694946289,
        108.54947662353516,
        107.53936004638672,
        107.37934112548828,
        106.0705795288086,
        105.91059875488281,
        104.4639892578125,
        103.59324645996094,
        103.38475036621094,
        101.9791488647461,
        111.98774719238281,
        104.5553207397461,
        101.35491943359375,
        100.1331558227539,
        99.79817962646484,
        99.05460357666016,
        98.58873748779297,
        101.02357482910156,
        97.9744644165039,
        97.43545532226562,
        96.99632263183594,
        96.21442413330078,
        96.2217788696289,
        95.65164184570312,
        95.65641784667969,
        94.96673583984375,
        94.81814575195312,
        94.33195495605469,
        93.91252136230469,
        94.2387466430664,
        93.54547882080078,
        93.44673919677734,
        92.92717742919922,
        93.07473754882812,
        92.62338256835938,
        92.78041076660156,
        92.34098815917969,
        91.7784194946289,
        92.12479400634766,
        91.70728302001953,
        92.27595520019531,
        91.43199920654297,
        91.91707611083984,
        90.91150665283203,
        90.92245483398438,
        90.53450775146484,
        90.94081115722656,
        90.20802307128906,
        90.39576721191406,
        90.63241577148438,
        90.84198760986328,
        90.03467559814453,
        89.8878402709961,
        90.0759506225586,
        89.62102508544922,
        89.51954650878906,
        90.52560424804688,
        89.33332061767578,
        88.9905014038086,
        209.7191162109375,
        115.57303619384766,
        104.36002349853516,
        100.04269409179688,
        97.72117614746094,
        96.13089752197266,
        95.05139923095703,
        94.16958618164062,
        93.38925170898438,
        92.78190612792969,
        92.55078887939453,
        91.8902359008789,
        91.392578125,
        159.9326629638672,
        105.7000732421875,
        98.55393981933594,
        96.07470703125,
        94.49674224853516,
        93.58155059814453,
        92.65691375732422,
        92.25106048583984,
        91.90336608886719,
        91.417236328125,
        91.11470031738281,
        92.03532409667969,
        90.69794464111328,
        90.18670654296875,
        90.48619842529297,
        89.86003875732422,
        89.68260955810547,
        89.76509857177734,
        89.57948303222656,
        89.24575805664062,
        89.1453628540039,
        88.93878936767578,
        88.70755004882812,
        88.81809997558594,
        88.43762969970703,
        104.26551055908203,
        91.50341796875,
        89.444091796875,
        89.09082794189453,
        88.74693298339844,
        88.52810668945312,
        88.49358367919922,
        88.23905944824219,
        88.19760131835938,
        88.02766418457031,
        87.8985824584961,
        88.22834777832031,
        87.60724639892578,
        87.68424987792969,
        88.37207794189453,
        87.3296890258789,
        87.26869201660156,
        87.2967529296875,
        87.61882019042969,
        87.07792663574219,
        86.96812438964844,
        87.18174743652344,
        87.37757110595703,
        86.814453125,
        87.0123062133789,
        86.8168716430664,
        86.82694244384766,
        86.48789978027344,
        97.502197265625,
        87.75939178466797,
        86.67501068115234,
        86.48025512695312,
        86.42584228515625,
        86.5911636352539,
        86.58856964111328,
        86.22045135498047,
        86.39524841308594,
        86.33474731445312,
        86.10198211669922,
        86.12325286865234,
        86.29481506347656,
        85.86309051513672,
        85.98694610595703,
        85.80824279785156,
        86.1146469116211,
        85.65309143066406,
        85.9061050415039,
        85.82821655273438,
        85.92194366455078,
        85.73223876953125,
        85.7552719116211,
        85.73040008544922,
        85.32571411132812,
        85.63440704345703,
        85.43831634521484,
        85.5053939819336,
        85.30657958984375,
        85.44768524169922,
        85.2939682006836,
        85.13230895996094,
        85.56503295898438,
        85.14734649658203,
        85.00572204589844,
        85.20063018798828,
        85.01836395263672,
        84.86822509765625,
        85.10765075683594,
        84.946044921875,
        85.09011840820312,
        84.99488830566406,
        84.83615112304688,
        84.85225677490234,
        84.8035659790039,
        84.94734954833984,
        84.76264953613281,
        84.56381225585938,
        84.59183502197266,
        84.57118225097656,
        84.81487274169922,
        84.48614501953125,
        84.62042236328125,
        84.5458755493164,
        84.42034149169922,
        84.41921997070312,
        84.40160369873047,
        84.50604248046875,
        84.27628326416016,
        84.42018127441406,
        84.2729263305664,
        84.2884292602539,
        84.13304138183594,
        91.1073989868164,
        84.80805206298828,
        84.55018615722656,
        84.36865997314453,
        84.15364837646484,
        82.21648406982422,
        81.9827880859375,
        81.9241943359375,
        81.87183380126953,
        81.83280181884766,
        81.81131744384766,
        81.77062225341797,
        81.7834701538086,
        81.7347640991211,
        81.6496353149414,
        81.62116241455078,
        81.6586685180664,
        81.53836059570312,
        81.52315521240234,
        81.52652740478516,
        81.4642562866211,
        81.46772003173828,
        81.4439926147461,
        81.36750793457031,
        81.33511352539062,
        81.41559600830078,
        81.2948226928711,
