{
    "run_n":34,
    "run_seed":0,
    "ndims":1000,
    "nsamples":100000,
    "correlation":"corr",
    "nbijectors":5,
    "bijector":"MAFN",
    "spline_knots":8,
    "range_min":-5,
    "hidden_layers":"256-256-256",
    "batch_size":512,
    "activation":"relu",
    "eps_regulariser":0,
    "regulariser":null,
    "dist_seed":0,
    "test_seed":0,
    "kl_divergence":-1,
    "ks_test_mean":0.0033983565742184024,
    "ks_test_median":1.4909339603250408e-09,
    "ad_test_mean":0.0010000000000000002,
    "ad_test_median":0.0035986759584750957,
    "Wasserstein_median":0.5014455505326723,
    "Wasserstein_mean":0.5014455505326723,
    "frob_norm":124.98805225677701,
    "epochs_input":1000,
    "epochs_output":76,
    "time":275.86452271137387,
    "train_loss_history":[
        2075.045166015625,
        1133.14208984375,
        555.93505859375,
        521.1885986328125,
        499.91766357421875,
        484.835205078125,
        478.4645690917969,
        474.0078125,
        470.9192199707031,
        464.5662536621094,
        468.7665100097656,
        458.3015441894531,
        462.5306701660156,
        453.0767822265625,
        458.9096984863281,
        444.208251953125,
        442.0557861328125,
        454.8156433105469,
        440.72393798828125,
        NaN,
        NaN,
        NaN,
        NaN,
        NaN,
        NaN,
        NaN,
        NaN,
        NaN,
        NaN,
        NaN,
        NaN,
        NaN,
        NaN,
        NaN,
        NaN,
        NaN,
        NaN,
        NaN,
        NaN,
        NaN,
        NaN,
        NaN,
        NaN,
        NaN,
        NaN,
        NaN,
        NaN,
        NaN,
        NaN,
        NaN,
        NaN,
        NaN,
        NaN,
        NaN,
        NaN,
        NaN,
        NaN,
        NaN,
        NaN,
        NaN,
        NaN,
        NaN,
        NaN,
        NaN,
        NaN,
        NaN,
        NaN,
        NaN,
        NaN,
        NaN,
        NaN,
        NaN,
        NaN,
        NaN,
        NaN,
        NaN
    ],
    "val_loss_history":[
        761.2246704101562,
        598.7047119140625,
        535.6812133789062,
        507.685302734375,
        483.7979736328125,
        474.84637451171875,
        467.66619873046875,
        458.60919189453125,
        505.43939208984375,
        460.45037841796875,
        459.5183410644531,
        463.0584716796875,
        452.3238525390625,
        446.16302490234375,
        453.2557678222656,
        437.53460693359375,
        452.8354187011719,
        446.66522216796875,
        466.0364990234375,
        NaN,
        NaN,
        NaN,
        NaN,
        NaN,
        NaN,
        NaN,
        NaN,
        NaN,
        NaN,
        NaN,
        NaN,
        NaN,
        NaN,
        NaN,
        NaN,
        NaN,
        NaN,
        NaN,
        NaN,
        NaN,
        NaN,
        NaN,
        NaN,
        NaN,
        NaN,
        NaN,
        NaN,
        NaN,
        NaN,
        NaN,
        NaN,
        NaN,
        NaN,
        NaN,
        NaN,
        NaN,
        NaN,
        NaN,
        NaN,
        NaN,
        NaN,
        NaN,
        NaN,
        NaN,
        NaN,
        NaN,
        NaN,
        NaN,
        NaN,
        NaN,
        NaN,
        NaN,
        NaN,
        NaN,
        NaN,
        NaN
    ],
    "best_train_loss":[],
    "best_val_loss":NaN,
    "best_epoch":[]
}