{
    "run_n":392,
    "seed_train":926,
    "seed_test":927,
    "seed_dist":0,
    "seed_metrics":0,
    "ndims":64,
    "nsamples_train":100000,
    "nsamples_val":30000,
    "nsamples_test":100000,
    "correlation":null,
    "nbijectors":10,
    "bijector":"CsplineN",
    "spline_knots":12,
    "range_min":-16,
    "hidden_layers":"256-256-256",
    "trainable_parameters":4278720,
    "non_trainable_parameters":0,
    "batch_size":512,
    "activation":"relu",
    "regulariser":null,
    "eps_regulariser":0.0,
    "training_device":"NVIDIA A40",
    "epochs_input":1000,
    "epochs_output":139,
    "training_time":9408.872109180782,
    "prediction_time":2.55209127208218,
    "total_time":9411.424200452864,
    "best_train_loss":359.633544921875,
    "best_val_loss":359.8013000488281,
    "best_train_epoch":38,
    "best_val_epoch":38,
    "train_loss_history":[
        477.9142150878906,
        467.97357177734375,
        477.026611328125,
        448.63031005859375,
        440.4306335449219,
        434.98638916015625,
        444.67144775390625,
        424.953369140625,
        419.93524169921875,
        416.72412109375,
        415.06549072265625,
        408.8867492675781,
        443.516845703125,
        431.765869140625,
        429.0214538574219,
        428.6068115234375,
        409.8587341308594,
        398.4331970214844,
        395.7466735839844,
        392.7837219238281,
        390.6399230957031,
        390.67498779296875,
        387.8156433105469,
        386.17083740234375,
        387.7899169921875,
        382.8658142089844,
        379.91156005859375,
        379.4591979980469,
        377.3104248046875,
        375.6310119628906,
        374.04296875,
        370.7390441894531,
        369.1620788574219,
        366.9988098144531,
        368.385009765625,
        364.3285217285156,
        362.3171081542969,
        361.17132568359375,
        359.633544921875,
        432.0248718261719,
        445.6857604980469,
        474.9548034667969,
        578.7813720703125,
        517.1588745117188,
        503.9772033691406,
        475.1898498535156,
        469.9435119628906,
        477.4362487792969,
        464.7216796875,
        459.6908264160156,
        454.6629333496094,
        447.8768005371094,
        443.3963317871094,
        439.8011474609375,
        444.536865234375,
        454.3952331542969,
        441.95672607421875,
        434.4109191894531,
        429.599609375,
        427.74969482421875,
        424.0638122558594,
        421.3414001464844,
        424.1671447753906,
        417.34716796875,
        414.42767333984375,
        413.3060302734375,
        410.9451599121094,
        414.4554443359375,
        421.6602478027344,
        413.27459716796875,
        410.8214111328125,
        406.8907165527344,
        404.3985290527344,
        402.7473449707031,
        400.9880676269531,
        399.5955505371094,
        402.6299133300781,
        405.7991638183594,
        402.8453063964844,
        400.0379943847656,
        397.3066711425781,
        395.7789611816406,
        394.8316650390625,
        394.2883605957031,
        392.4703063964844,
        393.4063720703125,
        393.409912109375,
        392.3731689453125,
        393.1611328125,
        393.2275085449219,
        387.2824401855469,
        385.9126281738281,
        384.8677978515625,
        384.18011474609375,
        383.45916748046875,
        382.82257080078125,
        382.1991882324219,
        382.585205078125,
        405.82269287109375,
        395.30767822265625,
        391.86224365234375,
        389.07733154296875,
        389.3606262207031,
        421.8075866699219,
        415.073486328125,
        402.2300109863281,
        395.1202087402344,
        391.4764099121094,
        389.41339111328125,
        390.5166931152344,
        387.8912353515625,
        386.28131103515625,
        386.2742919921875,
        385.29876708984375,
        383.4987487792969,
        382.3729248046875,
        381.37603759765625,
        380.338134765625,
        379.0641174316406,
        378.2973327636719,
        377.4516906738281,
        376.85552978515625,
        376.1770935058594,
        375.5406494140625,
        374.9999694824219,
        374.178955078125,
        373.3451232910156,
        372.685791015625,
        385.3820495605469,
        401.41802978515625,
        433.2616882324219,
        425.3667907714844,
        415.08758544921875,
        404.36016845703125,
        397.5453186035156,
        393.4052734375,
        391.0448303222656,
        390.1842041015625,
        392.9676513671875
    ],