{
    "run_n":5,
    "run_seed":520,
    "ndims":32,
    "nsamples":100000,
    "correlation":"corr",
    "nbijectors":2,
    "bijector":"MsplineN",
    "spline_knots":8,
    "range_min":-16,
    "hidden_layers":"128-128-128",
    "batch_size":512,
    "activation":"relu",
    "eps_regulariser":0,
    "regulariser":null,
    "dist_seed":0,
    "test_seed":0,
    "ks_mean":0.42227548130458226,
    "ks_std":0.30710813588658925,
    "ad_mean":0.1889498399855205,
    "ad_std":0.08908938687090376,
    "wd_mean":0.024576975796045,
    "wd_std":0.010728787020688059,
    "swd_mean":0.024367307864436312,
    "swd_std":0.010889445825639861,
    "fn_mean":0.3801076871083414,
    "fn_std":0.04486491832082229,
    "epochs_input":1000,
    "epochs_output":238,
    "time":1597.9390793167986,
    "train_loss_history":[
        72.1130599975586,
        23.185415267944336,
        19.884052276611328,
        18.92096519470215,
        18.56010627746582,
        18.22369384765625,
        18.051612854003906,
        17.93181610107422,
        17.806522369384766,
        17.739599227905273,
        17.655672073364258,
        17.559993743896484,
        17.454526901245117,
        17.441680908203125,
        17.401716232299805,
        17.38728904724121,
        17.331809997558594,
        17.307138442993164,
        17.26949119567871,
        17.266368865966797,
        17.210084915161133,
        17.205463409423828,
        17.1877498626709,
        17.171398162841797,
        17.167821884155273,
        17.141950607299805,
        17.07392120361328,
        17.0959415435791,
        17.100313186645508,
        17.025434494018555,
        17.007396697998047,
        17.048675537109375,
        16.983243942260742,
        16.981380462646484,
        16.99065589904785,
        16.989696502685547,
        16.95221519470215,
        16.939014434814453,
        16.987043380737305,
        16.923261642456055,
        16.914474487304688,
        16.901081085205078,
        16.925813674926758,
        16.931344985961914,
        16.892723083496094,
        16.903921127319336,
        16.876693725585938,
        16.864906311035156,
        16.88013458251953,
        16.851716995239258,
        16.8472900390625,
        16.863967895507812,
        16.84891700744629,
        16.8734188079834,
        16.841392517089844,
        16.841501235961914,
        16.84172821044922,
        16.836069107055664,
        16.814306259155273,
        16.83217430114746,
        16.842580795288086,
        16.81439781188965,
        16.81270980834961,
        16.80103302001953,
        16.799283981323242,
        16.813879013061523,
        16.777849197387695,
        16.78384780883789,
        16.787311553955078,
        16.801836013793945,
        16.801790237426758,
        16.82025718688965,
        16.778539657592773,
        16.783517837524414,
        16.77135467529297,
        16.785152435302734,
        16.763734817504883,
        16.75840187072754,
        16.765012741088867,
        16.781991958618164,
        16.770183563232422,
        16.75918197631836,
        16.77058982849121,
        16.759864807128906,
        16.764890670776367,
        16.738018035888672,
        16.73208999633789,
        16.73397445678711,
        16.75673484802246,
        16.729061126708984,
        16.749156951904297,
        16.73705291748047,
        16.742855072021484,
        16.722883224487305,
        16.735532760620117,
        16.734567642211914,
        16.729652404785156,
        16.707853317260742,
        16.710996627807617,
        16.75034523010254,
        16.718246459960938,
        16.730588912963867,
        16.733264923095703,
        16.711387634277344,
        16.7067813873291,
        16.7200927734375,
        16.743087768554688,
        16.701627731323242,
        16.687089920043945,
        16.693252563476562,
        16.72391128540039,
        16.71003532409668,
        16.71293067932129,
        16.69280433654785,
        16.695846557617188,
        16.698823928833008,
        16.676353454589844,
        16.71257209777832,
        16.6875,
        16.6898136138916,
        16.696754455566406,
        16.70337677001953,
        16.687284469604492,
        16.67874526977539,
        16.670982360839844,
        16.682477951049805,
        16.662670135498047,
        16.669443130493164,
        16.677034378051758,
        16.674896240234375,
        16.667516708374023,
        16.65424346923828,
        16.679616928100586,
        16.65684700012207,
        16.642654418945312,
        16.666423797607422,
        16.674728393554688,
        16.657848358154297,
        16.674224853515625,
        16.664113998413086,
        16.653934478759766,
        16.646398544311523,
        16.681432723999023,
        16.668825149536133,
        16.646472930908203,
        16.666030883789062,
        16.652002334594727,
        16.639463424682617,
        16.640016555786133,
        16.638233184814453,
        16.65229606628418,
        16.63528060913086,
        16.64405059814453,
        16.640907287597656,
        16.63364601135254,
        16.645357131958008,
        16.646240234375,
        16.634193420410156,
        16.63175392150879,
        16.630538940429688,
        16.62790870666504,
        16.653194427490234,
        16.630300521850586,
        16.623027801513672,
        16.614849090576172,
        16.632160186767578,
        16.6295108795166,
        16.62099838256836,
        16.60689353942871,
        16.62604331970215,
        16.618362426757812,
        16.61588478088379,
        16.630083084106445,
        16.616443634033203,
        16.624103546142578,
        16.617319107055664,
        16.61907386779785,
        16.479280471801758,
        16.466615676879883,
        16.466711044311523,
        16.462881088256836,
        16.46502685546875,
        16.464008331298828,
        16.46177101135254,
        16.46738624572754,
        16.464672088623047,
        16.463388442993164,
        16.462493896484375,
        16.46268081665039,
        16.463640213012695,
        16.461559295654297,
        16.461872100830078,
        16.4599609375,
        16.460102081298828,
        16.467185974121094,
        16.4616756439209,
        16.45966911315918,
        16.466527938842773,
        16.46207618713379,
        16.46308135986328,
        16.458600997924805,
        16.462696075439453,
        16.45798110961914,
        16.456512451171875,
        16.45475196838379,
        16.457944869995117,
        16.465164184570312,
        16.457117080688477,
        16.458847045898438,
        16.45474624633789,
        16.45500373840332,
        16.45462989807129,
        16.453319549560547,
        16.453662872314453,
        16.459911346435547,
        16.449626922607422,
        16.45985984802246,
        16.455305099487305,
        16.450735092163086,
        16.4466495513916,
        16.453310012817383,
        16.45671272277832,
        16.452838897705078,
        16.452486038208008,
        16.44870376586914,
        16.448089599609375,
        16.446401596069336,
        16.445890426635742,
        16.411754608154297,
        16.410438537597656,
        16.409961700439453,
        16.409191131591797,
        16.408567428588867,
        16.40903663635254,
        16.40849494934082,
        16.410324096679688,
        16.409334182739258,
        16.409379959106445
    ],