{
    "run_n":5,
    "run_seed":520,
    "ndims":100,
    "nsamples":100000,
    "correlation":"corr",
    "nbijectors":5,
    "bijector":"RealNVPN",
    "spline_knots":8,
    "range_min":-5,
    "hidden_layers":"128-128-128",
    "batch_size":256,
    "activation":"relu",
    "eps_regulariser":0,
    "regulariser":null,
    "dist_seed":0,
    "test_seed":0,
    "ks_mean":0.027728376027098704,
    "ks_std":0.09993214219775301,
    "ad_mean":0.02752749337367714,
    "ad_std":0.05932656728682261,
    "wd_mean":0.11166483278110814,
    "wd_std":0.050888086467794,
    "swd_mean":0.10976823400883767,
    "swd_std":0.05911693886592037,
    "fn_mean":3.13687357918667,
    "fn_std":0.20648631422140462,
    "epochs_input":1000,
    "epochs_output":295,
    "time":1785.9017315572128,
    "train_loss_history":[
        371.6429748535156,
        113.45085144042969,
        97.76048278808594,
        90.50053405761719,
        85.7000961303711,
        82.04346466064453,
        79.00353240966797,
        76.336181640625,
        74.18575286865234,
        72.43718719482422,
        70.90283203125,
        69.52069854736328,
        68.40381622314453,
        67.28678131103516,
        66.16240692138672,
        65.0924301147461,
        64.12714385986328,
        63.50485610961914,
        62.985084533691406,
        61.858665466308594,
        61.368778228759766,
        60.924678802490234,
        60.236656188964844,
        59.61200714111328,
        59.192955017089844,
        58.46936798095703,
        57.968406677246094,
        57.646461486816406,
        57.66099548339844,
        92.88123321533203,
        67.83145904541016,
        62.30915832519531,
        60.01865005493164,
        58.70310974121094,
        57.62873077392578,
        57.149593353271484,
        56.59782409667969,
        56.300804138183594,
        55.91826248168945,
        55.46308517456055,
        55.40461730957031,
        55.08224105834961,
        54.49972152709961,
        54.41343307495117,
        54.06953811645508,
        53.81101608276367,
        53.50242614746094,
        53.11688995361328,
        52.933170318603516,
        97.20368194580078,
        62.60884475708008,
        58.81079864501953,
        56.692378997802734,
        55.27712631225586,
        54.7382698059082,
        54.055999755859375,
        53.543235778808594,
        53.360328674316406,
        52.95099639892578,
        52.793312072753906,
        52.69617462158203,
        52.31474685668945,
        52.177032470703125,
        52.033321380615234,
        51.72429275512695,
        51.873939514160156,
        56.10000991821289,
        56.04708480834961,
        51.59404754638672,
        51.11408615112305,
        50.93894577026367,
        50.92167663574219,
        50.807586669921875,
        50.687095642089844,
        50.60120391845703,
        50.489654541015625,
        50.45404052734375,
        50.42013931274414,
        50.27109909057617,
        50.305809020996094,
        50.163856506347656,
        49.9598388671875,
        50.15241622924805,
        49.96712875366211,
        49.849884033203125,
        49.76913070678711,
        49.74822998046875,
        49.71839141845703,
        49.65442657470703,
        49.47073745727539,
        49.67399978637695,
        49.41157913208008,
        49.41249465942383,
        49.264225006103516,
        49.72747802734375,
        49.269691467285156,
        49.10388946533203,
        49.352783203125,
        49.4141845703125,
        48.9614372253418,
        48.959041595458984,
        49.39555358886719,
        49.02528381347656,
        48.90894317626953,
        48.79124069213867,
        48.93930435180664,
        48.80451583862305,
        48.76259994506836,
        48.643924713134766,
        49.007774353027344,
        48.70331954956055,
        48.663360595703125,
        49.08998107910156,
        49.628929138183594,
        48.64447784423828,
        48.51350021362305,
        48.66846466064453,
        48.502716064453125,
        48.259761810302734,
        48.679256439208984,
        48.31707000732422,
        48.49992752075195,
        48.809505462646484,
        48.032554626464844,
        48.3542366027832,
        48.25850296020508,
        48.23310470581055,
        48.19861602783203,
        48.31365203857422,
        48.638023376464844,
        48.27937316894531,
        48.03186798095703,
        48.0045051574707,
        47.92491149902344,
        48.1539192199707,
        47.833984375,
        48.18788146972656,
        47.80440902709961,
        48.0677490234375,
        47.8277473449707,
        48.04618835449219,
        48.087772369384766,
        47.81787872314453,
        48.02448654174805,
        47.70331954956055,
        47.752845764160156,
        47.783756256103516,
        47.73944854736328,
        47.78126907348633,
        48.034976959228516,
        47.76601028442383,
        47.86048889160156,
        47.442562103271484,
        47.984859466552734,
        47.62721633911133,
        47.424922943115234,
        47.5562744140625,
        47.57909393310547,
        48.23651885986328,
        47.565406799316406,
        47.669246673583984,
        47.99287033081055,
        47.56132507324219,
        47.46477508544922,
        47.434593200683594,
        47.365657806396484,
        47.6103515625,
        47.35187530517578,
        47.548118591308594,
        47.19584655761719,
        48.391780853271484,
        47.53874588012695,
        47.25619125366211,
        47.209476470947266,
        47.45574951171875,
        47.176544189453125,
        47.50099563598633,
        47.22522735595703,
        47.46082305908203,
        47.72688293457031,
        47.6848030090332,
        47.324928283691406,
        47.02392578125,
        47.08251953125,
        47.071044921875,
        47.3243408203125,
        47.338829040527344,
        47.18143844604492,
        47.21530532836914,
        46.917144775390625,
        47.1190071105957,
        47.00450897216797,
        46.87092590332031,
        47.47975540161133,
        47.056068420410156,
        47.16155242919922,
        47.19132614135742,
        46.93954086303711,
        46.957496643066406,
        47.087059020996094,
        46.777706146240234,
        46.93730163574219,
        46.97674560546875,
        47.362449645996094,
        46.757205963134766,
        46.78194046020508,
        46.76412582397461,
        46.729583740234375,
        46.76800537109375,
        47.158145904541016,
        46.84226989746094,
        46.689613342285156,
        47.24832534790039,
        47.619754791259766,
        47.12749099731445,
        46.836341857910156,
        46.893348693847656,
        46.697723388671875,
        46.942222595214844,
        46.75958251953125,
        46.73897933959961,
        46.7789192199707,
        46.75873947143555,
        46.778377532958984,
        46.689029693603516,
        47.127288818359375,
        46.841331481933594,
        46.65066146850586,
        46.71007537841797,
        46.67154312133789,
        47.05278778076172,
        46.51362228393555,
        46.80021667480469,
        45.10434341430664,
        44.81259536743164,
        44.75077819824219,
        44.71785354614258,
        44.731292724609375,
        44.68330383300781,
        44.61239242553711,
        44.63766860961914,
        44.575828552246094,
        44.617835998535156,
        44.54997253417969,
        44.67852020263672,
        44.515464782714844,
        44.532493591308594,
        44.4804801940918,
        44.478206634521484,
        44.43345260620117,
        44.47166442871094,
        44.45058822631836,
        44.378929138183594,
        44.39686965942383,
        44.494354248046875,
        44.492820739746094,
        44.356788635253906,
        44.338584899902344,
        44.372005462646484,
        44.31711959838867,
        44.39339828491211,
        44.28546142578125,
        44.33816146850586,
        44.370643615722656,
