{
    "run_n":50,
    "run_seed":0,
    "ndims":64,
    "nsamples":100000,
    "correlation":"corr",
    "nbijectors":5,
    "bijector":"CsplineN",
    "spline_knots":8,
    "range_min":-16,
    "hidden_layers":"256-256-256",
    "batch_size":512,
    "activation":"relu",
    "eps_regulariser":0,
    "regulariser":null,
    "dist_seed":0,
    "test_seed":0,
    "kl_divergence":-1,
    "ks_test_mean":6.510657970749564e-21,
    "ks_test_median":7.428039999607316e-71,
    "ad_test_mean":0.0010000000000000002,
    "ad_test_median":0.0010000000000000002,
    "Wasserstein_median":2.176557000447282,
    "Wasserstein_mean":2.176557000447282,
    "frob_norm":25.891258466977437,
    "epochs_input":1000,
    "epochs_output":10,
    "time":254.5606322735548,
    "train_loss_history":[
        901.135009765625,
        166.35337829589844,
        152.3595428466797,
        118.3216552734375,
        98.48973083496094,
        81.76900482177734,
        75.38761901855469,
        75.64212036132812,
        186.7783966064453,
        NaN
    ],
    "val_loss_history":[
        192.11538696289062,
        199.50357055664062,
        109.0150146484375,
        127.47310638427734,
        85.53018951416016,
        79.20121765136719,
        73.28668212890625,
        75.71891021728516,
        290.1600036621094,
        1134.0335693359375
    ],
    "best_train_loss":75.38761901855469,
    "best_val_loss":73.28668212890625,
    "best_epoch":6
}