{
    "run_n":9,
    "run_seed":926,
    "ndims":64,
    "nsamples":100000,
    "correlation":"corr",
    "nbijectors":5,
    "bijector":"RealNVPN",
    "spline_knots":8,
    "range_min":-5,
    "hidden_layers":"128-128-128",
    "batch_size":256,
    "activation":"relu",
    "eps_regulariser":0,
    "regulariser":null,
    "dist_seed":0,
    "test_seed":0,
    "kl_divergence":-1,
    "ks_test_mean":0.4846857306470677,
    "ks_test_median":0.5039706927951142,
    "ad_test_mean":0.22230158608356335,
    "ad_test_median":0.21436646565537518,
    "Wasserstein_median":0.0224030725392234,
    "Wasserstein_mean":0.0224030725392234,
    "frob_norm":0.2829218752449183,
    "epochs_input":1000,
    "epochs_output":253,
    "time":1691.9365308261476,
    "train_loss_history":[
        273.1120300292969,
        52.652679443359375,
        46.81494140625,
        43.9201774597168,
        41.569950103759766,
        39.630126953125,
        38.22816848754883,
        37.2183723449707,
        36.77383041381836,
        36.10466003417969,
        35.6452522277832,
        35.17319107055664,
        34.721900939941406,
        34.473297119140625,
        34.185611724853516,
        33.93302917480469,
        33.64524459838867,
        33.63254165649414,
        33.40132141113281,
        33.23952865600586,
        33.41828536987305,
        32.87034606933594,
        32.964759826660156,
        32.71040725708008,
        32.86263656616211,
        32.80078887939453,
        32.571434020996094,
        32.376060485839844,
        32.26678466796875,
        32.404075622558594,
        31.968345642089844,
        32.03784942626953,
        32.0715446472168,
        32.049354553222656,
        31.792150497436523,
        31.682222366333008,
        31.995075225830078,
        31.334945678710938,
        31.788217544555664,
        31.725643157958984,
        31.134984970092773,
        31.30321502685547,
        31.280324935913086,
        30.87335777282715,
        30.987674713134766,
        30.813817977905273,
        31.07158660888672,
        30.921539306640625,
        30.646085739135742,
        30.676288604736328,
        30.706981658935547,
        30.630632400512695,
        30.501461029052734,
        30.455547332763672,
        30.44577407836914,
        30.404891967773438,
        30.499988555908203,
        30.227603912353516,
        30.409385681152344,
        30.038270950317383,
        30.24097442626953,
        30.27454948425293,
        30.07964324951172,
        30.037967681884766,
        30.16724967956543,
        29.895803451538086,
        30.154050827026367,
        30.134618759155273,
        29.872522354125977,
        30.082860946655273,
        29.814006805419922,
        29.824695587158203,
        29.997604370117188,
        29.765483856201172,
        29.75057029724121,
        29.741025924682617,
        29.57676124572754,
        30.097999572753906,
        29.640668869018555,
        29.623920440673828,
        29.537757873535156,
        29.708948135375977,
        29.45743179321289,
        29.53879165649414,
        29.565454483032227,
        29.43330955505371,
        29.341632843017578,
        29.40548324584961,
        29.33163833618164,
        29.339351654052734,
        29.30465316772461,
        29.286266326904297,
        29.362934112548828,
        29.168712615966797,
        29.344411849975586,
        29.16927146911621,
        29.24172019958496,
        29.285642623901367,
        29.35596466064453,
        29.052419662475586,
        29.124866485595703,
        29.060489654541016,
        29.049209594726562,
        29.183412551879883,
        29.102340698242188,
        29.044395446777344,
        29.002656936645508,
        29.04471206665039,
        28.877731323242188,
        29.028669357299805,
        28.900604248046875,
        28.923547744750977,
        28.904645919799805,
        28.850650787353516,
        28.945526123046875,
        28.84437370300293,
        28.81258773803711,
        28.90448760986328,
        28.89913558959961,
        28.824344635009766,
        28.802549362182617,
        29.027225494384766,
        28.871315002441406,
        28.691251754760742,
        28.791032791137695,
        28.677135467529297,
        28.710529327392578,
        28.647056579589844,
        28.6254940032959,
        28.934043884277344,
        28.627832412719727,
        28.674652099609375,
        28.732053756713867,
        28.631874084472656,
        28.636537551879883,
        28.667848587036133,
        28.729793548583984,
        28.61762237548828,
        28.6417179107666,
        28.592802047729492,
        28.665573120117188,
        28.539091110229492,
        28.491168975830078,
        28.522247314453125,
        28.446447372436523,
        28.598398208618164,
        28.40623664855957,
        28.878070831298828,
        28.53799057006836,
        28.35150146484375,
        28.39065170288086,
        28.52695083618164,
        28.44931983947754,
        28.489627838134766,
        28.38910675048828,
        28.412565231323242,
        28.445219039916992,
        28.37627601623535,
        28.365896224975586,
        28.61421775817871,
        28.2808780670166,
        28.38356590270996,
        28.317441940307617,
        28.292396545410156,
        28.480127334594727,
        28.452457427978516,
        28.31464195251465,
        28.373613357543945,
        28.202835083007812,
        28.249557495117188,
        28.23949432373047,
        28.22429847717285,
        28.423311233520508,
        28.69857406616211,
        28.421897888183594,
        28.23334503173828,
        28.170795440673828,
        28.23979949951172,
        28.347055435180664,
        28.174348831176758,
        28.353843688964844,
        28.200824737548828,
        28.209272384643555,
        28.109251022338867,
        28.134014129638672,
        28.160396575927734,
        28.162574768066406,
        28.09840202331543,
        28.22402000427246,
        28.081628799438477,
        27.161542892456055,
        27.00615119934082,
        26.977346420288086,
        26.952611923217773,
        26.94605827331543,
        26.94662857055664,
        26.926124572753906,
        26.950105667114258,
        26.93478012084961,
        26.888545989990234,
        26.916318893432617,
        26.888336181640625,
        26.88639259338379,
        26.868915557861328,
        26.863283157348633,
        26.888805389404297,
        26.879074096679688,
        26.844219207763672,
        26.848127365112305,
        26.823015213012695,
        26.862998962402344,
        26.850021362304688,
        26.815826416015625,
        26.8096981048584,
        26.834035873413086,
        26.793188095092773,
        27.00270652770996,
        26.782474517822266,
        26.78135871887207,
        26.79013442993164,
        26.80772590637207,
        26.805261611938477,
        26.770231246948242,
        26.763519287109375,
        26.784116744995117,
        26.748872756958008,
        26.77975082397461,
        26.783039093017578,
        26.74066734313965,
        26.75484275817871,
        26.74825096130371,
        26.750030517578125,
        26.78238868713379,
        26.721906661987305,
        26.76473617553711,
        26.75217056274414,
        26.719528198242188,
        26.715999603271484,
        26.720165252685547,
        26.719463348388672,
        26.726116180419922,
        26.701356887817383,
        26.700063705444336,
        26.462488174438477,
        26.447816848754883,
        26.447566986083984,
        26.44424057006836,
        26.443763732910156,
        26.444137573242188,
        26.455896377563477,
        26.44620704650879,
        26.436960220336914,
        26.440326690673828
    ],