{
    "run_n":3,
    "run_seed":377,
    "ndims":8,
    "nsamples":100000,
    "correlation":"corr",
    "nbijectors":5,
    "bijector":"RealNVPN",
    "spline_knots":8,
    "range_min":-5,
    "hidden_layers":"128-128-128",
    "batch_size":256,
    "activation":"relu",
    "eps_regulariser":0,
    "regulariser":null,
    "dist_seed":0,
    "test_seed":0,
    "ks_mean":0.01413216700705371,
    "ks_std":0.025702308858080267,
    "ad_mean":0.018095141635662094,
    "ad_std":0.025487763042214624,
    "wd_mean":0.09867035259084318,
    "wd_std":0.03379436067168945,
    "swd_mean":0.09458077319665574,
    "swd_std":0.04141454297495412,
    "fn_mean":0.23432849635579228,
    "fn_std":0.029585873396538197,
    "epochs_input":1000,
    "epochs_output":323,
    "time":2299.297885309905,
    "train_loss_history":[
        23.62987518310547,
        11.149860382080078,
        10.155129432678223,
        9.683880805969238,
        9.350462913513184,
        9.107881546020508,
        8.929364204406738,
        8.891127586364746,
        8.694472312927246,
        8.588144302368164,
        8.491551399230957,
        8.461952209472656,
        8.414528846740723,
        8.356273651123047,
        8.288365364074707,
        8.213020324707031,
        8.263920783996582,
        8.17434024810791,
        8.09859848022461,
        8.111656188964844,
        8.067174911499023,
        8.036507606506348,
        8.0328950881958,
        7.981313228607178,
        7.914648056030273,
        8.004007339477539,
        7.857076644897461,
        8.181026458740234,
        7.849731922149658,
        7.84194278717041,
        7.811611652374268,
        7.825049877166748,
        7.902015209197998,
        7.725412368774414,
        7.8559346199035645,
        7.774790287017822,
        7.66347074508667,
        7.868196487426758,
        7.769869804382324,
        7.854670524597168,
        7.76227331161499,
        7.7660088539123535,
        7.601443767547607,
        7.6722588539123535,
        7.76762056350708,
        7.934137344360352,
        7.742095470428467,
        7.610141277313232,
        7.54585075378418,
        7.558398246765137,
        7.530099868774414,
        7.582300662994385,
        7.550074100494385,
        7.637144565582275,
        7.491511821746826,
        7.430524826049805,
        7.461049556732178,
        7.4838032722473145,
        7.433099746704102,
        7.457260608673096,
        7.4140119552612305,
        7.5349650382995605,
        7.407731056213379,
        7.335291385650635,
        7.3585615158081055,
        7.515637397766113,
        7.3581461906433105,
        7.367772102355957,
        7.3902387619018555,
        7.311057090759277,
        7.303191184997559,
        7.279806137084961,
        7.312403202056885,
        7.3254075050354,
        7.332543849945068,
        7.257311820983887,
        7.309127330780029,
        7.221479415893555,
        7.2523298263549805,
        7.29717493057251,
        7.2301025390625,
        7.279146671295166,
        7.214951038360596,
        7.236754417419434,
        7.2462263107299805,
        7.276484966278076,
        7.23898458480835,
        7.166416168212891,
        7.179653644561768,
        7.203531742095947,
        7.189340114593506,
        7.177475929260254,
        7.206727504730225,
        7.1854352951049805,
        7.192394256591797,
        7.233019828796387,
        7.137394428253174,
        7.1586761474609375,
        7.155658721923828,
        7.168220043182373,
        7.208937644958496,
        7.153023719787598,
        7.118247985839844,
        7.165417194366455,
        7.108516693115234,
        7.294341564178467,
        7.1118903160095215,
        7.079766750335693,
        7.1658430099487305,
        7.150956630706787,
        7.152781963348389,
        7.070748805999756,
        7.087067127227783,
        7.0718278884887695,
        7.07908821105957,
        7.0779805183410645,
        7.036808967590332,
        7.263493537902832,
        7.068305492401123,
        7.260128974914551,
        7.107353687286377,
        7.026534080505371,
        7.05605411529541,
        7.05680513381958,
        7.011528968811035,
        6.995369911193848,
        7.139053821563721,
        7.097438335418701,
        7.053779125213623,
        7.008198261260986,
        7.012855529785156,
        7.004240989685059,
        6.985440254211426,
        7.02639627456665,
        7.046869277954102,
        7.0133538246154785,
        7.050297260284424,
        7.026763439178467,
        6.988359451293945,
        7.0300703048706055,
        7.081875324249268,
        6.942829608917236,
        6.97444486618042,
        7.0108513832092285,
        6.9776225090026855,
        6.969841003417969,
        7.028359889984131,
        6.954709529876709,
        6.9528727531433105,
        7.1318745613098145,
        7.158865928649902,
        6.9971842765808105,
        7.0909552574157715,
        6.9402756690979,
        6.99802827835083,
        6.957716941833496,
        6.956151962280273,
        6.957211017608643,
        6.965456485748291,
        6.95975923538208,
        6.90273380279541,
        7.013658046722412,
        6.991164207458496,
        6.950433731079102,
        6.9003190994262695,
        6.938893795013428,
        7.025404453277588,
        6.915673732757568,
        6.940605640411377,
        6.972651481628418,
        7.021317005157471,
        6.9159417152404785,
        6.915670871734619,
        6.912332057952881,
        6.927371501922607,
        6.897976398468018,
        6.909831523895264,
        6.956400394439697,
        6.921805381774902,
        6.90120267868042,
        6.895374774932861,
        6.879644870758057,
        6.927709102630615,
        6.9852142333984375,
        6.911424160003662,
        6.891748428344727,
        6.879265785217285,
        6.866210460662842,
        7.067393779754639,
        6.938786506652832,
        6.942743301391602,
        6.998887062072754,
        6.86949348449707,
        6.940793037414551,
        6.853477954864502,
        6.834478378295898,
        6.888043403625488,
        6.998672962188721,
        6.902718544006348,
        6.888106346130371,
        6.820073127746582,
        6.933618545532227,
        6.919229030609131,
        6.887275218963623,
        6.90667200088501,
        6.899035453796387,
        6.857048988342285,
        6.864700794219971,
        6.86273193359375,
        6.837453842163086,
        6.8681769371032715,
        6.924010276794434,
        6.836356163024902,
        6.987010478973389,
        6.791106224060059,
        6.9325175285339355,
        6.868329048156738,
        6.889915466308594,
        7.008265018463135,
        6.883721351623535,
        6.798294544219971,
        6.93039083480835,
        6.869564533233643,
        7.017388820648193,
        6.964217662811279,
        6.8897271156311035,
        6.855353355407715,
        6.855207443237305,
        7.101868152618408,
        6.864984035491943,
        6.820306301116943,
        6.835322380065918,
        6.820073127746582,
        6.9773430824279785,
        6.843498706817627,
        6.772030353546143,
        6.797996997833252,
        6.825905799865723,
        6.91438102722168,
        6.796269416809082,
        6.803518772125244,
        6.791226863861084,
        6.895529270172119,
        6.784457683563232,
        6.862940788269043,
        6.786688804626465,
        7.068084239959717,
        6.860372066497803,
        6.915132999420166,
        6.846961498260498,
        6.80495548248291,
        6.791967391967773,
        6.832648277282715,
        6.808180809020996,
        6.909627914428711,
        6.774017333984375,
        6.544968128204346,
        6.5244646072387695,
        6.497046947479248,
        6.488097667694092,
        6.49988317489624,
        6.474279403686523,
        6.476402282714844,
        6.478793144226074,
        6.475124835968018,
