{
    "run_n":3,
    "run_seed":0,
    "ndims":16,
    "nsamples":100000,
    "correlation":"corr",
    "nbijectors":10,
    "bijector":"MAFN",
    "spline_knots":8,
    "range_min":-5,
    "hidden_layers":"256-256-256",
    "batch_size":512,
    "activation":"relu",
    "eps_regulariser":0,
    "regulariser":null,
    "dist_seed":0,
    "test_seed":0,
    "kl_divergence":-1,
    "ks_test_mean":0.37459320788353734,
    "ks_test_median":0.4544789025291707,
    "ad_test_mean":0.20132108937750987,
    "ad_test_median":0.19473081942343817,
    "Wasserstein_median":0.0465079016060337,
    "Wasserstein_mean":0.0465079016060337,
    "frob_norm":0.1239344257731782,
    "epochs_input":1000,
    "epochs_output":142,
    "time":694.9223461449146,
    "train_loss_history":[
        36.517051696777344,
        18.186872482299805,
        15.32056999206543,
        14.690237045288086,
        13.533177375793457,
        12.858816146850586,
        12.533620834350586,
        12.028937339782715,
        11.634133338928223,
        12.745224952697754,
        11.74246883392334,
        11.282983779907227,
        11.104667663574219,
        11.330326080322266,
        11.13259506225586,
        10.75014591217041,
        11.563801765441895,
        10.567286491394043,
        11.268628120422363,
        10.43535041809082,
        10.393742561340332,
        10.77358627319336,
        10.19314956665039,
        10.272008895874023,
        10.050243377685547,
        10.155624389648438,
        10.308660507202148,
        10.341142654418945,
        10.042083740234375,
        10.047760009765625,
        9.886641502380371,
        10.124459266662598,
        10.119802474975586,
        9.972719192504883,
        9.752893447875977,
        9.718626976013184,
        9.74804401397705,
        10.371756553649902,
        9.83614444732666,
        9.592536926269531,
        9.582963943481445,
        9.585776329040527,
        9.68625259399414,
        9.652280807495117,
        10.016794204711914,
        9.693777084350586,
        9.60292911529541,
        9.447141647338867,
        9.520720481872559,
        9.613889694213867,
        9.581100463867188,
        9.4722900390625,
        9.54653263092041,
        9.373690605163574,
        9.386882781982422,
        9.733663558959961,
        9.372167587280273,
        9.348682403564453,
        9.6380615234375,
        9.356903076171875,
        9.326003074645996,
        9.351611137390137,
        9.688538551330566,
        9.700182914733887,
        9.259869575500488,
        9.355365753173828,
        9.24829387664795,
        9.246420860290527,
        9.214521408081055,
        9.207305908203125,
        9.239482879638672,
        9.37863826751709,
        9.16624927520752,
        9.160140037536621,
        9.15941333770752,
        9.129982948303223,
        9.157622337341309,
        9.190406799316406,
        9.125545501708984,
        9.473377227783203,
        9.108756065368652,
        9.109396934509277,
        9.198118209838867,
        9.086115837097168,
        9.130943298339844,
        9.036381721496582,
        9.096226692199707,
        9.064396858215332,
        9.002616882324219,
        9.040403366088867,
        8.993021011352539,
        8.999077796936035,
        8.984710693359375,
        8.98260498046875,
        9.003497123718262,
        9.12515640258789,
        8.95214557647705,
        8.966958045959473,
        8.954048156738281,
        8.950277328491211,
        9.006723403930664,
        8.950797080993652,
        8.922246932983398,
        8.907590866088867,
        8.864788055419922,
        8.904389381408691,
        9.124223709106445,
        8.927382469177246,
        8.891388893127441,
        8.83491039276123,
        8.865049362182617,
        8.831948280334473,
        8.844895362854004,
        8.968924522399902,
        8.854488372802734,
        8.82391357421875,
        8.856084823608398,
        8.803427696228027,
        8.7940092086792,
        8.810811042785645,
        8.799609184265137,
        8.787481307983398,
        8.723029136657715,
        9.05345630645752,
        8.728353500366211,
        8.727736473083496,
        8.748369216918945,
        8.771320343017578,
        8.715620040893555,
        8.730722427368164,
        8.669012069702148,
        8.79127311706543,
        8.20961856842041,
        8.128118515014648,
        8.115612030029297,
        8.121397972106934,
        8.115795135498047,
        8.102697372436523,
        8.0858154296875,
        8.101322174072266,
        8.082027435302734,
        8.099693298339844
    ],