{
    "run_n":14,
    "run_seed":0,
    "ndims":8,
    "nsamples":100000,
    "correlation":"corr",
    "nbijectors":5,
    "bijector":"CsplineN",
    "spline_knots":8,
    "range_min":-16,
    "hidden_layers":"256-256-256",
    "batch_size":512,
    "activation":"relu",
    "eps_regulariser":0,
    "regulariser":null,
    "dist_seed":0,
    "test_seed":0,
    "kl_divergence":-1,
    "ks_test_mean":0.3975076554511458,
    "ks_test_median":0.4083686619528163,
    "ad_test_mean":0.189309137927255,
    "ad_test_median":0.17760829836396444,
    "Wasserstein_median":0.006510116432900236,
    "Wasserstein_mean":0.006510116432900236,
    "frob_norm":0.07252735801463353,
    "epochs_input":1000,
    "epochs_output":276,
    "time":7203.475349007174,
    "train_loss_history":[
        12.36330509185791,
        5.790838718414307,
        5.1502556800842285,
        1.833914875984192,
        2.5616822242736816,
        1.4811900854110718,
        0.8513541221618652,
        0.4495336711406708,
        0.012895195744931698,
        -0.3402104079723358,
        -0.12245815992355347,
        -0.32086920738220215,
        -0.4312003552913666,
        -0.5054643750190735,
        -0.5208334922790527,
        -0.317894846200943,
        -0.5691781044006348,
        -0.5322505235671997,
        -0.6960892677307129,
        -0.6644035577774048,
        -0.6390650868415833,
        -0.6701773405075073,
        -0.8742287158966064,
        -0.8437337875366211,
        -0.5882530808448792,
        -0.7628007531166077,
        -0.5885187387466431,
        -0.553591787815094,
        -0.9766618013381958,
        -0.7933579087257385,
        -0.8814160823822021,
        -0.6013363003730774,
        -0.9410092830657959,
        -0.8879162073135376,
        -1.0097858905792236,
        -1.0367426872253418,
        -1.0097147226333618,
        -1.082767367362976,
        -1.0570976734161377,
        -0.9730163216590881,
        -1.185559630393982,
        -1.0188720226287842,
        -1.1246932744979858,
        -1.1785920858383179,
        -1.0783748626708984,
        -0.9917652606964111,
        -1.2242703437805176,
        -1.0799460411071777,
        -1.169298768043518,
        -1.111860990524292,
        -1.1833528280258179,
        -1.1939297914505005,
        -1.0981367826461792,
        -1.2664270401000977,
        -1.1251789331436157,
        -1.1654905080795288,
        -1.1974726915359497,
        -1.287854552268982,
        -1.2745037078857422,
        -1.2062565088272095,
        -1.2980098724365234,
        -1.2962417602539062,
        -1.170447826385498,
        -1.2588236331939697,
        -1.324763536453247,
        -1.2274367809295654,
        -1.294079303741455,
        -1.3218351602554321,
        -1.3484550714492798,
        -1.316373348236084,
        -1.3368160724639893,
        -1.2877243757247925,
        -0.7452754378318787,
        -1.0483918190002441,
        -1.172232747077942,
        -1.3009486198425293,
        -1.1911571025848389,
        -1.1572954654693604,
        -1.2105273008346558,
        -1.3572264909744263,
        -1.2558737993240356,
        -1.255264401435852,
        -1.3275277614593506,
        -1.361830472946167,
        -1.309286117553711,
        -1.3340080976486206,
        -1.300634503364563,
        -1.350690484046936,
        -1.317141056060791,
        -1.3408958911895752,
        -1.372571349143982,
        -1.3644347190856934,
        -1.3121438026428223,
        -1.4025901556015015,
        -1.3845704793930054,
        -1.3431663513183594,
        -1.3489786386489868,
        -1.3268102407455444,
        -1.4365527629852295,
        -1.3596622943878174,
        -1.3839606046676636,
        -1.3791359663009644,
        -1.3463003635406494,
        -1.4021590948104858,
        -1.42867112159729,
        -1.4087121486663818,
        -1.3776123523712158,
        -1.4390660524368286,
        -1.413212776184082,
        -1.4325708150863647,
        -1.452962040901184,
        -1.4306923151016235,
        -1.3872723579406738,
        -1.4476677179336548,
        -1.4713789224624634,
        -1.467550277709961,
        -1.450171947479248,
        -1.4286258220672607,
        -1.4757035970687866,
        -1.4539521932601929,
        -1.4244502782821655,
        -1.4374793767929077,
        -1.4180108308792114,
        -1.4698750972747803,
        -1.476477026939392,
        -1.5128095149993896,
        -1.4732316732406616,
        -1.4233554601669312,
        -1.523474931716919,
        -1.5036721229553223,
        -1.544547438621521,
        -1.5116037130355835,
        -1.4770735502243042,
        -1.5049550533294678,
        -1.5277597904205322,
        -1.485999345779419,
        -1.5252799987792969,
        -1.5616334676742554,
        -1.5256273746490479,
        -1.5306864976882935,
        -1.4905240535736084,
        -1.5565556287765503,
        -1.5209051370620728,
        -1.5407766103744507,
        -1.5409520864486694,
        -1.5219248533248901,
        -1.5566301345825195,
        -1.5078017711639404,
        -1.537973403930664,
        -1.5598673820495605,
        -1.5483027696609497,
        -1.5251237154006958,
        -1.5473495721817017,
        -1.5483981370925903,
        -1.5324794054031372,
        -1.5845351219177246,
        -1.56730055809021,
        -1.5478873252868652,
        -1.5665065050125122,
        -1.5595057010650635,
        -1.564211368560791,
        -1.5854662656784058,
        -1.5493433475494385,
        -1.5915238857269287,
        -1.58082115650177,
        -1.57644522190094,
        -1.579643964767456,
        -1.6026105880737305,
        -1.5875129699707031,
        -1.5991381406784058,
        -1.5795035362243652,
        -1.5599576234817505,
        -1.5965720415115356,
        -1.5751460790634155,
        -1.5704212188720703,
        -1.5743929147720337,
        -1.5661733150482178,
        -1.5805025100708008,
        -1.5892820358276367,
        -1.5940290689468384,
        -1.5907009840011597,
        -1.598882794380188,
        -1.5997347831726074,
        -1.6052720546722412,
        -1.6327835321426392,
        -1.6162285804748535,
        -1.5857572555541992,
        -1.5960593223571777,
        -1.589820146560669,
        -1.5830297470092773,
        -1.6051522493362427,
        -1.5843565464019775,
        -1.6088452339172363,
        -1.613153100013733,
        -1.6293153762817383,
        -1.6317670345306396,
        -1.6268718242645264,
        -1.5551131963729858,
        -1.601711392402649,
        -1.624004602432251,
        -1.6038302183151245,
        -1.6034637689590454,
        -1.6196465492248535,
        -1.6054233312606812,
        -1.6151034832000732,
        -1.6155827045440674,
        -1.627479076385498,
        -1.6113245487213135,
        -1.604312777519226,
        -1.610715389251709,
        -1.6287473440170288,
        -1.6158571243286133,
        -1.6041878461837769,
        -1.6391923427581787,
        -1.7335768938064575,
        -1.7426722049713135,
        -1.7459185123443604,
        -1.7451152801513672,
        -1.7456433773040771,
        -1.7460222244262695,
        -1.7467066049575806,
        -1.7472139596939087,
        -1.7465094327926636,
        -1.7495594024658203,
        -1.754477620124817,
        -1.7545589208602905,
        -1.7511701583862305,
        -1.747345209121704,
        -1.751184344291687,
        -1.7502250671386719,
        -1.7501887083053589,
        -1.755843997001648,
        -1.754561424255371,
        -1.7583730220794678,
        -1.7572822570800781,
        -1.7554435729980469,
        -1.7575459480285645,
        -1.7622296810150146,
        -1.7588132619857788,
        -1.7588915824890137,
        -1.7503186464309692,
        -1.7535312175750732,
        -1.7470932006835938,
        -1.7581239938735962,
        -1.7652584314346313,
        -1.757598638534546,
        -1.7688709497451782,
        -1.7618976831436157,
        -1.7634098529815674,
        -1.7663276195526123,
        -1.7677803039550781,
