{
    "run_n":14,
    "run_seed":0,
    "ndims":16,
    "nsamples":100000,
    "correlation":"corr",
    "nbijectors":5,
    "bijector":"CsplineN",
    "spline_knots":8,
    "range_min":-5,
    "hidden_layers":"256-256-256",
    "batch_size":512,
    "activation":"relu",
    "eps_regulariser":0,
    "regulariser":null,
    "dist_seed":0,
    "test_seed":0,
    "kl_divergence":-1,
    "ks_test_mean":0.3536489955448747,
    "ks_test_median":0.3736571132638427,
    "ad_test_mean":0.17584897611088168,
    "ad_test_median":0.16537864091621166,
    "Wasserstein_median":0.039176489444648036,
    "Wasserstein_mean":0.039176489444648036,
    "frob_norm":0.15354989162547908,
    "epochs_input":1000,
    "epochs_output":77,
    "time":1676.9909826135263,
    "train_loss_history":[
        20.779510498046875,
        19.142803192138672,
        18.961584091186523,
        18.8819522857666,
        18.816768646240234,
        18.75513458251953,
        18.727415084838867,
        18.687150955200195,
        18.670808792114258,
        18.65237045288086,
        18.628015518188477,
        18.618053436279297,
        18.59480857849121,
        18.577159881591797,
        18.563247680664062,
        18.5576114654541,
        18.527408599853516,
        18.50944709777832,
        18.487136840820312,
        18.478057861328125,
        18.465316772460938,
        18.432456970214844,
        18.42188835144043,
        18.41147232055664,
        18.384740829467773,
        18.365970611572266,
        18.336153030395508,
        18.322711944580078,
        18.293163299560547,
        18.27222442626953,
        18.238393783569336,
        18.219261169433594,
        18.189926147460938,
        18.1605224609375,
        18.142236709594727,
        18.103443145751953,
        18.08879852294922,
        18.048255920410156,
        18.02753448486328,
        17.99040985107422,
        17.959810256958008,
        17.931100845336914,
        17.894908905029297,
        17.868757247924805,
        17.84307861328125,
        17.806367874145508,
        17.78313636779785,
        17.753726959228516,
        17.716222763061523,
        17.682884216308594,
        17.66868782043457,
        17.62017250061035,
        17.59795379638672,
        17.561378479003906,
        17.536413192749023,
        17.50271987915039,
        17.468353271484375,
        17.443403244018555,
        17.426149368286133,
        17.399343490600586,
        17.360872268676758,
        17.322845458984375,
        17.316869735717773,
        17.285451889038086,
        17.246946334838867,
        17.220863342285156,
        17.19618797302246,
        16.82399559020996,
        16.662748336791992,
        16.590717315673828,
        16.54496192932129,
        16.505271911621094,
        16.470645904541016,
        16.44114112854004,
        16.415058135986328,
        16.389368057250977,
        16.3616886138916
    ],
    "val_loss_history":[
        19.32801055908203,
        19.036855697631836,
        18.938932418823242,
        18.95574378967285,
        18.862045288085938,
        18.82686996459961,
        18.828731536865234,
        18.846633911132812,
        18.79608154296875,
        18.77497100830078,
        18.792129516601562,
        18.798433303833008,
        18.791397094726562,
        18.800233840942383,
        18.7550048828125,
        18.749902725219727,
        18.740192413330078,
        18.746633529663086,
        18.81683921813965,
        18.75754737854004,
        18.771787643432617,
        18.79048728942871,
        18.7991943359375,
        18.803123474121094,
        18.828577041625977,
        18.832134246826172,
        18.8594913482666,
        18.888797760009766,
        18.908409118652344,
        18.919963836669922,
        18.93016815185547,
        18.938814163208008,
        18.926958084106445,
        18.98322296142578,
        19.039518356323242,
        19.005992889404297,
        19.083749771118164,
        19.10120964050293,
        19.100875854492188,
        19.122621536254883,
        19.15055274963379,
        19.16499137878418,
        19.23526382446289,
        19.233793258666992,
        19.273799896240234,
        19.274051666259766,
        19.33265495300293,
        19.302143096923828,
        19.36463737487793,
        19.46307373046875,
        19.443830490112305,
        19.47231674194336,
        19.502670288085938,
        19.545000076293945,
        19.543359756469727,
        19.572675704956055,
        19.63481330871582,
        19.62948989868164,
        19.646198272705078,
        19.667724609375,
        19.737258911132812,
        19.757787704467773,
        19.79869842529297,
        19.858583450317383,
        19.84684944152832,
        19.888805389404297,
        19.968833923339844,
        20.118528366088867,
        20.247716903686523,
        20.345577239990234,
        20.416000366210938,
        20.451204299926758,
        20.538297653198242,
        20.6086368560791,
        20.634279251098633,
        20.681184768676758,
        20.742570877075195
    ],
    "best_train_loss":18.527408599853516,
    "best_val_loss":18.740192413330078,
    "best_epoch":16
}