{
    "run_n":9,
    "run_seed":926,
    "ndims":100,
    "nsamples":100000,
    "correlation":"corr",
    "nbijectors":5,
    "bijector":"RealNVPN",
    "spline_knots":8,
    "range_min":-5,
    "hidden_layers":"128-128-128",
    "batch_size":256,
    "activation":"relu",
    "eps_regulariser":0,
    "regulariser":null,
    "dist_seed":0,
    "test_seed":0,
    "ks_mean":0.009543389088168857,
    "ks_std":0.05454433705384549,
    "ad_mean":0.010096583080243844,
    "ad_std":0.03359437628945045,
    "wd_mean":0.1481416614382837,
    "wd_std":0.07163703697267239,
    "swd_mean":0.14399894992463522,
    "swd_std":0.0734710751568792,
    "fn_mean":4.112682968349064,
    "fn_std":0.30248627816139606,
    "epochs_input":1000,
    "epochs_output":343,
    "time":1573.0759670203552,
    "train_loss_history":[
        416.22528076171875,
        112.21484375,
        95.30038452148438,
        87.08050537109375,
        81.89842224121094,
        78.05632781982422,
        75.22441864013672,
        72.88211059570312,
        70.91548919677734,
        69.20596313476562,
        67.5915756225586,
        66.33678436279297,
        64.99374389648438,
        64.36151885986328,
        63.24785614013672,
        61.8956298828125,
        61.4109001159668,
        60.499786376953125,
        59.97764205932617,
        59.46060562133789,
        81.72516632080078,
        66.99407958984375,
        62.28461456298828,
        60.43494415283203,
        59.21059036254883,
        58.35035705566406,
        57.994659423828125,
        57.686588287353516,
        57.17317199707031,
        56.68747329711914,
        56.27538299560547,
        56.09543228149414,
        55.46451187133789,
        55.236568450927734,
        54.7485466003418,
        54.78612518310547,
        54.337669372558594,
        55.17284393310547,
        54.06633758544922,
        53.875370025634766,
        53.48844528198242,
        53.27531051635742,
        55.77909469604492,
        52.733184814453125,
        52.52174758911133,
        52.891971588134766,
        52.28972244262695,
        52.436126708984375,
        52.18374252319336,
        52.1561393737793,
        52.164894104003906,
        51.849578857421875,
        52.0087776184082,
        51.523193359375,
        51.47749710083008,
        51.574275970458984,
        51.347347259521484,
        51.426998138427734,
        85.19071197509766,
        56.195579528808594,
        53.59321212768555,
        53.112762451171875,
        52.581626892089844,
        51.97785186767578,
        51.9506721496582,
        51.60697555541992,
        51.3724365234375,
        51.28724670410156,
        51.107723236083984,
        50.988525390625,
        51.421653747558594,
        50.9184455871582,
        50.9019889831543,
        50.94482421875,
        50.51371765136719,
        50.66259765625,
        50.3383903503418,
        50.493309020996094,
        50.20022201538086,
        56.04385757446289,
        56.174320220947266,
        51.97763442993164,
        51.213340759277344,
        50.49552917480469,
        50.39155197143555,
        50.112403869628906,
        50.54302215576172,
        49.95975875854492,
        50.10662078857422,
        50.19409942626953,
        50.29425048828125,
        50.1553955078125,
        49.48404312133789,
        49.73191833496094,
        49.58108901977539,
        49.73345947265625,
        49.76897048950195,
        49.51096725463867,
        50.04764175415039,
        49.52039337158203,
        49.531333923339844,
        49.608642578125,
        49.35828399658203,
        49.378108978271484,
        49.43157958984375,
        49.09218215942383,
        49.2784309387207,
        48.983787536621094,
        49.35884475708008,
        49.15641403198242,
        49.14227294921875,
        49.00676345825195,
        49.31692886352539,
        49.05278396606445,
        48.973995208740234,
        48.84490966796875,
        48.85951232910156,
        48.87454605102539,
        48.777217864990234,
        48.75492858886719,
        48.53734588623047,
        48.53762435913086,
        48.6291618347168,
        48.72639083862305,
        48.54452133178711,
        48.331974029541016,
        48.27273178100586,
        48.25694274902344,
        48.298336029052734,
        49.04109191894531,
        48.388797760009766,
        48.289676666259766,
        48.343116760253906,
        48.50514602661133,
        48.368404388427734,
        48.71518325805664,
        48.57065200805664,
        48.37146759033203,
        47.91114044189453,
        48.113651275634766,
        48.09025955200195,
        47.985572814941406,
        47.94584655761719,
        47.87660217285156,
        47.8898811340332,
        47.891273498535156,
        48.288238525390625,
        47.97590637207031,
        48.397621154785156,
        47.75243377685547,
        47.71734619140625,
        47.86100769042969,
        47.69785690307617,
        47.7513542175293,
        47.92079162597656,
        47.8720703125,
        47.673465728759766,
        47.76964569091797,
        47.68077850341797,
        47.46565628051758,
        48.57378387451172,
        47.698856353759766,
        47.50739669799805,
        47.4569206237793,
        47.76044464111328,
        47.720970153808594,
        47.46928787231445,
        47.67877960205078,
        47.5213737487793,
        47.7360725402832,
        47.39424514770508,
        47.28302001953125,
        48.02687072753906,
        48.01787185668945,
        47.24905776977539,
        47.36195755004883,
        47.31309509277344,
        47.24205017089844,
        47.196189880371094,
        47.26771926879883,
        47.18773651123047,
        47.407684326171875,
        47.21287536621094,
        47.188819885253906,
        47.289432525634766,
        47.23116683959961,
        46.975467681884766,
        47.31305694580078,
        47.321903228759766,
        47.921566009521484,
        47.27976608276367,
        47.115413665771484,
        46.78072738647461,
        46.94563293457031,
        46.96950149536133,
        47.030548095703125,
        47.00106430053711,
        90.0934066772461,
        74.1585922241211,
        56.037620544433594,
        53.52610397338867,
        52.523284912109375,
        51.69332504272461,
        51.106964111328125,
        50.837188720703125,
        50.497215270996094,
        50.39743423461914,
        50.099971771240234,
        50.24173355102539,
        49.72737121582031,
        49.85224533081055,
        49.46409225463867,
        49.77687454223633,
        49.43844985961914,
        49.436588287353516,
        49.64579772949219,
        48.959556579589844,
        49.111141204833984,
        48.761871337890625,
        48.52092742919922,
        48.347190856933594,
        48.48994827270508,
        48.35844039916992,
        48.89287185668945,
        48.27842330932617,
        48.555973052978516,
        48.0802116394043,
        48.216129302978516,
        48.09862518310547,
        47.96047592163086,
        47.88176345825195,
        46.05562973022461,
        45.861839294433594,
        45.735755920410156,
        45.715545654296875,
        45.66783905029297,
        45.650726318359375,
        45.61781311035156,
        45.60171127319336,
        45.602630615234375,
        45.4886589050293,
        45.49711990356445,
        45.39994812011719,
        45.47151184082031,
        45.38353729248047,
        45.37897491455078,
        45.43584060668945,
        45.31740188598633,
        45.201438903808594,
        45.25482940673828,
        45.39041519165039,
        45.18313980102539,
        45.234458923339844,
        45.167118072509766,
        45.167015075683594,
        45.39422607421875,
        45.11867904663086,
        45.27939987182617,
        45.48194885253906,
        45.10883331298828,
        45.011009216308594,
        45.12379837036133,
        44.93401336669922,
        44.96520233154297,
        44.93758773803711,
