{
    "run_n":4,
    "run_seed":440,
    "ndims":16,
    "nsamples":100000,
    "correlation":"corr",
    "nbijectors":2,
    "bijector":"MsplineN",
    "spline_knots":8,
    "range_min":-16,
    "hidden_layers":"128-128-128",
    "batch_size":512,
    "activation":"relu",
    "eps_regulariser":0,
    "regulariser":null,
    "dist_seed":0,
    "test_seed":0,
    "kl_divergence":-1,
    "ks_test_mean":0.4922961970374289,
    "ks_test_median":0.4907023171289962,
    "ad_test_mean":0.21987689461010473,
    "ad_test_median":0.21619010068729044,
    "Wasserstein_median":0.013767233428306023,
    "Wasserstein_mean":0.013767233428306023,
    "frob_norm":0.15259616124123815,
    "epochs_input":1000,
    "epochs_output":260,
    "time":1867.2067370070145,
    "train_loss_history":[
        34.91997146606445,
        7.445457935333252,
        6.2226948738098145,
        5.864107131958008,
        5.702858924865723,
        5.621872901916504,
        5.549214839935303,
        5.510207176208496,
        5.4845290184021,
        5.454308986663818,
        5.457530975341797,
        5.397573947906494,
        5.358122825622559,
        5.336396217346191,
        5.344322204589844,
        5.362321853637695,
        5.331912517547607,
        5.32413387298584,
        5.318753719329834,
        5.2961201667785645,
        5.286837100982666,
        5.333406925201416,
        5.289510726928711,
        5.3039326667785645,
        5.252956390380859,
        5.2832932472229,
        5.2734150886535645,
        5.266601085662842,
        5.255551338195801,
        5.268004417419434,
        5.237879276275635,
        5.26735258102417,
        5.264888763427734,
        5.238825798034668,
        5.229021072387695,
        5.254865646362305,
        5.229908466339111,
        5.2519402503967285,
        5.229620456695557,
        5.2289276123046875,
        5.215043544769287,
        5.232445240020752,
        5.244505405426025,
        5.219481945037842,
        5.2266316413879395,
        5.215102195739746,
        5.2107038497924805,
        5.214713096618652,
        5.206737041473389,
        5.208642482757568,
        5.224391937255859,
        5.20709228515625,
        5.227550983428955,
        5.217716217041016,
        5.214888572692871,
        5.195542812347412,
        5.188875675201416,
        5.192665100097656,
        5.197813987731934,
        5.206985950469971,
        5.1980156898498535,
        5.201109409332275,
        5.199832916259766,
        5.196595191955566,
        5.2047438621521,
        5.194113731384277,
        5.186999797821045,
        5.1826395988464355,
        5.195827007293701,
        5.175092697143555,
        5.181335926055908,
        5.179803848266602,
        5.181151390075684,
        5.1904168128967285,
        5.161778450012207,
        5.171367645263672,
        5.165398120880127,
        5.168356895446777,
        5.169738292694092,
        5.173234939575195,
        5.158106803894043,
        5.169743537902832,
        5.167572975158691,
        5.161340713500977,
        5.162836074829102,
        5.156917572021484,
        5.16372013092041,
        5.162428379058838,
        5.173719882965088,
        5.160914897918701,
        5.155529499053955,
        5.153517723083496,
        5.155081748962402,
        5.157182693481445,
        5.155556678771973,
        5.151451110839844,
        5.15537691116333,
        5.152798175811768,
        5.143719673156738,
        5.158684253692627,
        5.150552272796631,
        5.158479690551758,
        5.14614200592041,
        5.13821268081665,
        5.139795303344727,
        5.137870788574219,
        5.1395440101623535,
        5.142817974090576,
        5.1487202644348145,
        5.144728183746338,
        5.1454644203186035,
        5.141295909881592,
        5.137364864349365,
        5.14637565612793,
        5.133049488067627,
        5.141435146331787,
        5.134289264678955,
        5.13332462310791,
        5.135365009307861,
        5.127591609954834,
        5.126715660095215,
        5.136497974395752,
        5.133540630340576,
        5.1276726722717285,
        5.127499580383301,
        5.133406162261963,
        5.1244306564331055,
        5.12100887298584,
        5.123600006103516,
        5.120645523071289,
        5.119744300842285,
        5.130619525909424,
        5.127617835998535,
        5.127338409423828,
        5.11622953414917,
        5.113779544830322,
        5.124209403991699,
        5.120983600616455,
        5.1197919845581055,
        5.116556644439697,
        5.133901119232178,
        5.116502285003662,
        5.116602420806885,
        5.113349437713623,
        5.107676982879639,
        5.104990005493164,
        5.107118606567383,
        5.102691173553467,
        5.106571197509766,
        5.107831954956055,
        5.099096775054932,
        5.109725475311279,
        5.1092729568481445,
        5.112971305847168,
        5.1114115715026855,
        5.10550594329834,
        5.103448390960693,
        5.10603141784668,
        5.114589691162109,
        5.101164817810059,
        5.10764217376709,
        5.096253871917725,
        5.098516464233398,
        5.108266830444336,
        5.096338748931885,
        5.099582672119141,
        5.096825122833252,
        5.100386142730713,
        5.09855318069458,
        5.0957722663879395,
        5.095396041870117,
        5.093745231628418,
        5.08763313293457,
        5.093565464019775,
        5.103170394897461,
        5.098833084106445,
        5.100619316101074,
        5.097141742706299,
        5.089054584503174,
        5.102731704711914,
        5.09489107131958,
        5.080235481262207,
        5.085261821746826,
        5.087571144104004,
        5.083822727203369,
        5.087704181671143,
        5.082210540771484,
        5.0852131843566895,
        5.093381881713867,
        5.08311653137207,
        5.084593772888184,
        5.077386856079102,
        5.0748610496521,
        5.0829596519470215,
        5.080923557281494,
        5.073570251464844,
        5.074941158294678,
        5.075146198272705,
        5.0822272300720215,
        5.020517826080322,
        5.013073444366455,
        5.014750003814697,
        5.01229190826416,
        5.015580654144287,
        5.012312412261963,
        5.012933254241943,
        5.011093616485596,
        5.0112690925598145,
        5.012241363525391,
        5.010381698608398,
        5.01116418838501,
        5.010459899902344,
        5.011464595794678,
        5.01241397857666,
        5.014317989349365,
        5.0098700523376465,
        5.008555889129639,
        5.011085033416748,
        5.008584022521973,
        5.009219169616699,
        5.008001327514648,
        5.009141445159912,
        5.006265163421631,
        5.005969047546387,
        5.009255886077881,
        5.007562637329102,
        5.005589485168457,
        5.007043361663818,
        5.007272720336914,
        5.005545139312744,
        5.007261753082275,
        5.005471706390381,
        5.005424976348877,
        5.006504058837891,
        5.004879474639893,
        5.00514554977417,
        5.003532886505127,
        5.002928256988525,
        5.002025604248047,
        5.003647804260254,
        5.002224445343018,
        5.0024733543396,
        5.005320072174072,
        5.002625942230225,
        5.0009050369262695,
        5.000659942626953,
        5.002151966094971,
        5.001913070678711,
        4.999416351318359,
        5.000451564788818,
        4.98626184463501,
        4.983728885650635,
        4.983460903167725,
        4.983923435211182,
        4.983804225921631,
        4.98335075378418,
        4.983438968658447,
        4.983353614807129,
        4.983768939971924,
        4.983361721038818
    ],