{
    "run_n":2,
    "run_seed":187,
    "ndims":8,
    "nsamples":100000,
    "correlation":"corr",
    "nbijectors":5,
    "bijector":"CsplineN",
    "spline_knots":12,
    "range_min":-16,
    "hidden_layers":"128-128-128",
    "batch_size":512,
    "activation":"relu",
    "eps_regulariser":0,
    "regulariser":null,
    "dist_seed":0,
    "test_seed":0,
    "kl_divergence":-1,
    "ks_test_mean":0.44840966393214765,
    "ks_test_median":0.4450402664235796,
    "ad_test_mean":0.2102806804497166,
    "ad_test_median":0.2036607520493961,
    "Wasserstein_median":0.033253801276935495,
    "Wasserstein_mean":0.033253801276935495,
    "frob_norm":0.058510207702795074,
    "epochs_input":1000,
    "epochs_output":175,
    "time":4423.253166359849,
    "train_loss_history":[
        18.922330856323242,
        6.8067731857299805,
        5.771406173706055,
        5.516961097717285,
        5.221050262451172,
        5.157653331756592,
        4.96459436416626,
        4.838179588317871,
        4.764525413513184,
        4.915908336639404,
        4.644048690795898,
        4.598917484283447,
        4.666463375091553,
        4.54256534576416,
        4.5360212326049805,
        4.5919671058654785,
        4.482645034790039,
        4.486225128173828,
        4.464301109313965,
        4.431873798370361,
        4.429646968841553,
        4.445957660675049,
        4.461851119995117,
        4.429574489593506,
        4.390153884887695,
        4.400482177734375,
        4.376009464263916,
        4.3597846031188965,
        4.4000444412231445,
        4.397878170013428,
        4.334904193878174,
        4.358734607696533,
        4.353471279144287,
        4.350913047790527,
        4.374048233032227,
        4.335989952087402,
        4.31976318359375,
        4.310445308685303,
        4.33772087097168,
        4.3108744621276855,
        4.303655624389648,
        4.340991497039795,
        4.2704620361328125,
        4.280905246734619,
        4.307271480560303,
        4.271121501922607,
        4.277874946594238,
        4.2785773277282715,
        4.279029846191406,
        4.269886016845703,
        4.289015293121338,
        4.295462608337402,
        4.262931823730469,
        4.248144149780273,
        4.267543315887451,
        4.280635356903076,
        4.2407026290893555,
        4.256200313568115,
        4.235971450805664,
        4.234730243682861,
        4.235097408294678,
        4.231410503387451,
        4.231004238128662,
        4.256486892700195,
        4.226011276245117,
        4.2371015548706055,
        4.233606338500977,
        4.205413818359375,
        4.236441135406494,
        4.22935152053833,
        4.222205638885498,
        4.223423004150391,
        4.209911823272705,
        4.1994242668151855,
        4.207846641540527,
        4.2075676918029785,
        4.212932109832764,
        4.206827640533447,
        4.228534698486328,
        4.186610221862793,
        4.207980155944824,
        4.1908278465271,
        4.212377071380615,
        4.170400619506836,
        4.189665794372559,
        4.200767993927002,
        4.191633224487305,
        4.176746845245361,
        4.198983192443848,
        4.171216011047363,
        4.181446552276611,
        4.180480003356934,
        4.191659450531006,
        4.168756008148193,
        4.165170192718506,
        4.160077095031738,
        4.162399768829346,
        4.1779656410217285,
        4.1693220138549805,
        4.154020309448242,
        4.171571731567383,
        4.159243583679199,
        4.148247241973877,
        4.1581501960754395,
        4.166259288787842,
        4.149637699127197,
        4.148181915283203,
        4.148397445678711,
        4.1413984298706055,
        4.154134273529053,
        4.134264945983887,
        4.145362854003906,
        4.12313985824585,
        4.122531890869141,
        4.159538745880127,
        4.172847270965576,
        4.12711763381958,
        4.121128559112549,
        4.150883674621582,
        4.124650478363037,
        4.12720251083374,
        4.126758098602295,
        4.120584487915039,
        4.129286766052246,
        4.12974739074707,
        4.1233696937561035,
        4.129354476928711,
        4.118104934692383,
        4.116664409637451,
        4.111452102661133,
        4.110470771789551,
        4.121548652648926,
        4.105276584625244,
        4.100894927978516,
        4.094449996948242,
        4.1038970947265625,
        4.092408180236816,
        4.097190856933594,
        4.094956874847412,
        4.1084699630737305,
        4.1036272048950195,
        4.095618724822998,
        4.106834888458252,
        4.08816385269165,
        4.085037708282471,
        4.078331470489502,
        4.092914581298828,
        4.102105617523193,
        4.085893630981445,
        4.089474201202393,
        4.099655628204346,
        4.066673755645752,
        4.06858491897583,
        4.072533130645752,
        4.100542068481445,
        4.082281589508057,
        4.062446594238281,
        4.0876383781433105,
        4.081984519958496,
        4.069804668426514,
        4.069540977478027,
        4.07177209854126,
        4.084334850311279,
        4.067930698394775,
        4.072920322418213,
        3.9551656246185303,
        3.9346115589141846,
        3.928431272506714,
        3.9248013496398926,
        3.921837091445923,
        3.919564723968506,
        3.9155495166778564,
        3.9166464805603027,
        3.9149553775787354,
        3.9141228199005127
    ],