{
    "run_n":19,
    "run_seed":0,
    "ndims":64,
    "nsamples":100000,
    "correlation":"corr",
    "nbijectors":10,
    "bijector":"RealNVPN",
    "spline_knots":8,
    "range_min":-16,
    "hidden_layers":"128-128-128",
    "batch_size":256,
    "activation":"relu",
    "eps_regulariser":0,
    "regulariser":null,
    "dist_seed":0,
    "test_seed":0,
    "kl_divergence":-1,
    "ks_test_mean":0.11517020557435109,
    "ks_test_median":0.07501700249518466,
    "ad_test_mean":0.011789611601404761,
    "ad_test_median":0.032057539633301706,
    "Wasserstein_median":0.018811046313826234,
    "Wasserstein_mean":0.018811046313826234,
    "frob_norm":1.823922473965747,
    "epochs_input":1000,
    "epochs_output":260,
    "time":2378.7740799654275,
    "train_loss_history":[
        16087.3232421875,
        29.68821144104004,
        18.42132568359375,
        13.356205940246582,
        10.82391357421875,
        8.088132858276367,
        6.737376689910889,
        5.21474027633667,
        4.720804691314697,
        4.001552104949951,
        3.042048692703247,
        3.28428053855896,
        2.1161484718322754,
        2.2812230587005615,
        1.9989522695541382,
        1.4746960401535034,
        1.017964482307434,
        1.230503797531128,
        0.6381916999816895,
        0.529676079750061,
        -0.12144581228494644,
        -0.1504920870065689,
        -0.2043772041797638,
        -0.4044441878795624,
        -0.4456001818180084,
        -0.7267006635665894,
        -0.7307242751121521,
        -1.007685661315918,
        -0.587007462978363,
        -0.7348730564117432,
        -1.3812581300735474,
        -1.2840040922164917,
        -0.9620943069458008,
        -1.7351504564285278,
        -1.8729522228240967,
        1.3006762266159058,
        -2.0779590606689453,
        -2.000945806503296,
        -2.44564151763916,
        -2.3822457790374756,
        -2.281108856201172,
        -1.9862337112426758,
        -2.459171772003174,
        -1.6309279203414917,
        -2.0667498111724854,
        -3.0388894081115723,
        -2.3791391849517822,
        -2.6503522396087646,
        -2.594411611557007,
        -2.5940353870391846,
        -3.3975141048431396,
        -3.6098878383636475,
        -2.8180301189422607,
        -3.776684284210205,
        -3.5568618774414062,
        -3.619985818862915,
        -4.814270496368408,
        -5.089710712432861,
        -4.835933685302734,
        -4.213665008544922,
        -4.660247325897217,
        -5.904961585998535,
        -6.096280097961426,
        -6.170015335083008,
        -6.152292251586914,
        40.959049224853516,
        10.52698040008545,
        0.05159546062350273,
        -1.6545312404632568,
        -2.648148775100708,
        -3.373868465423584,
        -3.6292707920074463,
        -4.247161388397217,
        -3.898798704147339,
        -4.962621212005615,
        -4.774231910705566,
        -4.884521961212158,
        -5.461226463317871,
        -5.465136528015137,
        -5.403609275817871,
        -4.270141124725342,
        -6.017726421356201,
        -6.2093586921691895,
        -6.330801963806152,
        -6.48511266708374,
        -6.585635662078857,
        -6.728302478790283,
        -6.861536502838135,
        -7.108466148376465,
        -7.0251145362854,
        -7.243847846984863,
        -7.041826248168945,
        -7.229929447174072,
        -7.743108749389648,
        -7.413240432739258,
        -7.4374589920043945,
        -7.996368885040283,
        -7.3745222091674805,
        -8.032859802246094,
        -7.34535551071167,
        -8.202302932739258,
        -8.20492935180664,
        -8.1052827835083,
        -8.576510429382324,
        -8.56135368347168,
        -8.299507141113281,
        -8.560014724731445,
        -8.294649124145508,
        -8.914118766784668,
        -8.942275047302246,
        -8.939398765563965,
        -8.60391616821289,
        -9.398466110229492,
        -8.937949180603027,
        -9.119091033935547,
        -9.503630638122559,
        -9.232992172241211,
        -9.675002098083496,
        -9.039924621582031,
        -9.548212051391602,
        -9.73847484588623,
        -9.488170623779297,
        -10.016780853271484,
        -9.537917137145996,
        -9.905542373657227,
        -10.10044002532959,
        -10.220033645629883,
        -10.225878715515137,
        -9.964799880981445,
        -10.311483383178711,
        -10.156022071838379,
        -10.280874252319336,
        -10.415156364440918,
        -10.452728271484375,
        -10.404192924499512,
        -10.40174388885498,
        -10.644469261169434,
        -10.664579391479492,
        -10.592015266418457,
        -10.948735237121582,
        -10.609292030334473,
        -10.853075981140137,
        -11.0057954788208,
        -10.527191162109375,
        -10.669281959533691,
        -11.334334373474121,
        -11.033214569091797,
        -10.846698760986328,
        -11.237662315368652,
        -11.15986442565918,
        -11.015176773071289,
        -10.829524993896484,
        -11.440319061279297,
        -11.415032386779785,
        -11.217244148254395,
        -11.494712829589844,
        -11.227867126464844,
        -11.793343544006348,
        -11.389208793640137,
        -11.329480171203613,
        -11.657561302185059,
        -11.358078956604004,
        -11.433038711547852,
        -11.719825744628906,
        -11.922303199768066,
        -11.564800262451172,
        -11.799684524536133,
        -11.657255172729492,
        -11.963069915771484,
        -11.424650192260742,
        -12.00024127960205,
        -11.924903869628906,
        -11.879241943359375,
        -11.984129905700684,
        -12.003924369812012,
        -11.977886199951172,
        -12.142183303833008,
        -12.231849670410156,
        -11.823451042175293,
        -12.240645408630371,
        -12.150277137756348,
        -12.263970375061035,
        -12.134319305419922,
        -11.731522560119629,
        -12.041827201843262,
        -12.530319213867188,
        -12.395553588867188,
        -12.449162483215332,
        -12.437982559204102,
        -12.587845802307129,
        -11.860834121704102,
        -12.583155632019043,
        -12.51161003112793,
        -12.571883201599121,
        -12.685478210449219,
        -12.579957962036133,
        -12.449501037597656,
        -12.673439979553223,
        -12.182440757751465,
        -12.827990531921387,
        -12.716404914855957,
        -12.78995132446289,
        51.81056594848633,
        3.075348138809204,
        -1.6746039390563965,
        -3.8598902225494385,
        -5.227016925811768,
        -5.99069881439209,
        -6.498220920562744,
        -6.529582977294922,
        -6.9833173751831055,
        -7.2001729011535645,
        881.6043701171875,
        20.220041275024414,
        8.603487014770508,
        4.895276069641113,
        2.7169532775878906,
        1.3687481880187988,
        0.5954043865203857,
        -0.3238925337791443,
        -0.9794768691062927,
        -1.4084733724594116,
        -1.8131299018859863,
        -2.3389294147491455,
        -2.849076509475708,
        -3.308037757873535,
        -3.7582719326019287,
        -3.6505377292633057,
        -4.479884147644043,
        -4.684876441955566,
        -4.791273593902588,
        -4.9679412841796875,
        -5.425389289855957,
        -5.491601943969727,
        -5.426276206970215,
        -5.989943981170654,
        1256.11962890625,
        16.84690284729004,
        3.5725324153900146,
        0.7872931957244873,
        -0.8526190519332886,
        -1.9265129566192627,
        -2.6980538368225098,
        -3.358935832977295,
        -3.8233847618103027,
        -4.246671676635742,
        -4.701183319091797,
        -5.02164888381958,
        -5.286553859710693,
        -5.536864280700684,
        -6.484060287475586,
        -6.577312469482422,
        -6.661530494689941,
        -6.756253242492676,
