{
    "run_n":3,
    "run_seed":0,
    "ndims":8,
    "nsamples":100000,
    "correlation":"corr",
    "nbijectors":8,
    "bijector":"MAFN",
    "spline_knots":8,
    "range_min":-16,
    "hidden_layers":"128-128-128",
    "batch_size":512,
    "activation":"relu",
    "eps_regulariser":0,
    "regulariser":null,
    "dist_seed":0,
    "test_seed":0,
    "kl_divergence":-1,
    "ks_test_mean":0.4536314193586183,
    "ks_test_median":0.444370220834747,
    "ad_test_mean":0.2007061224971152,
    "ad_test_median":0.1982737355166128,
    "Wasserstein_median":0.023413135142028328,
    "Wasserstein_mean":0.023413135142028328,
    "frob_norm":0.08265281014896526,
    "epochs_input":1000,
    "epochs_output":85,
    "time":373.69696220662445,
    "train_loss_history":[
        11.212326049804688,
        10.095895767211914,
        9.915671348571777,
        9.873259544372559,
        9.837536811828613,
        9.811781883239746,
        9.79694938659668,
        9.777506828308105,
        9.771055221557617,
        9.759170532226562,
        9.755237579345703,
        9.7492036819458,
        9.738313674926758,
        9.736334800720215,
        9.723712921142578,
        9.685120582580566,
        9.69929313659668,
        9.654586791992188,
        9.641036033630371,
        9.640130043029785,
        9.635013580322266,
        9.624733924865723,
        9.617413520812988,
        9.610218048095703,
        9.611278533935547,
        9.61037540435791,
        9.620930671691895,
        9.611960411071777,
        9.599687576293945,
        9.607881546020508,
        9.599395751953125,
        9.592368125915527,
        9.594192504882812,
        9.582061767578125,
        9.578859329223633,
        9.576822280883789,
        9.576664924621582,
        9.576254844665527,
        9.570444107055664,
        9.591400146484375,
        9.597612380981445,
        9.566888809204102,
        9.689162254333496,
        9.607039451599121,
        9.59117317199707,
        9.579654693603516,
        9.582350730895996,
        9.57172966003418,
        9.565120697021484,
        9.562276840209961,
        9.566757202148438,
        9.560603141784668,
        9.552762031555176,
        9.550297737121582,
        9.549901962280273,
        9.543864250183105,
        9.544965744018555,
        9.545480728149414,
        9.536853790283203,
        9.537281036376953,
        9.533843994140625,
        9.533759117126465,
        9.527892112731934,
        9.534653663635254,
        9.527608871459961,
        9.518342018127441,
        9.525216102600098,
        9.513776779174805,
        9.51473617553711,
        9.525324821472168,
        9.515830993652344,
        9.518146514892578,
        9.510915756225586,
        9.515984535217285,
        9.50810432434082,
        9.4525785446167,
        9.44112491607666,
        9.43856430053711,
        9.436432838439941,
        9.434783935546875,
        9.433219909667969,
        9.43250560760498,
        9.429535865783691,
        9.427555084228516,
        9.429716110229492
    ],
    "val_loss_history":[
        10.437898635864258,
        9.963058471679688,
        9.887479782104492,
        9.861841201782227,
        9.823972702026367,
        9.833410263061523,
        9.833406448364258,
        9.800615310668945,
        9.781608581542969,
        9.778069496154785,
        9.767428398132324,
        9.776686668395996,
        9.767882347106934,
        9.783984184265137,
        9.736799240112305,
        9.711788177490234,
        9.69080638885498,
        9.681900978088379,
        9.679388999938965,
        9.679542541503906,
        9.683485984802246,
        9.667367935180664,
        9.678167343139648,
        9.659982681274414,
        9.657622337341309,
        9.662841796875,
        9.67785358428955,
        9.667585372924805,
        9.72313117980957,
        9.663249969482422,
        9.67023754119873,
        9.66910457611084,
        9.921387672424316,
        9.665532112121582,
        9.66633129119873,
        9.669134140014648,
        9.745166778564453,
        9.666962623596191,
        9.813021659851074,
        9.721235275268555,
        9.748194694519043,
        9.946715354919434,
        9.714402198791504,
        9.66578483581543,
        9.697969436645508,
        9.66425895690918,
        9.851373672485352,
        11.37346363067627,
        9.699504852294922,
        12.837843894958496,
        17.604703903198242,
        9.660554885864258,
        3171566.75,
        10.60828971862793,
        Infinity,
        10.028875350952148,
        20.965314865112305,
        19.4826602935791,
        104.41356658935547,
        305124081664.0,
        2203454.0,
        72100.5859375,
        509.4214782714844,
        28.097675323486328,
        4118.6005859375,
        96.5611801147461,
        Infinity,
        441.56243896484375,
        51.738685607910156,
        106.22592163085938,
        4590704128.0,
        118313984.0,
        190712888950784.0,
        6968.1259765625,
        Infinity,
        Infinity,
        Infinity,
        Infinity,
        Infinity,
        Infinity,
        Infinity,
        Infinity,
        Infinity,
        Infinity,
        Infinity
    ],
    "best_train_loss":9.611278533935547,
    "best_val_loss":9.657622337341309,
    "best_epoch":24
}