{
    "run_n":3,
    "run_seed":0,
    "ndims":4,
    "nsamples":100000,
    "correlation":"corr",
    "nbijectors":10,
    "bijector":"MAFN",
    "spline_knots":8,
    "range_min":-16,
    "hidden_layers":"128-128-128",
    "batch_size":512,
    "activation":"relu",
    "eps_regulariser":0,
    "regulariser":null,
    "dist_seed":0,
    "test_seed":0,
    "kl_divergence":-1,
    "ks_test_mean":0.517505238728534,
    "ks_test_median":0.5317048266687274,
    "ad_test_mean":0.21050814707826204,
    "ad_test_median":0.21172036047997667,
    "Wasserstein_median":0.012133732069515294,
    "Wasserstein_mean":0.012133732069515294,
    "frob_norm":0.03334472959425397,
    "epochs_input":1000,
    "epochs_output":126,
    "time":556.8584621287882,
    "train_loss_history":[
        5.341766357421875,
        2.271759510040283,
        2.276346445083618,
        2.197129726409912,
        2.1903798580169678,
        2.1837027072906494,
        2.173454523086548,
        2.2543210983276367,
        2.2294728755950928,
        2.1643755435943604,
        2.1474361419677734,
        2.1509811878204346,
        2.131263017654419,
        2.1276650428771973,
        2.1443965435028076,
        2.112679958343506,
        2.1114697456359863,
        2.123932123184204,
        2.1183245182037354,
        2.0995733737945557,
        2.1170337200164795,
        2.1031792163848877,
        2.0994462966918945,
        2.096947431564331,
        2.0945050716400146,
        2.101956844329834,
        2.0862016677856445,
        2.0839226245880127,
        2.205331802368164,
        2.2201483249664307,
        2.176347494125366,
        2.1433305740356445,
        2.157747983932495,
        2.140939474105835,
        2.1132240295410156,
        2.1105215549468994,
        2.106398105621338,
        2.081261157989502,
        2.089958667755127,
        2.078514337539673,
        2.0722739696502686,
        2.0785415172576904,
        2.0693881511688232,
        2.0700700283050537,
        2.0712101459503174,
        2.070071220397949,
        2.239284038543701,
        2.1380467414855957,
        2.097353458404541,
        2.0735960006713867,
        2.0729317665100098,
        2.069885015487671,
        2.1195645332336426,
        2.0649986267089844,
        2.0696699619293213,
        2.06329345703125,
        2.0672523975372314,
        2.0551092624664307,
        2.055091619491577,
        2.0584800243377686,
        2.062811851501465,
        2.0529487133026123,
        2.063112497329712,
        2.052598476409912,
        2.0500528812408447,
        2.0504541397094727,
        2.048584461212158,
        NaN,
        NaN,
        NaN,
        NaN,
        NaN,
        NaN,
        NaN,
        NaN,
        NaN,
        NaN,
        NaN,
        NaN,
        NaN,
        NaN,
        NaN,
        NaN,
        NaN,
        NaN,
        NaN,
        NaN,
        NaN,
        NaN,
        NaN,
        NaN,
        NaN,
        NaN,
        NaN,
        NaN,
        NaN,
        NaN,
        NaN,
        NaN,
        NaN,
        NaN,
        NaN,
        NaN,
        NaN,
        NaN,
        NaN,
        NaN,
        NaN,
        NaN,
        NaN,
        NaN,
        NaN,
        NaN,
        NaN,
        NaN,
        NaN,
        NaN,
        NaN,
        NaN,
        NaN,
        NaN,
        NaN,
        NaN,
        NaN,
        NaN,
        NaN
    ],
    "val_loss_history":[
        2.356412410736084,
        2.321949005126953,
        2.2044737339019775,
        2.240104913711548,
        2.171337127685547,
        2.2828829288482666,
        2.1562931537628174,
        2.456712484359741,
        2.1483566761016846,
        2.139850616455078,
        2.157184362411499,
        2.144430637359619,
        2.1160507202148438,
        2.161041498184204,
        2.128126621246338,
        2.1473679542541504,
        2.10882830619812,
        2.1154069900512695,
        2.194471836090088,
        2.1278157234191895,
        2.125669240951538,
        2.0992374420166016,
        2.081044912338257,
        2.099156141281128,
        2.099055767059326,
        2.0976407527923584,
        2.1163105964660645,
        2.07647705078125,
        2.283582925796509,
        2.1897432804107666,
        2.1304094791412354,
        2.135498285293579,
        2.1267879009246826,
        2.1209776401519775,
        2.1385858058929443,
        2.2182438373565674,
        2.0869460105895996,
        2.0821382999420166,
        2.0722529888153076,
        2.0671141147613525,
        2.062673330307007,
        2.059584856033325,
        2.0646812915802,
        2.0492489337921143,
        2.068201780319214,
        2.064725875854492,
        2.1929333209991455,
        2.115917444229126,
        2.063965082168579,
        2.0547537803649902,
        2.0537965297698975,
        2.0642638206481934,
        2.0662028789520264,
        2.0598952770233154,
        2.083575963973999,
        2.043884038925171,
        2.064081907272339,
        2.049868583679199,
        2.071890115737915,
        2.040052652359009,
        2.048001527786255,
        2.0898752212524414,
        2.0427165031433105,
        2.090397834777832,
        2.056133270263672,
        2.035759687423706,
        2.0620133876800537,
        NaN,
        NaN,
        NaN,
        NaN,
        NaN,
        NaN,
        NaN,
        NaN,
        NaN,
        NaN,
        NaN,
        NaN,
        NaN,
        NaN,
        NaN,
        NaN,
        NaN,
        NaN,
        NaN,
        NaN,
        NaN,
        NaN,
        NaN,
        NaN,
        NaN,
        NaN,
        NaN,
        NaN,
        NaN,
        NaN,
        NaN,
        NaN,
        NaN,
        NaN,
        NaN,
        NaN,
        NaN,
        NaN,
        NaN,
        NaN,
        NaN,
        NaN,
        NaN,
        NaN,
        NaN,
        NaN,
        NaN,
        NaN,
        NaN,
        NaN,
        NaN,
        NaN,
        NaN,
        NaN,
        NaN,
        NaN,
        NaN,
        NaN,
        NaN
    ],
    "best_train_loss":[],
    "best_val_loss":NaN,
    "best_epoch":[]
}