{
    "run_n":9,
    "run_seed":926,
    "ndims":8,
    "nsamples":100000,
    "correlation":"corr",
    "nbijectors":5,
    "bijector":"MAFN",
    "spline_knots":8,
    "range_min":-5,
    "hidden_layers":"128-128-128",
    "batch_size":512,
    "activation":"relu",
    "eps_regulariser":0,
    "regulariser":null,
    "dist_seed":0,
    "test_seed":0,
    "ks_mean":5.6224609106216026e-06,
    "ks_std":2.3771916958775955e-05,
    "ad_mean":0.0010000000000000002,
    "ad_std":2.168404344971009e-19,
    "wd_mean":0.17299593787164175,
    "wd_std":0.053143178332939,
    "swd_mean":0.1686904965971883,
    "swd_std":0.07521243108849969,
    "fn_mean":0.4890700467514691,
    "fn_std":0.02029668011330391,
    "epochs_input":1000,
    "epochs_output":222,
    "time":582.9213009900413,
    "train_loss_history":[
        23.960834503173828,
        14.128575325012207,
        12.396470069885254,
        11.554935455322266,
        11.117283821105957,
        10.80892562866211,
        10.528181076049805,
        10.353673934936523,
        10.115285873413086,
        10.011414527893066,
        9.837895393371582,
        9.721538543701172,
        9.542444229125977,
        9.518858909606934,
        9.39176082611084,
        9.29944133758545,
        9.181782722473145,
        9.164231300354004,
        9.035199165344238,
        8.961651802062988,
        8.94414234161377,
        8.855093002319336,
        8.88363265991211,
        8.783674240112305,
        8.753191947937012,
        8.714282989501953,
        8.637898445129395,
        8.696394920349121,
        8.54117202758789,
        8.576214790344238,
        8.575654029846191,
        8.52711296081543,
        8.477962493896484,
        8.405906677246094,
        8.433808326721191,
        8.437344551086426,
        8.429637908935547,
        8.328653335571289,
        8.318488121032715,
        8.37537670135498,
        8.331658363342285,
        8.348960876464844,
        8.229910850524902,
        8.183363914489746,
        8.199021339416504,
        8.180594444274902,
        8.136070251464844,
        8.13807201385498,
        8.129742622375488,
        8.12793254852295,
        8.051977157592773,
        8.098254203796387,
        8.073277473449707,
        8.030046463012695,
        8.015507698059082,
        8.060761451721191,
        8.029732704162598,
        7.985288619995117,
        8.02820110321045,
        8.01865005493164,
        7.996247291564941,
        7.925057888031006,
        7.916131973266602,
        7.970466136932373,
        7.919437408447266,
        7.9373393058776855,
        7.8867998123168945,
        7.873859882354736,
        7.841113567352295,
        8.043007850646973,
        7.9250288009643555,
        8.04656982421875,
        7.929500102996826,
        7.812925815582275,
        7.795096397399902,
        7.79240083694458,
        7.871415138244629,
        7.786102771759033,
        7.826882362365723,
        7.80954122543335,
        7.760570526123047,
        7.745124816894531,
        7.724900722503662,
        7.7507243156433105,
        7.728435516357422,
        7.7393293380737305,
        7.747490406036377,
        7.7673115730285645,
        7.646354675292969,
        7.708084583282471,
        7.715876579284668,
        7.713761806488037,
        7.6743292808532715,
        7.636226654052734,
        7.699423313140869,
        7.655085563659668,
        7.713667869567871,
        7.719667911529541,
        7.640646457672119,
        7.588150978088379,
        7.61815071105957,
        7.655542850494385,
        7.642140865325928,
        7.630591869354248,
        7.650146484375,
        9.314902305603027,
        7.980823040008545,
        7.824573040008545,
        7.73935604095459,
        7.685776710510254,
        7.724530220031738,
        7.670773983001709,
        7.624478340148926,
        7.603714466094971,
        7.603240013122559,
        7.5617194175720215,
        7.604001045227051,
        7.587418556213379,
        7.604254245758057,
        7.613507270812988,
        7.592390060424805,
        7.554166793823242,
        7.580268859863281,
        7.544065952301025,
        7.55575704574585,
        7.551212310791016,
        7.5616936683654785,
        7.530173301696777,
        7.5340070724487305,
        7.4948954582214355,
        7.521200656890869,
        7.503591060638428,
        7.542004585266113,
        7.555082321166992,
        7.5360846519470215,
        7.633721351623535,
        7.520834922790527,
        7.491393089294434,
        7.467202663421631,
        7.5046162605285645,
        7.47078275680542,
        7.4730634689331055,
        7.4958391189575195,
        7.721803665161133,
        7.517783164978027,
        7.513089179992676,
        7.521090984344482,
        7.466300010681152,
        7.474296569824219,
        7.49998140335083,
        7.457242012023926,
        7.420542240142822,
        7.4118733406066895,
        7.4237380027771,
        7.447848320007324,
        7.443850040435791,
        7.3954644203186035,
        7.510109901428223,
        7.4849324226379395,
        7.414609432220459,
        7.457700252532959,
        7.3971991539001465,
        7.461742401123047,
        36.006263732910156,
        17.92698860168457,
        15.28713607788086,
        13.901896476745605,
        12.92331600189209,
        12.276806831359863,
        11.799903869628906,
        11.481249809265137,
        11.197661399841309,
        10.926812171936035,
        10.660504341125488,
        10.495107650756836,
        10.23094654083252,
        10.057440757751465,
        9.913609504699707,
        9.782268524169922,
        9.695940971374512,
        9.539848327636719,
        9.487688064575195,
        9.377192497253418,
        9.29055404663086,
        9.216839790344238,
        9.12973690032959,
        9.066800117492676,
        9.001290321350098,
        8.955096244812012,
        8.871879577636719,
        8.790435791015625,
        8.787888526916504,
        8.809453010559082,
        8.693665504455566,
        8.673320770263672,
        8.60910701751709,
        8.655308723449707,
        8.5098876953125,
        8.515216827392578,
        8.468954086303711,
        8.470707893371582,
        8.441435813903809,
        8.366353988647461,
        8.363515853881836,
        8.343880653381348,
        8.298362731933594,
        8.29128360748291,
        8.40562915802002,
        8.217042922973633,
        8.262259483337402,
        8.24785041809082,
        8.19034194946289,
        7.924499034881592,
        7.888490200042725,
        7.866633892059326,
        7.853262424468994,
        7.839532375335693,
        7.839643955230713,
        7.834059715270996,
        7.824798107147217,
        7.835304260253906,
        7.81689453125
    ],