{
    "run_n":2,
    "run_seed":187,
    "ndims":1000,
    "nsamples":100000,
    "correlation":"corr",
    "nbijectors":5,
    "bijector":"MAFN",
    "spline_knots":8,
    "range_min":-5,
    "hidden_layers":"128-128-128",
    "batch_size":512,
    "activation":"relu",
    "eps_regulariser":0,
    "regulariser":null,
    "dist_seed":0,
    "test_seed":0,
    "kl_divergence":-1,
    "ks_test_mean":0.004688787031652465,
    "ks_test_median":7.664522424891738e-07,
    "ad_test_mean":0.0010000000000000002,
    "ad_test_median":0.0038648870041087576,
    "Wasserstein_median":0.5232077516011875,
    "Wasserstein_mean":0.5232077516011875,
    "frob_norm":84.11881188242876,
    "epochs_input":1000,
    "epochs_output":214,
    "time":600.3727778759785,
    "train_loss_history":[
        3235.843017578125,
        841.9193725585938,
        618.4407348632812,
        556.5999755859375,
        525.541015625,
        507.121826171875,
        494.6759338378906,
        483.2236633300781,
        477.32977294921875,
        475.2720947265625,
        467.1034240722656,
        463.4246520996094,
        463.0101013183594,
        457.78955078125,
        455.7862243652344,
        454.1673278808594,
        450.2049865722656,
        449.154541015625,
        447.2047424316406,
        444.9200744628906,
        444.7882385253906,
        442.360107421875,
        441.09796142578125,
        440.00091552734375,
        439.9656066894531,
        439.5859069824219,
        435.7536315917969,
        435.4992370605469,
        436.9132995605469,
        435.9465026855469,
        434.2770080566406,
        432.1221008300781,
        430.7453918457031,
        429.68109130859375,
        435.0450744628906,
        430.52728271484375,
        430.2226257324219,
        428.3255310058594,
        426.7649230957031,
        428.1120300292969,
        426.78436279296875,
        426.8486633300781,
        427.89642333984375,
        430.75433349609375,
        424.6361389160156,
        425.75103759765625,
        425.4241943359375,
        424.11102294921875,
        423.69757080078125,
        424.02716064453125,
        424.1578369140625,
        424.87896728515625,
        422.420166015625,
        423.4803771972656,
        422.6122131347656,
        422.10089111328125,
        421.8446044921875,
        421.45166015625,
        421.90899658203125,
        423.65533447265625,
        419.5696716308594,
        424.1493835449219,
        419.4029846191406,
        419.6871032714844,
        419.3944396972656,
        420.3252258300781,
        419.1108703613281,
        418.27435302734375,
        420.5509338378906,
        417.6694641113281,
        418.0422668457031,
        419.13787841796875,
        418.527099609375,
        417.4983825683594,
        417.1519470214844,
        415.86279296875,
        420.1073913574219,
        415.2459411621094,
        415.6318054199219,
        417.1934509277344,
        417.1119384765625,
        416.5352478027344,
        414.2734069824219,
        414.8646240234375,
        415.3077392578125,
        415.4898681640625,
        417.2996826171875,
        413.4963073730469,
        414.9312438964844,
        413.8798828125,
        414.2423095703125,
        414.0756530761719,
        413.9653015136719,
        415.116455078125,
        413.4938049316406,
        413.5539855957031,
        413.1888427734375,
        413.06304931640625,
        413.3642272949219,
        413.3533935546875,
        412.2773742675781,
        412.9989318847656,
        415.0930480957031,
        412.2730712890625,
        413.4541931152344,
        411.4734802246094,
        412.31231689453125,
        421.7652587890625,
        412.7842712402344,
        412.19879150390625,
        411.752197265625,
        411.0981140136719,
        410.92987060546875,
        411.2347106933594,
        411.8406066894531,
        410.82110595703125,
        412.0798645019531,
        411.80877685546875,
        410.4706115722656,
        409.974609375,
        438.0484313964844,
        428.54339599609375,
        412.90478515625,
        412.16241455078125,
        416.8068542480469,
        411.5423889160156,
        410.61895751953125,
        410.309326171875,
        416.1098327636719,
        410.0661926269531,
        410.5387268066406,
        409.64111328125,
        410.1287536621094,
        410.7304382324219,
        409.04547119140625,
        409.8187255859375,
        410.5008850097656,
        409.6792907714844,
        410.9242858886719,
        408.5461120605469,
        409.3580017089844,
        417.86224365234375,
        408.70751953125,
        409.15447998046875,
        410.4891662597656,
        409.39019775390625,
        425.7815856933594,
        408.7004699707031,
        408.20654296875,
        408.8238525390625,
        408.0877685546875,
        408.05322265625,
        407.5267028808594,
        411.9944763183594,
        408.0167541503906,
        408.3819580078125,
        407.21160888671875,
        408.8688659667969,
        407.91766357421875,
        408.01336669921875,
        408.34259033203125,
        406.7474060058594,
        NaN,
        NaN,
        NaN,
        NaN,
        NaN,
        NaN,
        NaN,
        NaN,
        NaN,
        NaN,
        NaN,
        NaN,
        NaN,
        NaN,
        NaN,
        NaN,
        NaN,
        NaN,
        NaN,
        NaN,
        NaN,
        NaN,
        NaN,
        NaN,
        NaN,
        NaN,
        NaN,
        NaN,
        NaN,
        NaN,
        NaN,
        NaN,
        NaN,
        NaN,
        NaN,
        NaN,
        NaN,
        NaN,
        NaN,
        NaN,
        NaN,
        NaN,
        NaN,
        NaN,
        NaN,
        NaN,
        NaN,
        NaN,
        NaN,
        NaN,
        NaN,
        NaN
    ],