{
    "run_n":10,
    "run_seed":933,
    "ndims":16,
    "nsamples":100000,
    "correlation":"corr",
    "nbijectors":2,
    "bijector":"MsplineN",
    "spline_knots":8,
    "range_min":-16,
    "hidden_layers":"128-128-128",
    "batch_size":512,
    "activation":"relu",
    "eps_regulariser":0,
    "regulariser":null,
    "dist_seed":0,
    "test_seed":0,
    "kl_divergence":-1,
    "ks_test_mean":0.46100167119547425,
    "ks_test_median":0.464368647626582,
    "ad_test_mean":0.20565077185918915,
    "ad_test_median":0.20318112983110215,
    "Wasserstein_median":0.022895747262038905,
    "Wasserstein_mean":0.022895747262038905,
    "frob_norm":0.15085086599615988,
    "epochs_input":1000,
    "epochs_output":212,
    "time":1391.4610720188357,
    "train_loss_history":[
        35.44416809082031,
        7.641427516937256,
        6.293956756591797,
        5.911585330963135,
        5.72367000579834,
        5.655217170715332,
        5.5630693435668945,
        5.4878764152526855,
        5.450407981872559,
        5.4112372398376465,
        5.421093463897705,
        5.392489910125732,
        5.3625054359436035,
        5.347050666809082,
        5.340333461761475,
        5.3246355056762695,
        5.321328639984131,
        5.307693958282471,
        5.29854154586792,
        5.289012432098389,
        5.296009063720703,
        5.289968967437744,
        5.294365406036377,
        5.26760196685791,
        5.254936218261719,
        5.258380889892578,
        5.271235942840576,
        5.257345199584961,
        5.246646881103516,
        5.270531177520752,
        5.246985912322998,
        5.239279270172119,
        5.241722106933594,
        5.244489669799805,
        5.228758335113525,
        5.2277512550354,
        5.228851795196533,
        5.223898410797119,
        5.224045276641846,
        5.218997478485107,
        5.211618900299072,
        5.237815856933594,
        5.210693836212158,
        5.20425271987915,
        5.215170860290527,
        5.228091239929199,
        5.216386318206787,
        5.208141803741455,
        5.192509174346924,
        5.196892261505127,
        5.190764427185059,
        5.185152530670166,
        5.191766262054443,
        5.192006587982178,
        5.207221984863281,
        5.189828872680664,
        5.1907243728637695,
        5.194339752197266,
        5.174174785614014,
        5.1812005043029785,
        5.177297592163086,
        5.194228172302246,
        5.1833415031433105,
        5.177021026611328,
        5.191930770874023,
        5.169188022613525,
        5.17739725112915,
        5.169609546661377,
        5.180972099304199,
        5.175434589385986,
        5.182597637176514,
        5.176805019378662,
        5.166416645050049,
        5.162714958190918,
        5.167261600494385,
        5.166025638580322,
        5.171715259552002,
        5.1528778076171875,
        5.1678948402404785,
        5.162345886230469,
        5.17470645904541,
        5.155195236206055,
        5.155383110046387,
        5.153820037841797,
        5.150052070617676,
        5.153816223144531,
        5.141449928283691,
        5.153501510620117,
        5.1626787185668945,
        5.154252052307129,
        5.164429664611816,
        5.14838981628418,
        5.144778728485107,
        5.142528533935547,
        5.14442253112793,
        5.148077011108398,
        5.149939060211182,
        5.153254985809326,
        5.1497321128845215,
        5.138705253601074,
        5.1583476066589355,
        5.145514011383057,
        5.132422924041748,
        5.137964725494385,
        5.144956588745117,
        5.143571853637695,
        5.1371073722839355,
        5.133264064788818,
        5.132443904876709,
        5.135830402374268,
        5.129639148712158,
        5.13055419921875,
        5.134886264801025,
        5.139924049377441,
        5.128939151763916,
        5.1249847412109375,
        5.117128849029541,
        5.126494884490967,
        5.125375270843506,
        5.125576019287109,
        5.13045597076416,
        5.123450756072998,
        5.121326446533203,
        5.114419460296631,
        5.121203422546387,
        5.114769458770752,
        5.12249755859375,
        5.122647285461426,
        5.113207817077637,
        5.125141620635986,
        5.12393856048584,
        5.1119160652160645,
        5.110212802886963,
        5.113213539123535,
        5.106086730957031,
        5.11246395111084,
        5.108938217163086,
        5.111232757568359,
        5.108619213104248,
        5.111049175262451,
        5.116214275360107,
        5.10974645614624,
        5.110397815704346,
        5.111412048339844,
        5.102612495422363,
        5.107174396514893,
        5.103694438934326,
        5.1047682762146,
        5.098954200744629,
        5.111248016357422,
        5.100601673126221,
        5.03868293762207,
        5.035425662994385,
        5.033263206481934,
        5.034908294677734,
        5.035099506378174,
        5.037049293518066,
        5.036562442779541,
        5.036158561706543,
        5.034896373748779,
        5.034356117248535,
        5.036729335784912,
        5.035365104675293,
        5.033465385437012,
        5.0329179763793945,
        5.0336127281188965,
        5.032025337219238,
        5.031694412231445,
        5.0356125831604,
        5.034722805023193,
        5.036761283874512,
        5.033468246459961,
        5.034210205078125,
        5.033728122711182,
        5.0320305824279785,
        5.03267765045166,
        5.033034324645996,
        5.034100532531738,
        5.02988862991333,
        5.029587268829346,
        5.030791282653809,
        5.031983852386475,
        5.031744956970215,
        5.033402442932129,
        5.02976131439209,
        5.026540279388428,
        5.030791282653809,
        5.028275966644287,
        5.029446601867676,
        5.026671886444092,
        5.028121471405029,
        5.028626918792725,
        5.029102325439453,
        5.025104999542236,
        5.030608177185059,
        5.027108192443848,
        5.028493404388428,
        5.0266571044921875,
        5.023781776428223,
        5.0251593589782715,
        5.026662826538086,
        5.026265621185303,
        5.008067607879639,
        5.006412982940674,
        5.005946636199951,
        5.006318092346191,
        5.0059285163879395,
        5.00684928894043,
        5.006509304046631,
        5.007062911987305,
        5.006187438964844,
        5.006054878234863
    ],