{
    "run_n":7,
    "run_seed":721,
    "ndims":200,
    "nsamples":100000,
    "correlation":"corr",
    "nbijectors":10,
    "bijector":"RealNVPN",
    "spline_knots":8,
    "range_min":-5,
    "hidden_layers":"128-128-128",
    "batch_size":256,
    "activation":"relu",
    "eps_regulariser":0,
    "regulariser":null,
    "dist_seed":0,
    "test_seed":0,
    "ks_mean":0.0038658902491697233,
    "ks_std":0.03427835337292256,
    "ad_mean":0.0032332800532107477,
    "ad_std":0.017406233722899036,
    "wd_mean":0.2168593204589258,
    "wd_std":0.1344708513833278,
    "swd_mean":0.21602786167745044,
    "swd_std":0.14333102520243465,
    "fn_mean":18.525192140617833,
    "fn_std":0.8398252899802074,
    "epochs_input":1000,
    "epochs_output":143,
    "time":1603.651576565986,
    "train_loss_history":[
        81793.7734375,
        346.54681396484375,
        240.301025390625,
        208.989990234375,
        192.70034790039062,
        181.5959930419922,
        174.25189208984375,
        168.89967346191406,
        164.35606384277344,
        160.5934295654297,
        157.18893432617188,
        154.01182556152344,
        151.2588348388672,
        148.7142333984375,
        146.2541961669922,
        143.84666442871094,
        141.81809997558594,
        139.6316375732422,
        137.8302459716797,
        136.28651428222656,
        134.20263671875,
        132.56605529785156,
        130.80638122558594,
        129.0257110595703,
        127.61421203613281,
        125.94651794433594,
        124.37472534179688,
        122.7268295288086,
        121.611083984375,
        120.1470718383789,
        119.72081756591797,
        117.57498168945312,
        122.05780029296875,
        115.19390106201172,
        114.22933959960938,
        113.67076873779297,
        113.92814636230469,
        111.89334106445312,
        110.52934265136719,
        110.04113006591797,
        109.10926055908203,
        109.18789672851562,
        107.43329620361328,
        115.41959381103516,
        106.45708465576172,
        105.87979125976562,
        105.9209976196289,
        105.1829833984375,
        103.87519073486328,
        103.5993881225586,
        103.03834533691406,
        102.66831970214844,
        102.06634521484375,
        101.85050201416016,
        102.60187530517578,
        100.84872436523438,
        100.58692932128906,
        161.2698974609375,
        113.89363861083984,
        106.27284240722656,
        103.23104858398438,
        101.21336364746094,
        100.05594635009766,
        99.322509765625,
        99.93567657470703,
        97.76738739013672,
        98.13652038574219,
        96.78572845458984,
        96.58233642578125,
        96.14248657226562,
        191.34779357910156,
        110.1731185913086,
        104.26751708984375,
        101.0814437866211,
        99.04712677001953,
        97.61074829101562,
        96.78717041015625,
        95.75802612304688,
        95.2907485961914,
        94.52669525146484,
        94.74408721923828,
        94.29620361328125,
        93.46569061279297,
        93.88277435302734,
        92.83382415771484,
        318.3087158203125,
        110.63418579101562,
        104.80743408203125,
        101.56021118164062,
        99.76187896728516,
        98.64962768554688,
        97.48789978027344,
        96.49439239501953,
        96.00286102294922,
        95.35356903076172,
        95.68131256103516,
        94.53096008300781,
        94.3287582397461,
        94.3698501586914,
        93.44759368896484,
        93.74921417236328,
        1995.1572265625,
        416.63775634765625,
        191.30258178710938,
        156.58053588867188,
        142.63253784179688,
        135.85462951660156,
        133.0702667236328,
        127.46388244628906,
        123.40945434570312,
        121.66075897216797,
        119.04210662841797,
        116.94831085205078,
        115.3825454711914,
        807.95361328125,
        209.683349609375,
        133.6485137939453,
        122.09941101074219,
        116.22544860839844,
        112.78411102294922,
        110.42432403564453,
        108.38693237304688,
        106.67276000976562,
        105.0650863647461,
        103.84974670410156,
        102.27571105957031,
        101.44874572753906,
        100.29473876953125,
        132.77549743652344,
        169.98353576660156,
        112.2416763305664,
        106.2746810913086,
        103.0452880859375,
        99.62401580810547,
        99.01191711425781,
        98.49373626708984,
        98.01393127441406,
        97.57059478759766,
        97.12808227539062,
        96.74478149414062,
        96.34818267822266,
        95.98460388183594,
        95.6024169921875
    ],