{
    "run_n":53,
    "run_seed":0,
    "ndims":64,
    "nsamples":100000,
    "correlation":"corr",
    "nbijectors":5,
    "bijector":"CsplineN",
    "spline_knots":12,
    "range_min":-16,
    "hidden_layers":"256-256-256",
    "batch_size":512,
    "activation":"relu",
    "eps_regulariser":0,
    "regulariser":null,
    "dist_seed":0,
    "test_seed":0,
    "kl_divergence":-1,
    "ks_test_mean":0.06542448018095934,
    "ks_test_median":0.0096279739813961,
    "ad_test_mean":0.00950369259707692,
    "ad_test_median":0.046285145585598396,
    "Wasserstein_median":0.22003059593547308,
    "Wasserstein_mean":0.22003059593547308,
    "frob_norm":0.5285075705000574,
    "epochs_input":1000,
    "epochs_output":309,
    "time":8048.794687060639,
    "train_loss_history":[
        746.27392578125,
        176.58535766601562,
        149.067626953125,
        132.29786682128906,
        127.90789794921875,
        132.56260681152344,
        123.09205627441406,
        119.87593078613281,
        116.64371490478516,
        114.41159057617188,
        112.76775360107422,
        112.2547378540039,
        110.65657043457031,
        110.72236633300781,
        109.47899627685547,
        108.55743408203125,
        107.6751937866211,
        106.78793334960938,
        107.4696044921875,
        105.97054290771484,
        106.8685302734375,
        106.05357360839844,
        107.21792602539062,
        105.91203308105469,
        105.56285858154297,
        105.21087646484375,
        104.4520263671875,
        104.47529602050781,
        104.05104064941406,
        103.53653717041016,
        103.92596435546875,
        102.88034057617188,
        102.22274017333984,
        102.47461700439453,
        101.45072937011719,
        101.70561981201172,
        130.3988800048828,
        108.39852905273438,
        107.07079315185547,
        106.56439208984375,
        106.14791107177734,
        106.3924789428711,
        105.91666412353516,
        105.45076751708984,
        105.2923355102539,
        104.77005767822266,
        104.58123779296875,
        104.51124572753906,
        103.82939910888672,
        103.70314025878906,
        103.25407409667969,
        103.3371353149414,
        103.80257415771484,
        102.88296508789062,
        103.84339141845703,
        102.82556915283203,
        102.4759750366211,
        102.35388946533203,
        101.52471160888672,
        101.12052917480469,
        101.33253479003906,
        101.43973541259766,
        101.49546813964844,
        101.01183319091797,
        100.82022857666016,
        100.94227600097656,
        100.75358581542969,
        100.09425354003906,
        100.0704574584961,
        100.03421783447266,
        99.98426055908203,
        99.49164581298828,
        99.54035949707031,
        99.39999389648438,
        99.31165313720703,
        99.4040298461914,
        99.19876861572266,
        99.04459381103516,
        99.25948333740234,
        99.13525390625,
        98.97248077392578,
        98.6610336303711,
        99.60833740234375,
        99.25563049316406,
        98.52177429199219,
        98.11145782470703,
        98.2074203491211,
        98.1250228881836,
        98.47391510009766,
        98.75566864013672,
        98.74069213867188,
        98.68576049804688,
        98.70582580566406,
        98.3433837890625,
        98.13497161865234,
        98.13428497314453,
        98.4390869140625,
        97.92233276367188,
        97.93487548828125,
        97.57009887695312,
        97.5622787475586,
        97.61023712158203,
        97.3307113647461,
        99.3105697631836,
        98.60870361328125,
        98.25596618652344,
        97.8101577758789,
        98.24176788330078,
        98.53056335449219,
        98.38056182861328,
        98.28913879394531,
        98.27777862548828,
        98.34921264648438,
        98.47027587890625,
        97.89531707763672,
        98.11897277832031,
        97.94095611572266,
        97.84960174560547,
        97.58869934082031,
        97.72886657714844,
        97.48920440673828,
        97.40045166015625,
        97.48439025878906,
        97.29568481445312,
        96.87994384765625,
        96.72376251220703,
        96.55079650878906,
        96.52484130859375,
        96.86625671386719,
        96.13621520996094,
        96.4541015625,
        96.41751861572266,
        96.28936767578125,
        96.15936279296875,
        96.40884399414062,
        95.98729705810547,
        96.34143829345703,
        96.20562744140625,
        95.93083190917969,
        97.07511901855469,
        99.58574676513672,
        97.38549041748047,
        97.37494659423828,
        97.49421691894531,
        97.74034118652344,
        98.0313949584961,
        97.23179626464844,
        97.06669616699219,
        96.83818054199219,
        97.18278503417969,
        97.52099609375,
        101.39835357666016,
        97.47920989990234,
        97.22126007080078,
        96.94774627685547,
        96.828125,
        96.546142578125,
        96.5568618774414,
        96.72915649414062,
        96.68031311035156,
        96.37353515625,
        95.963134765625,
        96.04846954345703,
        96.14671325683594,
        96.03831481933594,
        95.9894027709961,
        95.97041320800781,
        95.61161804199219,
        95.7956314086914,
        97.80535888671875,
        97.89119720458984,
        97.44599914550781,
        97.37013244628906,
        95.83740997314453,
        96.75220489501953,
        95.63887786865234,
        95.76757049560547,
        95.61775970458984,
        95.60125732421875,
        95.89356994628906,
        95.59139251708984,
        95.1077651977539,
        94.9982681274414,
        95.23358917236328,
        95.34823608398438,
        95.02586364746094,
        95.5150375366211,
        94.80674743652344,
        95.68517303466797,
        95.76535034179688,
        95.09139251708984,
        95.02672576904297,
        95.10330963134766,
        95.03889465332031,
        94.89969635009766,
        94.65201568603516,
        95.71951293945312,
        94.93619537353516,
        94.88648223876953,
        94.83076477050781,
        97.15316772460938,
        95.05736541748047,
        94.67681884765625,
        94.87906646728516,
        94.550048828125,
        94.1482925415039,
        94.3919677734375,
        94.89106750488281,
        94.305908203125,
        94.33480834960938,
        94.02788543701172,
        95.2290267944336,
        94.31143951416016,
        93.99149322509766,
        94.40505981445312,
        95.05675506591797,
        94.45427703857422,
        94.31905364990234,
        94.43411254882812,
        93.81324768066406,
        94.17244720458984,
        94.26612091064453,
        93.91959381103516,
        94.59628295898438,
        94.09402465820312,
        94.24833679199219,
        94.24166870117188,
        93.58258056640625,
        94.12879943847656,
        93.70886993408203,
        94.4615249633789,
        93.74085998535156,
        93.63443756103516,
        94.37970733642578,
        94.16654205322266,
        94.5569076538086,
        93.85320281982422,
        94.71279907226562,
        93.81036376953125,
        93.81078338623047,
        93.23077392578125,
        93.55622100830078,
        93.23553466796875,
        93.5285415649414,
        93.65811157226562,
        93.70695495605469,
        93.21807861328125,
        93.95339965820312,
        93.48153686523438,
        103.08395385742188,
        98.71875762939453,
        97.3573989868164,
        96.7642593383789,
        96.00798797607422,
        95.64527893066406,
        95.62782287597656,
        96.68975830078125,
        95.02678680419922,
        95.33561706542969,
        95.123779296875,
        95.16849517822266,
        95.15547180175781,
        94.77750396728516,
        94.84868621826172,
        95.1954574584961,
        94.6142578125,
        94.55073547363281,
