{
    "run_n": 8,
    "run_seed": 0,
    "ndims": 8,
    "nsamples": 100000,
    "correlation": "corr",
    "nbijectors": 2,
    "bijector": "MsplineN",
    "spline_knots": 12,
    "range_min": -16,
    "hidden_layers": "256-256-256",
    "batch_size": 512,
    "activation": "relu",
    "eps_regulariser": 0,
    "regulariser": null,
    "dist_seed": 0,
    "test_seed": 0,
    "kl_divergence": -1,
    "ks_test_mean": 0.3700032702343796,
    "ks_test_median": 0.3867014847254684,
    "ad_test_mean": 0.18307438189004868,
    "ad_test_median": 0.17938657261776722,
    "Wasserstein_median": 0.04923953142310983,
    "Wasserstein_mean": 0.04923953142310983,
    "frob_norm": 0.05620885973437561,
    "epochs_input": 1000,
    "epochs_output": 139,
    "time": 786.1398207591847,
    "train_loss_history": [
        20.50341796875,
        10.828047752380371,
        10.549470901489258,
        10.552987098693848,
        10.382129669189453,
        10.337568283081055,
        10.289958000183105,
        10.286796569824219,
        10.252979278564453,
        10.205994606018066,
        10.188324928283691,
        10.193296432495117,
        10.242968559265137,
        10.159680366516113,
        10.133024215698242,
        10.132107734680176,
        10.106502532958984,
        10.094449043273926,
        10.09634017944336,
        10.079511642456055,
        10.07645034790039,
        10.069437026977539,
        10.057036399841309,
        10.060253143310547,
        10.073759078979492,
        10.054641723632812,
        10.022098541259766,
        10.03445053100586,
        10.032209396362305,
        10.007670402526855,
        9.989578247070312,
        10.012381553649902,
        9.999214172363281,
        9.990675926208496,
        10.007538795471191,
        9.961406707763672,
        9.965986251831055,
        9.966843605041504,
        9.971892356872559,
        9.953950881958008,
        9.944841384887695,
        9.937188148498535,
        9.94096565246582,
        9.935253143310547,
        9.947981834411621,
        9.9268798828125,
        9.918428421020508,
        9.920451164245605,
        9.913640975952148,
        9.920543670654297,
        9.893911361694336,
        9.921441078186035,
        9.898837089538574,
        9.907136917114258,
        9.897920608520508,
        9.88438892364502,
        9.876955032348633,
        9.875617980957031,
        9.874958038330078,
        9.890176773071289,
        9.873278617858887,
        9.86764907836914,
        9.86623477935791,
        9.890488624572754,
        9.870208740234375,
        9.864344596862793,
        9.850245475769043,
        9.851094245910645,
        9.856976509094238,
        9.850601196289062,
        9.837359428405762,
        9.84546184539795,
        9.83696460723877,
        9.832901000976562,
        9.83322811126709,
        9.833283424377441,
        9.828520774841309,
        9.817733764648438,
        9.819450378417969,
        9.815759658813477,
        9.819052696228027,
        9.811573028564453,
        9.815299034118652,
        9.80610466003418,
        9.805381774902344,
        9.804750442504883,
        9.805230140686035,
        9.797158241271973,
        9.795888900756836,
        9.787410736083984,
        9.781991958618164,
        9.784111022949219,
        9.786775588989258,
        9.77173137664795,
        9.773937225341797,
        9.782008171081543,
        9.775298118591309,
        9.77299976348877,
        9.771077156066895,
        9.761624336242676,
        9.756797790527344,
        9.756811141967773,
        9.751801490783691,
        9.755829811096191,
        9.753613471984863,
        9.751320838928223,
        9.755987167358398,
        9.75304126739502,
        9.741116523742676,
        9.738606452941895,
        9.736207962036133,
        9.7395658493042,
        9.72579574584961,
        9.729475975036621,
        9.71897029876709,
        9.724977493286133,
        9.719597816467285,
        9.728314399719238,
        9.713204383850098,
        9.714064598083496,
        9.718501091003418,
        9.706825256347656,
        9.713093757629395,
        9.708853721618652,
        9.700545310974121,
        9.706398963928223,
        9.696063041687012,
        9.6972017288208,
        9.702295303344727,
        9.634390830993652,
        9.619677543640137,
        9.615198135375977,
        9.615951538085938,
        9.614165306091309,
        9.607925415039062,
        9.611457824707031,
        9.602526664733887,
        9.6033935546875,
        9.60147476196289
    ],