{
    "run_n":31,
    "run_seed":0,
    "ndims":400,
    "nsamples":100000,
    "correlation":"corr",
    "nbijectors":10,
    "bijector":"MAFN",
    "spline_knots":8,
    "range_min":-5,
    "hidden_layers":"128-128-128",
    "batch_size":512,
    "activation":"relu",
    "eps_regulariser":0,
    "regulariser":null,
    "dist_seed":0,
    "test_seed":0,
    "kl_divergence":-1,
    "ks_test_mean":0.020949358906963464,
    "ks_test_median":3.2741661880352803e-06,
    "ad_test_mean":0.0010099230419816944,
    "ad_test_median":0.010983763237968909,
    "Wasserstein_median":0.43117365121000156,
    "Wasserstein_mean":0.43117365121000156,
    "frob_norm":40.60720071003702,
    "epochs_input":1000,
    "epochs_output":83,
    "time":375.3248280212283,
    "train_loss_history":[
        860.14111328125,
        259.17987060546875,
        235.18992614746094,
        226.42103576660156,
        218.96298217773438,
        217.0973358154297,
        211.91006469726562,
        210.2721405029297,
        210.71487426757812,
        210.9730224609375,
        205.99761962890625,
        208.0093994140625,
        202.12620544433594,
        207.0281982421875,
        200.55870056152344,
        201.552978515625,
        200.97288513183594,
        199.8347930908203,
        201.6200714111328,
        202.54428100585938,
        196.82290649414062,
        197.09397888183594,
        198.3133544921875,
        414.3380126953125,
        241.16766357421875,
        209.8776397705078,
        203.71107482910156,
        200.05545043945312,
        199.09298706054688,
        197.3548583984375,
        NaN,
        NaN,
        NaN,
        NaN,
        NaN,
        NaN,
        NaN,
        NaN,
        NaN,
        NaN,
        NaN,
        NaN,
        NaN,
        NaN,
        NaN,
        NaN,
        NaN,
        NaN,
        NaN,
        NaN,
        NaN,
        NaN,
        NaN,
        NaN,
        NaN,
        NaN,
        NaN,
        NaN,
        NaN,
        NaN,
        NaN,
        NaN,
        NaN,
        NaN,
        NaN,
        NaN,
        NaN,
        NaN,
        NaN,
        NaN,
        NaN,
        NaN,
        NaN,
        NaN,
        NaN,
        NaN,
        NaN,
        NaN,
        NaN,
        NaN,
        NaN,
        NaN,
        NaN
    ],
    "val_loss_history":[
        284.34869384765625,
        242.4694061279297,
        227.48793029785156,
        220.70986938476562,
        215.60635375976562,
        211.6317596435547,
        210.8563995361328,
        205.9794158935547,
        207.75083923339844,
        205.74928283691406,
        214.7301483154297,
        203.86143493652344,
        200.1448211669922,
        199.0870361328125,
        202.1975860595703,
        199.40493774414062,
        199.84120178222656,
        196.44296264648438,
        243.52391052246094,
        196.8771209716797,
        197.28729248046875,
        197.58827209472656,
        195.04364013671875,
        328.7987976074219,
        215.62295532226562,
        203.7615966796875,
        202.33819580078125,
        197.0500946044922,
        199.42120361328125,
        200.37252807617188,
        NaN,
        NaN,
        NaN,
        NaN,
        NaN,
        NaN,
        NaN,
        NaN,
        NaN,
        NaN,
        NaN,
        NaN,
        NaN,
        NaN,
        NaN,
        NaN,
        NaN,
        NaN,
        NaN,
        NaN,
        NaN,
        NaN,
        NaN,
        NaN,
        NaN,
        NaN,
        NaN,
        NaN,
        NaN,
        NaN,
        NaN,
        NaN,
        NaN,
        NaN,
        NaN,
        NaN,
        NaN,
        NaN,
        NaN,
        NaN,
        NaN,
        NaN,
        NaN,
        NaN,
        NaN,
        NaN,
        NaN,
        NaN,
        NaN,
        NaN,
        NaN,
        NaN,
        NaN
    ],
    "best_train_loss":[],
    "best_val_loss":NaN,
    "best_epoch":[]
}