{
    "run_n":9,
    "run_seed":926,
    "ndims":64,
    "nsamples":100000,
    "correlation":"corr",
    "nbijectors":2,
    "bijector":"MsplineN",
    "spline_knots":8,
    "range_min":-16,
    "hidden_layers":"128-128-128",
    "batch_size":512,
    "activation":"relu",
    "eps_regulariser":0,
    "regulariser":null,
    "dist_seed":0,
    "test_seed":0,
    "kl_divergence":-1,
    "ks_test_mean":0.5166077395886155,
    "ks_test_median":0.5164675831483805,
    "ad_test_mean":0.22472779686963168,
    "ad_test_median":0.22294565818445758,
    "Wasserstein_median":0.01759495224691496,
    "Wasserstein_mean":0.01759495224691496,
    "frob_norm":0.2648798629482613,
    "epochs_input":1000,
    "epochs_output":228,
    "time":1911.8135744319297,
    "train_loss_history":[
        158.11082458496094,
        41.498138427734375,
        34.51923751831055,
        32.553897857666016,
        31.651121139526367,
        31.024372100830078,
        30.521482467651367,
        30.127370834350586,
        29.65770149230957,
        29.552766799926758,
        29.243934631347656,
        29.055238723754883,
        29.002849578857422,
        28.819515228271484,
        28.76915740966797,
        28.672542572021484,
        28.69626235961914,
        28.6734619140625,
        28.57509994506836,
        28.622745513916016,
        28.48756217956543,
        28.414159774780273,
        28.473604202270508,
        28.393327713012695,
        28.371496200561523,
        28.385305404663086,
        28.334392547607422,
        28.2539005279541,
        28.234886169433594,
        28.236413955688477,
        28.235471725463867,
        28.159618377685547,
        28.122465133666992,
        28.132247924804688,
        28.06231117248535,
        28.094072341918945,
        28.102170944213867,
        27.991865158081055,
        28.033878326416016,
        28.02349281311035,
        27.99073028564453,
        28.012489318847656,
        27.975723266601562,
        27.990230560302734,
        27.928136825561523,
        27.951234817504883,
        27.935422897338867,
        27.926761627197266,
        27.92411231994629,
        27.919530868530273,
        27.9182186126709,
        27.905498504638672,
        27.922569274902344,
        27.8670711517334,
        27.88701057434082,
        27.87930679321289,
        27.858657836914062,
        27.89195442199707,
        27.86126136779785,
        27.896636962890625,
        27.840492248535156,
        27.839874267578125,
        27.843223571777344,
        27.801090240478516,
        27.838842391967773,
        27.80754852294922,
        27.835796356201172,
        27.806371688842773,
        27.814687728881836,
        27.781848907470703,
        27.81134605407715,
        27.817916870117188,
        27.80957794189453,
        27.781585693359375,
        27.800769805908203,
        27.76350975036621,
        27.748613357543945,
        27.769685745239258,
        27.757585525512695,
        27.7460994720459,
        27.746395111083984,
        27.754627227783203,
        27.75074577331543,
        27.762807846069336,
        27.7376766204834,
        27.738508224487305,
        27.75981330871582,
        27.739551544189453,
        27.739259719848633,
        27.721271514892578,
        27.725618362426758,
        27.736671447753906,
        27.729419708251953,
        27.727262496948242,
        27.69745445251465,
        27.692733764648438,
        27.74222183227539,
        27.707923889160156,
        27.68286895751953,
        27.713857650756836,
        27.702146530151367,
        27.695064544677734,
        27.662275314331055,
        27.712255477905273,
        27.683229446411133,
        27.688772201538086,
        27.688621520996094,
        27.679548263549805,
        27.67682456970215,
        27.692941665649414,
        27.654508590698242,
        27.675615310668945,
        27.67053985595703,
        27.65848159790039,
        27.656951904296875,
        27.66069221496582,
        27.641542434692383,
        27.65746307373047,
        27.66568374633789,
        27.674379348754883,
        27.641948699951172,
        27.631376266479492,
        27.618316650390625,
        27.623363494873047,
        27.661352157592773,
        27.64492416381836,
        27.62533187866211,
        27.62330436706543,
        27.622344970703125,
        27.61420249938965,
        27.614225387573242,
        27.629356384277344,
        27.6164493560791,
        27.631296157836914,
        27.630847930908203,
        27.598936080932617,
        27.631484985351562,
        27.577129364013672,
        27.60717010498047,
        27.606016159057617,
        27.584299087524414,
        27.569156646728516,
        27.589149475097656,
        27.572593688964844,
        27.608373641967773,
        27.60660171508789,
        27.56871223449707,
        27.592975616455078,
        27.56305503845215,
        27.579713821411133,
        27.569652557373047,
        27.59035873413086,
        27.589744567871094,
        27.58483123779297,
        27.57743263244629,
        27.566572189331055,
        27.571414947509766,
        27.563514709472656,
        27.54793357849121,
        27.529836654663086,
        27.568513870239258,
        27.54924774169922,
        27.54714012145996,
        27.520092010498047,
        27.561262130737305,
        27.29783821105957,
        27.282638549804688,
        27.280414581298828,
        27.279321670532227,
        27.285234451293945,
        27.27865219116211,
        27.284887313842773,
        27.28071403503418,
        27.281152725219727,
        27.278467178344727,
        27.273448944091797,
        27.281009674072266,
        27.28634262084961,
        27.285242080688477,
        27.278099060058594,
        27.279394149780273,
        27.285810470581055,
        27.28052520751953,
        27.279539108276367,
        27.274307250976562,
        27.278608322143555,
        27.285301208496094,
        27.278575897216797,
        27.279499053955078,
        27.27227020263672,
        27.274826049804688,
        27.272497177124023,
        27.2727108001709,
        27.27321434020996,
        27.271007537841797,
        27.273685455322266,
        27.265342712402344,
        27.269067764282227,
        27.269386291503906,
        27.275671005249023,
        27.269439697265625,
        27.270565032958984,
        27.27100372314453,
        27.266324996948242,
        27.26991081237793,
        27.270511627197266,
        27.27362060546875,
        27.266389846801758,
        27.267560958862305,
        27.266584396362305,
        27.261146545410156,
        27.25640106201172,
        27.26374626159668,
        27.271814346313477,
        27.26988410949707,
        27.26449966430664,
        27.260774612426758,
        27.262012481689453,
        27.19384765625,
        27.18991470336914,
        27.189239501953125,
        27.190467834472656,
        27.189327239990234,
        27.188718795776367,
        27.189565658569336,
        27.189599990844727,
        27.18994903564453,
        27.18880271911621
    ],