{
    "run_n":7,
    "run_seed":721,
    "ndims":64,
    "nsamples":100000,
    "correlation":"corr",
    "nbijectors":2,
    "bijector":"MsplineN",
    "spline_knots":8,
    "range_min":-16,
    "hidden_layers":"128-128-128",
    "batch_size":512,
    "activation":"relu",
    "eps_regulariser":0,
    "regulariser":null,
    "dist_seed":0,
    "test_seed":0,
    "kl_divergence":-1,
    "ks_test_mean":0.4977320495084794,
    "ks_test_median":0.5030790557283791,
    "ad_test_mean":0.21495377675949803,
    "ad_test_median":0.2159273378139358,
    "Wasserstein_median":0.03038431092629292,
    "Wasserstein_mean":0.03038431092629292,
    "frob_norm":0.30776926272369715,
    "epochs_input":1000,
    "epochs_output":207,
    "time":1231.0066012660973,
    "train_loss_history":[
        154.4501495361328,
        41.98542404174805,
        33.89707565307617,
        31.709646224975586,
        30.659147262573242,
        30.087932586669922,
        29.786273956298828,
        29.58018684387207,
        29.310104370117188,
        29.20804214477539,
        29.017410278320312,
        28.950336456298828,
        28.896526336669922,
        28.7906436920166,
        28.747465133666992,
        28.711280822753906,
        28.60662269592285,
        28.551116943359375,
        28.513418197631836,
        28.443368911743164,
        28.42498016357422,
        28.353713989257812,
        28.358442306518555,
        28.31325340270996,
        28.295486450195312,
        28.270572662353516,
        28.298376083374023,
        28.181884765625,
        28.20432472229004,
        28.24467658996582,
        28.15414047241211,
        28.200613021850586,
        28.144712448120117,
        28.10140609741211,
        28.11060905456543,
        28.076927185058594,
        28.09212875366211,
        28.14788055419922,
        28.024572372436523,
        28.068103790283203,
        28.099884033203125,
        27.978872299194336,
        28.006349563598633,
        28.031829833984375,
        28.076995849609375,
        27.999919891357422,
        27.984996795654297,
        27.956777572631836,
        27.97661781311035,
        28.0054874420166,
        28.01045799255371,
        27.96786117553711,
        27.970626831054688,
        27.94980812072754,
        27.966251373291016,
        27.937469482421875,
        27.958948135375977,
        27.90810775756836,
        27.95357894897461,
        27.899023056030273,
        27.958179473876953,
        27.911752700805664,
        27.925931930541992,
        27.884841918945312,
        27.908266067504883,
        27.878408432006836,
        27.872058868408203,
        27.85603141784668,
        27.86497688293457,
        27.8692569732666,
        27.879133224487305,
        27.861066818237305,
        27.810394287109375,
        27.8254451751709,
        27.902118682861328,
        27.868104934692383,
        27.818893432617188,
        27.81451988220215,
        27.883195877075195,
        27.833303451538086,
        27.814294815063477,
        27.82718849182129,
        27.804372787475586,
        27.842077255249023,
        27.815088272094727,
        27.795326232910156,
        27.80801773071289,
        27.80660629272461,
        27.795377731323242,
        27.822589874267578,
        27.808177947998047,
        27.76380729675293,
        27.787189483642578,
        27.79905128479004,
        27.782121658325195,
        27.770753860473633,
        27.77320098876953,
        27.773176193237305,
        27.77581024169922,
        27.77031707763672,
        27.773799896240234,
        27.758480072021484,
        27.740612030029297,
        27.751285552978516,
        27.733972549438477,
        27.728328704833984,
        27.760061264038086,
        27.721981048583984,
        27.701189041137695,
        27.74545669555664,
        27.717111587524414,
        27.688684463500977,
        27.73638153076172,
        27.738157272338867,
        27.70454216003418,
        27.750667572021484,
        27.71280860900879,
        27.681978225708008,
        27.71253776550293,
        27.693599700927734,
        27.733488082885742,
        27.705429077148438,
        27.674278259277344,
        27.67881202697754,
        27.713092803955078,
        27.662805557250977,
        27.680295944213867,
        27.688373565673828,
        27.684574127197266,
        27.69108772277832,
        27.664037704467773,
        27.674835205078125,
        27.704147338867188,
        27.689998626708984,
        27.632598876953125,
        27.64813232421875,
        27.69390296936035,
        27.63628578186035,
        27.62675666809082,
        27.680864334106445,
        27.68014907836914,
        27.649019241333008,
        27.63096046447754,
        27.632614135742188,
        27.631404876708984,
        27.36210060119629,
        27.333152770996094,
        27.332548141479492,
        27.324729919433594,
        27.329465866088867,
        27.33150863647461,
        27.330684661865234,
        27.334794998168945,
        27.328285217285156,
        27.340957641601562,
        27.3370304107666,
        27.333524703979492,
        27.331079483032227,
        27.334318161010742,
        27.33220863342285,
        27.331645965576172,
        27.329511642456055,
        27.340267181396484,
        27.334518432617188,
        27.340961456298828,
        27.325166702270508,
        27.32994842529297,
        27.329042434692383,
        27.32862091064453,
        27.335391998291016,
        27.3249568939209,
        27.32561683654785,
        27.334402084350586,
        27.3369083404541,
        27.32377052307129,
        27.325773239135742,
        27.322547912597656,
        27.32288360595703,
        27.321929931640625,
        27.316612243652344,
        27.32417106628418,
        27.328096389770508,
        27.317182540893555,
        27.318086624145508,
        27.329349517822266,
        27.31821060180664,
        27.317827224731445,
        27.308975219726562,
        27.311450958251953,
        27.314237594604492,
        27.312734603881836,
        27.310544967651367,
        27.30784034729004,
        27.311187744140625,
        27.30477523803711,
        27.317886352539062,
        27.30551528930664,
        27.23837661743164,
        27.232711791992188,
        27.22819709777832,
        27.22929573059082,
        27.229778289794922,
        27.230730056762695,
        27.228776931762695,
        27.228038787841797,
        27.231420516967773,
        27.229658126831055
    ],