{
    "run_n":7,
    "run_seed":721,
    "ndims":16,
    "nsamples":100000,
    "correlation":"corr",
    "nbijectors":10,
    "bijector":"RealNVPN",
    "spline_knots":8,
    "range_min":-5,
    "hidden_layers":"128-128-128",
    "batch_size":256,
    "activation":"relu",
    "eps_regulariser":0,
    "regulariser":null,
    "dist_seed":0,
    "test_seed":0,
    "kl_divergence":-1,
    "ks_test_mean":0.42741204247436737,
    "ks_test_median":0.4309142197227188,
    "ad_test_mean":0.20299900291163914,
    "ad_test_median":0.19696502630122675,
    "Wasserstein_median":0.038475997455838115,
    "Wasserstein_mean":0.038475997455838115,
    "frob_norm":0.674358564662517,
    "epochs_input":1000,
    "epochs_output":128,
    "time":1462.6493302681483,
    "train_loss_history":[
        39.873722076416016,
        7.700470447540283,
        6.784755229949951,
        6.418334007263184,
        6.213223457336426,
        6.115869045257568,
        6.009764194488525,
        5.938807487487793,
        5.9599289894104,
        5.862396240234375,
        5.854203701019287,
        5.761088848114014,
        5.816178798675537,
        5.755379676818848,
        5.741008281707764,
        5.712404251098633,
        5.65678596496582,
        5.685249328613281,
        5.6684465408325195,
        5.664280891418457,
        5.604115009307861,
        5.607831001281738,
        5.579514026641846,
        5.601330280303955,
        5.58585262298584,
        5.560845851898193,
        5.589322090148926,
        5.5601606369018555,
        5.548912525177002,
        5.5469560623168945,
        5.505404472351074,
        5.567237854003906,
        5.513476371765137,
        5.459840774536133,
        5.46669864654541,
        5.4802985191345215,
        5.447481632232666,
        5.39273738861084,
        5.450924873352051,
        5.41927433013916,
        5.418307781219482,
        5.395603656768799,
        5.373915195465088,
        5.374846458435059,
        5.356295585632324,
        5.342887878417969,
        5.343781471252441,
        5.3238606452941895,
        5.376368522644043,
        5.32608699798584,
        5.30389404296875,
        5.3072381019592285,
        5.276423454284668,
        5.272891521453857,
        5.281504154205322,
        5.2669196128845215,
        5.260165214538574,
        5.260547637939453,
        5.245937824249268,
        5.248022556304932,
        5.21412992477417,
        5.246455192565918,
        5.225226879119873,
        5.230898857116699,
        5.190405368804932,
        5.181410312652588,
        5.186488628387451,
        5.174156188964844,
        5.178518772125244,
        5.1622467041015625,
        5.1807756423950195,
        5.153746604919434,
        5.1425251960754395,
        5.14729118347168,
        5.127161026000977,
        5.125060081481934,
        5.104549884796143,
        5.093077182769775,
        5.089094161987305,
        5.092019557952881,
        5.063932418823242,
        5.072126388549805,
        5.060230731964111,
        5.07070779800415,
        5.055517673492432,
        5.029820919036865,
        5.020524024963379,
        5.01168966293335,
        5.0020856857299805,
        4.99798059463501,
        4.997701168060303,
        4.977977275848389,
        4.991306781768799,
        4.954184532165527,
        4.96895170211792,
        4.944279193878174,
        4.92796516418457,
        4.926059246063232,
        4.913976669311523,
        4.908961296081543,
        4.903088092803955,
        4.897982120513916,
        4.892910957336426,
        4.885237693786621,
        4.855794429779053,
        4.854632377624512,
        4.845262050628662,
        4.8374481201171875,
        4.8282880783081055,
        4.833272457122803,
        4.819582939147949,
        4.811924457550049,
        4.788763523101807,
        4.790754795074463,
        4.779117584228516,
        4.787477016448975,
        4.7703728675842285,
        4.7726149559021,
        4.485342025756836,
        4.431528568267822,
        4.414209842681885,
        4.396108627319336,
        4.390389919281006,
        4.380753040313721,
        4.373171329498291,
        4.364182472229004,
        4.354280948638916,
        4.347105503082275
    ],
    "val_loss_history":[
        8.760787963867188,
        7.928246974945068,
        6.623922348022461,
        6.803594589233398,
        6.7049689292907715,
        5.98961877822876,
        5.906900405883789,
        6.152547359466553,
        5.831761360168457,
        5.9184112548828125,
        5.58444881439209,
        5.7320356369018555,
        6.322216033935547,
        6.087376594543457,
        5.888468265533447,
        5.872126579284668,
        5.82919979095459,
        5.918752670288086,
        6.093270301818848,
        5.679956436157227,
        5.873610973358154,
        5.53815221786499,
        5.512475967407227,
        5.733913421630859,
        5.792464256286621,
        5.632175445556641,
        5.557516574859619,
        5.805022239685059,
        5.474305152893066,
        5.593005657196045,
        5.7931060791015625,
        5.586308479309082,
        5.5114850997924805,
        5.560464382171631,
        6.188294887542725,
        5.418793678283691,
        5.456910133361816,
        5.477053165435791,
        5.734328746795654,
        5.721527099609375,
        5.602027416229248,
        5.40541410446167,
        5.597488880157471,
        5.5472893714904785,
        5.553112983703613,
        5.443918704986572,
        5.446324825286865,
        5.782819747924805,
        5.502727031707764,
        5.460341453552246,
        5.615850448608398,
        5.599647521972656,
        5.351794242858887,
        5.570069313049316,
        5.368991374969482,
        5.514366626739502,
        5.544937610626221,
        5.544005870819092,
        5.441423416137695,
        5.420504093170166,
        5.376804828643799,
        5.403852939605713,
        5.493694305419922,
        5.343021392822266,
        5.398312091827393,
        5.493283271789551,
        5.61654806137085,
        5.2920308113098145,
        5.45416784286499,
        5.672332286834717,
        5.408236026763916,
        5.584424018859863,
        5.55499267578125,
        5.413941860198975,
        5.438348770141602,
        5.4428791999816895,
        5.4280104637146,
        5.485456466674805,
        5.455793857574463,
        5.433697700500488,
        5.483763217926025,
        5.521225452423096,
        5.622802734375,
        5.52028751373291,
        5.447103977203369,
        5.464473724365234,
        5.526374816894531,
        5.533842086791992,
        5.52165412902832,
        5.603235721588135,
        5.431766033172607,
        5.514675617218018,
        5.476521015167236,
        5.544475555419922,
        5.514698028564453,
        5.5027384757995605,
        5.657597064971924,
        5.646733283996582,
        5.532934665679932,
        5.620232582092285,
        5.591462135314941,
        5.698755741119385,
        5.676176071166992,
        5.677280426025391,
        5.639291286468506,
        5.63318395614624,
        5.628002166748047,
        5.74487829208374,
        5.895816802978516,
        5.663705825805664,
        5.6638593673706055,
        5.661211013793945,
        5.722631454467773,
        5.724154472351074,
        5.928686618804932,
        5.758179187774658,
        6.0687971115112305,
        5.732478141784668,
        5.816086769104004,
        5.930032730102539,
        5.94591760635376,
        5.979680061340332,
        6.0203657150268555,
        6.025943756103516,
        6.10204553604126,
        6.1390767097473145,
        6.133415699005127,
        6.192297458648682
    ],
    "best_train_loss":5.174156188964844,
    "best_val_loss":5.2920308113098145,
    "best_epoch":67
}