{
    "run_n":1,
    "run_seed":0,
    "ndims":4,
    "nsamples":100000,
    "correlation":"corr",
    "nbijectors":5,
    "bijector":"RealNVPN",
    "spline_knots":8,
    "range_min":-16,
    "hidden_layers":"128-128-128",
    "batch_size":256,
    "activation":"relu",
    "eps_regulariser":0,
    "regulariser":null,
    "dist_seed":0,
    "test_seed":0,
    "kl_divergence":-1,
    "ks_test_mean":0.49301863949427105,
    "ks_test_median":0.48095257187111257,
    "ad_test_mean":0.22249578570571352,
    "ad_test_median":0.21794615750178203,
    "Wasserstein_median":0.007778150954903377,
    "Wasserstein_mean":0.007778150954903377,
    "frob_norm":0.04050455124228119,
    "epochs_input":1000,
    "epochs_output":324,
    "time":1807.492812814191,
    "train_loss_history":[
        2.6457858085632324,
        1.6161648035049438,
        1.5794901847839355,
        1.5859473943710327,
        1.5553526878356934,
        1.5283607244491577,
        1.5337250232696533,
        1.5216461420059204,
        1.4966148138046265,
        1.4901559352874756,
        1.485425353050232,
        1.4780503511428833,
        1.4631339311599731,
        1.4492332935333252,
        1.4623191356658936,
        1.4443187713623047,
        1.4361032247543335,
        1.4344117641448975,
        1.4808826446533203,
        1.462205410003662,
        1.4539146423339844,
        1.4327348470687866,
        1.448736548423767,
        1.4297049045562744,
        1.4260051250457764,
        1.421173095703125,
        1.415329098701477,
        1.4148454666137695,
        1.4167370796203613,
        1.4064133167266846,
        1.4224624633789062,
        1.400485873222351,
        1.4140263795852661,
        1.4028176069259644,
        1.4072797298431396,
        1.4163941144943237,
        1.3965734243392944,
        1.3987929821014404,
        1.399401307106018,
        1.3965911865234375,
        1.402016282081604,
        1.4023804664611816,
        1.3877474069595337,
        1.3992975950241089,
        1.4013638496398926,
        1.3996914625167847,
        1.4543548822402954,
        1.423055648803711,
        1.4172923564910889,
        1.4069026708602905,
        1.3994438648223877,
        1.4120806455612183,
        1.4067435264587402,
        1.400221824645996,
        1.39900541305542,
        1.403520107269287,
        1.3974871635437012,
        1.4021694660186768,
        1.4011348485946655,
        1.4012264013290405,
        1.4047907590866089,
        1.394605278968811,
        1.3977206945419312,
        1.3897488117218018,
        1.3961787223815918,
        1.3980073928833008,
        1.391982913017273,
        1.3883647918701172,
        1.398229718208313,
        1.3902400732040405,
        1.3880668878555298,
        1.3850587606430054,
        1.3920066356658936,
        1.3850237131118774,
        1.3890718221664429,
        1.3896872997283936,
        1.3804011344909668,
        1.3918465375900269,
        1.3906159400939941,
        1.385218620300293,
        1.3824121952056885,
        1.3831942081451416,
        1.3819894790649414,
        1.4055516719818115,
        1.3862992525100708,
        1.3828588724136353,
        1.3936899900436401,
        1.3845727443695068,
        1.3792465925216675,
        1.3900266885757446,
        1.377217173576355,
        1.3762694597244263,
        1.3743658065795898,
        1.3855890035629272,
        1.373310923576355,
        1.4065059423446655,
        1.3971821069717407,
        1.3903071880340576,
        1.3762246370315552,
        1.3823682069778442,
        1.38070809841156,
        1.372848629951477,
        1.3714114427566528,
        1.3715285062789917,
        1.3777178525924683,
        1.3708796501159668,
        1.3743327856063843,
        1.369203805923462,
        1.3983008861541748,
        1.3929892778396606,
        1.395744800567627,
        1.3845877647399902,
        1.3846598863601685,
        1.3794991970062256,
        1.3744534254074097,
        1.3739581108093262,
        1.3741037845611572,
        1.3713563680648804,
        1.3678858280181885,
        1.3704332113265991,
        1.3696197271347046,
        1.3762024641036987,
        1.3687641620635986,
        1.3753215074539185,
        1.4164254665374756,
        1.3937922716140747,
        1.3833856582641602,
        1.3775999546051025,
        1.379675030708313,
        1.3786718845367432,
        1.3769150972366333,
        1.3782143592834473,
        1.3760141134262085,
        1.371887445449829,
        1.3750147819519043,
        1.372528076171875,
        1.3776264190673828,
        1.374672532081604,
        1.3750547170639038,
        1.3717858791351318,
        1.3857896327972412,
        1.3417103290557861,
        1.3382775783538818,
        1.3375449180603027,
        1.335138201713562,
        1.336345911026001,
        1.3330626487731934,
        1.3333553075790405,
        1.3343902826309204,
        1.334623098373413,
        1.3358418941497803,
        1.3326759338378906,
        1.3340164422988892,
        1.3320800065994263,
        1.3308864831924438,
        1.3307493925094604,
        1.3326040506362915,
        1.3314367532730103,
        1.330204725265503,
        1.3319969177246094,
        1.3312783241271973,
        1.3292555809020996,
        1.3292428255081177,
        1.327754020690918,
        1.3310625553131104,
        1.3288958072662354,
        1.3316458463668823,
        1.3282380104064941,
        1.3293002843856812,
        1.3320469856262207,
        1.3285791873931885,
        1.3276169300079346,
        1.331379771232605,
        1.3269895315170288,
        1.3349635601043701,
        1.3280502557754517,
        1.327144742012024,
        1.3276138305664062,
        1.3276375532150269,
        1.3260051012039185,
        1.3274623155593872,
        1.3297693729400635,
        1.3259966373443604,
        1.3267611265182495,
        1.3266761302947998,
        1.3265631198883057,
        1.3256025314331055,
        1.3286724090576172,
        1.3261231184005737,
        1.3260087966918945,
        1.3263869285583496,
        1.3241333961486816,
        1.3258676528930664,
        1.325992465019226,
        1.3384305238723755,
        1.326619029045105,
        1.3253933191299438,
        1.325727105140686,
        1.3254263401031494,
        1.3257009983062744,
        1.3288040161132812,
        1.3246499300003052,
        1.3236006498336792,
        1.3246498107910156,
        1.3245205879211426,
        1.3238835334777832,
        1.325574278831482,
        1.3235834836959839,
        1.3242708444595337,
        1.324566125869751,
        1.3266688585281372,
        1.323877215385437,
        1.323433756828308,
        1.3245197534561157,
        1.3251309394836426,
        1.32350754737854,
        1.3254555463790894,
        1.3230600357055664,
        1.3278584480285645,
        1.3234387636184692,
        1.3238226175308228,
        1.322623610496521,
        1.3245311975479126,
        1.3214001655578613,
        1.3254884481430054,
        1.3235012292861938,
        1.3227297067642212,
        1.3248649835586548,
        1.3234429359436035,
        1.3240540027618408,
        1.3214936256408691,
        1.3241103887557983,
        1.3230971097946167,
        1.3232835531234741,
        1.324711799621582,
        1.320765733718872,
        1.3213659524917603,
        1.323336124420166,
        1.3239738941192627,
        1.3225598335266113,
        1.322087049484253,
        1.3233402967453003,
        1.3217283487319946,
        1.3242645263671875,
        1.3229458332061768,
        1.3222352266311646,
        1.324275016784668,
        1.3217535018920898,
        1.3229180574417114,
        1.3231035470962524,
        1.3229330778121948,
        1.3214823007583618,
        1.320995569229126,
        1.3235561847686768,
        1.321771502494812,
        1.321321725845337,
        1.320845127105713,
        1.3128061294555664,
        1.3120746612548828,
