{
    "run_n":12,
    "run_seed":0,
    "ndims":4,
    "nsamples":100000,
    "correlation":"corr",
    "nbijectors":10,
    "bijector":"CsplineN",
    "spline_knots":12,
    "range_min":-16,
    "hidden_layers":"512-512-512",
    "batch_size":512,
    "activation":"relu",
    "eps_regulariser":0,
    "regulariser":null,
    "dist_seed":0,
    "test_seed":0,
    "kl_divergence":-1,
    "ks_test_mean":0.5036135168304484,
    "ks_test_median":0.4959525238424768,
    "ad_test_mean":0.2135613379472433,
    "ad_test_median":0.21237349843893022,
    "Wasserstein_median":0.0170502690352479,
    "Wasserstein_mean":0.0170502690352479,
    "frob_norm":0.027351219228176148,
    "epochs_input":1000,
    "epochs_output":309,
    "time":16517.57444022596,
    "train_loss_history":[
        11.18801212310791,
        5.202402114868164,
        4.50022029876709,
        4.216108798980713,
        4.311004161834717,
        4.032690525054932,
        3.770838499069214,
        3.5458312034606934,
        3.548677921295166,
        3.6016430854797363,
        3.1328840255737305,
        3.266974925994873,
        3.2039177417755127,
        2.946335554122925,
        3.13685941696167,
        2.943474054336548,
        2.852588176727295,
        2.7691473960876465,
        2.7560346126556396,
        2.7538106441497803,
        2.6931283473968506,
        2.717094898223877,
        2.6678638458251953,
        2.6481754779815674,
        2.6351749897003174,
        2.703174114227295,
        2.59484601020813,
        2.6045992374420166,
        2.564204454421997,
        2.5601234436035156,
        2.6098015308380127,
        2.581021308898926,
        2.550985097885132,
        2.733120918273926,
        2.6635184288024902,
        2.534097194671631,
        2.774710178375244,
        2.5722784996032715,
        2.5034563541412354,
        2.5084786415100098,
        2.4930853843688965,
        2.4708921909332275,
        2.493037223815918,
        2.5206050872802734,
        2.494995355606079,
        2.5006189346313477,
        2.5029995441436768,
        2.5386922359466553,
        2.463531017303467,
        2.478099822998047,
        2.4748027324676514,
        2.4927783012390137,
        2.486341953277588,
        2.4814600944519043,
        2.458681106567383,
        2.4671831130981445,
        2.473773241043091,
        2.490201234817505,
        2.460716485977173,
        2.479072332382202,
        2.4644293785095215,
        2.4455692768096924,
        2.4541523456573486,
        2.4669082164764404,
        2.4716756343841553,
        2.4587996006011963,
        2.4575109481811523,
        2.449770212173462,
        2.6544508934020996,
        2.5498123168945312,
        2.441786050796509,
        2.4433393478393555,
        2.4383838176727295,
        2.454723834991455,
        2.439131021499634,
        2.4394619464874268,
        2.4323737621307373,
        2.438507318496704,
        2.510484457015991,
        2.4942729473114014,
        2.421170473098755,
        2.5088517665863037,
        2.4329657554626465,
        2.422192096710205,
        2.4325599670410156,
        2.429234266281128,
        2.4454643726348877,
        2.423658847808838,
        2.414966344833374,
        2.440646171569824,
        2.431182384490967,
        2.4327898025512695,
        2.4452221393585205,
        2.4568357467651367,
        2.4523439407348633,
        2.424354076385498,
        2.428807020187378,
        2.4309017658233643,
        2.422971487045288,
        2.4222428798675537,
        2.4344773292541504,
        2.421738386154175,
        2.422325611114502,
        2.4205005168914795,
        2.4395599365234375,
        2.4087777137756348,
        2.4246957302093506,
        2.436018705368042,
        2.4423623085021973,
        2.424621343612671,
        2.405883550643921,
        2.4047672748565674,
        2.4198873043060303,
        2.410351037979126,
        2.4493889808654785,
        2.4235589504241943,
        2.6640663146972656,
        2.62247896194458,
        2.425299882888794,
        2.4188811779022217,
        2.415332078933716,
        2.4389755725860596,
        2.418020725250244,
        2.4158616065979004,
        2.4050745964050293,
        2.408808708190918,
        2.3989105224609375,
        2.400033950805664,
        2.424140691757202,
        2.4036099910736084,
        2.425588846206665,
        2.403759479522705,
        2.4004833698272705,
        2.426435708999634,
        2.42165470123291,
        2.4220669269561768,
        2.4027366638183594,
        2.4132392406463623,
        2.411223888397217,
        2.395667791366577,
        2.3965578079223633,
        2.404235601425171,
        2.398571729660034,
        2.401045322418213,
        2.4045705795288086,
        2.4525763988494873,
        2.406287670135498,
        2.411623239517212,
        2.3929433822631836,
        2.3915066719055176,
        2.406141996383667,
        2.3978583812713623,
        2.4143011569976807,
        2.4146804809570312,
        2.4151477813720703,
        2.400402784347534,
        2.4084863662719727,
        2.3932414054870605,
        2.403496742248535,
        2.414081335067749,
        2.4013023376464844,
        2.4154748916625977,
        2.394017219543457,
        2.404902696609497,
        2.4024126529693604,
        2.392357349395752,
        2.392437219619751,
        2.3874149322509766,
        2.408076763153076,
        2.400947332382202,
        2.386458158493042,
        2.3991997241973877,
        2.4159321784973145,
        2.398954153060913,
        2.3926374912261963,
        2.386648178100586,
        2.392293930053711,
        2.397545576095581,
        2.3914542198181152,
        2.387256622314453,
        2.398967981338501,
        2.381345510482788,
        2.4061832427978516,
        2.392698049545288,
        2.3871266841888428,
        2.393984794616699,
        2.3904101848602295,
        2.398165702819824,
        2.3976268768310547,
        2.384758234024048,
        2.4036545753479004,
        2.3944687843322754,
        2.3902132511138916,
        2.385110378265381,
        2.4075093269348145,
        2.395784378051758,
        2.389065742492676,
        2.381648540496826,
        2.5040996074676514,
        2.39721941947937,
        2.3985979557037354,
        2.402468204498291,
        2.390690326690674,
        2.4006197452545166,
        2.3900184631347656,
        2.3927721977233887,
        2.389031410217285,
        2.3904776573181152,
        2.3867132663726807,
        2.3882200717926025,
        2.385784149169922,
        2.380784273147583,
        2.390916109085083,
        2.3934383392333984,
        2.393023729324341,
        2.379347562789917,
        2.3902904987335205,
        2.3938512802124023,
        2.3861684799194336,
        2.3811988830566406,
        2.392565965652466,
        2.3835604190826416,
        2.3947675228118896,
        2.3796725273132324,
        2.388653039932251,
        2.3895339965820312,
        2.3753342628479004,
        2.3797736167907715,
        2.3863978385925293,
        2.386688232421875,
        2.39827561378479,
        2.388486385345459,
        2.379007577896118,
        2.3939244747161865,
        2.375042676925659,
        2.3850362300872803,
        2.3819069862365723,
        2.3983230590820312,
        2.382047653198242,
        2.3844234943389893,
        2.384568691253662,
        2.38205885887146,
        2.3791792392730713,
        2.3834011554718018,
        2.379768133163452,
        2.3821656703948975,
        2.3716421127319336,
        2.3843438625335693,
        2.348099946975708,
        2.3424315452575684,
        2.3418023586273193,
        2.3400590419769287,
        2.3415815830230713,
        2.340998411178589,
        2.3405373096466064,
        2.3412723541259766,
        2.3419201374053955,
        2.3407843112945557,
        2.3404688835144043,
        2.3404455184936523,
        2.3444178104400635,
        2.3399479389190674,
