{
    "run_n":7,
    "run_seed":721,
    "ndims":8,
    "nsamples":100000,
    "correlation":"corr",
    "nbijectors":5,
    "bijector":"RealNVPN",
    "spline_knots":8,
    "range_min":-5,
    "hidden_layers":"128-128-128",
    "batch_size":256,
    "activation":"relu",
    "eps_regulariser":0,
    "regulariser":null,
    "dist_seed":0,
    "test_seed":0,
    "kl_divergence":-1,
    "ks_test_mean":0.49351502852432577,
    "ks_test_median":0.49447060566323,
    "ad_test_mean":0.2166111808987467,
    "ad_test_median":0.21757136178880315,
    "Wasserstein_median":0.0236133839361041,
    "Wasserstein_mean":0.0236133839361041,
    "frob_norm":0.05823218677676332,
    "epochs_input":1000,
    "epochs_output":258,
    "time":1544.4899027617648,
    "train_loss_history":[
        16.975385665893555,
        7.154711723327637,
        6.440303802490234,
        6.2261857986450195,
        6.067851543426514,
        5.863306999206543,
        5.8008317947387695,
        5.7329421043396,
        5.741824150085449,
        5.491335868835449,
        5.749431133270264,
        5.2883195877075195,
        5.517000198364258,
        5.222325325012207,
        5.267460346221924,
        5.203586101531982,
        5.205217361450195,
        5.099741458892822,
        5.01692533493042,
        4.996506690979004,
        5.013339042663574,
        5.030086994171143,
        4.92719841003418,
        4.88449239730835,
        4.903387546539307,
        4.971033096313477,
        4.824830532073975,
        4.802541732788086,
        4.834099292755127,
        4.80583381652832,
        4.807776927947998,
        4.770445346832275,
        4.780581474304199,
        4.709992408752441,
        4.75647497177124,
        4.682523727416992,
        4.716304302215576,
        4.697513580322266,
        4.697978973388672,
        4.6690826416015625,
        4.668725967407227,
        4.6424360275268555,
        4.630539894104004,
        4.606002330780029,
        4.622101306915283,
        4.630704402923584,
        4.562312602996826,
        4.606992244720459,
        4.599472522735596,
        4.5933685302734375,
        4.570326805114746,
        4.572864055633545,
        4.532537937164307,
        4.5555806159973145,
        4.5011749267578125,
        4.553775310516357,
        4.538472652435303,
        4.531280994415283,
        4.494586944580078,
        4.509316444396973,
        4.519542694091797,
        4.49746561050415,
        4.518110752105713,
        4.519285678863525,
        4.483798980712891,
        4.488091468811035,
        4.472911834716797,
        4.4716291427612305,
        4.449558258056641,
        4.468416690826416,
        4.450183391571045,
        4.437796115875244,
        4.433258533477783,
        4.431151390075684,
        4.399020195007324,
        4.4428229331970215,
        4.438713550567627,
        4.42910623550415,
        4.419459819793701,
        4.4317827224731445,
        4.405053615570068,
        4.441841125488281,
        4.379668235778809,
        4.3977227210998535,
        4.4250006675720215,
        4.4044108390808105,
        4.388888835906982,
        4.380910873413086,
        4.397207260131836,
        4.389094352722168,
        4.394401550292969,
        4.38940954208374,
        4.361947059631348,
        4.371646404266357,
        4.378224849700928,
        4.368021488189697,
        4.355579853057861,
        4.3667473793029785,
        4.351298809051514,
        4.357475757598877,
        4.363368511199951,
        4.36302375793457,
        4.365451812744141,
        4.3310651779174805,
        4.346075057983398,
        4.330922603607178,
        4.335352897644043,
        4.401473522186279,
        4.317796230316162,
        4.326019287109375,
        4.358008861541748,
        4.33093786239624,
        4.352180004119873,
        4.340260982513428,
        4.316037654876709,
        4.314457416534424,
        4.318845748901367,
        4.32256555557251,
        4.30963134765625,
        4.341536998748779,
        4.3160905838012695,
        4.315418720245361,
        4.335711479187012,
        4.303452014923096,
        4.334969997406006,
        4.324751377105713,
        4.303213596343994,
        4.298951148986816,
        4.288569927215576,
        4.305135726928711,
        4.317831516265869,
        4.304938316345215,
        4.273415565490723,
        4.294702529907227,
        4.330317974090576,
        4.284912586212158,
        4.296494007110596,
        4.285576343536377,
        4.278770923614502,
        4.347577095031738,
        4.2975029945373535,
        4.287639617919922,
        4.292928695678711,
        4.268771171569824,
        4.293912887573242,
        4.276722431182861,
        4.2753448486328125,
        4.276070594787598,
        4.2682342529296875,
        4.2704081535339355,
        4.305586338043213,
        4.314205169677734,
        4.282888412475586,
        4.282536506652832,
        4.273988246917725,
        4.2773823738098145,
        4.282549858093262,
        4.276265621185303,
        4.273613929748535,
        4.267566204071045,
        4.276556015014648,
        4.292636871337891,
        4.237636089324951,
        4.271024227142334,
        4.279045581817627,
        4.276792526245117,
        4.295072078704834,
        4.250813961029053,
        4.26815128326416,
        4.2843546867370605,
        4.273088455200195,
        4.272712230682373,
        4.260653018951416,
        4.226808547973633,
        4.266280174255371,
        4.283045291900635,
        4.296822547912598,
        4.266111850738525,
        4.2477288246154785,
        4.248155117034912,
        4.24562931060791,
        4.272785663604736,
        4.253696918487549,
        4.257384300231934,
        4.301071643829346,
        4.2754411697387695,
        4.253634929656982,
        4.221319675445557,
        4.228416442871094,
        4.251486778259277,
        4.259801387786865,
        4.219663619995117,
        4.267172336578369,
        4.08762788772583,
        4.072082042694092,
        4.063130855560303,
        4.066957950592041,
        4.0718793869018555,
        4.071889877319336,
        4.075788974761963,
        4.0626068115234375,
        4.061742782592773,
        4.065518379211426,
        4.065313816070557,
        4.066709518432617,
        4.060537338256836,
        4.062558174133301,
        4.061112880706787,
        4.060396671295166,
        4.060324668884277,
        4.061875820159912,
        4.064756870269775,
        4.05812406539917,
        4.0587382316589355,
        4.0598297119140625,
        4.053319931030273,
        4.061618804931641,
        4.052065849304199,
        4.05587100982666,
        4.063535213470459,
        4.05539083480835,
        4.05402135848999,
        4.052280426025391,
        4.052882194519043,
        4.0557661056518555,
        4.043128490447998,
        4.051262855529785,
        4.0434112548828125,
        4.0494303703308105,
        4.05002498626709,
        4.042718410491943,
        4.04625940322876,
        4.049814701080322,
        4.045589447021484,
        4.044611930847168,
        4.048166751861572,
        4.043701171875,
        4.045979976654053,
        4.044488430023193,
        4.039427757263184,
        4.0503435134887695,
        4.041801929473877,
        4.038150787353516,
        4.047186851501465,
        4.046077728271484,
        4.041711330413818,
        4.039077281951904,
        4.040904521942139,
        3.9997830390930176,
        3.9971656799316406,
        3.996265172958374,
        3.995837450027466,
        3.99558162689209,
        3.9962317943573,
        3.9953227043151855,
        3.996534824371338,
        3.9966344833374023,
        3.996863842010498
    ],