{
    "run_n":27,
    "run_seed":0,
    "ndims":16,
    "nsamples":100000,
    "correlation":"corr",
    "nbijectors":5,
    "bijector":"CsplineN",
    "spline_knots":8,
    "range_min":-16,
    "hidden_layers":"512-512-512",
    "batch_size":512,
    "activation":"relu",
    "eps_regulariser":0,
    "regulariser":null,
    "dist_seed":0,
    "test_seed":0,
    "kl_divergence":-1,
    "ks_test_mean":0.26858684464471777,
    "ks_test_median":0.3076719534313862,
    "ad_test_mean":0.14560069625322591,
    "ad_test_median":0.1184789459644795,
    "Wasserstein_median":0.01853326602967343,
    "Wasserstein_mean":0.01853326602967343,
    "frob_norm":0.6842441464944172,
    "epochs_input":1000,
    "epochs_output":150,
    "time":3451.660551963374,
    "train_loss_history":[
        28.369646072387695,
        9.056248664855957,
        7.438321113586426,
        5.580224514007568,
        5.027622222900391,
        3.7815558910369873,
        4.33721923828125,
        3.8670380115509033,
        2.8595938682556152,
        2.6191835403442383,
        2.491445302963257,
        3.3461968898773193,
        2.1261022090911865,
        1.7529524564743042,
        1.845826506614685,
        1.4770846366882324,
        1.7571070194244385,
        1.4782096147537231,
        1.0941821336746216,
        1.5865845680236816,
        1.1777684688568115,
        0.916851818561554,
        1.4821743965148926,
        1.5604870319366455,
        1.278741478919983,
        1.0230718851089478,
        1.4965099096298218,
        1.7970067262649536,
        0.9362956285476685,
        0.8423863053321838,
        0.8593998551368713,
        0.6077675819396973,
        0.7025659084320068,
        0.4451175928115845,
        0.43918949365615845,
        0.5031135678291321,
        0.6263774037361145,
        0.5286593437194824,
        0.5108481049537659,
        0.3103051483631134,
        0.40460264682769775,
        -0.08542760461568832,
        0.4117419719696045,
        0.22064658999443054,
        0.27467212080955505,
        -0.22892308235168457,
        0.23394107818603516,
        0.28524109721183777,
        -0.16896945238113403,
        0.17432832717895508,
        -0.1024680957198143,
        0.08382552862167358,
        -0.038963329046964645,
        0.03416259586811066,
        -0.4128302335739136,
        0.15311890840530396,
        -0.2824135720729828,
        -0.0753096491098404,
        -0.3127944767475128,
        -0.312942773103714,
        -0.4605010747909546,
        -0.42137959599494934,
        -0.6093124747276306,
        -0.2770380973815918,
        -0.2842314839363098,
        -0.6424076557159424,
        -0.31646451354026794,
        -0.640723466873169,
        -0.655754566192627,
        -0.4203861355781555,
        -0.6533809304237366,
        -0.5768982768058777,
        -0.5462031960487366,
        -0.7336816787719727,
        -0.7874457240104675,
        -0.7918102145195007,
        -0.7146682739257812,
        -0.8368625640869141,
        -0.8180692791938782,
        -0.7596418261528015,
        -0.9399411678314209,
        -0.5462827086448669,
        -0.8683703541755676,
        -0.7685697078704834,
        -0.9764031171798706,
        -0.6455328464508057,
        -0.8824672698974609,
        -1.000571608543396,
        -0.9882648587226868,
        -0.2833669185638428,
        -0.9200801849365234,
        -0.8517361879348755,
        -1.0563124418258667,
        -1.0184825658798218,
        -1.0155014991760254,
        -0.9767101407051086,
        -1.0736088752746582,
        -1.1047457456588745,
        -1.1536740064620972,
        -1.1050556898117065,
        -1.1627540588378906,
        -1.109195590019226,
        -1.2163035869598389,
        -1.1490192413330078,
        -1.2474493980407715,
        -1.2507206201553345,
        -1.1664230823516846,
        -1.3004682064056396,
        -1.2691737413406372,
        -1.2452037334442139,
        -1.271793246269226,
        -1.3628047704696655,
        -1.259542465209961,
        -1.2208391427993774,
        -1.1432924270629883,
        -1.4229400157928467,
        -1.4340882301330566,
        -1.4765738248825073,
        -1.4380288124084473,
        -1.5108165740966797,
        -1.4571353197097778,
        -1.477454423904419,
        -1.6059892177581787,
        -1.5516927242279053,
        -1.5681250095367432,
        -1.620338797569275,
        -1.574622392654419,
        -1.5462042093276978,
        -1.6349644660949707,
        -1.6954960823059082,
        -1.6433203220367432,
        -1.6699053049087524,
        -1.6712998151779175,
        -1.500558853149414,
        -1.794380784034729,
        -1.7839714288711548,
        -1.735134482383728,
        -1.8705661296844482,
        -1.700546145439148,
        -1.8563158512115479,
        -2.547083854675293,
        -2.699681520462036,
        -2.764601230621338,
        -2.7877955436706543,
        -2.831805467605591,
        -2.8703455924987793,
        -2.9047329425811768,
        -2.916512966156006,
        -2.9300973415374756,
        -2.9482667446136475
    ],