{
    "run_n":1,
    "run_seed":0,
    "ndims":8,
    "nsamples":100000,
    "correlation":"corr",
    "nbijectors":2,
    "bijector":"MAFN",
    "spline_knots":8,
    "range_min":-16,
    "hidden_layers":"128-128-128",
    "batch_size":512,
    "activation":"relu",
    "eps_regulariser":0,
    "regulariser":null,
    "dist_seed":0,
    "test_seed":0,
    "kl_divergence":-1,
    "ks_test_mean":0.00024877236803738607,
    "ks_test_median":4.382973056036954e-05,
    "ad_test_mean":0.0010000000000000002,
    "ad_test_median":0.0010808515298618181,
    "Wasserstein_median":0.025499271512203756,
    "Wasserstein_mean":0.025499271512203756,
    "frob_norm":0.6818181053264889,
    "epochs_input":10,
    "epochs_output":10,
    "time":10.690989394999999,
    "train_loss_history":[
        25.64217185974121,
        6.654160499572754,
        2.481335401535034,
        1.0066454410552979,
        -0.4347943961620331,
        -0.9513647556304932,
        -1.5507986545562744,
        -2.3665382862091064,
        -3.761373281478882,
        -4.151676654815674
    ],
    "val_loss_history":[
        9.955721855163574,
        4.246152400970459,
        1.5856112241744995,
        0.06265600025653839,
        -0.7902780771255493,
        -1.0816271305084229,
        -1.888399600982666,
        -3.0885534286499023,
        -4.140575885772705,
        -4.259578704833984
    ],
    "best_train_loss":-4.151676654815674,
    "best_val_loss":-4.259578704833984,
    "best_epoch":9
}