{
    "run_n":6,
    "run_seed":541,
    "ndims":32,
    "nsamples":100000,
    "correlation":"corr",
    "nbijectors":2,
    "bijector":"MsplineN",
    "spline_knots":8,
    "range_min":-16,
    "hidden_layers":"128-128-128",
    "batch_size":512,
    "activation":"relu",
    "eps_regulariser":0,
    "regulariser":null,
    "dist_seed":0,
    "test_seed":0,
    "kl_divergence":-1,
    "ks_test_mean":0.4750349393414824,
    "ks_test_median":0.476043802231667,
    "ad_test_mean":0.2158842252235215,
    "ad_test_median":0.21203955751946868,
    "Wasserstein_median":0.03407661033933369,
    "Wasserstein_mean":0.03407661033933369,
    "frob_norm":0.4310625460893599,
    "epochs_input":1000,
    "epochs_output":248,
    "time":1804.0810174699873,
    "train_loss_history":[
        75.17030334472656,
        22.918249130249023,
        19.77547264099121,
        18.871850967407227,
        18.35053253173828,
        18.078670501708984,
        17.919734954833984,
        17.798664093017578,
        17.728256225585938,
        17.579320907592773,
        17.57075309753418,
        17.492238998413086,
        17.432159423828125,
        17.425485610961914,
        17.393495559692383,
        17.33465576171875,
        17.316654205322266,
        17.266738891601562,
        17.247005462646484,
        17.17417335510254,
        17.201108932495117,
        17.174335479736328,
        17.156330108642578,
        17.145708084106445,
        17.12503433227539,
        17.133132934570312,
        17.126188278198242,
        17.090063095092773,
        17.066438674926758,
        17.070985794067383,
        17.019227981567383,
        17.05844497680664,
        17.042638778686523,
        17.002870559692383,
        17.013545989990234,
        17.012231826782227,
        16.987123489379883,
        16.942564010620117,
        17.007238388061523,
        16.964006423950195,
        16.971290588378906,
        16.98009490966797,
        16.94214630126953,
        16.936479568481445,
        16.915681838989258,
        16.93937873840332,
        16.921972274780273,
        16.912012100219727,
        16.906400680541992,
        16.876876831054688,
        16.87736701965332,
        16.88715171813965,
        16.895483016967773,
        16.89337921142578,
        16.880407333374023,
        16.88974380493164,
        16.859912872314453,
        16.8485164642334,
        16.88528060913086,
        16.84326934814453,
        16.88995361328125,
        16.832611083984375,
        16.849491119384766,
        16.84605598449707,
        16.821575164794922,
        16.817081451416016,
        16.794231414794922,
        16.833293914794922,
        16.831401824951172,
        16.8208065032959,
        16.844724655151367,
        16.813589096069336,
        16.804580688476562,
        16.80596923828125,
        16.827259063720703,
        16.788965225219727,
        16.805055618286133,
        16.77553939819336,
        16.78739356994629,
        16.792144775390625,
        16.776748657226562,
        16.77846336364746,
        16.78649139404297,
        16.751676559448242,
        16.78386116027832,
        16.778223037719727,
        16.75417137145996,
        16.775522232055664,
        16.739316940307617,
        16.779640197753906,
        16.73892593383789,
        16.762588500976562,
        16.746318817138672,
        16.747600555419922,
        16.77521514892578,
        16.728965759277344,
        16.73130989074707,
        16.737680435180664,
        16.743175506591797,
        16.750497817993164,
        16.734695434570312,
        16.733848571777344,
        16.74026107788086,
        16.71271324157715,
        16.772937774658203,
        16.72629737854004,
        16.72285270690918,
        16.70576286315918,
        16.708459854125977,
        16.704978942871094,
        16.75235939025879,
        16.735729217529297,
        16.7294921875,
        16.706689834594727,
        16.69913673400879,
        16.685274124145508,
        16.73796272277832,
        16.715024948120117,
        16.701589584350586,
        16.708141326904297,
        16.69504737854004,
        16.704978942871094,
        16.70522689819336,
        16.676555633544922,
        16.689741134643555,
        16.70503807067871,
        16.685157775878906,
        16.68449592590332,
        16.695066452026367,
        16.680252075195312,
        16.708297729492188,
        16.66167449951172,
        16.713905334472656,
        16.688257217407227,
        16.671794891357422,
        16.659976959228516,
        16.65671157836914,
        16.681467056274414,
        16.65182876586914,
        16.662046432495117,
        16.660463333129883,
        16.66493034362793,
        16.654356002807617,
        16.65620994567871,
        16.66755485534668,
        16.653940200805664,
        16.674251556396484,
        16.653188705444336,
        16.670276641845703,
        16.662403106689453,
        16.65150260925293,
        16.643009185791016,
        16.661540985107422,
        16.645753860473633,
        16.655986785888672,
        16.67622947692871,
        16.639209747314453,
        16.629972457885742,
        16.663597106933594,
        16.630008697509766,
        16.630220413208008,
        16.654443740844727,
        16.61555290222168,
        16.645606994628906,
        16.631038665771484,
        16.62421417236328,
        16.638093948364258,
        16.635305404663086,
        16.622671127319336,
        16.610769271850586,
        16.612581253051758,
        16.633548736572266,
        16.64628791809082,
        16.616443634033203,
        16.643367767333984,
        16.629161834716797,
        16.609375,
        16.63456153869629,
        16.622230529785156,
        16.62664222717285,
        16.615741729736328,
        16.588659286499023,
        16.64348030090332,
        16.608932495117188,
        16.597463607788086,
        16.621692657470703,
        16.606868743896484,
        16.45846939086914,
        16.445907592773438,
        16.44574737548828,
        16.446277618408203,
        16.4456787109375,
        16.44164276123047,
        16.44442367553711,
        16.442964553833008,
        16.442230224609375,
        16.441883087158203,
        16.446138381958008,
        16.444347381591797,
        16.436166763305664,
        16.442838668823242,
        16.446245193481445,
        16.4427490234375,
        16.443239212036133,
        16.44458770751953,
        16.442171096801758,
        16.44423484802246,
        16.442245483398438,
        16.442678451538086,
        16.445207595825195,
        16.43537139892578,
        16.438325881958008,
        16.440773010253906,
        16.438892364501953,
        16.437761306762695,
        16.43804168701172,
        16.435626983642578,
        16.43851089477539,
        16.434457778930664,
        16.44037437438965,
        16.44228172302246,
        16.437654495239258,
        16.4392032623291,
        16.43856430053711,
        16.43484878540039,
        16.436386108398438,
        16.43523597717285,
        16.437429428100586,
        16.4383544921875,
        16.43282699584961,
        16.431697845458984,
        16.43148422241211,
        16.434553146362305,
        16.430801391601562,
        16.434885025024414,
        16.430484771728516,
        16.432302474975586,
        16.431440353393555,
        16.392946243286133,
        16.390090942382812,
        16.389446258544922,
        16.390886306762695,
        16.3903751373291,
        16.390460968017578,
        16.38924217224121,
        16.39000701904297,
        16.38932228088379,
        16.390911102294922
    ],