{
    "run_n":8,
    "run_seed":0,
    "ndims":16,
    "nsamples":100000,
    "correlation":"corr",
    "nbijectors":8,
    "bijector":"MAFN",
    "spline_knots":8,
    "range_min":-16,
    "hidden_layers":"256-256-256",
    "batch_size":512,
    "activation":"relu",
    "eps_regulariser":0,
    "regulariser":null,
    "dist_seed":0,
    "test_seed":0,
    "kl_divergence":-1,
    "ks_test_mean":0.32721575169670347,
    "ks_test_median":0.3733044540111746,
    "ad_test_mean":0.16868867302337912,
    "ad_test_median":0.13790072490041988,
    "Wasserstein_median":0.04004312111824751,
    "Wasserstein_mean":0.04004312111824751,
    "frob_norm":0.16175865704910347,
    "epochs_input":1000,
    "epochs_output":86,
    "time":343.16067177802324,
    "train_loss_history":[
        22.43267250061035,
        21.18846321105957,
        20.483627319335938,
        19.981056213378906,
        19.82141876220703,
        19.64951515197754,
        19.56936264038086,
        19.340526580810547,
        19.254945755004883,
        19.19886016845703,
        19.15423583984375,
        19.12047004699707,
        19.086223602294922,
        19.060136795043945,
        19.012435913085938,
        18.988449096679688,
        18.967979431152344,
        18.98150634765625,
        18.91090202331543,
        18.895021438598633,
        18.87778663635254,
        18.86699104309082,
        18.84714698791504,
        18.818613052368164,
        18.79224967956543,
        18.79088020324707,
        18.7635555267334,
        18.739904403686523,
        18.734331130981445,
        18.71100425720215,
        18.708049774169922,
        18.67656898498535,
        18.666959762573242,
        18.641826629638672,
        18.621204376220703,
        18.601825714111328,
        18.636341094970703,
        18.601932525634766,
        18.553266525268555,
        18.544872283935547,
        18.56884002685547,
        18.520170211791992,
        18.504932403564453,
        NaN,
        NaN,
        NaN,
        NaN,
        NaN,
        NaN,
        NaN,
        NaN,
        NaN,
        NaN,
        NaN,
        NaN,
        NaN,
        NaN,
        NaN,
        NaN,
        NaN,
        NaN,
        NaN,
        NaN,
        NaN,
        NaN,
        NaN,
        NaN,
        NaN,
        NaN,
        NaN,
        NaN,
        NaN,
        NaN,
        NaN,
        NaN,
        NaN,
        NaN,
        NaN,
        NaN,
        NaN,
        NaN,
        NaN,
        NaN,
        NaN,
        NaN,
        NaN
    ],
    "val_loss_history":[
        21.62449836730957,
        21.421730041503906,
        20.118072509765625,
        19.907669067382812,
        19.76068878173828,
        19.57464027404785,
        19.491979598999023,
        19.351016998291016,
        19.2742862701416,
        19.270984649658203,
        19.222227096557617,
        19.181110382080078,
        19.156213760375977,
        19.192466735839844,
        19.200031280517578,
        19.124897003173828,
        19.242313385009766,
        19.081804275512695,
        19.07382583618164,
        19.132766723632812,
        19.16246795654297,
        19.10246467590332,
        19.10447120666504,
        19.080299377441406,
        19.15144157409668,
        19.064342498779297,
        19.09206199645996,
        19.12248992919922,
        19.065271377563477,
        19.12380027770996,
        19.120271682739258,
        19.287988662719727,
        19.161108016967773,
        19.184494018554688,
        19.215513229370117,
        19.173870086669922,
        19.25827980041504,
        19.14733123779297,
        19.158748626708984,
        19.29053497314453,
        19.207509994506836,
        19.511249542236328,
        19.250232696533203,
        NaN,
        NaN,
        NaN,
        NaN,
        NaN,
        NaN,
        NaN,
        NaN,
        NaN,
        NaN,
        NaN,
        NaN,
        NaN,
        NaN,
        NaN,
        NaN,
        NaN,
        NaN,
        NaN,
        NaN,
        NaN,
        NaN,
        NaN,
        NaN,
        NaN,
        NaN,
        NaN,
        NaN,
        NaN,
        NaN,
        NaN,
        NaN,
        NaN,
        NaN,
        NaN,
        NaN,
        NaN,
        NaN,
        NaN,
        NaN,
        NaN,
        NaN,
        NaN
    ],
    "best_train_loss":[],
    "best_val_loss":NaN,
    "best_epoch":[]
}