{
    "run_n":102,
    "seed_train":377,
    "seed_test":378,
    "seed_dist":0,
    "seed_metrics":0,
    "ndims":8,
    "nsamples_train":100000,
    "nsamples_val":30000,
    "nsamples_test":100000,
    "correlation":null,
    "nbijectors":10,
    "bijector":"CsplineN",
    "spline_knots":8,
    "range_min":-16,
    "hidden_layers":"256-256-256",
    "trainable_parameters":1565080,
    "non_trainable_parameters":0,
    "batch_size":512,
    "activation":"relu",
    "regulariser":null,
    "eps_regulariser":0.0,
    "training_device":"NVIDIA A40",
    "epochs_input":1000,
    "epochs_output":167,
    "training_time":11520.42132206913,
    "prediction_time":136.05313897808082,
    "total_time":11656.474461047212,
    "best_train_loss":3.9305362701416016,
    "best_val_loss":4.1679368019104,
    "best_train_epoch":166,
    "best_val_epoch":66,
    "train_loss_history":[
        15.194402694702148,
        6.623646259307861,
        5.294073581695557,
        5.065343856811523,
        4.866962909698486,
        4.854645729064941,
        4.660406112670898,
        4.593364238739014,
        4.504474639892578,
        4.493758201599121,
        4.466303825378418,
        4.454581260681152,
        4.387806415557861,
        4.339815139770508,
        4.345160007476807,
        4.3281755447387695,
        4.308612823486328,
        4.312336444854736,
        4.268248081207275,
        4.263707637786865,
        4.26267671585083,
        4.271114826202393,
        4.252701759338379,
        4.248505115509033,
        4.237602710723877,
        4.215278148651123,
        4.21801233291626,
        4.220139503479004,
        4.206046104431152,
        4.201478958129883,
        4.192930221557617,
        4.186602592468262,
        4.191524505615234,
        4.193138599395752,
        4.168548583984375,
        4.164631366729736,
        4.165988922119141,
        4.17102575302124,
        4.177677631378174,
        4.163824081420898,
        4.152425765991211,
        4.146387577056885,
        4.151206970214844,
        4.139127254486084,
        4.155864715576172,
        4.145525932312012,
        4.147061347961426,
        4.142841815948486,
        4.141773223876953,
        4.141899585723877,
        4.119998455047607,
        4.138105392456055,
        4.133607387542725,
        4.127674102783203,
        4.134801864624023,
        4.136984825134277,
        4.118461608886719,
        4.118107318878174,
        4.117022514343262,
        4.122295379638672,
        4.117612361907959,
        4.119654178619385,
        4.114791393280029,
        4.106898784637451,
        4.1115522384643555,
        4.109796524047852,
        4.113136291503906,
        4.087027549743652,
        4.0993571281433105,
        4.100468635559082,
        4.091894149780273,
        4.108474254608154,
        4.0955729484558105,
        4.090631484985352,
        4.089998245239258,
        4.0985331535339355,
        4.087298393249512,
        4.087629795074463,
        4.087807655334473,
        4.07650899887085,
        4.094773769378662,
        4.079068660736084,
        4.0755205154418945,
        4.080455780029297,
        4.08750581741333,
        4.080676078796387,
        4.075885772705078,
        4.083259105682373,
        4.064821720123291,
        4.068681716918945,
        4.062460899353027,
        4.066193580627441,
        4.057601451873779,
        4.062521457672119,
        4.07231330871582,
        4.0687456130981445,
        4.052628993988037,
        4.059115886688232,
        4.06130838394165,
        4.062901973724365,
        4.047537326812744,
        4.0543670654296875,
        4.0563764572143555,
        4.049171447753906,
        4.0451226234436035,
        4.050114154815674,
        4.059446334838867,
        4.044703006744385,
        4.0431742668151855,
        4.049920082092285,
        4.043092727661133,
        4.0355143547058105,
        4.051325798034668,
        4.040807723999023,
        4.053976058959961,
        4.036349296569824,
        4.047313213348389,
        3.986609935760498,
        3.9767680168151855,
        3.9766552448272705,
        3.9743235111236572,
        3.9751064777374268,
        3.958245277404785,
        3.965226650238037,
        3.962080717086792,
        3.968197822570801,
        3.965575695037842,
        3.9689364433288574,
        3.9588494300842285,
        3.9609103202819824,
        3.959630012512207,
        3.9600987434387207,
        3.966127872467041,
        3.958235740661621,
        3.9560890197753906,
        3.961036205291748,
        3.951981782913208,
        3.9580729007720947,
        3.95326566696167,
        3.955111503601074,
        3.95587158203125,
        3.9513330459594727,
        3.955397605895996,
        3.947408437728882,
        3.955885648727417,
        3.9510202407836914,
        3.947908639907837,
        3.9451487064361572,
        3.947978973388672,
        3.94398832321167,
        3.942683696746826,
        3.944084882736206,
        3.9426212310791016,
        3.9389681816101074,
        3.9392528533935547,
        3.944904327392578,
        3.938577175140381,
        3.9379096031188965,
        3.9368293285369873,
        3.946070909500122,
        3.936084032058716,
        3.9364030361175537,
        3.9793219566345215,
        3.9379472732543945,
        3.934251308441162,
        3.9306063652038574,
        3.9305362701416016
    ],