{
    "run_n":126,
    "seed_train":541,
    "seed_test":542,
    "seed_dist":0,
    "seed_metrics":0,
    "ndims":8,
    "nsamples_train":100000,
    "nsamples_val":30000,
    "nsamples_test":100000,
    "correlation":null,
    "nbijectors":10,
    "bijector":"CsplineN",
    "spline_knots":8,
    "range_min":-16,
    "hidden_layers":"256-256-256",
    "trainable_parameters":1565080,
    "non_trainable_parameters":0,
    "batch_size":512,
    "activation":"relu",
    "regulariser":null,
    "eps_regulariser":0.0,
    "training_device":"NVIDIA A40",
    "epochs_input":1000,
    "epochs_output":165,
    "training_time":11346.55302429013,
    "prediction_time":143.77156115393154,
    "total_time":11490.324585444061,
    "best_train_loss":3.9500977993011475,
    "best_val_loss":4.169732570648193,
    "best_train_epoch":163,
    "best_val_epoch":64,
    "train_loss_history":[
        16.231184005737305,
        6.980478763580322,
        6.16477632522583,
        5.721879959106445,
        5.432305812835693,
        4.947667598724365,
        4.889864444732666,
        4.709239482879639,
        4.77655553817749,
        4.516104698181152,
        4.506406784057617,
        4.4778666496276855,
        4.43396520614624,
        4.421357154846191,
        4.3660688400268555,
        4.386682987213135,
        4.361372947692871,
        4.337510108947754,
        4.319155216217041,
        4.312025547027588,
        4.320860385894775,
        4.2880473136901855,
        4.2962260246276855,
        4.290489673614502,
        4.283561706542969,
        4.270361423492432,
        4.257638454437256,
        4.27470064163208,
        4.2280964851379395,
        4.253307342529297,
        4.231564521789551,
        4.226744174957275,
        4.23282527923584,
        4.217720985412598,
        4.227413654327393,
        4.2024335861206055,
        4.201142311096191,
        4.202023983001709,
        4.199199676513672,
        4.1968255043029785,
        4.189207553863525,
        4.170983791351318,
        4.185701847076416,
        4.196699142456055,
        4.177608013153076,
        4.158459186553955,
        4.1791486740112305,
        4.161068916320801,
        4.169149398803711,
        4.166596412658691,
        4.156282424926758,
        4.144248962402344,
        4.143567085266113,
        4.1543097496032715,
        4.146697521209717,
        4.159456729888916,
        4.1414337158203125,
        4.155166149139404,
        4.138539791107178,
        4.128172397613525,
        4.137207508087158,
        4.140699863433838,
        4.147520542144775,
        4.116861820220947,
        4.114912986755371,
        4.1307902336120605,
        4.128615379333496,
        4.122860431671143,
        4.135786056518555,
        4.112618446350098,
        4.111612319946289,
        4.111237525939941,
        4.1116814613342285,
        4.1217732429504395,
        4.106052398681641,
        4.1293625831604,
        4.111679553985596,
        4.118307113647461,
        4.1072163581848145,
        4.120316028594971,
        4.10252046585083,
        4.0967326164245605,
        4.117508411407471,
        4.107028007507324,
        4.086941719055176,
        4.101621150970459,
        4.094036102294922,
        4.1011176109313965,
        4.098091125488281,
        4.092366695404053,
        4.085787296295166,
        4.090908527374268,
        4.097516059875488,
        4.070130348205566,
        4.083461284637451,
        4.0827226638793945,
        4.0844597816467285,
        4.079458236694336,
        4.090516567230225,
        4.081236362457275,
        4.074954509735107,
        4.071294784545898,
        4.072202682495117,
        4.075943946838379,
        4.069708824157715,
        4.07163667678833,
        4.064233779907227,
        4.070248603820801,
        4.064823150634766,
        4.058772087097168,
        4.054856777191162,
        4.059920787811279,
        4.059701442718506,
        4.0672454833984375,
        4.057373523712158,
        3.994891881942749,
        3.9894471168518066,
        3.989600419998169,
        3.9943411350250244,
        3.9811413288116455,
        3.982998847961426,
        3.985301971435547,
        3.985078811645508,
        3.978599786758423,
        3.979159355163574,
        3.980729579925537,
        3.977020740509033,
        3.981473207473755,
        3.989470958709717,
        3.9770355224609375,
        3.9813499450683594,
        3.976066827774048,
        3.9728665351867676,
        3.971137285232544,
        3.97284197807312,
        3.970658779144287,
        3.970613718032837,
        3.9716849327087402,
        3.9636952877044678,
        3.968878984451294,
        3.9637935161590576,
        3.964430093765259,
        3.9660282135009766,
        3.9646506309509277,
        3.962484359741211,
        3.970445394515991,
        3.9685308933258057,
        3.9619486331939697,
        3.9637105464935303,
        3.960165023803711,
        3.9632554054260254,
        3.9626479148864746,
        3.9679765701293945,
        3.95084285736084,
        3.960240364074707,
        3.9589743614196777,
        3.9548757076263428,
        3.9526443481445312,
        3.9504222869873047,
        3.9543063640594482,
        3.958449125289917,
        3.9568605422973633,
        3.9556214809417725,
        3.9500977993011475,
        3.9523580074310303
    ],