{
    "run_n":34,
    "run_seed":0,
    "ndims":8,
    "nsamples":100000,
    "correlation":"corr",
    "nbijectors":10,
    "bijector":"MsplineN",
    "spline_knots":12,
    "range_min":-16,
    "hidden_layers":"512-512-512",
    "batch_size":512,
    "activation":"relu",
    "eps_regulariser":0,
    "regulariser":null,
    "dist_seed":0,
    "test_seed":0,
    "kl_divergence":-1,
    "ks_test_mean":0.4551153713927675,
    "ks_test_median":0.45407982472165376,
    "ad_test_mean":0.21329237955199604,
    "ad_test_median":0.21169881416235906,
    "Wasserstein_median":0.06232046238543433,
    "Wasserstein_mean":0.06232046238543433,
    "frob_norm":0.09526217981050228,
    "epochs_input":1000,
    "epochs_output":106,
    "time":3405.8640371309593,
    "train_loss_history":[
        13.83172607421875,
        8.31946849822998,
        7.554970741271973,
        7.324462890625,
        7.167034149169922,
        7.122323513031006,
        6.969357490539551,
        6.956358909606934,
        6.856293678283691,
        6.796307563781738,
        6.808015823364258,
        6.769170761108398,
        6.700510501861572,
        6.675728797912598,
        6.6789326667785645,
        6.699475288391113,
        6.631282806396484,
        6.624964714050293,
        6.636603832244873,
        6.571030139923096,
        6.584005355834961,
        6.564564228057861,
        6.587000370025635,
        6.551478385925293,
        6.540497779846191,
        6.5356059074401855,
        6.563441753387451,
        6.519655704498291,
        6.524827480316162,
        6.523950099945068,
        6.501662731170654,
        6.480240345001221,
        6.488543510437012,
        6.511777400970459,
        6.511844635009766,
        6.495016098022461,
        6.493587017059326,
        6.479247570037842,
        6.486282825469971,
        6.465717792510986,
        6.4666290283203125,
        6.447179794311523,
        6.443192005157471,
        6.446269989013672,
        6.444243907928467,
        6.441520690917969,
        6.428703784942627,
        6.421540260314941,
        6.427728652954102,
        6.435466766357422,
        6.423038959503174,
        6.411609172821045,
        6.406081199645996,
        6.400576114654541,
        6.407672882080078,
        6.388437271118164,
        6.390134334564209,
        6.387757778167725,
        6.392904281616211,
        6.368028163909912,
        6.375766754150391,
        6.358809471130371,
        6.350662708282471,
        6.335814952850342,
        6.339733600616455,
        6.337224006652832,
        6.332441329956055,
        6.305314064025879,
        6.322107791900635,
        6.302905082702637,
        6.30566930770874,
        6.2917633056640625,
        6.2974677085876465,
        6.277059078216553,
        6.2906341552734375,
        6.2792134284973145,
        6.262943267822266,
        6.2814226150512695,
        6.2393012046813965,
        6.260764122009277,
        6.230700492858887,
        6.2323527336120605,
        6.233180999755859,
        6.2163405418396,
        6.21898078918457,
        6.203701972961426,
        6.19229793548584,
        6.209460735321045,
        6.185257434844971,
        6.174453258514404,
        6.164216041564941,
        6.161510944366455,
        6.163780212402344,
        6.145653247833252,
        6.141073703765869,
        6.1314568519592285,
        5.9074788093566895,
        5.837416172027588,
        5.805709362030029,
        5.782596111297607,
        5.772453308105469,
        5.755199909210205,
        5.744523048400879,
        5.730997085571289,
        5.718262195587158,
        5.706556797027588
    ],
    "val_loss_history":[
        9.027847290039062,
        7.876176357269287,
        7.417900562286377,
        7.336519718170166,
        7.722789287567139,
        6.9875593185424805,
        6.845919609069824,
        7.119610786437988,
        6.9012675285339355,
        6.819118976593018,
        6.6409149169921875,
        7.07857084274292,
        6.834700107574463,
        6.773200035095215,
        6.809000015258789,
        6.672466278076172,
        6.742233753204346,
        6.655190467834473,
        6.6949944496154785,
        6.595890045166016,
        6.666775703430176,
        6.646088123321533,
        6.698776721954346,
        6.589046478271484,
        6.669637203216553,
        6.644758224487305,
        6.6610236167907715,
        6.717930316925049,
        6.599257469177246,
        6.67309045791626,
        6.625975131988525,
        6.584366798400879,
        6.615565299987793,
        6.607639789581299,
        6.567282676696777,
        6.781552314758301,
        6.639416694641113,
        6.643177509307861,
        6.574719429016113,
        6.666493892669678,
        6.620530128479004,
        6.642634868621826,
        6.6785430908203125,
        6.588624000549316,
        6.588911056518555,
        6.516045093536377,
        6.616212844848633,
        6.664435863494873,
        6.532492160797119,
        6.629571914672852,
        6.563116073608398,
        6.642588138580322,
        6.614409446716309,
        6.634514808654785,
        6.595884323120117,
        6.59172248840332,
        6.612756729125977,
        6.57515811920166,
        6.60629940032959,
        6.6323771476745605,
        6.578811168670654,
        6.609087944030762,
        6.591047763824463,
        6.59444522857666,
        6.5835137367248535,
        6.594380855560303,
        6.620265007019043,
        6.620162487030029,
        6.6255059242248535,
        6.657845497131348,
        6.622139930725098,
        6.653138637542725,
        6.66542387008667,
        6.669891834259033,
        6.682107925415039,
        6.688419818878174,
        6.658935546875,
        6.67559289932251,
        6.711441516876221,
        6.697795391082764,
        6.7139177322387695,
        6.704413890838623,
        6.707064151763916,
        6.77012300491333,
        6.666207790374756,
        6.748226165771484,
        6.712207317352295,
        6.753220081329346,
        6.746991157531738,
        6.715566635131836,
        6.812925338745117,
        6.729745864868164,
        6.80296516418457,
        6.799561023712158,
        6.808637619018555,
        6.800919055938721,
        6.829274654388428,
        6.911587715148926,
        6.99653959274292,
        7.056097507476807,
        7.087576389312744,
        7.155490398406982,
        7.1834635734558105,
        7.233245849609375,
        7.255637168884277,
        7.300331115722656
    ],
    "best_train_loss":6.441520690917969,
    "best_val_loss":6.516045093536377,
    "best_epoch":45
}