{
    "run_n":11,
    "run_seed":0,
    "ndims":16,
    "nsamples":100000,
    "correlation":"corr",
    "nbijectors":2,
    "bijector":"MsplineN",
    "spline_knots":12,
    "range_min":-16,
    "hidden_layers":"128-128-128",
    "batch_size":512,
    "activation":"relu",
    "eps_regulariser":0,
    "regulariser":null,
    "dist_seed":0,
    "test_seed":0,
    "kl_divergence":-1,
    "ks_test_mean":0.4424961941455918,
    "ks_test_median":0.458061428045039,
    "ad_test_mean":0.20778362220137386,
    "ad_test_median":0.2005542909900682,
    "Wasserstein_median":0.023508607586147656,
    "Wasserstein_mean":0.023508607586147656,
    "frob_norm":0.467780317708594,
    "epochs_input":1000,
    "epochs_output":133,
    "time":699.219254292082,
    "train_loss_history":[
        31.347990036010742,
        6.740535736083984,
        5.805842876434326,
        5.566848278045654,
        5.479359149932861,
        5.394774913787842,
        5.349308967590332,
        5.337989807128906,
        5.325608253479004,
        5.312625408172607,
        5.270524024963379,
        5.266505718231201,
        5.243404388427734,
        5.264710903167725,
        5.227766036987305,
        5.233979225158691,
        5.22660493850708,
        5.223464012145996,
        5.2094221115112305,
        5.222118854522705,
        5.2231364250183105,
        5.195338249206543,
        5.214476585388184,
        5.215836048126221,
        5.197923183441162,
        5.1845550537109375,
        5.191030025482178,
        5.189825057983398,
        5.188064098358154,
        5.1812663078308105,
        5.181436538696289,
        5.188107013702393,
        5.179957866668701,
        5.1630377769470215,
        5.179471492767334,
        5.17397928237915,
        5.177095890045166,
        5.165466785430908,
        5.170716762542725,
        5.16706657409668,
        5.155445098876953,
        5.1751604080200195,
        5.1620635986328125,
        5.154563903808594,
        5.158426284790039,
        5.146869659423828,
        5.153231620788574,
        5.1378631591796875,
        5.130980014801025,
        5.154789924621582,
        5.132951259613037,
        5.138346195220947,
        5.1365580558776855,
        5.146770477294922,
        5.138012409210205,
        5.135469913482666,
        5.128657341003418,
        5.123426914215088,
        5.1315813064575195,
        5.132681846618652,
        5.123778343200684,
        5.133692741394043,
        5.127579689025879,
        5.118448257446289,
        5.122243404388428,
        5.121898651123047,
        5.116230010986328,
        5.121840953826904,
        5.122702121734619,
        5.116443634033203,
        5.110677719116211,
        5.108800411224365,
        5.113088607788086,
        5.119850158691406,
        5.116074562072754,
        5.109072685241699,
        5.104506015777588,
        5.115232944488525,
        5.109005451202393,
        5.102528095245361,
        5.103642463684082,
        5.098991394042969,
        5.094620227813721,
        5.1011881828308105,
        5.094192028045654,
        5.100390434265137,
        5.096138954162598,
        5.096331596374512,
        5.0947771072387695,
        5.090452194213867,
        5.099468231201172,
        5.0844035148620605,
        5.095485687255859,
        5.093075275421143,
        5.083037376403809,
        5.091416358947754,
        5.086778163909912,
        5.077348709106445,
        5.101825714111328,
        5.083652496337891,
        5.076011657714844,
        5.08060359954834,
        5.089208602905273,
        5.076821327209473,
        5.07981538772583,
        5.078563213348389,
        5.0697479248046875,
        5.071227550506592,
        5.0676445960998535,
        5.0706377029418945,
        5.072919845581055,
        5.064282417297363,
        5.071696758270264,
        5.073724269866943,
        5.059286594390869,
        5.0730485916137695,
        5.06723165512085,
        5.064748764038086,
        5.0544915199279785,
        5.062097549438477,
        5.058784008026123,
        5.058420658111572,
        5.05674934387207,
        4.996475696563721,
        4.988346099853516,
        4.986468315124512,
        4.988710880279541,
        4.988882541656494,
        4.987344741821289,
        4.98787784576416,
        4.98429536819458,
        4.985969543457031,
        4.986100196838379
    ],