{
    "run_n":32,
    "run_seed":0,
    "ndims":400,
    "nsamples":100000,
    "correlation":"corr",
    "nbijectors":10,
    "bijector":"RealNVPN",
    "spline_knots":8,
    "range_min":-5,
    "hidden_layers":"256-256-256",
    "batch_size":256,
    "activation":"relu",
    "eps_regulariser":0,
    "regulariser":null,
    "dist_seed":0,
    "test_seed":0,
    "kl_divergence":-1,
    "ks_test_mean":0.010251210096793384,
    "ks_test_median":8.792686916631129e-14,
    "ad_test_mean":0.0010000000000000002,
    "ad_test_median":0.00582680563431498,
    "Wasserstein_median":0.6201315621039392,
    "Wasserstein_mean":0.6201315621039392,
    "frob_norm":3.2702227552361576,
    "epochs_input":1000,
    "epochs_output":162,
    "time":1667.0389599287882,
    "train_loss_history":[
        213570.53125,
        1003.0255126953125,
        912.5679931640625,
        890.2172241210938,
        877.7623291015625,
        869.596923828125,
        863.5733642578125,
        858.7247924804688,
        854.7969970703125,
        851.4215698242188,
        847.9026489257812,
        844.4911499023438,
        842.0282592773438,
        840.38671875,
        838.8403930664062,
        837.5316162109375,
        836.3185424804688,
        835.353515625,
        834.4107666015625,
        833.54541015625,
        832.6543579101562,
        831.858642578125,
        831.1617431640625,
        830.345947265625,
        829.6290283203125,
        829.0053100585938,
        828.3330688476562,
        827.6912231445312,
        827.0624389648438,
        826.4808959960938,
        826.0094604492188,
        825.5675048828125,
        825.17138671875,
        824.6572875976562,
        824.2752075195312,
        823.8560180664062,
        823.4042358398438,
        822.8209838867188,
        822.3566284179688,
        821.8068237304688,
        821.4544677734375,
        820.798828125,
        820.4950561523438,
        820.0634155273438,
        819.5640258789062,
        819.2791748046875,
        818.9462890625,
        818.8600463867188,
        817.9497680664062,
        817.96826171875,
        817.268798828125,
        816.8756103515625,
        816.6923828125,
        816.3740844726562,
        816.1329345703125,
        815.5821533203125,
        815.3306884765625,
        814.8140258789062,
        814.9955444335938,
        814.3571166992188,
        814.4362182617188,
        813.83203125,
        813.78857421875,
        813.3179321289062,
        813.3203735351562,
        812.7518310546875,
        812.899169921875,
        812.356201171875,
        812.1096801757812,
        812.1644287109375,
        811.1911010742188,
        811.0595703125,
        810.7835083007812,
        810.3306274414062,
        810.2378540039062,
        809.5740966796875,
        809.2767944335938,
        809.4940795898438,
        808.676513671875,
        808.387939453125,
        808.4769287109375,
        807.4869995117188,
        806.9622802734375,
        806.8040771484375,
        806.6400756835938,
        805.90771484375,
        805.4598999023438,
        804.9742431640625,
        804.5780029296875,
        804.1576538085938,
        804.0485229492188,
        803.4049072265625,
        802.961669921875,
        802.6395874023438,
        802.1300659179688,
        801.761962890625,
        801.8131713867188,
        801.312255859375,
        801.0945434570312,
        800.7078857421875,
        800.364990234375,
        799.863037109375,
        799.9217529296875,
        799.8800048828125,
        799.3612670898438,
        798.7728271484375,
        798.8536376953125,
        798.5584106445312,
        798.1174926757812,
        798.14111328125,
        798.0109252929688,
        797.2803955078125,
        797.374755859375,
        796.8129272460938,
        796.7626953125,
        796.576904296875,
        796.2228393554688,
        796.1160888671875,
        795.6802978515625,
        796.3446655273438,
        795.7277221679688,
        794.7680053710938,
        794.6459350585938,
        794.6021118164062,
        794.638427734375,
        794.106689453125,
        793.95751953125,
        794.5680541992188,
        793.9478149414062,
        793.2544555664062,
        793.8387451171875,
        793.4336547851562,
        793.692626953125,
        793.03271484375,
        792.0265502929688,
        791.8663940429688,
        792.464599609375,
        792.1690063476562,
        791.5888671875,
        791.6185302734375,
        791.1707153320312,
        792.0840454101562,
        791.8430786132812,
        790.5255737304688,
        790.3739013671875,
        790.5564575195312,
        791.1160278320312,
        790.6806640625,
        791.6688842773438,
        791.432373046875,
        799.6292114257812,
        814.96240234375,
        43352740.0,
        796.9356689453125,
        795.6759643554688,
        794.7420654296875,
        793.9907836914062,
        793.3515625,
        792.7728881835938,
        792.2561645507812,
        791.7854614257812,
        791.3642578125
    ],