{
    "run_n":26,
    "run_seed":0,
    "ndims":8,
    "nsamples":100000,
    "correlation":"corr",
    "nbijectors":5,
    "bijector":"MsplineN",
    "spline_knots":12,
    "range_min":-16,
    "hidden_layers":"128-128-128",
    "batch_size":512,
    "activation":"relu",
    "eps_regulariser":0,
    "regulariser":null,
    "dist_seed":0,
    "test_seed":0,
    "kl_divergence":-1,
    "ks_test_mean":0.45950774609536515,
    "ks_test_median":0.47059460439138723,
    "ad_test_mean":0.2081397145338042,
    "ad_test_median":0.20522536674715805,
    "Wasserstein_median":0.07869282488650353,
    "Wasserstein_mean":0.07869282488650353,
    "frob_norm":0.07341108392484282,
    "epochs_input":1000,
    "epochs_output":181,
    "time":2695.132287560962,
    "train_loss_history":[
        18.46571159362793,
        9.137589454650879,
        8.131143569946289,
        7.654728412628174,
        7.352385997772217,
        7.297606468200684,
        7.13938570022583,
        7.059052467346191,
        6.977318286895752,
        6.902695655822754,
        6.890809535980225,
        6.821656703948975,
        6.78330659866333,
        6.784748077392578,
        6.750722885131836,
        6.720788478851318,
        6.725645065307617,
        6.7259440422058105,
        6.681593418121338,
        6.66126012802124,
        6.671248912811279,
        6.654452323913574,
        6.641225337982178,
        6.622710227966309,
        6.632853031158447,
        6.596812725067139,
        6.630641937255859,
        6.59657621383667,
        6.5855841636657715,
        6.605056285858154,
        6.59047794342041,
        6.582127571105957,
        6.565359115600586,
        6.575711250305176,
        6.572917461395264,
        6.56228494644165,
        6.56043815612793,
        6.54566764831543,
        6.546680450439453,
        6.56816291809082,
        6.529714107513428,
        6.528275966644287,
        6.531185150146484,
        6.540435791015625,
        6.511752128601074,
        6.524607181549072,
        6.523747444152832,
        6.507842540740967,
        6.505731582641602,
        6.518400192260742,
        6.4946608543396,
        6.4928693771362305,
        6.5047125816345215,
        6.493378162384033,
        6.490832805633545,
        6.504706382751465,
        6.47332763671875,
        6.495397090911865,
        6.483827590942383,
        6.479115009307861,
        6.516682147979736,
        6.48110294342041,
        6.471311092376709,
        6.463157653808594,
        6.472845077514648,
        6.469210624694824,
        6.467963695526123,
        6.469450950622559,
        6.467127323150635,
        6.466692924499512,
        6.4344329833984375,
        6.445645809173584,
        6.440680980682373,
        6.448711395263672,
        6.452601432800293,
        6.454586029052734,
        6.441823482513428,
        6.460988521575928,
        6.433954238891602,
        6.446343898773193,
        6.4520087242126465,
        6.444400787353516,
        6.446226119995117,
        6.425287246704102,
        6.432010173797607,
        6.428857803344727,
        6.422937870025635,
        6.428770542144775,
        6.43709135055542,
        6.425626754760742,
        6.422369480133057,
        6.402851104736328,
        6.43036413192749,
        6.4200968742370605,
        6.426071643829346,
        6.406984329223633,
        6.417505741119385,
        6.414068698883057,
        6.416774749755859,
        6.410505771636963,
        6.4113545417785645,
        6.402910232543945,
        6.402457237243652,
        6.395330429077148,
        6.392278671264648,
        6.394435882568359,
        6.3916497230529785,
        6.390913009643555,
        6.384262561798096,
        6.390419960021973,
        6.412090301513672,
        6.393345355987549,
        6.378469944000244,
        6.39868688583374,
        6.390186309814453,
        6.377071857452393,
        6.380207061767578,
        6.372786998748779,
        6.369140625,
        6.366177558898926,
        6.377255439758301,
        6.3762593269348145,
        6.366910934448242,
        6.370603561401367,
        6.3773603439331055,
        6.355928897857666,
        6.356124401092529,
        6.376473903656006,
        6.356741428375244,
        6.370131969451904,
        6.357720851898193,
        6.365427494049072,
        6.352230548858643,
        6.358522891998291,
        6.347031116485596,
        6.3500494956970215,
        6.357365131378174,
        6.355820178985596,
        6.349708080291748,
        6.357512950897217,
        6.348478317260742,
        6.341701030731201,
        6.346574783325195,
        6.343981742858887,
        6.339188098907471,
        6.3419108390808105,
        6.333953380584717,
        6.33397102355957,
        6.338860511779785,
        6.346774578094482,
        6.330910682678223,
        6.330856800079346,
        6.330369472503662,
        6.337283611297607,
        6.327887058258057,
        6.327509880065918,
        6.306735515594482,
        6.324394702911377,
        6.321451663970947,
        6.314493656158447,
        6.320122718811035,
        6.322409152984619,
        6.3102827072143555,
        6.306422233581543,
        6.321386337280273,
        6.318221569061279,
        6.313446998596191,
        6.306028842926025,
        6.303925037384033,
        6.296287536621094,
        6.299158573150635,
        6.200109004974365,
        6.185288906097412,
        6.180239677429199,
        6.179615497589111,
        6.178078651428223,
        6.1766581535339355,
        6.172120571136475,
        6.172873497009277,
        6.171780586242676,
        6.170999050140381
    ],