{
    "run_n":34,
    "run_seed":0,
    "ndims":1000,
    "nsamples":100000,
    "correlation":"corr",
    "nbijectors":5,
    "bijector":"RealNVPN",
    "spline_knots":8,
    "range_min":-5,
    "hidden_layers":"256-256-256",
    "batch_size":256,
    "activation":"relu",
    "eps_regulariser":0,
    "regulariser":null,
    "dist_seed":0,
    "test_seed":0,
    "kl_divergence":-1,
    "ks_test_mean":0.007810525116958599,
    "ks_test_median":7.023461469058637e-16,
    "ad_test_mean":0.0010000000000000002,
    "ad_test_median":0.0046022971451565526,
    "Wasserstein_median":0.655047684879337,
    "Wasserstein_mean":0.655047684879337,
    "frob_norm":7.650837796564018,
    "epochs_input":1000,
    "epochs_output":105,
    "time":582.9844170720316,
    "train_loss_history":[
        5975.9931640625,
        2065.089111328125,
        2055.809814453125,
        2051.158935546875,
        2048.2333984375,
        2046.4105224609375,
        2044.96826171875,
        2043.9371337890625,
        2042.8485107421875,
        2041.7320556640625,
        2040.763671875,
        2040.158203125,
        2039.6295166015625,
        2039.5042724609375,
        2038.6875,
        2038.272705078125,
        2037.8818359375,
        2037.726806640625,
        2037.30029296875,
        2037.133056640625,
        2036.806396484375,
        2036.7359619140625,
        2036.2861328125,
        2036.086669921875,
        2036.1522216796875,
        2037.229736328125,
        2035.76708984375,
        2035.4530029296875,
        2035.258544921875,
        2035.032470703125,
        2034.8988037109375,
        2034.723876953125,
        2034.3170166015625,
        2034.2496337890625,
        2033.767822265625,
        2033.6767578125,
        2033.57275390625,
        2032.9049072265625,
        2032.6903076171875,
        2032.44482421875,
        2032.927978515625,
        2031.5634765625,
        2031.7071533203125,
        2031.359375,
        2031.038818359375,
        2030.4166259765625,
        2029.8697509765625,
        2029.712890625,
        2029.57275390625,
        2028.7513427734375,
        2028.4736328125,
        2027.3876953125,
        2028.308837890625,
        2027.0635986328125,
        2026.0333251953125,
        2025.7188720703125,
        2024.979248046875,
        2024.2852783203125,
        2024.11474609375,
        2024.623291015625,
        2024.0513916015625,
        2023.8951416015625,
        2022.91845703125,
        2022.7430419921875,
        2023.423828125,
        2024.158447265625,
        2023.9190673828125,
        2021.997314453125,
        2021.014404296875,
        2021.991943359375,
        2020.3314208984375,
        2020.458251953125,
        2019.656005859375,
        2020.060302734375,
        2019.628173828125,
        2020.4249267578125,
        2019.9129638671875,
        2019.383544921875,
        2019.8671875,
        2018.4775390625,
        2020.6329345703125,
        2020.1558837890625,
        2019.54443359375,
        2018.121826171875,
        2017.3416748046875,
        2016.720703125,
        2017.0528564453125,
        2017.42919921875,
        2016.8182373046875,
        2016.458251953125,
        2016.03662109375,
        2017.0521240234375,
        2015.9129638671875,
        2015.5771484375,
        2015.4898681640625,
        2012.4891357421875,
        2011.10107421875,
        2010.4765625,
        2010.0599365234375,
        2009.739013671875,
        2009.4569091796875,
        2009.2032470703125,
        2009.010009765625,
        2008.76025390625,
        2008.573486328125
    ],
    "val_loss_history":[
        2074.204833984375,
        2060.031494140625,
        2054.0048828125,
        2050.471923828125,
        2047.833984375,
        2046.554931640625,
        2045.0902099609375,
        2044.06884765625,
        2043.3255615234375,
        2042.033203125,
        2042.6158447265625,
        2041.6131591796875,
        2040.1749267578125,
        2039.67822265625,
        2039.3843994140625,
        2039.640625,
        2038.7156982421875,
        2039.8055419921875,
        2038.4600830078125,
        2038.2003173828125,
        2038.727783203125,
        2037.71240234375,
        2037.328369140625,
        2038.0662841796875,
        2037.103759765625,
        2037.1124267578125,
        2037.1285400390625,
        2036.97265625,
        2038.906494140625,
        2038.177978515625,
        2037.843505859375,
        2036.7562255859375,
        2036.9027099609375,
        2036.9996337890625,
        2036.420654296875,
        2036.39794921875,
        2036.90625,
        2036.2694091796875,
        2036.53369140625,
        2041.6300048828125,
        2036.4130859375,
        2037.5306396484375,
        2036.15625,
        2036.5582275390625,
        2035.50048828125,
        2036.736572265625,
        2036.2432861328125,
        2035.6690673828125,
        2036.8675537109375,
        2035.5433349609375,
        2035.8853759765625,
        2036.0740966796875,
        2036.7032470703125,
        2036.5740966796875,
        2037.6080322265625,
        2036.634765625,
        2037.3988037109375,
        2040.350830078125,
        2039.0538330078125,
        2037.8421630859375,
        2039.82421875,
        2039.26220703125,
        2038.9114990234375,
        2039.60791015625,
        2040.2999267578125,
        2040.2633056640625,
        2039.6453857421875,
        2041.2034912109375,
        2044.221923828125,
        2044.042724609375,
        2043.755615234375,
        2044.030029296875,
        2043.948486328125,
        2047.005859375,
        2045.4898681640625,
        2046.805908203125,
        2047.2081298828125,
        2044.7103271484375,
        2045.5318603515625,
        2047.7115478515625,
        2043.7108154296875,
        2046.0640869140625,
        2046.79248046875,
        2048.722412109375,
        2050.825439453125,
        2053.308349609375,
        2050.3720703125,
        2049.7783203125,
        2051.17822265625,
        2055.646240234375,
        2051.7705078125,
        2052.3193359375,
        2051.63037109375,
        2051.567138671875,
        2054.07568359375,
        2057.093017578125,
        2060.79736328125,
        2063.13525390625,
        2065.711181640625,
        2065.545166015625,
        2068.467041015625,
        2069.460205078125,
        2070.5869140625,
        2070.005615234375,
        2072.78125
    ],
    "best_train_loss":2031.038818359375,
    "best_val_loss":2035.50048828125,
    "best_epoch":44
}