{
    "run_n":4,
    "run_seed":440,
    "ndims":400,
    "nsamples":100000,
    "correlation":"corr",
    "nbijectors":5,
    "bijector":"MAFN",
    "spline_knots":8,
    "range_min":-5,
    "hidden_layers":"128-128-128",
    "batch_size":512,
    "activation":"relu",
    "eps_regulariser":0,
    "regulariser":null,
    "dist_seed":0,
    "test_seed":0,
    "ks_mean":2.9763271903232923e-10,
    "ks_std":8.565167216883854e-09,
    "ad_mean":0.0010000000000000005,
    "ad_std":4.336808689942018e-19,
    "wd_mean":0.5409577387636182,
    "wd_std":0.209417060812945,
    "swd_mean":0.5155304738056841,
    "swd_std":0.24505849600569987,
    "fn_mean":42.63432926530255,
    "fn_std":0.789598362396388,
    "epochs_input":1000,
    "epochs_output":290,
    "time":850.1701106103137,
    "train_loss_history":[
        1446.99267578125,
        635.3082275390625,
        449.9128723144531,
        381.4219665527344,
        342.531494140625,
        316.56048583984375,
        298.59405517578125,
        284.97198486328125,
        273.2811279296875,
        265.4651184082031,
        257.98394775390625,
        251.634033203125,
        245.7771759033203,
        241.74774169921875,
        237.58282470703125,
        234.00424194335938,
        230.57162475585938,
        227.85682678222656,
        225.3748016357422,
        222.8714599609375,
        220.17953491210938,
        217.92340087890625,
        216.4954071044922,
        214.47000122070312,
        213.15945434570312,
        211.53956604003906,
        210.45143127441406,
        208.78634643554688,
        207.83074951171875,
        206.23684692382812,
        205.331298828125,
        204.2519073486328,
        203.392333984375,
        202.39649963378906,
        201.54159545898438,
        200.5861358642578,
        199.66163635253906,
        199.0076141357422,
        198.3626708984375,
        197.95701599121094,
        197.47886657714844,
        196.1701202392578,
        196.22848510742188,
        194.845458984375,
        194.60418701171875,
        194.4346923828125,
        193.87408447265625,
        193.30291748046875,
        193.06527709960938,
        192.46981811523438,
        191.3767852783203,
        191.31011962890625,
        190.8983154296875,
        190.55397033691406,
        189.66807556152344,
        189.58277893066406,
        189.26124572753906,
        188.6835174560547,
        188.58651733398438,
        188.31312561035156,
        187.8484344482422,
        187.1382293701172,
        187.01820373535156,
        186.73309326171875,
        186.1566162109375,
        185.6380157470703,
        185.5516815185547,
        185.4976043701172,
        185.51100158691406,
        184.70150756835938,
        184.43533325195312,
        184.18492126464844,
        183.80996704101562,
        183.7587432861328,
        183.2517547607422,
        183.0121307373047,
        183.18569946289062,
        182.53640747070312,
        182.2826385498047,
        182.13983154296875,
        182.09414672851562,
        182.0974884033203,
        181.69210815429688,
        181.43472290039062,
        181.3174285888672,
        181.1719970703125,
        181.10313415527344,
        180.3615264892578,
        180.4252166748047,
        180.2789306640625,
        180.29078674316406,
        179.860107421875,
        179.5684051513672,
        179.81236267089844,
        179.50967407226562,
        179.29115295410156,
        178.89752197265625,
        179.05625915527344,
        178.6770782470703,
        179.0874481201172,
        178.30503845214844,
        178.77366638183594,
        178.09786987304688,
        178.1344451904297,
        177.9740753173828,
        177.85606384277344,
        177.2996826171875,
        177.57411193847656,
        177.41806030273438,
        177.79017639160156,
        176.9367218017578,
        177.19430541992188,
        176.90182495117188,
        176.86009216308594,
        176.7903289794922,
        176.4242401123047,
        176.36424255371094,
        176.54405212402344,
        176.67494201660156,
        176.4042510986328,
        176.36520385742188,
        175.85687255859375,
        175.52630615234375,
        175.83184814453125,
        175.67503356933594,
        175.4936065673828,
        175.4348907470703,
        174.8680419921875,
        175.57972717285156,
        175.28732299804688,
        174.75360107421875,
        174.7274932861328,
        174.91400146484375,
        174.96295166015625,
        175.7120819091797,
        174.1632080078125,
        175.0855712890625,
        174.3483123779297,
        174.1156005859375,
        174.17593383789062,
        174.25244140625,
        174.2611541748047,
        173.8301544189453,
        173.77944946289062,
        173.86203002929688,
        173.9691162109375,
        173.45059204101562,
        173.7001190185547,
        173.38890075683594,
        173.5836639404297,
        173.0476837158203,
        173.39263916015625,
        172.8162078857422,
        173.1575927734375,
        173.4484405517578,
        172.81402587890625,
        173.38925170898438,
        172.8916473388672,
        172.77500915527344,
        172.66038513183594,
        172.83164978027344,
        172.55941772460938,
        173.0492706298828,
        172.11422729492188,
        172.68252563476562,
        171.9462432861328,
        172.4969482421875,
        171.8148651123047,
        172.14865112304688,
        172.0974884033203,
        171.9713134765625,
        171.93055725097656,
        172.36767578125,
        171.97433471679688,
        171.8128662109375,
        171.816650390625,
        171.35687255859375,
        172.4225616455078,
        171.31088256835938,
        171.74388122558594,
        171.802978515625,
        171.96864318847656,
        171.32080078125,
        171.4606170654297,
        171.2811737060547,
        171.24671936035156,
        170.98397827148438,
        171.0480194091797,
        171.52169799804688,
        170.8612518310547,
        171.1679229736328,
        170.77239990234375,
        170.7690887451172,
        171.34580993652344,
        170.97984313964844,
        170.70538330078125,
        170.56556701660156,
        171.08657836914062,
        170.26612854003906,
        170.8228759765625,
        170.915771484375,
        170.62661743164062,
        170.37168884277344,
        170.47177124023438,
        170.16986083984375,
        170.20541381835938,
        170.63697814941406,
        170.74215698242188,
        170.1223602294922,
        169.87351989746094,
        170.4769744873047,
        170.1421356201172,
        169.8113250732422,
        170.172119140625,
        170.30422973632812,
        170.14865112304688,
        170.26852416992188,
        170.7682647705078,
        169.21713256835938,
        170.31834411621094,
        169.5681915283203,
        169.96527099609375,
        169.35374450683594,
        169.5863037109375,
        169.4285430908203,
        169.50888061523438,
        169.64590454101562,
        169.7175750732422,
        169.3486785888672,
        168.98451232910156,
        169.34866333007812,
        169.71458435058594,
        169.45916748046875,
        169.81642150878906,
        169.03750610351562,
        169.38124084472656,
        168.86639404296875,
        NaN,
        NaN,
        NaN,
        NaN,
        NaN,
        NaN,
        NaN,
        NaN,
        NaN,
        NaN,
        NaN,
        NaN,
        NaN,
        NaN,
        NaN,
        NaN,
        NaN,
        NaN,
        NaN,
        NaN,
        NaN,
        NaN,
        NaN,
        NaN,
        NaN,
        NaN,
        NaN,
        NaN,
        NaN,
        NaN,
        NaN,
        NaN,
        NaN,
        NaN,
        NaN,
        NaN,
        NaN,
        NaN,
        NaN,
        NaN,
        NaN,
        NaN,
        NaN,
        NaN,
        NaN,
        NaN,
        NaN,
        NaN,
        NaN,
        NaN,
        NaN,
