{
    "run_n":3,
    "run_seed":377,
    "ndims":1000,
    "nsamples":100000,
    "correlation":"corr",
    "nbijectors":10,
    "bijector":"RealNVPN",
    "spline_knots":8,
    "range_min":-5,
    "hidden_layers":"128-128-128",
    "batch_size":256,
    "activation":"relu",
    "eps_regulariser":0,
    "regulariser":null,
    "dist_seed":0,
    "test_seed":0,
    "kl_divergence":-1,
    "ks_test_mean":0.14945954882224785,
    "ks_test_median":0.11917935112805379,
    "ad_test_mean":0.08029884811988827,
    "ad_test_median":0.08750358690684705,
    "Wasserstein_median":0.10283565883976177,
    "Wasserstein_mean":0.10283565883976177,
    "frob_norm":22.573274638211906,
    "epochs_input":1000,
    "epochs_output":147,
    "time":1600.4655574318022,
    "train_loss_history":[
        450816.6875,
        1451.21533203125,
        1147.7578125,
        1032.49560546875,
        963.0164794921875,
        911.9802856445312,
        874.1077270507812,
        842.8416137695312,
        816.6316528320312,
        795.1400756835938,
        775.0291748046875,
        758.0955810546875,
        742.4735717773438,
        729.1063842773438,
        715.843994140625,
        701.845703125,
        690.4119262695312,
        678.7427368164062,
        668.5020751953125,
        658.7881469726562,
        649.1400756835938,
        639.7250366210938,
        632.6329956054688,
        623.001953125,
        613.226318359375,
        605.4401245117188,
        599.427001953125,
        591.3294067382812,
        584.66650390625,
        578.4971923828125,
        569.1101684570312,
        564.0364379882812,
        556.6599731445312,
        629.410888671875,
        547.4992065429688,
        540.4528198242188,
        534.5099487304688,
        529.35888671875,
        524.3519287109375,
        518.964111328125,
        626.4926147460938,
        562.3525390625,
        516.4521484375,
        509.3318786621094,
        502.45709228515625,
        498.64593505859375,
        494.12548828125,
        491.3436584472656,
        487.399658203125,
        484.5436096191406,
        480.909423828125,
        480.07354736328125,
        477.3260498046875,
        475.4306945800781,
        472.66571044921875,
        473.0193176269531,
        466.2820739746094,
        463.7586364746094,
        464.7488098144531,
        2112.715087890625,
        2753.731689453125,
        589.4622802734375,
        533.4843139648438,
        508.8327331542969,
        495.0371398925781,
        485.17901611328125,
        478.5188293457031,
        472.27545166015625,
        467.2977600097656,
        463.8301086425781,
        461.3390808105469,
        457.1941833496094,
        455.9921569824219,
        452.86236572265625,
        451.5652770996094,
        449.87127685546875,
        447.6577453613281,
        446.7456359863281,
        445.4322509765625,
        443.36297607421875,
        443.3084716796875,
        447.7226257324219,
        440.0378723144531,
        439.7712707519531,
        438.9744567871094,
        439.802734375,
        436.49493408203125,
        231196.65625,
        946.2809448242188,
        682.2978515625,
        603.1022338867188,
        566.6403198242188,
        540.7155151367188,
        526.5853271484375,
        512.801513671875,
        506.4082946777344,
        497.6965637207031,
        491.4726257324219,
        485.34771728515625,
        481.36846923828125,
        476.52587890625,
        473.6133728027344,
        471.2630310058594,
        469.4450988769531,
        467.47698974609375,
        465.1146545410156,
        463.01556396484375,
        461.2044982910156,
        459.06298828125,
        459.9341735839844,
        457.2299499511719,
        456.4547424316406,
        455.1998596191406,
        15219.10546875,
        2854.870361328125,
        2046.5899658203125,
        1272.60302734375,
        13129.12890625,
        2500.18408203125,
        1922.1595458984375,
        1886.4964599609375,
        2124.259033203125,
        1550.434326171875,
        2913.21533203125,
        2267.865966796875,
        1481.62060546875,
        2483.747314453125,
        1470.8929443359375,
        1121.153564453125,
        965.7347412109375,
        856.6843872070312,
        812.7240600585938,
        773.7722778320312,
        751.3934326171875,
        27231.1875,
        1234.8521728515625,
        890.9356079101562,
        787.3265991210938,
        747.3029174804688,
        706.0675048828125,
        687.9158935546875,
        672.3489990234375,
        659.3226318359375,
        647.4182739257812,
        636.7691650390625,
        627.0177612304688,
        618.157958984375
    ],