{
    "run_n":19,
    "run_seed":0,
    "ndims":64,
    "nsamples":100000,
    "correlation":"corr",
    "nbijectors":10,
    "bijector":"RealNVPN",
    "spline_knots":8,
    "range_min":-5,
    "hidden_layers":"128-128-128",
    "batch_size":256,
    "activation":"relu",
    "eps_regulariser":0,
    "regulariser":null,
    "dist_seed":0,
    "test_seed":0,
    "kl_divergence":-1,
    "ks_test_mean":0.35097950781208015,
    "ks_test_median":0.3842863513266279,
    "ad_test_mean":0.18976848304222682,
    "ad_test_median":0.16735324066213467,
    "Wasserstein_median":0.050754392093540206,
    "Wasserstein_mean":0.050754392093540206,
    "frob_norm":0.6764440000061583,
    "epochs_input":1000,
    "epochs_output":188,
    "time":2084.5052265040576,
    "train_loss_history":[
        19843.64453125,
        86.38294982910156,
        60.52158737182617,
        52.58534240722656,
        48.3529167175293,
        45.81843948364258,
        43.975162506103516,
        42.701622009277344,
        41.564422607421875,
        40.660274505615234,
        39.95225524902344,
        39.379150390625,
        38.811397552490234,
        38.3312873840332,
        37.95921325683594,
        37.585411071777344,
        37.11452865600586,
        36.84502029418945,
        36.541133880615234,
        36.302879333496094,
        36.06678009033203,
        35.73841094970703,
        35.49828338623047,
        35.330322265625,
        35.120426177978516,
        34.8792839050293,
        34.813255310058594,
        34.522499084472656,
        34.36588668823242,
        34.102882385253906,
        73.64490509033203,
        62.52579116821289,
        45.90732955932617,
        41.756385803222656,
        39.40288543701172,
        38.00181579589844,
        36.86482620239258,
        35.99819564819336,
        35.287940979003906,
        34.5409049987793,
        34.0827522277832,
        33.65407943725586,
        33.39012908935547,
        33.22981262207031,
        32.948760986328125,
        32.69023895263672,
        32.783714294433594,
        32.533973693847656,
        32.57435989379883,
        32.26364517211914,
        32.286041259765625,
        32.235591888427734,
        32.250545501708984,
        32.2491569519043,
        32.63706970214844,
        32.07734680175781,
        32.05561828613281,
        32.09501647949219,
        31.99241065979004,
        31.91313934326172,
        31.731496810913086,
        31.79814338684082,
        31.85723304748535,
        31.902624130249023,
        31.81785011291504,
        31.40812110900879,
        31.66669273376465,
        31.614835739135742,
        31.423385620117188,
        31.33953857421875,
        31.387617111206055,
        31.236175537109375,
        31.13705062866211,
        31.324718475341797,
        30.981534957885742,
        31.257835388183594,
        30.862077713012695,
        30.76494598388672,
        30.950227737426758,
        30.909038543701172,
        30.855653762817383,
        30.546953201293945,
        30.561464309692383,
        30.374282836914062,
        30.448471069335938,
        30.457706451416016,
        30.55139923095703,
        30.1387996673584,
        30.27739906311035,
        30.439022064208984,
        30.15697479248047,
        30.077102661132812,
        30.065513610839844,
        30.065767288208008,
        29.930932998657227,
        29.94510269165039,
        29.969303131103516,
        29.73438262939453,
        29.8846435546875,
        29.718278884887695,
        29.608755111694336,
        29.872915267944336,
        29.56707763671875,
        29.425912857055664,
        29.428686141967773,
        29.3480167388916,
        29.356447219848633,
        29.724044799804688,
        29.18800163269043,
        29.219533920288086,
        29.335477828979492,
        29.114120483398438,
        29.148588180541992,
        29.06686019897461,
        29.07415771484375,
        29.04913330078125,
        28.863611221313477,
        28.917966842651367,
        28.91494369506836,
        28.694034576416016,
        28.988868713378906,
        28.86760139465332,
        28.664403915405273,
        28.765777587890625,
        28.617603302001953,
        28.920623779296875,
        28.520998001098633,
        28.61037254333496,
        28.653444290161133,
        28.524457931518555,
        28.384647369384766,
        28.37473487854004,
        28.45048713684082,
        28.467927932739258,
        28.3508358001709,
        28.28510093688965,
        28.371015548706055,
        28.272441864013672,
        28.09646224975586,
        28.14112091064453,
        28.203163146972656,
        28.260671615600586,
        28.04088020324707,
        28.208507537841797,
        27.898374557495117,
        28.082685470581055,
        27.9647216796875,
        27.855478286743164,
        27.94511604309082,
        27.981468200683594,
        27.839107513427734,
        27.849390029907227,
        27.865144729614258,
        27.75498390197754,
        27.60407066345215,
        27.844270706176758,
        27.63473129272461,
        27.648874282836914,
        27.65036964416504,
        27.54410171508789,
        27.609580993652344,
        27.516494750976562,
        27.573501586914062,
        27.600879669189453,
        27.433530807495117,
        27.398231506347656,
        28.24039649963379,
        27.790306091308594,
        27.385440826416016,
        27.537567138671875,
        27.327999114990234,
        27.32872772216797,
        27.226423263549805,
        27.297836303710938,
        27.234912872314453,
        27.132186889648438,
        27.175477981567383,
        27.20099639892578,
        25.947769165039062,
        25.764938354492188,
        25.72053337097168,
        25.663599014282227,
        25.646068572998047,
        25.656309127807617,
        25.610313415527344,
        25.58652687072754,
        25.568199157714844,
        25.556446075439453
    ],