{
    "run_n":7,
    "run_seed":721,
    "ndims":400,
    "nsamples":100000,
    "correlation":"corr",
    "nbijectors":10,
    "bijector":"RealNVPN",
    "spline_knots":8,
    "range_min":-5,
    "hidden_layers":"128-128-128",
    "batch_size":256,
    "activation":"relu",
    "eps_regulariser":0,
    "regulariser":null,
    "dist_seed":0,
    "test_seed":0,
    "ks_mean":0.006069134588217534,
    "ks_std":0.04687773995879266,
    "ad_mean":0.003071721513705965,
    "ad_std":0.019381987348417257,
    "wd_mean":0.22123181049408316,
    "wd_std":0.12750376133710165,
    "swd_mean":0.2163663354873066,
    "swd_std":0.1404842472701356,
    "fn_mean":54.47120555156714,
    "fn_std":3.1869968597712117,
    "epochs_input":1000,
    "epochs_output":259,
    "time":3123.057222949981,
    "train_loss_history":[
        343322.8125,
        1017.1571655273438,
        629.001708984375,
        498.55908203125,
        441.2195129394531,
        407.673583984375,
        383.2024230957031,
        364.0421447753906,
        349.7159118652344,
        338.33416748046875,
        329.1566467285156,
        321.10943603515625,
        313.9591369628906,
        307.5712890625,
        302.2315979003906,
        297.4012145996094,
        293.2400207519531,
        289.3577880859375,
        285.1140441894531,
        281.52899169921875,
        278.13287353515625,
        274.8447265625,
        271.96502685546875,
        268.9942321777344,
        266.62310791015625,
        263.69708251953125,
        260.9595642089844,
        258.44781494140625,
        256.3193359375,
        254.28599548339844,
        252.31016540527344,
        250.44236755371094,
        248.7568817138672,
        247.13059997558594,
        245.64991760253906,
        243.33180236816406,
        241.96023559570312,
        240.3399200439453,
        238.0600128173828,
        236.761474609375,
        234.9134063720703,
        233.52809143066406,
        231.3680877685547,
        229.7120819091797,
        228.3306121826172,
        227.3095703125,
        224.8961639404297,
        224.09071350097656,
        223.59373474121094,
        220.62191772460938,
        220.17129516601562,
        218.3671417236328,
        217.39630126953125,
        216.2244873046875,
        215.18736267089844,
        214.34458923339844,
        240.49240112304688,
        213.91090393066406,
        211.50540161132812,
        210.9550323486328,
        209.6595916748047,
        208.00741577148438,
        207.1226348876953,
        207.09478759765625,
        205.59329223632812,
        205.18492126464844,
        206.47500610351562,
        202.4613494873047,
        203.3322296142578,
        201.7633819580078,
        201.3371124267578,
        201.3684844970703,
        545.4639282226562,
        281.0300598144531,
        232.32640075683594,
        222.8385467529297,
        216.30783081054688,
        212.69769287109375,
        210.2333984375,
        206.90513610839844,
        205.70864868164062,
        205.15419006347656,
        202.7169189453125,
        202.09495544433594,
        200.5144500732422,
        200.07852172851562,
        199.66339111328125,
        198.29832458496094,
        198.19949340820312,
        197.47665405273438,
        197.0885009765625,
        196.61732482910156,
        196.49008178710938,
        195.61007690429688,
        515.0309448242188,
        220.9183807373047,
        211.81353759765625,
        207.1904754638672,
        205.4923858642578,
        202.6653289794922,
        201.22705078125,
        200.41543579101562,
        199.3339080810547,
        198.97164916992188,
        197.68707275390625,
        197.43226623535156,
        197.33433532714844,
        196.0548553466797,
        196.07650756835938,
        195.6497039794922,
        195.684326171875,
        195.3197021484375,
        195.30661010742188,
        194.53990173339844,
        194.7239227294922,
        198.58831787109375,
        194.70811462402344,
        193.3311767578125,
        194.06797790527344,
        356.24273681640625,
        217.2325439453125,
        207.78729248046875,
        203.16796875,
        200.67974853515625,
        199.3681640625,
        198.43263244628906,
        197.68710327148438,
        197.0184783935547,
        196.53768920898438,
        195.92518615722656,
        195.38064575195312,
        195.20480346679688,
        194.74545288085938,
        194.94906616210938,
        194.3574676513672,
        194.0248260498047,
        193.96499633789062,
        193.77940368652344,
        193.42552185058594,
        1085.2171630859375,
        229.9249725341797,
        214.83984375,
        209.14248657226562,
        206.0537567138672,
        203.84803771972656,
        202.00457763671875,
        200.86651611328125,
        199.95986938476562,
        199.39453125,
        198.838134765625,
        198.18499755859375,
        197.72889709472656,
        197.33921813964844,
        197.05943298339844,
        197.1088104248047,
        418.5712890625,
        237.21730041503906,
        209.55645751953125,
        204.0582275390625,
        201.1848907470703,
        199.24427795410156,
        198.00816345214844,
        196.9587860107422,
        195.9075927734375,
        195.578369140625,
        194.85647583007812,
        194.5085906982422,
        194.20257568359375,
        193.65460205078125,
        193.14625549316406,
        376.1536560058594,
        226.00355529785156,
        209.8554229736328,
        204.9447021484375,
        202.34442138671875,
        200.87767028808594,
        199.67710876464844,
        198.7579803466797,
        198.129150390625,
        197.40115356445312,
        196.74777221679688,
        196.39547729492188,
        196.17767333984375,
        195.4715118408203,
        195.40708923339844,
        194.81504821777344,
        194.48875427246094,
        194.17327880859375,
        193.71273803710938,
        195.39390563964844,
        192.24856567382812,
        193.04263305664062,
        192.33786010742188,
        192.5337371826172,
        192.53311157226562,
        191.74070739746094,
        191.8557586669922,
        192.29196166992188,
        190.9617156982422,
        191.32876586914062,
        191.17013549804688,
        191.42449951171875,
        388.432373046875,
        226.84735107421875,
        206.9931182861328,
        202.0631866455078,
        199.4617156982422,
        198.13729858398438,
        197.0791778564453,
        196.51756286621094,
        196.009521484375,
        195.81878662109375,
        195.01954650878906,
        194.62925720214844,
        194.48455810546875,
        194.3663787841797,
        194.24295043945312,
        194.0261688232422,
        193.94215393066406,
        287.85113525390625,
        220.35227966308594,
        206.89610290527344,
        202.9934539794922,
        200.99403381347656,
        199.35606384277344,
        198.30364990234375,
        197.66419982910156,
        197.24212646484375,
        196.271240234375,
        195.3165740966797,
        195.5138702392578,
        194.0557403564453,
        194.53504943847656,
        194.6611328125,
        193.31199645996094,
        193.67083740234375,
        192.73033142089844,
        197.69442749023438,
        191.8927001953125,
        191.9617919921875,
        350.1725158691406,
        221.51205444335938,
        210.62295532226562,
        205.92381286621094,
        202.6570587158203,
        200.7725067138672,
        199.04861450195312,
        197.89833068847656,
        197.2278289794922,
        193.7967071533203,
        193.3419647216797,
        193.07449340820312,
        192.81192016601562,
        192.53976440429688,
        192.32626342773438,
        192.0134735107422,
        191.78445434570312,
        191.45733642578125,
        191.21092224121094
    ],