{
    "run_n":4,
    "run_seed":440,
    "ndims":16,
    "nsamples":100000,
    "correlation":"corr",
    "nbijectors":10,
    "bijector":"RealNVPN",
    "spline_knots":8,
    "range_min":-5,
    "hidden_layers":"128-128-128",
    "batch_size":256,
    "activation":"relu",
    "eps_regulariser":0,
    "regulariser":null,
    "dist_seed":0,
    "test_seed":0,
    "kl_divergence":-1,
    "ks_test_mean":0.2934161456002386,
    "ks_test_median":0.28434206887102154,
    "ad_test_mean":0.1434268008570953,
    "ad_test_median":0.1412692497261816,
    "Wasserstein_median":0.037071197520114174,
    "Wasserstein_mean":0.037071197520114174,
    "frob_norm":0.3748292351029175,
    "epochs_input":1000,
    "epochs_output":108,
    "time":1177.2011302807368,
    "train_loss_history":[
        107.90784454345703,
        8.178727149963379,
        7.028565406799316,
        6.569679260253906,
        6.317617416381836,
        6.268126964569092,
        6.109100818634033,
        6.096602916717529,
        6.007661819458008,
        5.9132080078125,
        5.974306583404541,
        5.934018611907959,
        5.9253644943237305,
        5.854393005371094,
        5.888365745544434,
        5.838492393493652,
        5.789139270782471,
        5.759337425231934,
        5.79052209854126,
        5.888195991516113,
        5.717398643493652,
        5.775365829467773,
        5.698881149291992,
        5.732346534729004,
        5.69512414932251,
        5.679030895233154,
        5.626713275909424,
        5.641100883483887,
        5.646547317504883,
        5.601531028747559,
        5.607708930969238,
        5.586396217346191,
        5.5811333656311035,
        5.579284191131592,
        5.537793159484863,
        5.548977851867676,
        5.534224033355713,
        5.52427864074707,
        5.481070041656494,
        5.520997047424316,
        5.51555061340332,
        5.4869208335876465,
        5.45723819732666,
        5.473717212677002,
        5.485712051391602,
        5.419154644012451,
        5.437935829162598,
        5.403990268707275,
        5.397452354431152,
        5.372128009796143,
        5.397980690002441,
        5.376979827880859,
        5.346147537231445,
        5.354591369628906,
        5.374526500701904,
        5.345612049102783,
        5.347179889678955,
        5.319025039672852,
        5.323270320892334,
        5.313877582550049,
        5.324874401092529,
        5.327877521514893,
        5.282510757446289,
        5.280740737915039,
        5.254724979400635,
        5.268677711486816,
        5.245026588439941,
        5.250448226928711,
        5.236517429351807,
        5.2300872802734375,
        5.24492883682251,
        5.213082313537598,
        5.219245433807373,
        5.202659606933594,
        5.195980548858643,
        5.186100482940674,
        5.17078971862793,
        5.183679580688477,
        5.147644996643066,
        5.1669135093688965,
        5.159247398376465,
        5.128955364227295,
        5.11787223815918,
        5.109045028686523,
        5.120476722717285,
        5.076737880706787,
        5.099899768829346,
        5.088746547698975,
        5.070732593536377,
        5.052450180053711,
        5.062167644500732,
        5.05304479598999,
        5.041707515716553,
        5.039863109588623,
        5.024963855743408,
        5.016723155975342,
        5.017056465148926,
        4.981494426727295,
        4.724963188171387,
        4.695113182067871,
        4.676887512207031,
        4.6720991134643555,
        4.6581597328186035,
        4.653672695159912,
        4.6518707275390625,
        4.6393842697143555,
        4.635125160217285,
        4.621349811553955
    ],
    "val_loss_history":[
        9.36267375946045,
        7.492889404296875,
        6.502466201782227,
        6.524531364440918,
        6.051075458526611,
        6.049211025238037,
        6.10080099105835,
        6.190179824829102,
        5.8808770179748535,
        6.356663227081299,
        5.8735785484313965,
        6.317986965179443,
        6.572893142700195,
        5.812949180603027,
        5.708518981933594,
        5.65444803237915,
        5.764313220977783,
        5.693473815917969,
        6.214303970336914,
        5.647694110870361,
        5.6146039962768555,
        5.620800018310547,
        6.253424644470215,
        5.736267566680908,
        6.190083980560303,
        5.6528849601745605,
        5.5494303703308105,
        5.88625431060791,
        5.922471523284912,
        5.727456092834473,
        5.53924560546875,
        5.461653232574463,
        5.6146440505981445,
        5.575555801391602,
        5.625213623046875,
        5.6247453689575195,
        5.553471565246582,
        5.641854286193848,
        6.153512001037598,
        5.806394577026367,
        5.732841491699219,
        5.769926071166992,
        5.5531182289123535,
        5.763667106628418,
        5.422147274017334,
        5.3915791511535645,
        5.482028484344482,
        5.327456474304199,
        5.405684471130371,
        5.535858631134033,
        5.375342845916748,
        5.551560401916504,
        5.601149559020996,
        5.569354057312012,
        5.713111400604248,
        5.403980731964111,
        5.331366539001465,
        5.364128112792969,
        5.393068790435791,
        5.658304214477539,
        5.416629314422607,
        5.457374572753906,
        5.43504524230957,
        5.407678604125977,
        5.535272598266602,
        5.417553424835205,
        5.349793910980225,
        5.379232883453369,
        5.638606548309326,
        5.363960266113281,
        5.603871822357178,
        5.3628411293029785,
        5.377922534942627,
        5.4414262771606445,
        5.379419803619385,
        5.403748512268066,
        5.369142532348633,
        5.363783359527588,
        5.570695877075195,
        5.356748104095459,
        5.478724002838135,
        5.4558329582214355,
        5.360776901245117,
        5.550675392150879,
        5.40145206451416,
        5.433892250061035,
        5.539470672607422,
        5.388526439666748,
        5.490799427032471,
        5.46673059463501,
        5.544999122619629,
        5.811750411987305,
        5.4827799797058105,
        5.539384365081787,
        5.439924716949463,
        5.457647323608398,
        5.45798921585083,
        5.489468574523926,
        5.432724475860596,
        5.450289249420166,
        5.4892377853393555,
        5.490218162536621,
        5.515090465545654,
        5.550321578979492,
        5.543154239654541,
        5.552450656890869,
        5.518246173858643,
        5.577681541442871
    ],
    "best_train_loss":5.403990268707275,
    "best_val_loss":5.327456474304199,
    "best_epoch":47
}