{
    "run_n":6,
    "run_seed":541,
    "ndims":32,
    "nsamples":100000,
    "correlation":"corr",
    "nbijectors":5,
    "bijector":"RealNVPN",
    "spline_knots":8,
    "range_min":-5,
    "hidden_layers":"128-128-128",
    "batch_size":256,
    "activation":"relu",
    "eps_regulariser":0,
    "regulariser":null,
    "dist_seed":0,
    "test_seed":0,
    "kl_divergence":-1,
    "ks_test_mean":0.3334327596555041,
    "ks_test_median":0.34463721438488076,
    "ad_test_mean":0.17790600435730047,
    "ad_test_median":0.16710678547742225,
    "Wasserstein_median":0.059988007429472565,
    "Wasserstein_mean":0.059988007429472565,
    "frob_norm":0.6854412894776494,
    "epochs_input":1000,
    "epochs_output":194,
    "time":1273.4233881072141,
    "train_loss_history":[
        130.11212158203125,
        25.645044326782227,
        23.343307495117188,
        22.02067756652832,
        21.3110294342041,
        20.89579200744629,
        20.74315643310547,
        20.415042877197266,
        20.2718505859375,
        20.06369400024414,
        20.045515060424805,
        19.822513580322266,
        19.81136131286621,
        19.771324157714844,
        19.570222854614258,
        19.483884811401367,
        19.377216339111328,
        19.45111846923828,
        19.223329544067383,
        19.184335708618164,
        19.196950912475586,
        19.17894744873047,
        19.067197799682617,
        19.139633178710938,
        18.99264907836914,
        18.92223358154297,
        18.987234115600586,
        18.87946319580078,
        18.859542846679688,
        18.852014541625977,
        18.613386154174805,
        18.706348419189453,
        18.681726455688477,
        18.635208129882812,
        18.551088333129883,
        18.593557357788086,
        18.45377540588379,
        18.514957427978516,
        18.48256492614746,
        18.390384674072266,
        18.37976837158203,
        18.36845588684082,
        18.286945343017578,
        18.356903076171875,
        18.288793563842773,
        18.244163513183594,
        18.152751922607422,
        18.19337272644043,
        18.114994049072266,
        18.10312271118164,
        18.018898010253906,
        18.23906898498535,
        18.047332763671875,
        17.997570037841797,
        18.02619743347168,
        17.959707260131836,
        18.056869506835938,
        18.065284729003906,
        17.97667694091797,
        17.89776039123535,
        17.813825607299805,
        17.87740707397461,
        17.89398956298828,
        17.802291870117188,
        17.77545928955078,
        17.8294677734375,
        17.758750915527344,
        17.815853118896484,
        17.713624954223633,
        17.724586486816406,
        17.693634033203125,
        17.673484802246094,
        17.65816307067871,
        17.730472564697266,
        17.641159057617188,
        17.61959457397461,
        17.58570671081543,
        17.567506790161133,
        17.55220603942871,
        17.5673828125,
        17.578800201416016,
        17.548011779785156,
        17.51079750061035,
        17.536222457885742,
        17.515527725219727,
        17.4499454498291,
        17.506513595581055,
        17.412933349609375,
        17.46029281616211,
        17.427988052368164,
        17.40355682373047,
        17.4404296875,
        17.487913131713867,
        17.398433685302734,
        17.414154052734375,
        17.344032287597656,
        17.381877899169922,
        17.433992385864258,
        17.29163360595703,
        17.378793716430664,
        17.303958892822266,
        17.264076232910156,
        17.264244079589844,
        17.24613380432129,
        17.364181518554688,
        17.206512451171875,
        17.3297061920166,
        17.18734359741211,
        17.277074813842773,
        17.32912826538086,
        17.186586380004883,
        17.192733764648438,
        17.14754867553711,
        17.203039169311523,
        17.276208877563477,
        17.109235763549805,
        17.166242599487305,
        17.16063117980957,
        17.171770095825195,
        17.10474967956543,
        17.20706558227539,
        17.070484161376953,
        17.13165855407715,
        17.08026123046875,
        17.149578094482422,
        17.12342643737793,
        17.10340118408203,
        17.095417022705078,
        17.051549911499023,
        17.081350326538086,
        17.062374114990234,
        17.066621780395508,
        17.034778594970703,
        17.016571044921875,
        17.0089054107666,
        17.04775047302246,
        17.03497886657715,
        16.982833862304688,
        17.028942108154297,
        16.9827823638916,
        16.938739776611328,
        16.961030960083008,
        16.973648071289062,
        16.930763244628906,
        16.935771942138672,
        16.93019676208496,
        16.913150787353516,
        16.94850730895996,
        16.88312339782715,
        16.871601104736328,
        16.929590225219727,
        16.937881469726562,
        16.96016502380371,
        16.839380264282227,
        16.878273010253906,
        16.835784912109375,
        16.89118194580078,
        16.867753982543945,
        16.858009338378906,
        16.883390426635742,
        16.806110382080078,
        16.845409393310547,
        16.81572914123535,
        16.840530395507812,
        16.79131507873535,
        16.774070739746094,
        16.768779754638672,
        16.833370208740234,
        16.76258087158203,
        16.854991912841797,
        16.764745712280273,
        16.7968807220459,
        16.811851501464844,
        16.741437911987305,
        16.831077575683594,
        16.768451690673828,
        16.71846580505371,
        16.754459381103516,
        16.709081649780273,
        16.762327194213867,
        16.678560256958008,
        16.73349380493164,
        16.711265563964844,
        16.714096069335938,
        16.149290084838867,
        16.07931137084961,
        16.052797317504883,
        16.04533576965332,
        16.03793716430664,
        16.034420013427734,
        16.03696060180664,
        16.019851684570312,
        15.995630264282227,
        16.01569175720215
    ],