{
    "run_n":2,
    "run_seed":0,
    "ndims":4,
    "nsamples":100000,
    "correlation":"corr",
    "nbijectors":2,
    "bijector":"MsplineN",
    "spline_knots":8,
    "range_min":-16,
    "hidden_layers":"256-256-256",
    "batch_size":512,
    "activation":"relu",
    "eps_regulariser":0,
    "regulariser":null,
    "dist_seed":0,
    "test_seed":0,
    "kl_divergence":-1,
    "ks_test_mean":0.5258556194244987,
    "ks_test_median":0.5197401245077955,
    "ad_test_mean":0.21843359025556658,
    "ad_test_median":0.22106469751716354,
    "Wasserstein_median":0.02272520292381419,
    "Wasserstein_mean":0.02272520292381419,
    "frob_norm":0.021179184376873477,
    "epochs_input":1000,
    "epochs_output":298,
    "time":1617.4819011907093,
    "train_loss_history":[
        7.675378799438477,
        3.362044334411621,
        2.935286283493042,
        2.8226194381713867,
        2.68009614944458,
        2.6896297931671143,
        2.660644769668579,
        2.638439178466797,
        2.6089322566986084,
        2.6200859546661377,
        2.603579044342041,
        2.5496983528137207,
        2.5510878562927246,
        2.5869932174682617,
        2.540613889694214,
        2.5499470233917236,
        2.561980724334717,
        2.5342822074890137,
        2.5332632064819336,
        2.5085225105285645,
        2.517580032348633,
        2.5119404792785645,
        2.500239372253418,
        2.5181050300598145,
        2.4903204441070557,
        2.5052950382232666,
        2.4822487831115723,
        2.4895479679107666,
        2.4816317558288574,
        2.473497152328491,
        2.476915121078491,
        2.4802744388580322,
        2.46655011177063,
        2.45700740814209,
        2.4691309928894043,
        2.4751574993133545,
        2.468120574951172,
        2.454275369644165,
        2.464322805404663,
        2.4561338424682617,
        2.4471614360809326,
        2.463627815246582,
        2.4581217765808105,
        2.4395811557769775,
        2.4644346237182617,
        2.4465651512145996,
        2.444232940673828,
        2.4493019580841064,
        2.4372975826263428,
        2.439021587371826,
        2.4386556148529053,
        2.428333282470703,
        2.4365146160125732,
        2.4297027587890625,
        2.434493064880371,
        2.435523271560669,
        2.428307294845581,
        2.435236930847168,
        2.4246320724487305,
        2.4379994869232178,
        2.4406611919403076,
        2.4276726245880127,
        2.4256975650787354,
        2.4234652519226074,
        2.424886703491211,
        2.422386407852173,
        2.434589385986328,
        2.4309704303741455,
        2.427316188812256,
        2.4363601207733154,
        2.424231767654419,
        2.4234368801116943,
        2.4179184436798096,
        2.420790672302246,
        2.4111342430114746,
        2.417994737625122,
        2.4291324615478516,
        2.420016288757324,
        2.410918951034546,
        2.4138545989990234,
        2.4154884815216064,
        2.42183780670166,
        2.4135031700134277,
        2.4249866008758545,
        2.423682928085327,
        2.414308786392212,
        2.417384386062622,
        2.4096059799194336,
        2.4082188606262207,
        2.427302837371826,
        2.4058594703674316,
        2.407449245452881,
        2.4179859161376953,
        2.416883707046509,
        2.4115066528320312,
        2.404939651489258,
        2.4197754859924316,
        2.404731273651123,
        2.4149372577667236,
        2.4049179553985596,
        2.4106345176696777,
        2.4052493572235107,
        2.4086432456970215,
        2.4066193103790283,
        2.4013166427612305,
        2.399827480316162,
        2.404871702194214,
        2.4087162017822266,
        2.4037649631500244,
        2.417309522628784,
        2.4040908813476562,
        2.407809257507324,
        2.4108223915100098,
        2.4039385318756104,
        2.390885829925537,
        2.408337116241455,
        2.39858341217041,
        2.4077136516571045,
        2.4021384716033936,
        2.3997833728790283,
        2.3946352005004883,
        2.4048829078674316,
        2.404907703399658,
        2.4025161266326904,
        2.3938093185424805,
        2.3974761962890625,
        2.3982484340667725,
        2.3963377475738525,
        2.41060209274292,
        2.398226022720337,
        2.4024229049682617,
        2.396855115890503,
        2.4017932415008545,
        2.4000072479248047,
        2.3886778354644775,
        2.4009270668029785,
        2.3947343826293945,
        2.4002606868743896,
        2.3987226486206055,
        2.386382818222046,
        2.3974952697753906,
        2.39550518989563,
        2.3980023860931396,
        2.3925673961639404,
        2.3903658390045166,
        2.3902933597564697,
        2.3886873722076416,
        2.398082971572876,
        2.3945648670196533,
        2.3906052112579346,
        2.39691424369812,
        2.3907108306884766,
        2.3915915489196777,
        2.3946170806884766,
        2.391439914703369,
        2.3851802349090576,
        2.3872087001800537,
        2.392571449279785,
        2.3950934410095215,
        2.3942556381225586,
        2.3953614234924316,
        2.400242328643799,
        2.387835741043091,
        2.3882765769958496,
        2.3891007900238037,
        2.3921895027160645,
        2.387640953063965,
        2.3951098918914795,
        2.392794132232666,
        2.3881072998046875,
        2.3955557346343994,
        2.3888416290283203,
        2.397996425628662,
        2.3868749141693115,
        2.3936190605163574,
        2.383944511413574,
        2.3971190452575684,
        2.3876473903656006,
        2.389125108718872,
        2.386758804321289,
        2.385847330093384,
        2.392568349838257,
        2.387545347213745,
        2.3915536403656006,
        2.390744686126709,
        2.3802664279937744,
        2.3874757289886475,
        2.3857228755950928,
        2.389223098754883,
        2.384183168411255,
        2.3840603828430176,
        2.4044296741485596,
        2.385845184326172,
        2.383898973464966,
        2.3872647285461426,
        2.3886866569519043,
        2.3820595741271973,
        2.3810088634490967,
        2.384782314300537,
        2.388751983642578,
        2.3812196254730225,
        2.385014057159424,
        2.3875536918640137,
        2.389096260070801,
        2.3860244750976562,
        2.3823282718658447,
        2.383761405944824,
        2.382215738296509,
        2.3857247829437256,
        2.392768621444702,
        2.3851616382598877,
        2.383554220199585,
        2.382624864578247,
        2.3828792572021484,
        2.3796443939208984,
        2.378246545791626,
        2.381218671798706,
        2.3838536739349365,
        2.3844470977783203,
        2.3815369606018066,
        2.384680986404419,
        2.3836281299591064,
        2.3806538581848145,
        2.3813259601593018,
        2.3578431606292725,
        2.3543574810028076,
        2.353879928588867,
        2.3540194034576416,
        2.3548824787139893,
        2.354342460632324,
        2.354154348373413,
        2.355097770690918,
        2.3543143272399902,
        2.354579448699951,
        2.3531672954559326,
        2.356199264526367,
        2.3547632694244385,
        2.353976011276245,
        2.35337233543396,
        2.355070114135742,
        2.356295347213745,
        2.354417324066162,
        2.3536038398742676,
        2.353510856628418,
        2.3549134731292725,
        2.3539986610412598,
        2.3554043769836426,
        2.3542089462280273,
        2.3552114963531494,
        2.3548741340637207,
        2.353440046310425,
        2.3532779216766357,
        2.3555309772491455,
        2.3535847663879395,
        2.353591203689575,
        2.3535938262939453,
        2.3547775745391846,
        2.3539130687713623,
        2.353968858718872,
        2.3529112339019775,
        2.3539185523986816,
