{
    "run_n":8,
    "run_seed":869,
    "ndims":32,
    "nsamples":100000,
    "correlation":"corr",
    "nbijectors":2,
    "bijector":"MsplineN",
    "spline_knots":8,
    "range_min":-16,
    "hidden_layers":"128-128-128",
    "batch_size":512,
    "activation":"relu",
    "eps_regulariser":0,
    "regulariser":null,
    "dist_seed":0,
    "test_seed":0,
    "kl_divergence":-1,
    "ks_test_mean":0.46261941874210244,
    "ks_test_median":0.46122099832349484,
    "ad_test_mean":0.20969488667926595,
    "ad_test_median":0.2085754436797854,
    "Wasserstein_median":0.020095457192979747,
    "Wasserstein_mean":0.020095457192979747,
    "frob_norm":0.3019446689098789,
    "epochs_input":1000,
    "epochs_output":248,
    "time":1841.8380507580005,
    "train_loss_history":[
        70.29717254638672,
        24.003856658935547,
        20.79296875,
        19.592716217041016,
        18.936620712280273,
        18.577974319458008,
        18.347454071044922,
        18.039079666137695,
        17.90619468688965,
        17.712350845336914,
        17.666240692138672,
        17.529178619384766,
        17.545330047607422,
        17.46529197692871,
        17.425457000732422,
        17.39667320251465,
        17.375350952148438,
        17.270902633666992,
        17.269201278686523,
        17.2712459564209,
        17.258955001831055,
        17.1884765625,
        17.15622329711914,
        17.14012336730957,
        17.120607376098633,
        17.11473846435547,
        17.16460418701172,
        17.067764282226562,
        17.07957649230957,
        17.026899337768555,
        17.043376922607422,
        17.062999725341797,
        17.036840438842773,
        17.00779151916504,
        17.0072021484375,
        17.07727813720703,
        16.994842529296875,
        16.949939727783203,
        16.952974319458008,
        16.968036651611328,
        16.94476890563965,
        16.946063995361328,
        16.968433380126953,
        16.96459197998047,
        16.928150177001953,
        16.892234802246094,
        16.866918563842773,
        16.93515396118164,
        16.903156280517578,
        16.906145095825195,
        16.86138153076172,
        16.879926681518555,
        16.853384017944336,
        16.84123420715332,
        16.879283905029297,
        16.856178283691406,
        16.874536514282227,
        16.850364685058594,
        16.824552536010742,
        16.836593627929688,
        16.84671974182129,
        16.820741653442383,
        16.8334903717041,
        16.81056022644043,
        16.797983169555664,
        16.809850692749023,
        16.805706024169922,
        16.80550193786621,
        16.78152847290039,
        16.792417526245117,
        16.773685455322266,
        16.812665939331055,
        16.755970001220703,
        16.791337966918945,
        16.752788543701172,
        16.78473472595215,
        16.737693786621094,
        16.789207458496094,
        16.797657012939453,
        16.774211883544922,
        16.755111694335938,
        16.775964736938477,
        16.761455535888672,
        16.736265182495117,
        16.75547981262207,
        16.748977661132812,
        16.745235443115234,
        16.737709045410156,
        16.729393005371094,
        16.754243850708008,
        16.759469985961914,
        16.73223114013672,
        16.72915267944336,
        16.730131149291992,
        16.727920532226562,
        16.733463287353516,
        16.723588943481445,
        16.713462829589844,
        16.730194091796875,
        16.74062156677246,
        16.703880310058594,
        16.717580795288086,
        16.712434768676758,
        16.70470428466797,
        16.708179473876953,
        16.71541404724121,
        16.70645523071289,
        16.71538543701172,
        16.686752319335938,
        16.721202850341797,
        16.70549201965332,
        16.692129135131836,
        16.724979400634766,
        16.691495895385742,
        16.67673110961914,
        16.704242706298828,
        16.69597053527832,
        16.697141647338867,
        16.691959381103516,
        16.687641143798828,
        16.680450439453125,
        16.708452224731445,
        16.706586837768555,
        16.686838150024414,
        16.68462562561035,
        16.668920516967773,
        16.676607131958008,
        16.676790237426758,
        16.695858001708984,
        16.673765182495117,
        16.667043685913086,
        16.658903121948242,
        16.68212127685547,
        16.682435989379883,
        16.68363380432129,
        16.654035568237305,
        16.673471450805664,
        16.669816970825195,
        16.663095474243164,
        16.653671264648438,
        16.66425895690918,
        16.660398483276367,
        16.664093017578125,
        16.6806583404541,
        16.65393829345703,
        16.672794342041016,
        16.651575088500977,
        16.635297775268555,
        16.659730911254883,
        16.66238021850586,
        16.65549659729004,
        16.672210693359375,
        16.641210556030273,
        16.651145935058594,
        16.64065170288086,
        16.65493392944336,
        16.649187088012695,
        16.652433395385742,
        16.635244369506836,
        16.639469146728516,
        16.660093307495117,
        16.637605667114258,
        16.633682250976562,
        16.625263214111328,
        16.653812408447266,
        16.638525009155273,
        16.621932983398438,
        16.62808609008789,
        16.638595581054688,
        16.619468688964844,
        16.627635955810547,
        16.631189346313477,
        16.61171531677246,
        16.61733627319336,
        16.626304626464844,
        16.635404586791992,
        16.60807991027832,
        16.608800888061523,
        16.61843490600586,
        16.610370635986328,
        16.637727737426758,
        16.61878776550293,
        16.61199188232422,
        16.60686683654785,
        16.5915584564209,
        16.59711265563965,
        16.47265625,
        16.457687377929688,
        16.45117950439453,
        16.45469856262207,
        16.455244064331055,
        16.455516815185547,
        16.452871322631836,
        16.460338592529297,
        16.457469940185547,
        16.457843780517578,
        16.457908630371094,
        16.455812454223633,
        16.457582473754883,
        16.456192016601562,
        16.456844329833984,
        16.455778121948242,
        16.451900482177734,
        16.456987380981445,
        16.45490264892578,
        16.451139450073242,
        16.453495025634766,
        16.450241088867188,
        16.45084571838379,
        16.455154418945312,
        16.44674301147461,
        16.452922821044922,
        16.45087242126465,
        16.452503204345703,
        16.452497482299805,
        16.455198287963867,
        16.44415283203125,
        16.449323654174805,
        16.44305992126465,
        16.446556091308594,
        16.449472427368164,
        16.4534854888916,
        16.443391799926758,
        16.44733238220215,
        16.446802139282227,
        16.44875144958496,
        16.444026947021484,
        16.442319869995117,
        16.445947647094727,
        16.447063446044922,
        16.444353103637695,
        16.444721221923828,
        16.443056106567383,
        16.438913345336914,
        16.44618034362793,
        16.444046020507812,
        16.446659088134766,
        16.437211990356445,
        16.404735565185547,
        16.401729583740234,
        16.40170669555664,
        16.401681900024414,
        16.401458740234375,
        16.40224266052246,
        16.399566650390625,
        16.40110206604004,
        16.402212142944336,
        16.4012508392334
    ],