{
    "run_n":4,
    "run_seed":440,
    "ndims":32,
    "nsamples":100000,
    "correlation":"corr",
    "nbijectors":5,
    "bijector":"RealNVPN",
    "spline_knots":8,
    "range_min":-5,
    "hidden_layers":"128-128-128",
    "batch_size":256,
    "activation":"relu",
    "eps_regulariser":0,
    "regulariser":null,
    "dist_seed":0,
    "test_seed":0,
    "kl_divergence":-1,
    "ks_test_mean":0.4206103158885545,
    "ks_test_median":0.45293602902611185,
    "ad_test_mean":0.20906182042936466,
    "ad_test_median":0.2033743490730674,
    "Wasserstein_median":0.038850524316783375,
    "Wasserstein_mean":0.038850524316783375,
    "frob_norm":0.4734968008105396,
    "epochs_input":1000,
    "epochs_output":210,
    "time":1063.1605284991674,
    "train_loss_history":[
        75.98356628417969,
        26.348337173461914,
        23.790935516357422,
        22.500778198242188,
        21.864049911499023,
        21.04628562927246,
        20.69193458557129,
        20.280540466308594,
        19.97819709777832,
        19.864643096923828,
        19.775976181030273,
        19.671140670776367,
        19.47960090637207,
        19.39628028869629,
        19.374313354492188,
        19.277549743652344,
        19.319992065429688,
        19.172391891479492,
        19.062376022338867,
        19.043764114379883,
        18.996028900146484,
        18.9345760345459,
        18.822467803955078,
        18.787517547607422,
        18.72450828552246,
        18.75613784790039,
        18.671131134033203,
        18.635570526123047,
        18.579730987548828,
        18.594118118286133,
        18.579042434692383,
        18.583786010742188,
        18.55392837524414,
        18.4724178314209,
        18.432090759277344,
        18.43328857421875,
        18.361238479614258,
        18.25220489501953,
        18.33342170715332,
        18.343725204467773,
        18.28485679626465,
        18.304601669311523,
        18.175090789794922,
        18.150474548339844,
        18.13092803955078,
        18.070758819580078,
        18.094287872314453,
        17.997190475463867,
        18.068307876586914,
        18.041336059570312,
        17.97039794921875,
        18.042800903320312,
        17.942861557006836,
        17.911489486694336,
        17.945858001708984,
        17.914081573486328,
        17.810911178588867,
        17.907882690429688,
        17.770044326782227,
        17.841814041137695,
        17.820960998535156,
        17.873703002929688,
        17.744394302368164,
        17.807056427001953,
        17.754871368408203,
        17.842214584350586,
        17.698890686035156,
        17.735885620117188,
        17.704439163208008,
        17.627593994140625,
        17.627254486083984,
        17.586225509643555,
        17.663423538208008,
        17.572731018066406,
        17.601869583129883,
        17.48369026184082,
        17.658849716186523,
        17.505983352661133,
        17.494239807128906,
        17.50238800048828,
        17.545061111450195,
        17.5291805267334,
        17.498157501220703,
        17.459556579589844,
        17.429176330566406,
        17.415117263793945,
        17.365633010864258,
        17.417213439941406,
        17.400691986083984,
        17.371135711669922,
        17.38245391845703,
        17.279563903808594,
        17.371807098388672,
        17.42339515686035,
        17.32703971862793,
        17.32767677307129,
        17.312746047973633,
        17.276233673095703,
        17.23041343688965,
        17.366291046142578,
        17.2276554107666,
        17.30066680908203,
        17.218128204345703,
        17.23043441772461,
        17.205183029174805,
        17.206022262573242,
        17.179718017578125,
        17.178123474121094,
        17.234983444213867,
        17.148590087890625,
        17.1584529876709,
        17.14212417602539,
        17.233213424682617,
        17.052656173706055,
        17.131502151489258,
        17.145116806030273,
        17.11490249633789,
        17.322477340698242,
        17.05821990966797,
        17.118528366088867,
        17.09099006652832,
        17.09015655517578,
        17.069002151489258,
        17.065946578979492,
        17.092126846313477,
        17.118494033813477,
        17.016218185424805,
        16.990928649902344,
        17.00761604309082,
        17.01259422302246,
        17.034414291381836,
        17.020727157592773,
        16.963787078857422,
        16.9914493560791,
        17.070098876953125,
        16.91744041442871,
        16.998149871826172,
        16.983396530151367,
        16.94310760498047,
        17.028614044189453,
        16.969942092895508,
        16.95501708984375,
        16.87305450439453,
        16.955814361572266,
        17.016895294189453,
        16.986886978149414,
        16.897380828857422,
        16.906274795532227,
        16.979747772216797,
        16.375041961669922,
        16.297584533691406,
        16.269174575805664,
        16.259143829345703,
        16.254100799560547,
        16.24705696105957,
        16.25092124938965,
        16.21611213684082,
        16.225744247436523,
        16.210634231567383,
        16.218610763549805,
        16.207298278808594,
        16.19589614868164,
        16.207199096679688,
        16.173734664916992,
        16.18816375732422,
        16.158218383789062,
        16.166744232177734,
        16.162874221801758,
        16.196924209594727,
        16.156234741210938,
        16.158126831054688,
        16.146926879882812,
        16.143796920776367,
        16.137062072753906,
        16.14756202697754,
        16.163772583007812,
        16.111591339111328,
        16.128278732299805,
        16.107877731323242,
        16.123682022094727,
        16.12826919555664,
        16.129762649536133,
        16.103975296020508,
        16.10567855834961,
        16.12904930114746,
        16.09486198425293,
        16.08757972717285,
        16.08852195739746,
        16.094924926757812,
        16.13667869567871,
        16.0832576751709,
        16.08091163635254,
        16.09593391418457,
        16.078792572021484,
        16.082138061523438,
        16.066967010498047,
        16.088424682617188,
        16.072202682495117,
        16.077661514282227,
        16.06930160522461,
        15.919919967651367,
        15.910175323486328,
        15.909956932067871,
        15.90996265411377,
        15.9085111618042,
        15.90499496459961,
        15.908051490783691,
        15.905525207519531,
        15.907506942749023,
        15.904535293579102
    ],