{
    "run_n":5,
    "run_seed":520,
    "ndims":4,
    "nsamples":100000,
    "correlation":"corr",
    "nbijectors":10,
    "bijector":"RealNVPN",
    "spline_knots":8,
    "range_min":-5,
    "hidden_layers":"256-256-256",
    "batch_size":256,
    "activation":"relu",
    "eps_regulariser":0,
    "regulariser":null,
    "dist_seed":0,
    "test_seed":0,
    "ks_mean":0.4655473688806321,
    "ks_std":0.23841863738969266,
    "ad_mean":0.22089377252507597,
    "ad_std":0.06226187216172517,
    "wd_mean":0.028605054191627333,
    "wd_std":0.011008723510090584,
    "swd_mean":0.028145811529705085,
    "swd_std":0.015977434058256804,
    "fn_mean":0.04938581501244414,
    "fn_std":0.0198815243284689,
    "epochs_input":1000,
    "epochs_output":202,
    "time":2197.085177514993,
    "train_loss_history":[
        7.477798938751221,
        5.644681930541992,
        4.161604881286621,
        4.224849700927734,
        3.872331142425537,
        3.6485354900360107,
        3.4117515087127686,
        3.239400625228882,
        3.6754462718963623,
        3.088756799697876,
        2.95947265625,
        3.0912508964538574,
        2.8454506397247314,
        2.885988473892212,
        2.8563425540924072,
        2.806057929992676,
        2.8159399032592773,
        2.748016119003296,
        2.7191431522369385,
        2.7094533443450928,
        2.720872402191162,
        2.680368661880493,
        2.692152976989746,
        2.65091872215271,
        2.650534152984619,
        2.6644632816314697,
        2.6187806129455566,
        2.63191819190979,
        2.6501355171203613,
        2.628408670425415,
        2.6089890003204346,
        2.6149158477783203,
        2.6355514526367188,
        2.5833945274353027,
        2.593522548675537,
        2.5819735527038574,
        2.581287145614624,
        2.5710318088531494,
        2.5994303226470947,
        2.5713424682617188,
        2.560866594314575,
        2.588240146636963,
        2.5399770736694336,
        2.562486171722412,
        2.5758721828460693,
        2.548914670944214,
        2.5553221702575684,
        2.515772819519043,
        2.541585922241211,
        2.5435631275177,
        2.5299904346466064,
        2.5601999759674072,
        2.522340774536133,
        2.52640438079834,
        2.512437105178833,
        2.5097038745880127,
        2.509840965270996,
        2.5271337032318115,
        2.504772901535034,
        2.5088484287261963,
        2.5121467113494873,
        2.5087273120880127,
        2.512481927871704,
        2.508692979812622,
        2.5196306705474854,
        2.4896256923675537,
        2.5127928256988525,
        2.5004191398620605,
        2.482710599899292,
        2.483034610748291,
        2.507378101348877,
        2.492703914642334,
        2.4889864921569824,
        2.4956395626068115,
        2.5231151580810547,
        2.481022357940674,
        2.473254442214966,
        2.4795846939086914,
        2.4851698875427246,
        2.4866859912872314,
        2.4790797233581543,
        2.4749412536621094,
        2.4978039264678955,
        2.4579899311065674,
        2.4844894409179688,
        2.468510150909424,
        2.4724342823028564,
        2.4551737308502197,
        2.4705305099487305,
        2.475715398788452,
        2.466862916946411,
        2.486128807067871,
        2.47782039642334,
        2.477414846420288,
        2.447049617767334,
        2.467155933380127,
        2.483603000640869,
        2.44289493560791,
        2.468008041381836,
        2.452357053756714,
        2.4552998542785645,
        2.4698307514190674,
        2.470179319381714,
        2.4357025623321533,
        2.4494707584381104,
        2.447148084640503,
        2.455711841583252,
        2.4440460205078125,
        2.4494519233703613,
        2.4604320526123047,
        2.4553050994873047,
        2.470235824584961,
        2.455951690673828,
        2.461552143096924,
        2.476700782775879,
        2.4381916522979736,
        2.438901901245117,
        2.438094139099121,
        2.4474003314971924,
        2.434356212615967,
        2.4588356018066406,
        2.4674036502838135,
        2.451582193374634,
        2.4479479789733887,
        2.449126958847046,
        2.4408583641052246,
        2.449068069458008,
        2.469041109085083,
        2.462440013885498,
        2.4331390857696533,
        2.446596384048462,
        2.4440832138061523,
        2.42402982711792,
        2.439901351928711,
        2.439783811569214,
        2.4498260021209717,
        2.444409132003784,
        2.4500479698181152,
        2.4398913383483887,
        2.4506232738494873,
        2.442643880844116,
        2.361985683441162,
        2.3606181144714355,
        2.3584141731262207,
        2.354161500930786,
        2.3593621253967285,
        2.3607378005981445,
        2.358769416809082,
        2.359652519226074,
        2.361203908920288,
        2.3569812774658203,
        2.3627421855926514,
        2.356226682662964,
        2.3575546741485596,
        2.361070394515991,
        2.361768960952759,
        2.356475591659546,
        2.359992742538452,
        2.3562064170837402,
        2.356171131134033,
        2.3568148612976074,
        2.360863208770752,
        2.3552393913269043,
        2.357173442840576,
        2.357435941696167,
        2.370028018951416,
        2.3540244102478027,
        2.35636043548584,
        2.3590550422668457,
        2.356708288192749,
        2.355043649673462,
        2.359020709991455,
        2.3664002418518066,
        2.3559086322784424,
        2.355410575866699,
        2.355492353439331,
        2.3545053005218506,
        2.356356143951416,
        2.355059862136841,
        2.3619544506073,
        2.353389263153076,
        2.3533694744110107,
        2.3617641925811768,
        2.3555572032928467,
        2.355456590652466,
        2.35433292388916,
        2.357839584350586,
        2.3566818237304688,
        2.353073835372925,
        2.354201555252075,
        2.3534233570098877,
        2.3527419567108154,
        2.3355181217193604,
        2.334398031234741,
        2.3374478816986084,
        2.3342056274414062,
        2.3354296684265137,
        2.3367183208465576,
        2.334765672683716,
        2.335047721862793,
        2.3342955112457275,
        2.335508108139038
    ],