{
    "run_n":1,
    "run_seed":0,
    "ndims":8,
    "nsamples":100000,
    "correlation":"corr",
    "nbijectors":5,
    "bijector":"MAFN",
    "spline_knots":8,
    "range_min":-16,
    "hidden_layers":"128-128-128",
    "batch_size":512,
    "activation":"relu",
    "eps_regulariser":0,
    "regulariser":null,
    "dist_seed":0,
    "test_seed":0,
    "kl_divergence":-1,
    "ks_test_mean":0.4426905807939714,
    "ks_test_median":0.4549282861363009,
    "ad_test_mean":0.1967821905033685,
    "ad_test_median":0.19741878190389694,
    "Wasserstein_median":0.021311838398230115,
    "Wasserstein_mean":0.021311838398230115,
    "frob_norm":0.08242030938415489,
    "epochs_input":1000,
    "epochs_output":129,
    "time":296.4532017558813,
    "train_loss_history":[
        11.319165229797363,
        10.158598899841309,
        9.955347061157227,
        9.904829025268555,
        9.86489486694336,
        9.838760375976562,
        9.807707786560059,
        9.801753997802734,
        9.753952980041504,
        9.733089447021484,
        9.72432804107666,
        9.710350036621094,
        9.702720642089844,
        9.694917678833008,
        9.693978309631348,
        9.684443473815918,
        9.671605110168457,
        9.670063018798828,
        9.667703628540039,
        9.669046401977539,
        9.653059959411621,
        9.662956237792969,
        9.650301933288574,
        9.643961906433105,
        9.654047012329102,
        9.646029472351074,
        9.636883735656738,
        9.63133716583252,
        9.632664680480957,
        9.62878131866455,
        9.628767967224121,
        9.624013900756836,
        9.622941017150879,
        9.61773681640625,
        9.622376441955566,
        9.61996078491211,
        9.617894172668457,
        9.61219596862793,
        9.607744216918945,
        9.613417625427246,
        9.60539722442627,
        9.633565902709961,
        9.606337547302246,
        9.606289863586426,
        9.603163719177246,
        9.597469329833984,
        9.591920852661133,
        9.595357894897461,
        9.597193717956543,
        9.629605293273926,
        9.59769058227539,
        9.606605529785156,
        9.586516380310059,
        9.590863227844238,
        9.589861869812012,
        9.583500862121582,
        9.654317855834961,
        9.676859855651855,
        9.658940315246582,
        9.637370109558105,
        9.600621223449707,
        9.590370178222656,
        9.580187797546387,
        9.576566696166992,
        9.574883460998535,
        9.5785493850708,
        9.580849647521973,
        9.57678508758545,
        9.566804885864258,
        9.567915916442871,
        9.563029289245605,
        9.571581840515137,
        9.56556510925293,
        9.565702438354492,
        9.588851928710938,
        9.563007354736328,
        9.559549331665039,
        9.558053970336914,
        9.57440185546875,
        9.559228897094727,
        9.552841186523438,
        9.562044143676758,
        9.550596237182617,
        9.551227569580078,
        9.544684410095215,
        9.553224563598633,
        9.5402250289917,
        9.543850898742676,
        9.543685913085938,
        9.5545654296875,
        9.54356575012207,
        9.536596298217773,
        9.535834312438965,
        9.535236358642578,
        9.540412902832031,
        9.53276538848877,
        9.530713081359863,
        9.531157493591309,
        9.533623695373535,
        9.530123710632324,
        9.531255722045898,
        9.534953117370605,
        9.572032928466797,
        9.52867317199707,
        9.519331932067871,
        9.535815238952637,
        9.638469696044922,
        9.55976390838623,
        9.532365798950195,
        9.536826133728027,
        9.521174430847168,
        9.522838592529297,
        9.523143768310547,
        9.590214729309082,
        9.622745513916016,
        9.592499732971191,
        9.577837944030762,
        9.543999671936035,
        9.532418251037598,
        9.502237319946289,
        9.4775972366333,
        9.471733093261719,
        9.468530654907227,
        9.465469360351562,
        9.462336540222168,
        9.461980819702148,
        9.460780143737793,
        9.458316802978516,
        9.455162048339844
    ],
    "val_loss_history":[
        10.498517990112305,
        9.990045547485352,
        9.930500030517578,
        9.897741317749023,
        9.847023963928223,
        9.843474388122559,
        9.832077026367188,
        9.797100067138672,
        9.76795768737793,
        9.73803424835205,
        9.73935604095459,
        9.738688468933105,
        9.738197326660156,
        9.731353759765625,
        9.736141204833984,
        9.708503723144531,
        9.702241897583008,
        9.694608688354492,
        9.707218170166016,
        9.701343536376953,
        9.686273574829102,
        9.689672470092773,
        9.691555976867676,
        9.675037384033203,
        9.690679550170898,
        9.695284843444824,
        9.670624732971191,
        9.685187339782715,
        9.686380386352539,
        9.686917304992676,
        9.682201385498047,
        9.683180809020996,
        9.682388305664062,
        9.664780616760254,
        9.672747611999512,
        9.685802459716797,
        9.704877853393555,
        9.674857139587402,
        9.70083999633789,
        9.668449401855469,
        9.691055297851562,
        9.735495567321777,
        9.66954231262207,
        9.676875114440918,
        9.677998542785645,
        9.692731857299805,
        9.672383308410645,
        9.701249122619629,
        9.685348510742188,
        9.67431354522705,
        9.687605857849121,
        9.692480087280273,
        9.675103187561035,
        9.680948257446289,
        9.690436363220215,
        9.6730375289917,
        9.752485275268555,
        9.731086730957031,
        9.749198913574219,
        9.694284439086914,
        9.69411563873291,
        9.667283058166504,
        9.693230628967285,
        9.681787490844727,
        9.671934127807617,
        9.67177677154541,
        9.692103385925293,
        9.69710636138916,
        9.663588523864746,
        9.684061050415039,
        9.704976081848145,
        9.687676429748535,
        9.719156265258789,
        9.700615882873535,
        9.700051307678223,
        9.682626724243164,
        9.692710876464844,
        9.721970558166504,
        9.683550834655762,
        9.70649242401123,
        9.710488319396973,
        9.708027839660645,
        9.7073392868042,
        9.697647094726562,
        9.699692726135254,
        9.683270454406738,
        9.718588829040527,
        9.715205192565918,
        9.71282958984375,
        9.767523765563965,
        9.75913143157959,
        10.082784652709961,
        9.820104598999023,
        9.731560707092285,
        9.745657920837402,
        9.902271270751953,
        9.923373222351074,
        9.737432479858398,
        9.73307991027832,
        9.71495246887207,
        10.024630546569824,
        9.737495422363281,
        9.829752922058105,
        13.766910552978516,
        103.44900512695312,
        9.994660377502441,
        9.837949752807617,
        9.737716674804688,
        9.755607604980469,
        10.187870025634766,
        9.786332130432129,
        9.816707611083984,
        958432.375,
        9.758537292480469,
        9.80424690246582,
        12.739954948425293,
        9.77184772491455,
        102.70121002197266,
        9.780481338500977,
        12364.3212890625,
        130927264.0,
        58083.28515625,
        310836.09375,
        1954889856.0,
        4598682.5,
        1921889664.0,
        161218887680.0,
        27933472768.0,
        211201.09375
    ],
    "best_train_loss":9.566804885864258,
    "best_val_loss":9.663588523864746,
    "best_epoch":68
}