{
    "run_n":3,
    "run_seed":377,
    "ndims":64,
    "nsamples":100000,
    "correlation":"corr",
    "nbijectors":2,
    "bijector":"MsplineN",
    "spline_knots":8,
    "range_min":-16,
    "hidden_layers":"128-128-128",
    "batch_size":512,
    "activation":"relu",
    "eps_regulariser":0,
    "regulariser":null,
    "dist_seed":0,
    "test_seed":0,
    "kl_divergence":-1,
    "ks_test_mean":0.45504989439066656,
    "ks_test_median":0.45697939721061465,
    "ad_test_mean":0.2070086759572081,
    "ad_test_median":0.2058775549985551,
    "Wasserstein_median":0.01547626946853025,
    "Wasserstein_mean":0.01547626946853025,
    "frob_norm":0.2579848030922874,
    "epochs_input":1000,
    "epochs_output":243,
    "time":1759.3355950936675,
    "train_loss_history":[
        148.742431640625,
        43.583953857421875,
        35.00647735595703,
        32.327293395996094,
        31.186492919921875,
        30.270296096801758,
        30.081518173217773,
        29.71636199951172,
        29.526498794555664,
        29.359033584594727,
        29.110700607299805,
        29.02119255065918,
        29.046607971191406,
        28.85976219177246,
        28.816917419433594,
        28.742591857910156,
        28.746652603149414,
        28.64653778076172,
        28.63226318359375,
        28.60963249206543,
        28.574533462524414,
        28.47095489501953,
        28.476198196411133,
        28.38953971862793,
        28.42119789123535,
        28.388822555541992,
        28.379077911376953,
        28.37244987487793,
        28.31427764892578,
        28.285884857177734,
        28.32581329345703,
        28.273801803588867,
        28.201589584350586,
        28.206708908081055,
        28.19086456298828,
        28.14324951171875,
        28.14131736755371,
        28.111873626708984,
        28.188152313232422,
        28.109052658081055,
        28.081920623779297,
        28.100887298583984,
        28.06610107421875,
        28.065196990966797,
        28.065263748168945,
        28.0592098236084,
        28.0750675201416,
        27.98835563659668,
        28.02367401123047,
        28.069730758666992,
        28.024394989013672,
        28.006582260131836,
        27.974594116210938,
        28.01607894897461,
        27.977733612060547,
        27.98812484741211,
        28.00604820251465,
        27.922983169555664,
        27.99129295349121,
        27.974105834960938,
        27.950071334838867,
        27.98551368713379,
        27.936914443969727,
        27.915937423706055,
        27.916616439819336,
        27.924549102783203,
        27.968740463256836,
        27.899660110473633,
        27.897546768188477,
        27.917789459228516,
        27.91494369506836,
        27.903148651123047,
        27.898826599121094,
        27.888452529907227,
        27.87815284729004,
        27.890398025512695,
        27.846866607666016,
        27.893428802490234,
        27.833431243896484,
        27.882959365844727,
        27.840999603271484,
        27.87647819519043,
        27.84933090209961,
        27.86724853515625,
        27.8785343170166,
        27.85595703125,
        27.880218505859375,
        27.886112213134766,
        27.83658790588379,
        27.872066497802734,
        27.80974769592285,
        27.828134536743164,
        27.82482147216797,
        27.831562042236328,
        27.80286407470703,
        27.80066680908203,
        27.812898635864258,
        27.81151580810547,
        27.834102630615234,
        27.827402114868164,
        27.82183265686035,
        27.781097412109375,
        27.75577735900879,
        27.8022518157959,
        27.779531478881836,
        27.79741668701172,
        27.79192352294922,
        27.741188049316406,
        27.77496337890625,
        27.76361846923828,
        27.788780212402344,
        27.821640014648438,
        27.747339248657227,
        27.728130340576172,
        27.761138916015625,
        27.783849716186523,
        27.7626953125,
        27.751367568969727,
        27.78441047668457,
        27.804906845092773,
        27.74222183227539,
        27.722553253173828,
        27.751779556274414,
        27.708555221557617,
        27.70899200439453,
        27.70415496826172,
        27.72296714782715,
        27.72248077392578,
        27.742063522338867,
        27.67595672607422,
        27.720212936401367,
        27.71310043334961,
        27.71818733215332,
        27.734426498413086,
        27.7021541595459,
        27.692882537841797,
        27.705516815185547,
        27.722991943359375,
        27.68955421447754,
        27.67858123779297,
        27.691064834594727,
        27.664628982543945,
        27.68929100036621,
        27.665884017944336,
        27.69139289855957,
        27.66019630432129,
        27.67611312866211,
        27.7060604095459,
        27.660749435424805,
        27.65912437438965,
        27.70735740661621,
        27.632282257080078,
        27.686851501464844,
        27.674697875976562,
        27.624277114868164,
        27.684188842773438,
        27.713054656982422,
        27.64560317993164,
        27.665971755981445,
        27.656042098999023,
        27.642919540405273,
        27.641672134399414,
        27.636734008789062,
        27.609525680541992,
        27.61639404296875,
        27.636890411376953,
        27.63239288330078,
        27.642486572265625,
        27.63991355895996,
        27.644166946411133,
        27.60114288330078,
        27.610774993896484,
        27.62278938293457,
        27.679609298706055,
        27.584339141845703,
        27.60198402404785,
        27.61727523803711,
        27.630308151245117,
        27.630935668945312,
        27.5804500579834,
        27.613126754760742,
        27.3326358795166,
        27.305225372314453,
        27.312957763671875,
        27.308441162109375,
        27.31458282470703,
        27.308958053588867,
        27.305721282958984,
        27.31119155883789,
        27.312000274658203,
        27.309894561767578,
        27.313526153564453,
        27.31150245666504,
        27.31402587890625,
        27.31355094909668,
        27.3081111907959,
        27.31307029724121,
        27.311433792114258,
        27.31327247619629,
        27.316682815551758,
        27.314727783203125,
        27.30971908569336,
        27.313945770263672,
        27.31273651123047,
        27.312715530395508,
        27.313940048217773,
        27.308443069458008,
        27.309101104736328,
        27.31149673461914,
        27.31188201904297,
        27.29694175720215,
        27.30463981628418,
        27.300540924072266,
        27.295166015625,
        27.304664611816406,
        27.30666160583496,
        27.30324935913086,
        27.30391502380371,
        27.31077766418457,
        27.301488876342773,
        27.299177169799805,
        27.298925399780273,
        27.307565689086914,
        27.29759979248047,
        27.29936408996582,
        27.298677444458008,
        27.296592712402344,
        27.29998016357422,
        27.29969596862793,
        27.299402236938477,
        27.293701171875,
        27.29424285888672,
        27.298681259155273,
        27.225175857543945,
        27.217824935913086,
        27.217004776000977,
        27.216800689697266,
        27.217815399169922,
        27.21711540222168,
        27.21664810180664,
        27.21881675720215,
        27.219879150390625,
        27.218172073364258
    ],