{
    "run_n":17,
    "run_seed":0,
    "ndims":8,
    "nsamples":100000,
    "correlation":"corr",
    "nbijectors":5,
    "bijector":"CsplineN",
    "spline_knots":12,
    "range_min":-16,
    "hidden_layers":"256-256-256",
    "batch_size":512,
    "activation":"relu",
    "eps_regulariser":0,
    "regulariser":null,
    "dist_seed":0,
    "test_seed":0,
    "kl_divergence":-1,
    "ks_test_mean":0.46724185233146553,
    "ks_test_median":0.47051207944234025,
    "ad_test_mean":0.2063289005084015,
    "ad_test_median":0.204850693791153,
    "Wasserstein_median":0.005117119056798805,
    "Wasserstein_mean":0.005117119056798805,
    "frob_norm":0.05366188897796421,
    "epochs_input":1000,
    "epochs_output":219,
    "time":8925.027892665938,
    "train_loss_history":[
        7.888891220092773,
        2.3117566108703613,
        0.33645859360694885,
        -0.8250409960746765,
        -0.8939100503921509,
        -1.0853369235992432,
        -0.6216144561767578,
        -1.1119986772537231,
        -1.1705334186553955,
        -1.1713542938232422,
        -1.2979259490966797,
        -1.2175928354263306,
        -1.329587697982788,
        -1.2985669374465942,
        -1.336871862411499,
        -1.2505426406860352,
        -1.3150839805603027,
        -1.379335880279541,
        -1.3329613208770752,
        -1.408996820449829,
        -0.3572077453136444,
        -1.2482720613479614,
        -1.1820417642593384,
        -1.3486720323562622,
        -1.3946317434310913,
        -1.382733702659607,
        -1.4438847303390503,
        -1.4751909971237183,
        -1.4772765636444092,
        -1.441247582435608,
        -1.4740723371505737,
        -1.4337489604949951,
        -1.483444094657898,
        -1.49421226978302,
        -1.5041452646255493,
        -1.5019358396530151,
        -1.539516568183899,
        -1.4757258892059326,
        -1.4319292306900024,
        -1.553478479385376,
        -1.5251938104629517,
        -1.5279589891433716,
        -1.564985990524292,
        -1.4917196035385132,
        -1.5557150840759277,
        -1.5605409145355225,
        -1.5412826538085938,
        -1.546358585357666,
        -1.545267105102539,
        -1.5382338762283325,
        -1.5660356283187866,
        -1.5641812086105347,
        -1.588066816329956,
        -1.5601425170898438,
        -1.5810625553131104,
        -1.5511386394500732,
        -1.5786625146865845,
        -1.589531421661377,
        -1.5811827182769775,
        -1.5969716310501099,
        -1.5205559730529785,
        -1.5575873851776123,
        -1.6055878400802612,
        -1.584316372871399,
        -1.5878477096557617,
        -1.5300825834274292,
        -1.6242884397506714,
        -1.6194061040878296,
        -1.6241689920425415,
        -1.592607855796814,
        -1.5928502082824707,
        -1.639783263206482,
        -1.6341145038604736,
        -1.6195510625839233,
        -1.655005693435669,
        -1.484499454498291,
        -1.63215970993042,
        -1.6301183700561523,
        -1.6132138967514038,
        -1.6614978313446045,
        -1.6323816776275635,
        -1.6673322916030884,
        -1.6267709732055664,
        -1.6223020553588867,
        -1.6474075317382812,
        -1.650458574295044,
        -1.6642390489578247,
        -1.6275957822799683,
        -1.6710879802703857,
        -1.6582914590835571,
        -1.6287364959716797,
        -1.6836739778518677,
        -1.6428865194320679,
        -1.6603752374649048,
        -1.6326907873153687,
        -1.6704484224319458,
        -1.6632095575332642,
        -1.651917576789856,
        -1.6704819202423096,
        -1.669095754623413,
        -1.626991868019104,
        -1.6978297233581543,
        -1.6941537857055664,
        -1.685326337814331,
        -1.6771175861358643,
        -1.6696189641952515,
        -1.6429401636123657,
        -1.6726363897323608,
        -1.7087993621826172,
        -1.6686294078826904,
        -1.6804431676864624,
        -1.6516506671905518,
        -1.6724990606307983,
        -1.6773245334625244,
        -1.7097938060760498,
        -1.6853020191192627,
        -1.705886960029602,
        -1.7016900777816772,
        -1.6996831893920898,
        -1.7030158042907715,
        -1.6670024394989014,
        -1.680206298828125,
        -1.70272958278656,
        -1.7045077085494995,
        -1.699701189994812,
        -1.7423381805419922,
        -1.6992251873016357,
        -1.726547360420227,
        -1.7520136833190918,
        -1.69243323802948,
        -1.6910196542739868,
        -1.7266526222229004,
        -1.7116419076919556,
        -1.720900297164917,
        -1.7317224740982056,
        -1.738120198249817,
        -1.7378312349319458,
        -1.717505931854248,
        -1.7078814506530762,
        -1.743300199508667,
        -1.7312899827957153,
        -1.7147072553634644,
        -1.7420926094055176,
        -1.7342302799224854,
        -1.7046071290969849,
        -1.7222074270248413,
        -1.7176212072372437,
        -1.7447307109832764,
        -1.7518954277038574,
        -1.7389299869537354,
        -1.766771912574768,
        -1.7021610736846924,
        -1.7519880533218384,
        -1.7648361921310425,
        -1.7432610988616943,
        -1.7736634016036987,
        -1.7690974473953247,
        -1.7299281358718872,
        -1.8647727966308594,
        -1.8810843229293823,
        -1.8853265047073364,
        -1.8900383710861206,
        -1.8885676860809326,
        -1.8894864320755005,
        -1.8907288312911987,
        -1.893852949142456,
        -1.8882229328155518,
        -1.8977593183517456,
        -1.8934067487716675,
        -1.89205002784729,
        -1.8996074199676514,
        -1.8987042903900146,
        -1.9025906324386597,
        -1.900496482849121,
        -1.9019381999969482,
        -1.897125482559204,
        -1.8944376707077026,
        -1.9071334600448608,
        -1.9057707786560059,
        -1.9054540395736694,
        -1.9046412706375122,
        -1.910783052444458,
        -1.9173212051391602,
        -1.9136930704116821,
        -1.9128769636154175,
        -1.9095537662506104,
        -1.919478178024292,
        -1.913243293762207,
        -1.916851282119751,
        -1.909008264541626,
        -1.9168834686279297,
        -1.9124926328659058,
        -1.911672592163086,
        -1.9134262800216675,
        -1.9214221239089966,
        -1.9275513887405396,
        -1.9174220561981201,
        -1.9201490879058838,
        -1.9242855310440063,
        -1.9284178018569946,
        -1.9228357076644897,
        -1.9261749982833862,
        -1.9275553226470947,
        -1.9209375381469727,
        -1.927933692932129,
        -1.9220894575119019,
        -1.930373191833496,
        -1.9248796701431274,
        -1.9355415105819702,
        -1.9616528749465942,
        -1.9643031358718872,
        -1.965547800064087,
        -1.9646779298782349,
        -1.9663243293762207,
        -1.9675047397613525,
        -1.967101812362671,
        -1.9681397676467896,
        -1.967354416847229,
        -1.9697237014770508
    ],