{
    "run_n":28,
    "run_seed":0,
    "ndims":16,
    "nsamples":100000,
    "correlation":"corr",
    "nbijectors":5,
    "bijector":"CsplineN",
    "spline_knots":12,
    "range_min":-16,
    "hidden_layers":"128-128-128",
    "batch_size":512,
    "activation":"relu",
    "eps_regulariser":0,
    "regulariser":null,
    "dist_seed":0,
    "test_seed":0,
    "kl_divergence":-1,
    "ks_test_mean":0.3085808646894194,
    "ks_test_median":0.29544574582998473,
    "ad_test_mean":0.15225874736547962,
    "ad_test_median":0.13389158181571725,
    "Wasserstein_median":0.00945091782867797,
    "Wasserstein_mean":0.00945091782867797,
    "frob_norm":0.15987973643944667,
    "epochs_input":1000,
    "epochs_output":196,
    "time":5015.681480076164,
    "train_loss_history":[
        20.47184944152832,
        4.882730007171631,
        4.445376396179199,
        2.18375563621521,
        2.242549180984497,
        1.1323308944702148,
        1.351191520690918,
        0.7110298275947571,
        0.5756294131278992,
        0.19258837401866913,
        0.30610930919647217,
        0.07499097287654877,
        0.00028078374452888966,
        -0.1770561933517456,
        -0.019976528361439705,
        -0.2289845496416092,
        -0.3349635899066925,
        -0.21250982582569122,
        -0.39920541644096375,
        -0.4992283582687378,
        -0.453655868768692,
        -0.3517904579639435,
        -0.4102210998535156,
        -0.5795097947120667,
        -0.707024872303009,
        -0.5622941851615906,
        -0.6689164638519287,
        -0.7063127756118774,
        -0.6336172819137573,
        -0.729491114616394,
        -0.6777093410491943,
        -0.8286635875701904,
        -0.8039575219154358,
        -0.7647786736488342,
        -0.730373203754425,
        -0.8676008582115173,
        -0.8511753678321838,
        -0.772260308265686,
        -0.9680631756782532,
        -0.8321794867515564,
        -0.923384964466095,
        -0.9183452725410461,
        -0.9272177815437317,
        -0.9428435564041138,
        -0.9820162057876587,
        -0.9704810380935669,
        -0.940138041973114,
        -0.9508039951324463,
        -0.9523133039474487,
        -1.0255144834518433,
        -1.003726840019226,
        -1.0062756538391113,
        -1.0384241342544556,
        -0.9708928465843201,
        -1.0689436197280884,
        -1.0099152326583862,
        -1.0612670183181763,
        -1.051391363143921,
        -1.1485066413879395,
        -1.0186511278152466,
        -1.1727123260498047,
        -1.0539735555648804,
        -1.0837047100067139,
        -1.091288685798645,
        -1.1399468183517456,
        -1.1309047937393188,
        -0.7017406225204468,
        -1.0880534648895264,
        -1.077592134475708,
        -1.2090693712234497,
        -1.186221718788147,
        -1.2509245872497559,
        -1.2235310077667236,
        -1.2247263193130493,
        -1.193954586982727,
        -1.1648764610290527,
        -1.2340893745422363,
        -1.2897019386291504,
        -1.2000648975372314,
        -1.25380277633667,
        -1.3103772401809692,
        -1.206474781036377,
        -1.1650729179382324,
        -1.2443642616271973,
        -1.2598555088043213,
        -1.3205666542053223,
        -1.2532615661621094,
        -0.9457467794418335,
        -1.2905189990997314,
        -1.3322689533233643,
        -1.2715613842010498,
        -1.283694863319397,
        -1.3547794818878174,
        -1.3825932741165161,
        -1.2434804439544678,
        -1.3424484729766846,
        -1.362501859664917,
        -1.3669633865356445,
        -1.3689156770706177,
        -1.4565560817718506,
        -1.3552203178405762,
        -1.3005088567733765,
        -1.452349066734314,
        -1.3496400117874146,
        -1.3749966621398926,
        -1.4130330085754395,
        -1.4323235750198364,
        -1.418564796447754,
        0.41324383020401,
        -0.846281886100769,
        -1.045728087425232,
        -1.1640956401824951,
        -1.1666710376739502,
        -1.2082140445709229,
        -1.1755807399749756,
        -1.2658113241195679,
        -1.2481510639190674,
        -1.3054382801055908,
        -1.2945088148117065,
        -1.2535741329193115,
        -1.329040765762329,
        -1.3613734245300293,
        -1.314285397529602,
        -1.3021365404129028,
        -1.368770718574524,
        -1.373039960861206,
        -1.3587366342544556,
        -1.3490391969680786,
        -1.3328182697296143,
        -1.4149669408798218,
        -1.3200932741165161,
        -1.4238691329956055,
        -1.3563952445983887,
        -1.4203917980194092,
        -1.411213755607605,
        -1.411894679069519,
        -1.4645873308181763,
        -1.4696762561798096,
        -1.503633737564087,
        -1.4473408460617065,
        -1.479417085647583,
        -1.4172149896621704,
        -1.4169248342514038,
        -1.4681329727172852,
        -1.4590047597885132,
        -1.5133335590362549,
        -1.4421778917312622,
        -1.4836091995239258,
        -1.474485993385315,
        -1.4725847244262695,
        -1.534817099571228,
        -1.5360709428787231,
        -1.5437915325164795,
        -1.5485239028930664,
        -1.5321732759475708,
        -1.5270456075668335,
        -1.5203582048416138,
        -1.5401309728622437,
        -1.5627710819244385,
        -1.5831565856933594,
        -1.5723813772201538,
        -1.5365829467773438,
        -1.5527925491333008,
        -1.5549464225769043,
        -1.57439386844635,
        -1.6286410093307495,
        -1.6025253534317017,
        -1.5796496868133545,
        -1.6222985982894897,
        -1.6158406734466553,
        -1.5807973146438599,
        -1.5908695459365845,
        -1.6009427309036255,
        -1.584552526473999,
        -1.603206992149353,
        -1.5899794101715088,
        -1.6094565391540527,
        -1.6614124774932861,
        -1.595922589302063,
        -1.6070414781570435,
        -1.6286917924880981,
        -1.694230318069458,
        -1.6496436595916748,
        -1.704068899154663,
        -1.6828268766403198,
        -1.625724196434021,
        -1.9244651794433594,
        -1.9784656763076782,
        -1.9838542938232422,
        -1.9945642948150635,
        -2.000498056411743,
        -2.0068931579589844,
        -2.006704807281494,
        -2.003941774368286,
        -2.0130820274353027,
        -2.015157699584961
    ],