{
    "run_n":24,
    "run_seed":0,
    "ndims":100,
    "nsamples":100000,
    "correlation":"corr",
    "nbijectors":10,
    "bijector":"MAFN",
    "spline_knots":8,
    "range_min":-16,
    "hidden_layers":"256-256-256",
    "batch_size":512,
    "activation":"relu",
    "eps_regulariser":0,
    "regulariser":null,
    "dist_seed":0,
    "test_seed":0,
    "kl_divergence":-1,
    "ks_test_mean":0.059065642120215076,
    "ks_test_median":0.014725523715546206,
    "ad_test_mean":0.0022620140900760487,
    "ad_test_median":0.016274277829351504,
    "Wasserstein_median":0.027711852100638167,
    "Wasserstein_mean":0.027711852100638167,
    "frob_norm":2.351368202389528,
    "epochs_input":1000,
    "epochs_output":149,
    "time":676.2309049330652,
    "train_loss_history":[
        144.3406219482422,
        33.68650817871094,
        26.40825653076172,
        18.789974212646484,
        45.34477233886719,
        14.08112621307373,
        9.011909484863281,
        9.82288646697998,
        14.136728286743164,
        11.440786361694336,
        14.164600372314453,
        7.29495906829834,
        4.071977138519287,
        4.928188323974609,
        5.690337657928467,
        3.7651312351226807,
        3.8728415966033936,
        4.161932468414307,
        3.4627411365509033,
        3.3706843852996826,
        3.5311501026153564,
        3.46213436126709,
        2.8197031021118164,
        2.717107057571411,
        2.287691116333008,
        2.6606454849243164,
        3.048798084259033,
        1.9410887956619263,
        2.0820436477661133,
        2.1167783737182617,
        2.0863518714904785,
        2.6885597705841064,
        2.0367603302001953,
        2.257779121398926,
        1.0893588066101074,
        1.6613653898239136,
        1.0954899787902832,
        1.6180838346481323,
        1.029604434967041,
        0.4777739346027374,
        1.3862032890319824,
        1.6960047483444214,
        0.46055543422698975,
        -0.1992036998271942,
        0.6205995678901672,
        -0.09510819613933563,
        -0.07286982238292694,
        -0.7038478851318359,
        -0.9316818118095398,
        0.5594193935394287,
        0.06070676073431969,
        -1.3025944232940674,
        -0.8899446725845337,
        -1.3313028812408447,
        -1.3551545143127441,
        -1.7590646743774414,
        -1.721210241317749,
        -1.977594017982483,
        -1.0455982685089111,
        -1.9166513681411743,
        -2.3257012367248535,
        -2.3099541664123535,
        -2.3948237895965576,
        -1.7448018789291382,
        -1.762015700340271,
        -2.732647657394409,
        -2.9142072200775146,
        -2.202684164047241,
        -2.9457972049713135,
        -2.562082052230835,
        -3.1739237308502197,
        -2.8092310428619385,
        -2.973162889480591,
        -2.98685359954834,
        -3.766003131866455,
        -3.220388889312744,
        -3.2929649353027344,
        -3.6934986114501953,
        -3.71140456199646,
        -3.8606505393981934,
        -4.035786151885986,
        -3.9447193145751953,
        -3.900228500366211,
        -4.205880641937256,
        -4.167098045349121,
        -4.200662136077881,
        -4.178629398345947,
        -3.6243820190429688,
        -4.748716831207275,
        -5.0913872718811035,
        -4.818387031555176,
        -4.9958720207214355,
        NaN,
        NaN,
        NaN,
        NaN,
        NaN,
        NaN,
        NaN,
        NaN,
        NaN,
        NaN,
        NaN,
        NaN,
        NaN,
        NaN,
        NaN,
        NaN,
        NaN,
        NaN,
        NaN,
        NaN,
        NaN,
        NaN,
        NaN,
        NaN,
        NaN,
        NaN,
        NaN,
        NaN,
        NaN,
        NaN,
        NaN,
        NaN,
        NaN,
        NaN,
        NaN,
        NaN,
        NaN,
        NaN,
        NaN,
        NaN,
        NaN,
        NaN,
        NaN,
        NaN,
        NaN,
        NaN,
        NaN,
        NaN,
        NaN,
        NaN,
        NaN,
        NaN,
        NaN,
        NaN,
        NaN,
        NaN,
        NaN
    ],
    "val_loss_history":[
        27.274616241455078,
        23.60773277282715,
        29.60100555419922,
        12.809539794921875,
        14.455784797668457,
        10.705455780029297,
        6.247102737426758,
        21.01604461669922,
        9.281773567199707,
        5.57216215133667,
        11.646007537841797,
        4.278833866119385,
        3.4465487003326416,
        3.6684842109680176,
        6.818968296051025,
        2.704334020614624,
        4.165343761444092,
        2.935506582260132,
        13.302984237670898,
        2.5906872749328613,
        2.037102699279785,
        2.2264153957366943,
        1.8922642469406128,
        4.305507183074951,
        1.9849450588226318,
        4.072157382965088,
        2.5578982830047607,
        9.57863998413086,
        5.098992824554443,
        1.118839144706726,
        0.6829493641853333,
        0.9942712783813477,
        0.8180283904075623,
        4.000690460205078,
        0.8239741325378418,
        1.5917470455169678,
        6.221297740936279,
        0.4195977747440338,
        1.5691709518432617,
        0.6260751485824585,
        17.587749481201172,
        0.8429895043373108,
        -0.06445349007844925,
        -0.8760063648223877,
        2.982774496078491,
        2.3483142852783203,
        -0.4655161201953888,
        -0.9272114634513855,
        -0.10192999988794327,
        -1.3785547018051147,
        -1.1386741399765015,
        -0.9279748797416687,
        -0.6963596343994141,
        -1.2539982795715332,
        0.10121172666549683,
        -1.3194245100021362,
        -2.228494644165039,
        -1.7719640731811523,
        -1.479732871055603,
        -2.10432767868042,
        -2.0400054454803467,
        -1.2991029024124146,
        -2.378347396850586,
        -2.0247347354888916,
        -2.395599365234375,
        -1.0517969131469727,
        -2.301495313644409,
        -1.906299352645874,
        -2.982085943222046,
        -1.475663661956787,
        -2.322807788848877,
        -2.522475481033325,
        -2.4850895404815674,
        -3.1765453815460205,
        -2.7196500301361084,
        -3.301908016204834,
        -2.2734124660491943,
        -3.3173563480377197,
        -2.3175785541534424,
        -2.518639087677002,
        -3.5222525596618652,
        -2.9119577407836914,
        -0.5195545554161072,
        -2.0814568996429443,
        -2.2180728912353516,
        5.666810512542725,
        -0.08537428081035614,
        1541.430908203125,
        -4.022104263305664,
        -2.8091049194335938,
        -3.4622864723205566,
        2.534322590617436e+17,
        NaN,
        NaN,
        NaN,
        NaN,
        NaN,
        NaN,
        NaN,
        NaN,
        NaN,
        NaN,
        NaN,
        NaN,
        NaN,
        NaN,
        NaN,
        NaN,
        NaN,
        NaN,
        NaN,
        NaN,
        NaN,
        NaN,
        NaN,
        NaN,
        NaN,
        NaN,
        NaN,
        NaN,
        NaN,
        NaN,
        NaN,
        NaN,
        NaN,
        NaN,
        NaN,
        NaN,
        NaN,
        NaN,
        NaN,
        NaN,
        NaN,
        NaN,
        NaN,
        NaN,
        NaN,
        NaN,
        NaN,
        NaN,
        NaN,
        NaN,
        NaN,
        NaN,
        NaN,
        NaN,
        NaN,
        NaN,
        NaN
    ],
    "best_train_loss":[],
    "best_val_loss":NaN,
    "best_epoch":[]
}