{
    "run_n":7,
    "run_seed":721,
    "ndims":4,
    "nsamples":100000,
    "correlation":"corr",
    "nbijectors":2,
    "bijector":"MsplineN",
    "spline_knots":12,
    "range_min":-16,
    "hidden_layers":"256-256-256",
    "batch_size":512,
    "activation":"relu",
    "eps_regulariser":0,
    "regulariser":null,
    "dist_seed":0,
    "test_seed":0,
    "kl_divergence":-1,
    "ks_test_mean":0.4623716928853627,
    "ks_test_median":0.47164506883946977,
    "ad_test_mean":0.2139047386622035,
    "ad_test_median":0.21397816606856193,
    "Wasserstein_median":0.019200489996370713,
    "Wasserstein_mean":0.019200489996370713,
    "frob_norm":0.0055564986056274345,
    "epochs_input":1000,
    "epochs_output":327,
    "time":2277.604162381962,
    "train_loss_history":[
        9.230016708374023,
        4.5285844802856445,
        3.673713445663452,
        3.125385284423828,
        2.8692994117736816,
        2.79421329498291,
        2.711534261703491,
        2.6634509563446045,
        2.654003381729126,
        2.622389078140259,
        2.6032309532165527,
        2.5730292797088623,
        2.5454671382904053,
        2.5602200031280518,
        2.529383897781372,
        2.5626566410064697,
        2.54331636428833,
        2.4967288970947266,
        2.535468816757202,
        2.510418176651001,
        2.509871244430542,
        2.510284423828125,
        2.4928927421569824,
        2.4941227436065674,
        2.4740312099456787,
        2.4826958179473877,
        2.4732553958892822,
        2.4747815132141113,
        2.462930679321289,
        2.4809935092926025,
        2.4497365951538086,
        2.4607737064361572,
        2.447625160217285,
        2.4668362140655518,
        2.4466030597686768,
        2.464805841445923,
        2.4571354389190674,
        2.4424610137939453,
        2.443075180053711,
        2.447634220123291,
        2.453002452850342,
        2.455244541168213,
        2.4415106773376465,
        2.4536001682281494,
        2.445035934448242,
        2.4420924186706543,
        2.427499532699585,
        2.4395558834075928,
        2.4316108226776123,
        2.4337902069091797,
        2.433377981185913,
        2.4350759983062744,
        2.4380409717559814,
        2.429154396057129,
        2.4383127689361572,
        2.423935890197754,
        2.416559934616089,
        2.4330403804779053,
        2.435991048812866,
        2.4174256324768066,
        2.4247517585754395,
        2.429304838180542,
        2.4220187664031982,
        2.4226601123809814,
        2.4227406978607178,
        2.408688545227051,
        2.4218356609344482,
        2.4294869899749756,
        2.4219372272491455,
        2.4179952144622803,
        2.413159132003784,
        2.406903028488159,
        2.4122300148010254,
        2.407186508178711,
        2.4091358184814453,
        2.411057233810425,
        2.42685866355896,
        2.422638416290283,
        2.4063024520874023,
        2.4109604358673096,
        2.419997215270996,
        2.405677556991577,
        2.4148237705230713,
        2.4070351123809814,
        2.4050910472869873,
        2.5000760555267334,
        2.425626277923584,
        2.4083845615386963,
        2.4074907302856445,
        2.400059938430786,
        2.4141337871551514,
        2.4029479026794434,
        2.4085726737976074,
        2.4023056030273438,
        2.4020774364471436,
        2.4017767906188965,
        2.4089300632476807,
        2.4131886959075928,
        2.4041101932525635,
        2.4109699726104736,
        2.398953676223755,
        2.4025700092315674,
        2.399613618850708,
        2.3982813358306885,
        2.3953959941864014,
        2.4056315422058105,
        2.40537166595459,
        2.392829179763794,
        2.392209053039551,
        2.396911382675171,
        2.4000163078308105,
        2.3962326049804688,
        2.41495418548584,
        2.3946502208709717,
        2.399132251739502,
        2.4029123783111572,
        2.404097557067871,
        2.3956685066223145,
        2.4067158699035645,
        2.413468599319458,
        2.3927407264709473,
        2.3917887210845947,
        2.403867721557617,
        2.390497922897339,
        2.39361834526062,
        2.3894364833831787,
        2.398674726486206,
        2.394789934158325,
        2.398580312728882,
        2.3870604038238525,
        2.3884689807891846,
        2.390826940536499,
        2.389831066131592,
        2.3926970958709717,
        2.4075119495391846,
        2.3894498348236084,
        2.3896772861480713,
        2.3880789279937744,
        2.470233201980591,
        2.4032814502716064,
        2.3971076011657715,
        2.394495964050293,
        2.390960931777954,
        2.3936920166015625,
        2.39628529548645,
        2.3949522972106934,
        2.392874240875244,
        2.396724224090576,
        2.3938169479370117,
        2.387681484222412,
        2.388885259628296,
        2.392263650894165,
        2.3891282081604004,
        2.3923630714416504,
        2.4178004264831543,
        2.4777026176452637,
        2.3929858207702637,
        2.389662742614746,
        2.3916611671447754,
        2.38961124420166,
        2.3918747901916504,
        2.3836824893951416,
        2.391303539276123,
        2.3851711750030518,
        2.3902432918548584,
        2.3891196250915527,
        2.4113805294036865,
        2.384644031524658,
        2.3848187923431396,
        2.380525827407837,
        2.3851263523101807,
        2.3843064308166504,
        2.3916497230529785,
        2.386436700820923,
        2.3822338581085205,
        2.384347438812256,
        2.3889424800872803,
        2.3881239891052246,
        2.396878480911255,
        2.381777286529541,
        2.3943281173706055,
        2.3904078006744385,
        2.3982737064361572,
        2.3778674602508545,
        2.3880889415740967,
        2.3884925842285156,
        2.37969708442688,
        2.389554262161255,
        2.3834264278411865,
        2.387655019760132,
        2.3861234188079834,
        2.378267526626587,
        2.3944735527038574,
        2.3892014026641846,
        2.3795223236083984,
        2.37825870513916,
        2.3811721801757812,
        2.3842501640319824,
        2.382946252822876,
        2.390183210372925,
        2.3822877407073975,
        2.3809285163879395,
        2.383990526199341,
        2.3955881595611572,
        2.3847551345825195,
        2.3819384574890137,
        2.3789222240448,
        2.376948595046997,
        2.3839755058288574,
        2.3879034519195557,
        2.3770694732666016,
        2.376519203186035,
        2.3833389282226562,
        2.3840861320495605,
        2.3883044719696045,
        2.3757340908050537,
        2.374500036239624,
        2.378929853439331,
        2.375380277633667,
        2.3838295936584473,
        2.373960018157959,
        2.377943754196167,
        2.3947832584381104,
        2.382206916809082,
        2.3710103034973145,
        2.375265121459961,
        2.3789477348327637,
        2.3739211559295654,
        2.37799334526062,
        2.3755509853363037,
        2.3703699111938477,
        2.4008994102478027,
        2.3859009742736816,
        2.37386417388916,
        2.3841466903686523,
        2.383889675140381,
        2.390532970428467,
        2.3832314014434814,
        2.3749935626983643,
        2.387244462966919,
        2.3792052268981934,
        2.3769724369049072,
        2.381551504135132,
        2.379734754562378,
        2.379070997238159,
        2.3798112869262695,
        2.377514362335205,
        2.3796582221984863,
        2.3781332969665527,
        2.3758254051208496,
        2.372253894805908,
        2.3785626888275146,
        2.375786304473877,
        2.372952461242676,
        2.3746113777160645,
        2.376513957977295,
        2.3789782524108887,
        2.3719658851623535,
        2.376920461654663,
        2.3798539638519287,
        2.371154546737671,
        2.3737666606903076,
