{
    "run_n":16,
    "run_seed":0,
    "ndims":32,
    "nsamples":100000,
    "correlation":"corr",
    "nbijectors":2,
    "bijector":"MsplineN",
    "spline_knots":12,
    "range_min":-16,
    "hidden_layers":"256-256-256",
    "batch_size":512,
    "activation":"relu",
    "eps_regulariser":0,
    "regulariser":null,
    "dist_seed":0,
    "test_seed":0,
    "kl_divergence":-1,
    "ks_test_mean":0.3051233162731017,
    "ks_test_median":0.33346263169809304,
    "ad_test_mean":0.13704126374176007,
    "ad_test_median":0.13367521104662686,
    "Wasserstein_median":0.010506804921412904,
    "Wasserstein_mean":0.010506804921412904,
    "frob_norm":0.24847854791566312,
    "epochs_input":1000,
    "epochs_output":148,
    "time":810.2683166582137,
    "train_loss_history":[
        38.43857955932617,
        -7.00871467590332,
        -9.059290885925293,
        -9.64409065246582,
        -10.625496864318848,
        -10.67193603515625,
        -10.98530387878418,
        -11.108099937438965,
        -11.098505020141602,
        -11.35775089263916,
        -11.398277282714844,
        -11.564559936523438,
        -11.579832077026367,
        -11.496578216552734,
        -11.685785293579102,
        -11.68386173248291,
        -11.709053993225098,
        -11.7912015914917,
        -11.894661903381348,
        -11.938121795654297,
        -11.979328155517578,
        -11.713314056396484,
        -12.062370300292969,
        -12.019681930541992,
        -11.994743347167969,
        -12.092230796813965,
        -12.125718116760254,
        -12.221243858337402,
        -12.107771873474121,
        -12.232912063598633,
        -12.10025405883789,
        -12.27333927154541,
        -12.307486534118652,
        -12.311346054077148,
        -12.283060073852539,
        -12.31146240234375,
        -12.359274864196777,
        -12.444477081298828,
        -12.122620582580566,
        -12.435735702514648,
        -12.448721885681152,
        -12.445167541503906,
        -12.349516868591309,
        -12.452791213989258,
        -12.466734886169434,
        -12.466402053833008,
        -12.320137023925781,
        -12.548014640808105,
        -12.570192337036133,
        -12.588424682617188,
        -12.545272827148438,
        -12.544113159179688,
        -12.600420951843262,
        -12.582486152648926,
        -12.637552261352539,
        -12.643693923950195,
        -12.676281929016113,
        -12.557726860046387,
        -12.688998222351074,
        -12.705615997314453,
        -12.742547035217285,
        -12.65378475189209,
        -12.770509719848633,
        -12.762944221496582,
        -12.744702339172363,
        -12.732270240783691,
        -12.825935363769531,
        -12.812129974365234,
        -12.768067359924316,
        -12.790298461914062,
        -12.836565017700195,
        -12.84216594696045,
        -12.822751998901367,
        -12.845304489135742,
        -12.84716796875,
        -12.835887908935547,
        -12.903861999511719,
        -12.891449928283691,
        -12.959002494812012,
        -12.863713264465332,
        -12.989601135253906,
        -12.901935577392578,
        -12.974283218383789,
        -12.94714641571045,
        -12.983368873596191,
        -13.030116081237793,
        -13.020613670349121,
        -13.004207611083984,
        -13.005046844482422,
        -13.012825965881348,
        -13.056275367736816,
        -12.993274688720703,
        -13.118667602539062,
        -13.085343360900879,
        -13.071328163146973,
        -13.060590744018555,
        -13.135737419128418,
        -13.12450885772705,
        -13.108508110046387,
        -13.14454174041748,
        -13.19938850402832,
        -13.137611389160156,
        -13.21171760559082,
        -13.141474723815918,
        -13.122173309326172,
        -13.228805541992188,
        -13.181248664855957,
        -13.200864791870117,
        -13.202277183532715,
        -13.199463844299316,
        -13.246047019958496,
        -13.260533332824707,
        -13.27946949005127,
        -13.193541526794434,
        -13.222269058227539,
        -13.279020309448242,
        -13.268120765686035,
        -13.242663383483887,
        -13.296862602233887,
        -13.291285514831543,
        -13.301427841186523,
        -13.366514205932617,
        -13.37840747833252,
        -13.352927207946777,
        -13.329011917114258,
        -13.387243270874023,
        -13.377416610717773,
        -13.403877258300781,
        -13.402229309082031,
        -13.417448043823242,
        -13.409896850585938,
        -13.40223217010498,
        -13.442730903625488,
        -13.43967342376709,
        -13.443004608154297,
        -13.423201560974121,
        -13.420148849487305,
        -13.42821979522705,
        -13.822766304016113,
        -13.883014678955078,
        -13.889148712158203,
        -13.909910202026367,
        -13.908427238464355,
        -13.9127197265625,
        -13.911340713500977,
        -13.922500610351562,
        -13.917281150817871,
        -13.923418998718262
    ],