{
    "run_n":34,
    "run_seed":0,
    "ndims":16,
    "nsamples":100000,
    "correlation":"corr",
    "nbijectors":10,
    "bijector":"CsplineN",
    "spline_knots":12,
    "range_min":-16,
    "hidden_layers":"128-128-128",
    "batch_size":512,
    "activation":"relu",
    "eps_regulariser":0,
    "regulariser":null,
    "dist_seed":0,
    "test_seed":0,
    "kl_divergence":-1,
    "ks_test_mean":0.2978727111817954,
    "ks_test_median":0.2830627632904037,
    "ad_test_mean":0.15424879147649545,
    "ad_test_median":0.13974182529330148,
    "Wasserstein_median":0.057382248806906705,
    "Wasserstein_mean":0.057382248806906705,
    "frob_norm":0.7018238006796886,
    "epochs_input":1000,
    "epochs_output":115,
    "time":5793.912948425859,
    "train_loss_history":[
        46.59347152709961,
        9.493332862854004,
        7.880939483642578,
        7.288639068603516,
        6.926309585571289,
        6.686549663543701,
        6.4490275382995605,
        6.578611373901367,
        6.177023887634277,
        6.2291998863220215,
        6.07011079788208,
        6.045159339904785,
        5.973644256591797,
        5.883595943450928,
        5.883934497833252,
        5.934534549713135,
        5.805361270904541,
        5.701905727386475,
        5.6881608963012695,
        5.693101406097412,
        5.716036796569824,
        5.678925037384033,
        5.677030086517334,
        5.645226955413818,
        5.595116138458252,
        5.6080708503723145,
        5.585605144500732,
        5.549139499664307,
        5.556732654571533,
        5.504859924316406,
        5.481980800628662,
        5.526852130889893,
        5.475582122802734,
        5.470787048339844,
        5.490736961364746,
        5.46736478805542,
        5.4032464027404785,
        5.399539947509766,
        5.400634288787842,
        5.419727802276611,
        5.405921936035156,
        5.382016181945801,
        5.380934715270996,
        5.407663345336914,
        5.326413154602051,
        5.313424110412598,
        5.30848503112793,
        5.316627502441406,
        5.303532600402832,
        5.304749965667725,
        5.285036563873291,
        5.253397464752197,
        5.259407997131348,
        5.281888008117676,
        5.226980209350586,
        5.20844030380249,
        5.271759986877441,
        5.221399307250977,
        5.207655906677246,
        5.1934990882873535,
        5.181631088256836,
        5.175322532653809,
        5.1375651359558105,
        5.18782901763916,
        5.1344895362854,
        5.142910480499268,
        5.127278804779053,
        5.146849632263184,
        5.121026039123535,
        5.104306697845459,
        5.0547261238098145,
        5.104925155639648,
        5.056698799133301,
        5.07410192489624,
        5.043042182922363,
        5.029458999633789,
        5.0098114013671875,
        5.049718379974365,
        5.006040096282959,
        4.989520072937012,
        4.982041358947754,
        5.014527797698975,
        4.94981050491333,
        4.947276592254639,
        4.910942077636719,
        4.943728446960449,
        4.92448616027832,
        4.901957988739014,
        4.91956090927124,
        4.876953125,
        4.876693248748779,
        4.874753475189209,
        4.8482666015625,
        4.826164722442627,
        4.812868595123291,
        4.822052955627441,
        4.8059186935424805,
        4.775722503662109,
        4.805691242218018,
        4.750080108642578,
        4.761890888214111,
        4.75293493270874,
        4.7509870529174805,
        4.740905284881592,
        4.704631328582764,
        4.3288774490356445,
        4.215780258178711,
        4.178394794464111,
        4.163971900939941,
        4.139945030212402,
        4.1181135177612305,
        4.102862358093262,
        4.094089508056641,
        4.075267314910889,
        4.055090427398682
    ],
    "val_loss_history":[
        11.271547317504883,
        9.313036918640137,
        7.529173374176025,
        6.600876331329346,
        7.130077838897705,
        6.622806072235107,
        9.507540702819824,
        6.2691216468811035,
        6.829618453979492,
        6.1432647705078125,
        6.08233642578125,
        6.095310211181641,
        6.0443878173828125,
        5.614795684814453,
        5.8532395362854,
        6.147202968597412,
        5.835995674133301,
        5.745275020599365,
        5.698725700378418,
        5.786688327789307,
        5.926171779632568,
        5.5290656089782715,
        5.729857444763184,
        5.846545219421387,
        5.709019184112549,
        5.5242743492126465,
        5.663734436035156,
        5.963202953338623,
        5.571511745452881,
        5.594460964202881,
        5.678340911865234,
        5.641759395599365,
        5.574100494384766,
        5.717483043670654,
        6.054454803466797,
        5.598391056060791,
        5.596131801605225,
        5.517125606536865,
        5.907660961151123,
        5.5915608406066895,
        5.555703163146973,
        5.51750373840332,
        5.548301696777344,
        5.592472076416016,
        5.557225227355957,
        5.447257995605469,
        5.5832014083862305,
        5.481243133544922,
        5.703866481781006,
        5.518470287322998,
        5.56665563583374,
        5.469135761260986,
        5.5701141357421875,
        5.4966278076171875,
        5.442668914794922,
        5.504575729370117,
        5.5633134841918945,
        5.662604808807373,
        5.528619766235352,
        5.654165267944336,
        5.502318859100342,
        5.592320442199707,
        5.5916056632995605,
        5.5205512046813965,
        5.480062007904053,
        5.527076721191406,
        5.4883317947387695,
        5.560688495635986,
        5.572205543518066,
        5.718622207641602,
        5.63885498046875,
        5.533590316772461,
        5.5471673011779785,
        5.5334696769714355,
        5.707828998565674,
        5.599857330322266,
        5.566806793212891,
        5.587494850158691,
        5.584673881530762,
        5.546240329742432,
        5.633215427398682,
        5.602224349975586,
        5.652069091796875,
        5.62676477432251,
        5.651800155639648,
        5.615362644195557,
        5.776244163513184,
        5.605673789978027,
        5.657485485076904,
        5.6689043045043945,
        5.772592067718506,
        5.684642791748047,
        5.619235038757324,
        5.671736240386963,
        5.77080774307251,
        5.70495080947876,
        5.751336574554443,
        5.7580461502075195,
        5.742763996124268,
        5.883337020874023,
        5.881948947906494,
        5.738861083984375,
        5.881892681121826,
        5.8525800704956055,
        5.821593761444092,
        5.941242694854736,
        5.986536979675293,
        6.055999279022217,
        6.152246475219727,
        6.237650394439697,
        6.359635829925537,
        6.3826141357421875,
        6.385602951049805,
        6.432415008544922,
        6.575506210327148
    ],
    "best_train_loss":5.226980209350586,
    "best_val_loss":5.442668914794922,
    "best_epoch":54
}