{
    "run_n":9,
    "run_seed":0,
    "ndims":16,
    "nsamples":100000,
    "correlation":"corr",
    "nbijectors":5,
    "bijector":"RealNVPN",
    "spline_knots":8,
    "range_min":-5,
    "hidden_layers":"128-128-128",
    "batch_size":256,
    "activation":"relu",
    "eps_regulariser":0,
    "regulariser":null,
    "dist_seed":0,
    "test_seed":0,
    "kl_divergence":-1,
    "ks_test_mean":0.3864479493527688,
    "ks_test_median":0.40740826196068747,
    "ad_test_mean":0.19491364021918545,
    "ad_test_median":0.18609085354119542,
    "Wasserstein_median":0.032122303752462666,
    "Wasserstein_mean":0.032122303752462666,
    "frob_norm":0.7910102012563407,
    "epochs_input":1000,
    "epochs_output":147,
    "time":740.2151051829569,
    "train_loss_history":[
        23.85110092163086,
        8.552103042602539,
        7.560284614562988,
        7.175919055938721,
        6.861373424530029,
        6.645770072937012,
        6.554097652435303,
        6.398988246917725,
        6.372049331665039,
        6.234824180603027,
        6.204533100128174,
        6.125116348266602,
        6.076878070831299,
        6.018403053283691,
        6.035250186920166,
        5.997307300567627,
        5.9263715744018555,
        5.899896621704102,
        5.875439167022705,
        5.858522891998291,
        5.850259780883789,
        5.812273979187012,
        5.781675338745117,
        5.771116256713867,
        5.769128799438477,
        5.779728412628174,
        5.755372524261475,
        5.716588020324707,
        5.691579818725586,
        5.673140525817871,
        5.6416120529174805,
        5.664979934692383,
        5.644031524658203,
        5.609617233276367,
        5.627798557281494,
        5.626632213592529,
        5.589724540710449,
        5.5570855140686035,
        5.5872483253479,
        5.590366840362549,
        5.538616180419922,
        5.5527448654174805,
        5.602916240692139,
        5.544159412384033,
        5.533578395843506,
        5.546045780181885,
        5.4904255867004395,
        5.530006408691406,
        5.47276496887207,
        5.501779556274414,
        5.487595558166504,
        5.4633002281188965,
        5.484110355377197,
        5.475514888763428,
        5.4749555587768555,
        5.467899322509766,
        5.430454254150391,
        5.42207145690918,
        5.424594879150391,
        5.456991195678711,
        5.427268981933594,
        5.428204536437988,
        5.389035224914551,
        5.402955532073975,
        5.3677544593811035,
        5.405754566192627,
        5.400091648101807,
        5.352247714996338,
        5.384481906890869,
        5.416367530822754,
        5.374647617340088,
        5.360887050628662,
        5.3520073890686035,
        5.386904716491699,
        5.328413009643555,
        5.336111068725586,
        5.321991443634033,
        5.368892669677734,
        5.303096771240234,
        5.329391956329346,
        5.323847770690918,
        5.304739952087402,
        5.311473369598389,
        5.299545764923096,
        5.289804935455322,
        5.284885406494141,
        5.308732986450195,
        5.279909610748291,
        5.299657344818115,
        5.28098726272583,
        5.247345924377441,
        5.295550346374512,
        5.268551349639893,
        5.272560119628906,
        5.278681755065918,
        5.258864402770996,
        5.277193069458008,
        5.238498687744141,
        5.243159770965576,
        5.270175933837891,
        5.2795586585998535,
        5.238046646118164,
        5.238194942474365,
        5.220571517944336,
        5.209956645965576,
        5.2109270095825195,
        5.223743915557861,
        5.210195541381836,
        5.234874725341797,
        5.218410491943359,
        5.202089309692383,
        5.222711563110352,
        5.196938514709473,
        5.202516078948975,
        5.1863694190979,
        5.197237491607666,
        5.186229705810547,
        5.1987080574035645,
        5.177120208740234,
        5.168459415435791,
        5.187844276428223,
        5.1527934074401855,
        5.146128177642822,
        5.171666622161865,
        5.151814937591553,
        5.146064758300781,
        5.146468639373779,
        5.138251781463623,
        5.154747486114502,
        5.339308738708496,
        5.180402755737305,
        5.154909133911133,
        5.147432327270508,
        5.133969783782959,
        5.142610549926758,
        5.113776206970215,
        5.126296043395996,
        4.919824123382568,
        4.887394428253174,
        4.879416465759277,
        4.875531196594238,
        4.874456882476807,
        4.873958110809326,
        4.870610237121582,
        4.868714332580566,
        4.8642258644104,
        4.870507717132568
    ],