{
    "run_n":8,
    "run_seed":869,
    "ndims":400,
    "nsamples":100000,
    "correlation":"corr",
    "nbijectors":10,
    "bijector":"RealNVPN",
    "spline_knots":8,
    "range_min":-5,
    "hidden_layers":"128-128-128",
    "batch_size":256,
    "activation":"relu",
    "eps_regulariser":0,
    "regulariser":null,
    "dist_seed":0,
    "test_seed":0,
    "ks_mean":0.027758314039770377,
    "ks_std":0.08394174907260747,
    "ad_mean":0.016741892561070136,
    "ad_std":0.045563611501184896,
    "wd_mean":0.0996275471085036,
    "wd_std":0.0502899789747021,
    "swd_mean":0.09183029663550048,
    "swd_std":0.05029215825385927,
    "fn_mean":35.632964515477106,
    "fn_std":3.2284534981640003,
    "epochs_input":1000,
    "epochs_output":251,
    "time":3050.1635385589907,
    "train_loss_history":[
        366440.625,
        1167.94189453125,
        824.617919921875,
        697.375244140625,
        626.2402954101562,
        570.4530639648438,
        529.8867797851562,
        499.25469970703125,
        473.04608154296875,
        451.0288391113281,
        429.2499084472656,
        411.2235412597656,
        395.9335021972656,
        382.65521240234375,
        372.3065185546875,
        362.2074279785156,
        352.96795654296875,
        344.8073425292969,
        337.4818420410156,
        330.95452880859375,
        324.7477111816406,
        317.4894104003906,
        311.7948303222656,
        305.71954345703125,
        300.03021240234375,
        294.8690185546875,
        290.2720947265625,
        285.5382995605469,
        281.9594421386719,
        277.7117004394531,
        274.1068115234375,
        269.98468017578125,
        266.9350280761719,
        263.9813232421875,
        260.6321105957031,
        257.90277099609375,
        254.0617218017578,
        251.78416442871094,
        249.29248046875,
        247.1440887451172,
        244.2474822998047,
        241.68417358398438,
        239.68348693847656,
        236.98159790039062,
        234.6302490234375,
        233.2506561279297,
        230.0004119873047,
        228.1793212890625,
        225.701904296875,
        223.99037170410156,
        222.40853881835938,
        287.5932922363281,
        227.40220642089844,
        219.97344970703125,
        216.67044067382812,
        214.53675842285156,
        213.46112060546875,
        211.90426635742188,
        210.7455596923828,
        229.87660217285156,
        441.9349365234375,
        239.82696533203125,
        226.1591339111328,
        219.06964111328125,
        215.3109130859375,
        211.70941162109375,
        209.09402465820312,
        207.41998291015625,
        205.47166442871094,
        246.25936889648438,
        209.24496459960938,
        205.03248596191406,
        202.41212463378906,
        201.46136474609375,
        200.04342651367188,
        199.31683349609375,
        198.7560577392578,
        198.5354461669922,
        461.7304992675781,
        278.1873779296875,
        225.71035766601562,
        215.6484832763672,
        567.986083984375,
        298.8780517578125,
        228.8391571044922,
        218.2223663330078,
        212.31199645996094,
        208.73179626464844,
        205.8879852294922,
        203.70574951171875,
        202.16038513183594,
        200.9875030517578,
        199.960205078125,
        198.86502075195312,
        198.59173583984375,
        197.72996520996094,
        197.24984741210938,
        196.79745483398438,
        196.04513549804688,
        195.95985412597656,
        449.5068664550781,
        227.89840698242188,
        214.11343383789062,
        208.32984924316406,
        204.8602294921875,
        202.59910583496094,
        201.04067993164062,
        200.0232391357422,
        199.04368591308594,
        198.24217224121094,
        197.6551971435547,
        197.14442443847656,
        386.71484375,
        215.68597412109375,
        207.00381469726562,
        203.2860107421875,
        201.31884765625,
        199.3925323486328,
        198.29144287109375,
        197.7763214111328,
        197.08082580566406,
        196.41094970703125,
        196.814697265625,
        195.46311950683594,
        365.4591979980469,
        216.17022705078125,
        208.39572143554688,
        204.3722686767578,
        201.78501892089844,
        200.0585174560547,
        198.89727783203125,
        198.1078643798828,
        197.7643585205078,
        196.92803955078125,
        196.49594116210938,
        196.42369079589844,
        195.9675750732422,
        195.72520446777344,
        195.40061950683594,
        194.84654235839844,
        319.730712890625,
        208.5735321044922,
        201.65199279785156,
        199.41024780273438,
        197.53070068359375,
        196.5733642578125,
        195.75665283203125,
        195.1478729248047,
        194.6903076171875,
        194.18223571777344,
        194.24966430664062,
        193.67385864257812,
        248.0150909423828,
        198.41647338867188,
        195.99429321289062,
        194.8720703125,
        195.1499786376953,
        193.9022216796875,
        231.88003540039062,
        218.44342041015625,
        198.4702911376953,
        196.18043518066406,
        194.65341186523438,
        194.2465057373047,
        193.05349731445312,
        402.75830078125,
        207.833251953125,
        200.93798828125,
        197.6239471435547,
        195.75369262695312,
        194.68138122558594,
        193.69305419921875,
        193.09161376953125,
        192.42555236816406,
        192.08555603027344,
        192.14559936523438,
        191.35592651367188,
        191.16151428222656,
        191.25112915039062,
        190.57907104492188,
        190.50889587402344,
        190.64300537109375,
        190.22439575195312,
        191.1460723876953,
        189.74771118164062,
        189.92498779296875,
        189.82505798339844,
        190.30628967285156,
        189.2628631591797,
        189.552978515625,
        189.01412963867188,
        189.70657348632812,
        188.5685272216797,
        517.3763427734375,
        236.03550720214844,
        221.23085021972656,
        214.12338256835938,
        209.25494384765625,
        206.33106994628906,
        204.1957550048828,
        202.45700073242188,
        200.84979248046875,
        199.74853515625,
        305.7911071777344,
        208.80348205566406,
        202.2058868408203,
        198.84498596191406,
        197.68069458007812,
        195.9134063720703,
        195.26597595214844,
        194.38568115234375,
        194.4113006591797,
        193.93463134765625,
        193.2955322265625,
        192.89393615722656,
        192.93984985351562,
        192.20111083984375,
        212.14187622070312,
        192.7901611328125,
        192.1278839111328,
        192.80746459960938,
        266.4320068359375,
        244.39608764648438,
        206.0619354248047,
        201.39259338378906,
        198.59629821777344,
        197.06338500976562,
        195.3140106201172,
        194.26840209960938,
        193.93246459960938,
        193.9680633544922,
        192.13499450683594,
        409.08551025390625,
        227.09414672851562,
        212.03001403808594,
        206.88223266601562,
        203.9661407470703,
        202.2987060546875,
        200.60922241210938,
        199.9191131591797,
        267.39520263671875,
        215.0632781982422,
        211.4634246826172,
        209.07000732421875,
        207.39181518554688,
        205.75917053222656,
        204.42225646972656,
        203.339111328125,
        201.96522521972656,
        200.61410522460938,
        199.51080322265625
    ],