{
    "run_n":1,
    "run_seed":0,
    "ndims":8,
    "nsamples":100000,
    "correlation":"corr",
    "nbijectors":2,
    "bijector":"MsplineN",
    "spline_knots":8,
    "range_min":-16,
    "hidden_layers":"128-128-128",
    "batch_size":512,
    "activation":"relu",
    "eps_regulariser":0,
    "regulariser":null,
    "dist_seed":0,
    "test_seed":0,
    "kl_divergence":-1,
    "ks_test_mean":0.03907473816189877,
    "ks_test_median":0.0001658264763914936,
    "ad_test_mean":0.0018410161870441905,
    "ad_test_median":0.005324854001556984,
    "Wasserstein_median":0.022522828652313642,
    "Wasserstein_mean":0.022522828652313642,
    "frob_norm":0.22388773442733512,
    "epochs_input":5,
    "epochs_output":5,
    "time":26.742159851,
    "train_loss_history":[
        10.853486061096191,
        -0.7957931160926819,
        -2.3521037101745605,
        -2.7444255352020264,
        -2.8477938175201416
    ],
    "val_loss_history":[
        -0.7120692133903503,
        -1.731140375137329,
        -2.501368522644043,
        -2.8688011169433594,
        -2.1526403427124023
    ],
    "best_train_loss":-2.7444255352020264,
    "best_val_loss":-2.8688011169433594,
    "best_epoch":3
}