{
    "run_n":6,
    "run_seed":0,
    "ndims":16,
    "nsamples":100000,
    "correlation":"corr",
    "nbijectors":5,
    "bijector":"RealNVPN",
    "spline_knots":8,
    "range_min":-16,
    "hidden_layers":"256-256-256",
    "batch_size":512,
    "activation":"relu",
    "eps_regulariser":0,
    "regulariser":null,
    "dist_seed":0,
    "test_seed":0,
    "kl_divergence":-1,
    "ks_test_mean":0.29537687001669577,
    "ks_test_median":0.3195934401618073,
    "ad_test_mean":0.1544664649594331,
    "ad_test_median":0.13121561081324823,
    "Wasserstein_median":0.0380903409698978,
    "Wasserstein_mean":0.0380903409698978,
    "frob_norm":0.2251665019558564,
    "epochs_input":1000,
    "epochs_output":82,
    "time":221.62779415771365,
    "train_loss_history":[
        22.141502380371094,
        20.58050537109375,
        20.128725051879883,
        19.9154052734375,
        19.750762939453125,
        19.602880477905273,
        19.527299880981445,
        19.443157196044922,
        19.366661071777344,
        19.30449104309082,
        19.269166946411133,
        19.20779037475586,
        19.143800735473633,
        19.115028381347656,
        19.072484970092773,
        19.021623611450195,
        18.992473602294922,
        18.950559616088867,
        18.9285831451416,
        18.911169052124023,
        18.881362915039062,
        18.842041015625,
        18.817813873291016,
        18.802587509155273,
        18.787227630615234,
        18.760099411010742,
        18.74346160888672,
        18.712270736694336,
        18.6798038482666,
        18.66142463684082,
        18.65178108215332,
        18.612314224243164,
        18.591569900512695,
        18.61011505126953,
        18.556812286376953,
        18.533079147338867,
        18.498395919799805,
        18.483903884887695,
        18.454532623291016,
        18.438758850097656,
        18.406431198120117,
        18.390077590942383,
        18.35683822631836,
        18.342784881591797,
        18.31830406188965,
        18.301597595214844,
        18.28597068786621,
        18.248273849487305,
        18.234697341918945,
        18.193716049194336,
        18.177812576293945,
        18.172391891479492,
        18.1718692779541,
        18.115751266479492,
        18.10698699951172,
        18.07533836364746,
        18.05190086364746,
        18.031539916992188,
        18.009504318237305,
        17.98188018798828,
        17.955968856811523,
        17.952871322631836,
        17.937652587890625,
        17.897138595581055,
        17.890525817871094,
        17.876583099365234,
        17.8366641998291,
        17.83353042602539,
        17.81031036376953,
        17.79606056213379,
        17.78304672241211,
        17.735370635986328,
        17.33906364440918,
        17.213619232177734,
        17.17395782470703,
        17.143877029418945,
        17.122140884399414,
        17.09868049621582,
        17.079021453857422,
        17.0611572265625,
        17.040678024291992,
        17.022438049316406
    ],
    "val_loss_history":[
        20.876556396484375,
        20.343265533447266,
        20.046640396118164,
        19.908945083618164,
        19.840717315673828,
        19.665250778198242,
        19.6232967376709,
        19.55942726135254,
        19.43973731994629,
        19.462549209594727,
        19.382896423339844,
        19.378076553344727,
        19.3170223236084,
        19.322572708129883,
        19.2987003326416,
        19.243953704833984,
        19.24099349975586,
        19.23479652404785,
        19.240758895874023,
        19.222623825073242,
        19.242721557617188,
        19.206981658935547,
        19.284149169921875,
        19.242969512939453,
        19.270803451538086,
        19.230022430419922,
        19.25531005859375,
        19.270841598510742,
        19.30837059020996,
        19.30647087097168,
        19.316858291625977,
        19.370227813720703,
        19.345993041992188,
        19.364395141601562,
        19.367189407348633,
        19.41666603088379,
        19.471284866333008,
        19.40751838684082,
        19.445133209228516,
        19.515851974487305,
        19.539278030395508,
        19.568370819091797,
        19.605642318725586,
        19.67027473449707,
        19.648578643798828,
        19.685483932495117,
        19.69099235534668,
        19.884836196899414,
        19.89578628540039,
        19.860347747802734,
        19.88983917236328,
        19.978473663330078,
        20.034576416015625,
        20.037458419799805,
        20.127235412597656,
        20.307897567749023,
        20.175193786621094,
        20.325664520263672,
        20.239595413208008,
        20.359338760375977,
        20.465129852294922,
        20.485366821289062,
        20.539531707763672,
        20.57252311706543,
        20.707258224487305,
        20.78177261352539,
        20.667057037353516,
        20.76706886291504,
        21.139318466186523,
        20.997243881225586,
        21.130138397216797,
        21.230588912963867,
        21.935718536376953,
        22.30510902404785,
        22.52170181274414,
        22.85074806213379,
        23.031038284301758,
        23.137495040893555,
        23.366252899169922,
        23.542068481445312,
        23.806262969970703,
        24.014881134033203
    ],
    "best_train_loss":18.842041015625,
    "best_val_loss":19.206981658935547,
    "best_epoch":21
}