{
    "run_n":1,
    "run_seed":0,
    "ndims":100,
    "nsamples":100000,
    "correlation":"corr",
    "nbijectors":2,
    "bijector":"MsplineN",
    "spline_knots":12,
    "range_min":-16,
    "hidden_layers":"128-128-128",
    "batch_size":512,
    "activation":"relu",
    "eps_regulariser":0,
    "regulariser":null,
    "dist_seed":0,
    "test_seed":0,
    "ks_mean":0.3395750042341377,
    "ks_std":0.27718082981995795,
    "ad_mean":0.17214649748431968,
    "ad_std":0.09303026616996375,
    "wd_mean":0.040062422689911406,
    "wd_std":0.022126476518514442,
    "swd_mean":0.04060235892042692,
    "swd_std":0.02429770428580689,
    "fn_mean":1.2592201785881998,
    "fn_std":0.36908958025095956,
    "epochs_input":1000,
    "epochs_output":258,
    "time":1582.989199580159,
    "train_loss_history":[
        224.28009033203125,
        59.07676315307617,
        51.4010124206543,
        48.54316711425781,
        47.08637237548828,
        45.77814483642578,
        45.00246810913086,
        44.18172836303711,
        43.43467330932617,
        43.33461380004883,
        43.08784866333008,
        42.85707092285156,
        42.80186462402344,
        42.338768005371094,
        42.315250396728516,
        42.33185958862305,
        41.926937103271484,
        42.05704116821289,
        42.05577087402344,
        41.80027389526367,
        41.611793518066406,
        41.52962875366211,
        41.49461364746094,
        41.526363372802734,
        41.3404655456543,
        41.30815887451172,
        41.345298767089844,
        41.32999038696289,
        41.30144119262695,
        41.23273468017578,
        41.186954498291016,
        41.16904067993164,
        41.19652557373047,
        41.14397430419922,
        41.13329315185547,
        41.01643753051758,
        41.03533172607422,
        41.0205078125,
        40.91316604614258,
        41.00888442993164,
        40.970760345458984,
        40.98176956176758,
        40.93480682373047,
        40.92617416381836,
        40.8862419128418,
        40.92988967895508,
        40.8132438659668,
        40.83537292480469,
        40.898902893066406,
        40.94785690307617,
        40.862064361572266,
        40.877960205078125,
        40.788578033447266,
        40.76720428466797,
        40.7711181640625,
        40.71629333496094,
        40.763572692871094,
        40.7026481628418,
        40.70736312866211,
        40.610328674316406,
        40.72450637817383,
        40.658355712890625,
        40.715248107910156,
        40.745155334472656,
        40.63936233520508,
        40.64159393310547,
        40.733482360839844,
        40.64288330078125,
        40.617523193359375,
        40.59347915649414,
        40.75166702270508,
        40.58953094482422,
        40.6229248046875,
        40.58254623413086,
        40.60182189941406,
        40.66975402832031,
        40.96052932739258,
        40.555809020996094,
        40.540748596191406,
        40.57903289794922,
        40.59366226196289,
        40.57490921020508,
        40.52044677734375,
        40.5235481262207,
        40.57353210449219,
        40.585811614990234,
        40.60508728027344,
        40.487098693847656,
        40.51292037963867,
        40.45287322998047,
        40.68137741088867,
        40.48741149902344,
        40.5115852355957,
        40.507568359375,
        40.45071029663086,
        40.54094314575195,
        40.45744705200195,
        40.515804290771484,
        40.926239013671875,
        40.48804473876953,
        40.426021575927734,
        40.4012565612793,
        40.386077880859375,
        40.42924499511719,
        40.43882751464844,
        40.40202331542969,
        40.4295768737793,
        40.45317459106445,
        40.400962829589844,
        40.378265380859375,
        40.50993347167969,
        40.45225524902344,
        40.403751373291016,
        40.40232467651367,
        40.4185905456543,
        40.51293182373047,
        40.417762756347656,
        40.38344192504883,
        40.39289474487305,
        40.415618896484375,
        40.3475456237793,
        40.36369705200195,
        40.3853645324707,
        40.36628723144531,
        40.40328598022461,
        40.40460968017578,
        40.577884674072266,
        40.341312408447266,
        40.33064270019531,
        40.29052734375,
        40.329551696777344,
        40.301937103271484,
        40.31283187866211,
        40.30069351196289,
        40.47445297241211,
        40.259586334228516,
        40.283836364746094,
        40.33789825439453,
        40.30510711669922,
        40.253868103027344,
        40.259056091308594,
        40.25525665283203,
        40.26873016357422,
        40.28851318359375,
        40.53239059448242,
        40.26982498168945,
        40.21788024902344,
        40.277400970458984,
        40.331825256347656,
        40.255775451660156,
        40.3893928527832,
        40.36922073364258,
        40.221527099609375,
        40.2755241394043,
        40.197532653808594,
        40.23826217651367,
        40.23134231567383,
        40.2619743347168,
        40.309410095214844,
        40.22678756713867,
        40.18534851074219,
        40.19283676147461,
        40.27937698364258,
        40.241737365722656,
        40.18248748779297,
        40.268463134765625,
        40.16972732543945,
        40.226707458496094,
        40.16825485229492,
        40.475826263427734,
        40.18060302734375,
        40.19437026977539,
        40.195396423339844,
        40.168701171875,
        40.18129348754883,
        40.19894027709961,
        40.153934478759766,
        40.2064208984375,
        40.21229934692383,
        40.12607955932617,
        40.17562484741211,
        40.1182861328125,
        40.82328414916992,
        40.197845458984375,
        40.23363494873047,
        40.14775085449219,
        40.107486724853516,
        40.16413116455078,
        40.14288330078125,
        40.14412307739258,
        40.129058837890625,
        40.11319351196289,
        40.21035385131836,
        40.14385986328125,
        40.16692352294922,
        40.11880874633789,
        39.744667053222656,
        39.715049743652344,
        39.715999603271484,
        39.725521087646484,
        39.71779251098633,
        39.72251510620117,
        39.71736145019531,
        39.72519302368164,
        39.7047004699707,
        39.71576690673828,
        39.715572357177734,
        39.713279724121094,
        39.718658447265625,
        39.72616195678711,
        39.71603012084961,
        39.719451904296875,
        39.72090530395508,
        39.720149993896484,
        39.72209167480469,
        39.710121154785156,
        39.70945358276367,
        39.71099090576172,
        39.707054138183594,
        39.70148468017578,
        39.71546173095703,
        39.70522689819336,
        39.700294494628906,
        39.70356750488281,
        39.71956253051758,
        39.698875427246094,
        39.70956802368164,
        39.702022552490234,
        39.69630813598633,
        39.697513580322266,
        39.71030807495117,
        39.70132064819336,
        39.709503173828125,
        39.68780517578125,
        39.68199157714844,
        39.71643829345703,
        39.69303512573242,
        39.69581985473633,
        39.69797134399414,
        39.69112777709961,
        39.69587326049805,
        39.6876106262207,
        39.67795944213867,
        39.680023193359375,
        39.68267059326172,
        39.772613525390625,
        39.68937683105469,
        39.68840026855469,
        39.59605026245117,
        39.58663558959961,
        39.584136962890625,
        39.58320999145508,
        39.58403396606445,
        39.58298110961914,
        39.58403396606445,
        39.58401107788086,
        39.582637786865234,
        39.58277893066406
    ],