{
    "run_n":8,
    "run_seed":0,
    "ndims":16,
    "nsamples":100000,
    "correlation":"corr",
    "nbijectors":2,
    "bijector":"MsplineN",
    "spline_knots":12,
    "range_min":-5,
    "hidden_layers":"256-256-256",
    "batch_size":512,
    "activation":"relu",
    "eps_regulariser":0,
    "regulariser":null,
    "dist_seed":0,
    "test_seed":0,
    "kl_divergence":-1,
    "ks_test_mean":0.40911760782113904,
    "ks_test_median":0.43723709811407296,
    "ad_test_mean":0.1935123732472167,
    "ad_test_median":0.18417929391351986,
    "Wasserstein_median":0.036347864815592754,
    "Wasserstein_mean":0.036347864815592754,
    "frob_norm":0.12316409063806205,
    "epochs_input":1000,
    "epochs_output":72,
    "time":392.4000569526106,
    "train_loss_history":[
        21.181049346923828,
        18.613428115844727,
        18.50828742980957,
        18.49945640563965,
        18.46808624267578,
        18.453977584838867,
        18.42351531982422,
        18.41925621032715,
        18.402921676635742,
        18.397785186767578,
        18.405113220214844,
        18.383317947387695,
        18.38389015197754,
        18.37350082397461,
        18.373659133911133,
        18.36795997619629,
        18.359567642211914,
        18.354127883911133,
        18.331722259521484,
        18.321260452270508,
        18.328350067138672,
        18.306774139404297,
        18.298362731933594,
        18.29876708984375,
        18.28273582458496,
        18.273914337158203,
        18.2569580078125,
        18.263628005981445,
        18.243459701538086,
        18.242158889770508,
        18.232158660888672,
        18.222909927368164,
        18.207515716552734,
        18.200124740600586,
        18.187955856323242,
        18.171886444091797,
        18.16266441345215,
        18.15061378479004,
        18.138065338134766,
        18.114349365234375,
        18.120023727416992,
        18.11246681213379,
        18.0964412689209,
        18.081745147705078,
        18.065534591674805,
        18.0618896484375,
        18.059246063232422,
        18.038991928100586,
        18.03582763671875,
        18.02178192138672,
        18.01845359802246,
        17.993602752685547,
        17.988309860229492,
        17.975988388061523,
        17.971731185913086,
        17.95464515686035,
        17.941816329956055,
        17.932798385620117,
        17.925384521484375,
        17.915475845336914,
        17.904359817504883,
        17.895721435546875,
        17.75946617126465,
        17.724340438842773,
        17.711231231689453,
        17.700958251953125,
        17.69691276550293,
        17.688716888427734,
        17.680217742919922,
        17.67684555053711,
        17.66934585571289,
        17.663482666015625
    ],
    "val_loss_history":[
        18.824132919311523,
        18.572309494018555,
        18.58236312866211,
        18.50336456298828,
        18.471891403198242,
        18.537248611450195,
        18.47696876525879,
        18.451831817626953,
        18.4580078125,
        18.429996490478516,
        18.453401565551758,
        18.4217472076416,
        18.439437866210938,
        18.495853424072266,
        18.492599487304688,
        18.496719360351562,
        18.456605911254883,
        18.451318740844727,
        18.426477432250977,
        18.439252853393555,
        18.442386627197266,
        18.432771682739258,
        18.445241928100586,
        18.51589012145996,
        18.512325286865234,
        18.537450790405273,
        18.487960815429688,
        18.478721618652344,
        18.56243133544922,
        18.489315032958984,
        18.51702117919922,
        18.527721405029297,
        18.563562393188477,
        18.54588508605957,
        18.546894073486328,
        18.57044219970703,
        18.630861282348633,
        18.590099334716797,
        18.573909759521484,
        18.62298583984375,
        18.601472854614258,
        18.640295028686523,
        18.620267868041992,
        18.65794563293457,
        18.669727325439453,
        18.711301803588867,
        18.702245712280273,
        18.703174591064453,
        18.67681121826172,
        18.729860305786133,
        18.781673431396484,
        18.778297424316406,
        18.743568420410156,
        18.761892318725586,
        18.786935806274414,
        18.80608558654785,
        18.793458938598633,
        18.816926956176758,
        18.818082809448242,
        18.849872589111328,
        18.871858596801758,
        18.810596466064453,
        18.93281364440918,
        18.990169525146484,
        19.014524459838867,
        19.021602630615234,
        19.048067092895508,
        19.099327087402344,
        19.08756446838379,
        19.11719512939453,
        19.122066497802734,
        19.13834571838379
    ],
    "best_train_loss":18.383317947387695,
    "best_val_loss":18.4217472076416,
    "best_epoch":11
}