{
    "run_n":30,
    "run_seed":0,
    "ndims":400,
    "nsamples":100000,
    "correlation":"corr",
    "nbijectors":5,
    "bijector":"MAFN",
    "spline_knots":8,
    "range_min":-5,
    "hidden_layers":"256-256-256",
    "batch_size":512,
    "activation":"relu",
    "eps_regulariser":0,
    "regulariser":null,
    "dist_seed":0,
    "test_seed":0,
    "kl_divergence":-1,
    "ks_test_mean":0.02339663273659542,
    "ks_test_median":1.915379306966705e-07,
    "ad_test_mean":0.0010000000000000002,
    "ad_test_median":0.012271511226414874,
    "Wasserstein_median":0.38226945630042103,
    "Wasserstein_mean":0.38226945630042103,
    "frob_norm":39.99400283605147,
    "epochs_input":1000,
    "epochs_output":33,
    "time":93.24427003506571,
    "train_loss_history":[
        797.4323120117188,
        273.9896545410156,
        249.4178924560547,
        234.73321533203125,
        222.4798583984375,
        223.21803283691406,
        215.76380920410156,
        222.47433471679688,
        217.533935546875,
        206.7583770751953,
        204.3576202392578,
        208.30572509765625,
        207.5370635986328,
        213.58949279785156,
        202.0270233154297,
        207.1667022705078,
        199.5079345703125,
        200.33120727539062,
        204.06216430664062,
        198.570556640625,
        246.8905487060547,
        204.8928680419922,
        200.60009765625,
        199.5004119873047,
        199.20425415039062,
        199.32852172851562,
        196.20265197753906,
        196.13900756835938,
        199.70687866210938,
        197.39707946777344,
        195.74642944335938,
        197.4239501953125,
        Infinity
    ],
    "val_loss_history":[
        291.23992919921875,
        251.53836059570312,
        245.27334594726562,
        222.51954650878906,
        227.90432739257812,
        220.97743225097656,
        225.44284057617188,
        257.2149353027344,
        210.41238403320312,
        210.37283325195312,
        200.12042236328125,
        200.9842529296875,
        202.54116821289062,
        204.8711700439453,
        236.9400177001953,
        202.21958923339844,
        211.8940887451172,
        194.98651123046875,
        198.00991821289062,
        202.10325622558594,
        204.07928466796875,
        205.3074188232422,
        203.8636016845703,
        204.44664001464844,
        203.81271362304688,
        196.32603454589844,
        195.897705078125,
        205.20144653320312,
        202.34451293945312,
        196.10107421875,
        196.30282592773438,
        201.60348510742188,
        NaN
    ],
    "best_train_loss":[],
    "best_val_loss":NaN,
    "best_epoch":[]
}