{
    "run_n": 11,
    "run_seed": 0,
    "ndims": 16,
    "nsamples": 100000,
    "correlation": "corr",
    "nbijectors": 10,
    "bijector": "MAFN",
    "spline_knots": 8,
    "range_min": -5,
    "hidden_layers": "128-128-128",
    "batch_size": 512,
    "activation": "relu",
    "eps_regulariser": 0,
    "regulariser": null,
    "dist_seed": 0,
    "test_seed": 0,
    "kl_divergence": -1,
    "ks_test_mean": 0.19624464205037895,
    "ks_test_median": 0.1962757655623574,
    "ad_test_mean": 0.1452712296534358,
    "ad_test_median": 0.12441123519081759,
    "Wasserstein_median": 0.06731120600739926,
    "Wasserstein_mean": 0.06731120600739926,
    "frob_norm": 0.1642786266541168,
    "epochs_input": 1000,
    "epochs_output": 319,
    "time": 1475.1015325989574,
    "train_loss_history": [
        73.51058197021484,
        30.347917556762695,
        28.553380966186523,
        27.717567443847656,
        27.178430557250977,
        26.906044006347656,
        26.438167572021484,
        26.156543731689453,
        25.975168228149414,
        25.605195999145508,
        25.378482818603516,
        25.17253303527832,
        24.93116569519043,
        24.674604415893555,
        24.481836318969727,
        24.291767120361328,
        24.13230323791504,
        24.002437591552734,
        23.84246063232422,
        23.703439712524414,
        23.706022262573242,
        23.409774780273438,
        23.41111183166504,
        23.25065803527832,
        23.243297576904297,
        23.159467697143555,
        23.031335830688477,
        23.42095375061035,
        23.15251922607422,
        23.162601470947266,
        22.721817016601562,
        22.66841697692871,
        22.538362503051758,
        22.38995933532715,
        22.555376052856445,
        22.264070510864258,
        22.27802848815918,
        22.179365158081055,
        22.069351196289062,
        22.135976791381836,
        21.974246978759766,
        21.96906280517578,
        21.7401065826416,
        21.954280853271484,
        21.744291305541992,
        21.62362289428711,
        22.095314025878906,
        21.537179946899414,
        21.657363891601562,
        22.147178649902344,
        21.464113235473633,
        21.585508346557617,
        21.819095611572266,
        21.179508209228516,
        21.191326141357422,
        21.455455780029297,
        21.216693878173828,
        22.062633514404297,
        22.02972412109375,
        21.5638484954834,
        21.23873519897461,
        21.104154586791992,
        20.976531982421875,
        20.87529754638672,
        20.94283676147461,
        21.029891967773438,
        20.678268432617188,
        20.646760940551758,
        20.91107749938965,
        20.529088973999023,
        20.39824676513672,
        20.356523513793945,
        20.42854118347168,
        20.710647583007812,
        20.377506256103516,
        20.222015380859375,
        20.123855590820312,
        20.23183822631836,
        20.033084869384766,
        20.122188568115234,
        19.929655075073242,
        20.20883560180664,
        19.807029724121094,
        19.82791519165039,
        19.922529220581055,
        19.714855194091797,
        19.712167739868164,
        19.648046493530273,
        19.6497745513916,
        19.560630798339844,
        19.519498825073242,
        19.495248794555664,
        19.43619728088379,
        19.45536231994629,
        19.416749954223633,
        19.321107864379883,
        19.432912826538086,
        19.316938400268555,
        19.34037208557129,
        19.26603126525879,
        19.242473602294922,
        19.200185775756836,
        19.257564544677734,
        19.15928840637207,
        19.138458251953125,
        19.143701553344727,
        19.13678741455078,
        19.132658004760742,
        19.040618896484375,
        18.99495506286621,
        19.019075393676758,
        18.970640182495117,
        18.96331214904785,
        18.977149963378906,
        18.88555145263672,
        18.969482421875,
        18.868043899536133,
        18.880144119262695,
        18.946983337402344,
        18.81215476989746,
        18.765642166137695,
        18.828388214111328,
        18.92317771911621,
        18.819225311279297,
        18.72439193725586,
        18.73508071899414,
        18.736162185668945,
        18.752243041992188,
        18.69538688659668,
        18.754749298095703,
        18.771265029907227,
        18.726186752319336,
        18.725648880004883,
        18.666566848754883,
        18.676847457885742,
        18.609939575195312,
        18.702075958251953,
        18.60916519165039,
        18.584012985229492,
        18.60561752319336,
        18.60295867919922,
        18.585206985473633,
        18.5147705078125,
        18.55583953857422,
        18.5811767578125,
        18.509111404418945,
        18.532867431640625,
        18.59512710571289,
        18.5395450592041,
        18.468799591064453,
        18.456750869750977,
        18.46629524230957,
        18.607894897460938,
        18.54629135131836,
        18.37342071533203,
        18.4845027923584,
        18.378267288208008,
        18.471025466918945,
        18.361276626586914,
        18.445831298828125,
        18.37993621826172,
        18.429113388061523,
        18.426305770874023,
        18.360519409179688,
        18.402992248535156,
        18.40635871887207,
        18.33619499206543,
        18.537771224975586,
        18.33420181274414,
        18.29231834411621,
        18.354747772216797,
        18.341344833374023,
        18.304445266723633,
        18.25476837158203,
        18.398115158081055,
        18.326641082763672,
        18.37765121459961,
        18.245241165161133,
        18.28474998474121,
        18.235713958740234,
        18.280017852783203,
        18.214963912963867,
        18.208843231201172,
        18.348188400268555,
        18.293624877929688,
        18.21242332458496,
        18.303909301757812,
        18.238054275512695,
        18.237571716308594,
        18.266910552978516,
        18.137592315673828,
        18.278871536254883,
        18.128833770751953,
        18.131242752075195,
        18.188486099243164,
        18.38360023498535,
        18.143295288085938,
        18.139863967895508,
        18.172630310058594,
        18.12744140625,
        18.132787704467773,
        18.051631927490234,
        18.203432083129883,
        18.497804641723633,
        18.04603385925293,
        18.095304489135742,
        18.153318405151367,
        18.090456008911133,
        18.09406852722168,
        19.614282608032227,
        21.302663803100586,
        19.74932289123535,
        19.351781845092773,
        19.2856502532959,
        19.033971786499023,
        18.923099517822266,
        18.81678009033203,
        18.77250862121582,
        18.738332748413086,
        18.657001495361328,
        18.572229385375977,
        18.551013946533203,
        18.574016571044922,
        18.502790451049805,
        18.47028160095215,
        18.50324249267578,
        18.408008575439453,
        18.382108688354492,
        18.363725662231445,
        18.352882385253906,
        18.377931594848633,
        18.28028678894043,
        18.32546043395996,
        18.367456436157227,
        18.410676956176758,
        18.283119201660156,
        18.229578018188477,
        18.232316970825195,
        18.220115661621094,
        18.28829574584961,
        18.27706527709961,
        18.319679260253906,
        18.182693481445312,
        18.177946090698242,
        18.13288688659668,
        18.160551071166992,
        18.141984939575195,
        18.254899978637695,
        18.192432403564453,
        18.141340255737305,
        18.0556640625,
        18.076772689819336,
        18.192583084106445,
        18.099905014038086,
        18.148344039916992,
        18.113801956176758,
        17.652788162231445,
        17.587068557739258,
        17.579547882080078,
        17.575634002685547,
