{
    "run_n":2,
    "run_seed":187,
    "ndims":8,
    "nsamples":100000,
    "correlation":"corr",
    "nbijectors":5,
    "bijector":"RealNVPN",
    "spline_knots":8,
    "range_min":-5,
    "hidden_layers":"128-128-128",
    "batch_size":256,
    "activation":"relu",
    "eps_regulariser":0,
    "regulariser":null,
    "dist_seed":0,
    "test_seed":0,
    "ks_mean":0.04950708674523803,
    "ks_std":0.12799956473635787,
    "ad_mean":0.04423847537167611,
    "ad_std":0.06896255760714977,
    "wd_mean":0.0780333467862139,
    "wd_std":0.023319828603578646,
    "swd_mean":0.07703342972221922,
    "swd_std":0.029511523374797257,
    "fn_mean":0.1489587951865378,
    "fn_std":0.01614528300373845,
    "epochs_input":1000,
    "epochs_output":300,
    "time":2339.6843696190044,
    "train_loss_history":[
        17.61855125427246,
        10.766761779785156,
        9.886862754821777,
        9.52382755279541,
        9.22110366821289,
        9.054130554199219,
        8.915671348571777,
        8.738604545593262,
        8.58938980102539,
        8.543910026550293,
        8.396761894226074,
        8.282331466674805,
        8.25948429107666,
        8.277379035949707,
        8.210000991821289,
        8.093460083007812,
        8.046805381774902,
        8.0292329788208,
        8.00995922088623,
        8.057406425476074,
        7.916708946228027,
        7.997888565063477,
        7.844446659088135,
        7.88701057434082,
        7.862926959991455,
        7.791855335235596,
        7.794365406036377,
        7.755751609802246,
        7.685830593109131,
        7.667246341705322,
        7.750795364379883,
        7.706074237823486,
        7.800114154815674,
        7.608581066131592,
        7.642569541931152,
        7.684324264526367,
        7.762629508972168,
        7.597499847412109,
        7.606695652008057,
        7.558707237243652,
        7.593147277832031,
        7.4981865882873535,
        7.53670072555542,
        7.838550090789795,
        7.499990940093994,
        7.555774211883545,
        7.524229526519775,
        7.843382835388184,
        7.505159854888916,
        7.463652610778809,
        7.487482070922852,
        7.47179651260376,
        7.594720363616943,
        7.506979465484619,
        7.404544353485107,
        7.374199390411377,
        7.397468566894531,
        7.440852165222168,
        7.3980488777160645,
        7.399138927459717,
        7.340300559997559,
        7.572108745574951,
        7.799999237060547,
        7.646215915679932,
        7.599585056304932,
        7.467218399047852,
        7.415590286254883,
        7.34393835067749,
        7.399600982666016,
        7.351352214813232,
        7.529596328735352,
        7.318728923797607,
        7.307708263397217,
        7.286661624908447,
        7.42953634262085,
        7.304001808166504,
        7.218957901000977,
        7.352617263793945,
        7.235135078430176,
        7.359780788421631,
        7.215893745422363,
        7.328941345214844,
        7.236954689025879,
        7.3495402336120605,
        7.52955436706543,
        7.452887535095215,
        7.2825775146484375,
        7.342188835144043,
        7.249666690826416,
        7.399738311767578,
        7.2232890129089355,
        7.165319442749023,
        7.199261665344238,
        7.205296039581299,
        7.211791515350342,
        7.213604927062988,
        7.17581033706665,
        7.222985744476318,
        7.214247226715088,
        7.234902858734131,
        7.118998050689697,
        7.122854232788086,
        7.143697738647461,
        7.346167087554932,
        7.073305606842041,
        7.102206707000732,
        7.238045692443848,
        7.078296661376953,
        7.084197998046875,
        7.20235538482666,
        7.228420257568359,
        7.10007381439209,
        7.062557697296143,
        7.086002349853516,
        7.09132194519043,
        7.124934196472168,
        7.1761860847473145,
        7.135541915893555,
        7.092861652374268,
        7.1386189460754395,
        7.133720397949219,
        7.0249810218811035,
        7.018413543701172,
        7.003931999206543,
        7.0427327156066895,
        7.026553153991699,
        7.081646919250488,
        7.879581928253174,
        7.312586307525635,
        7.152595520019531,
        7.144768714904785,
        7.205126762390137,
        7.0984392166137695,
        7.0541791915893555,
        7.038304805755615,
        7.066490173339844,
        7.114314079284668,
        7.042123794555664,
        7.110106945037842,
        7.101903915405273,
        7.1259870529174805,
        7.0190935134887695,
        7.020269870758057,
        7.339763641357422,
        7.111372470855713,
        7.075503349304199,
        7.061692237854004,
        7.034407138824463,
        6.983069896697998,
        6.977626323699951,
        7.017770767211914,
        7.120122909545898,
        6.993585109710693,
        7.059455871582031,
        6.989019393920898,
        6.966476917266846,
        6.995963096618652,
        6.940126419067383,
        7.019911289215088,
        7.089728355407715,
        6.916443824768066,
        6.957024097442627,
        6.9940409660339355,
        7.491277694702148,
        7.132174968719482,
        6.998976230621338,
        7.085816383361816,
        6.911315441131592,
        6.95228910446167,
        6.952539443969727,
        7.057297706604004,
        6.911124229431152,
        7.101952075958252,
        6.913248538970947,
        7.104168891906738,
        6.911762237548828,
        6.958148002624512,
        6.9864301681518555,
        7.028594970703125,
        6.988582611083984,
        6.931656837463379,
        6.971651554107666,
        6.9926300048828125,
        6.918417930603027,
        6.918783187866211,
        7.19574499130249,
        6.91119384765625,
        6.979715824127197,
        6.9572434425354,
        6.918844699859619,
        6.90549898147583,
        6.937801837921143,
        6.92812967300415,
        6.897400379180908,
        7.016541481018066,
        7.00879430770874,
        6.928707122802734,
        6.887929916381836,
        6.955259799957275,
        6.954740524291992,
        6.950509548187256,
        6.891181468963623,
        6.879233360290527,
        6.905538082122803,
        6.8892436027526855,
        6.946612358093262,
        7.070143699645996,
        7.410889148712158,
        6.948915004730225,
        6.9768266677856445,
        6.918709754943848,
        6.8522772789001465,
        6.947458744049072,
        6.852254867553711,
        7.024436950683594,
        6.9077043533325195,
        6.880947113037109,
        6.851637363433838,
        6.854930877685547,
        6.975680828094482,
        6.854877948760986,
        6.915229320526123,
        7.170355796813965,
        6.8206467628479,
        6.932322025299072,
        6.821893692016602,
        6.854459285736084,
        6.813915729522705,
        6.883342266082764,
        6.860164165496826,
        6.810241222381592,
        6.796578884124756,
        6.863903045654297,
        6.809554100036621,
        6.879161357879639,
        6.815906047821045,
        6.876374244689941,
        6.679569721221924,
        6.55924129486084,
        6.53923225402832,
        6.5281195640563965,
        6.523571491241455,
        6.527044773101807,
        6.507028579711914,
        6.511793613433838,
        6.514204025268555,
        6.509610176086426,
        6.501190185546875,
        6.497795581817627,
        6.50024938583374,
        6.483542442321777,
        6.488704681396484,
        6.48464298248291,
        6.495375633239746,
        6.4731831550598145,
        6.484397888183594,
        6.467336177825928,
        6.471837043762207,
        6.476770877838135,
        6.4807538986206055,
        6.462799549102783,
        6.476359844207764,
        6.458215236663818,
        6.4527201652526855,
        6.460953712463379,
        6.469006538391113,
