{
    "run_n":10,
    "run_seed":null,
    "ndims":100,
    "nsamples":100000,
    "correlation":"corr",
    "nbijectors":5,
    "bijector":"CsplineN",
    "spline_knots":8,
    "range_min":-16,
    "hidden_layers":"512-512-512",
    "batch_size":512,
    "activation":"relu",
    "eps_regulariser":0,
    "regulariser":null,
    "dist_seed":0,
    "test_seed":0,
    "ks_mean":0.006257281665326944,
    "ks_std":0.03974740584077227,
    "ad_mean":0.007839157037449173,
    "ad_std":0.028599944044124984,
    "wd_mean":0.12735989420449262,
    "wd_std":0.06454895443693247,
    "swd_mean":0.11925859297061299,
    "swd_std":0.06861687992076979,
    "fn_mean":3.600237266121101,
    "fn_std":0.6591624267397631,
    "epochs_input":1000,
    "epochs_output":147,
    "time":4072.497367448057,
    "train_loss_history":[
        1478.5618896484375,
        310.626708984375,
        146.49237060546875,
        103.89006042480469,
        88.31194305419922,
        80.74560546875,
        75.63314056396484,
        73.2332534790039,
        68.12174987792969,
        66.09822082519531,
        64.0031967163086,
        64.0819320678711,
        62.29265594482422,
        62.20506286621094,
        61.503700256347656,
        61.46404266357422,
        60.268672943115234,
        59.398502349853516,
        60.0214729309082,
        58.55241394042969,
        59.357662200927734,
        57.6380615234375,
        57.59872055053711,
        58.450740814208984,
        57.59574508666992,
        56.39970016479492,
        56.400177001953125,
        55.95204544067383,
        56.45100021362305,
        55.414371490478516,
        55.38119888305664,
        56.268577575683594,
        55.02555465698242,
        56.96084976196289,
        54.347476959228516,
        54.861167907714844,
        53.92851257324219,
        54.54438018798828,
        53.91239547729492,
        53.440025329589844,
        53.145423889160156,
        52.96110534667969,
        59.596309661865234,
        52.755271911621094,
        52.33256149291992,
        52.332298278808594,
        51.90489196777344,
        52.063045501708984,
        51.43830490112305,
        51.80466079711914,
        52.84576416015625,
        51.07075881958008,
        50.580970764160156,
        51.8536376953125,
        50.69792556762695,
        51.687774658203125,
        50.336151123046875,
        50.72582244873047,
        50.40715789794922,
        50.452003479003906,
        49.88094711303711,
        51.27627182006836,
        49.782630920410156,
        50.932891845703125,
        50.96218490600586,
        50.04294204711914,
        48.82971954345703,
        48.78803634643555,
        49.06367874145508,
        50.0504150390625,
        49.1552619934082,
        48.396568298339844,
        49.15863800048828,
        48.13441848754883,
        48.46445846557617,
        48.09503936767578,
        47.81654739379883,
        49.403533935546875,
        47.54593276977539,
        47.72813415527344,
        64.99989318847656,
        51.46506118774414,
        49.45627212524414,
        48.674434661865234,
        48.427764892578125,
        47.93313217163086,
        47.68730926513672,
        47.20301818847656,
        47.838253021240234,
        48.022945404052734,
        47.608585357666016,
        46.342044830322266,
        46.378013610839844,
        46.34365463256836,
        46.263729095458984,
        47.214534759521484,
        46.565773010253906,
        45.336639404296875,
        46.705562591552734,
        45.43706130981445,
        45.07484817504883,
        45.085147857666016,
        45.1121711730957,
        45.39519500732422,
        44.82687759399414,
        44.45090103149414,
        45.012107849121094,
        45.16922378540039,
        44.2714958190918,
        44.00029754638672,
        45.51974105834961,
        43.693721771240234,
        43.79509735107422,
        43.263587951660156,
        43.525020599365234,
        43.51073455810547,
        43.40675735473633,
        43.48768997192383,
        42.47480773925781,
        42.83418273925781,
        44.20177459716797,
        43.0315055847168,
        42.782135009765625,
        42.19578552246094,
        42.32093811035156,
        41.86547088623047,
        42.229148864746094,
        41.834957122802734,
        41.75439453125,
        41.36893844604492,
        41.226078033447266,
        41.43495559692383,
        41.6319580078125,
        41.380401611328125,
        40.90828323364258,
        40.70912551879883,
        40.85039520263672,
        36.97080612182617,
        36.19711685180664,
        35.95281982421875,
        35.74552536010742,
        35.520992279052734,
        35.62234115600586,
        35.324710845947266,
        35.10049819946289,
        34.98613357543945,
        34.927005767822266
    ],