{
    "run_n":1,
    "run_seed":0,
    "ndims":8,
    "nsamples":100000,
    "correlation":"corr",
    "nbijectors":2,
    "bijector":"MAFN",
    "spline_knots":8,
    "range_min":-16,
    "hidden_layers":"128-128-128",
    "batch_size":512,
    "activation":"relu",
    "eps_regulariser":0,
    "regulariser":null,
    "dist_seed":0,
    "test_seed":0,
    "kl_divergence":-1,
    "ks_test_mean":0.020668994281204875,
    "ks_test_median":1.655715335075157e-09,
    "ad_test_mean":0.0010000000000000002,
    "ad_test_median":0.002527798210821852,
    "Wasserstein_median":0.04379639189331312,
    "Wasserstein_mean":0.04379639189331312,
    "frob_norm":0.6748400573584393,
    "epochs_input":10,
    "epochs_output":10,
    "time":11.795704429,
    "train_loss_history":[
        28.409400939941406,
        6.353166103363037,
        0.28217050433158875,
        -2.07340931892395,
        -2.4739081859588623,
        -2.7166757583618164,
        -2.787874937057495,
        -2.8353381156921387,
        -2.889782667160034,
        -2.878880500793457
    ],
    "val_loss_history":[
        9.236137390136719,
        3.366792678833008,
        -1.860074758529663,
        -2.1690332889556885,
        -2.6691219806671143,
        -2.8268179893493652,
        -2.87004017829895,
        -2.8243765830993652,
        -2.7335257530212402,
        -2.7968661785125732
    ],
    "best_train_loss":-2.787874937057495,
    "best_val_loss":-2.87004017829895,
    "best_epoch":6
}