{
    "run_n":6,
    "run_seed":541,
    "ndims":400,
    "nsamples":100000,
    "correlation":"corr",
    "nbijectors":10,
    "bijector":"RealNVPN",
    "spline_knots":8,
    "range_min":-5,
    "hidden_layers":"256-256-256",
    "batch_size":256,
    "activation":"relu",
    "eps_regulariser":0,
    "regulariser":null,
    "dist_seed":0,
    "test_seed":0,
    "kl_divergence":-1,
    "ks_test_mean":0.19898867487550992,
    "ks_test_median":0.1725926233180436,
    "ad_test_mean":0.10053663210101285,
    "ad_test_median":0.10115164111294885,
    "Wasserstein_median":0.10536678932673257,
    "Wasserstein_mean":0.10536678932673257,
    "frob_norm":36.465772914262594,
    "epochs_input":1000,
    "epochs_output":190,
    "time":2028.938384807203,
    "train_loss_history":[
        523861.09375,
        637.3772583007812,
        484.1579284667969,
        421.05316162109375,
        385.23211669921875,
        361.3650817871094,
        343.5436096191406,
        330.65191650390625,
        319.88702392578125,
        310.53515625,
        303.3294982910156,
        296.1188659667969,
        290.0567321777344,
        284.6664123535156,
        279.5396423339844,
        275.4767150878906,
        272.015869140625,
        268.2575988769531,
        264.7908935546875,
        261.7621154785156,
        258.6046142578125,
        256.13885498046875,
        253.61485290527344,
        251.07717895507812,
        248.67428588867188,
        246.28863525390625,
        244.555908203125,
        242.24874877929688,
        240.08934020996094,
        238.30215454101562,
        236.67864990234375,
        235.21180725097656,
        233.3903045654297,
        231.59312438964844,
        230.1706085205078,
        228.80621337890625,
        227.12173461914062,
        225.78445434570312,
        224.4547882080078,
        223.35411071777344,
        221.88290405273438,
        220.56594848632812,
        219.72108459472656,
        218.41384887695312,
        217.32785034179688,
        216.5729217529297,
        214.75669860839844,
        15024.646484375,
        382.2593078613281,
        318.8376159667969,
        292.3318176269531,
        276.88421630859375,
        265.3039245605469,
        257.1479797363281,
        250.2698516845703,
        244.61366271972656,
        240.56137084960938,
        236.8032684326172,
        233.37042236328125,
        230.47149658203125,
        227.78724670410156,
        225.54310607910156,
        223.6699676513672,
        221.9344024658203,
        220.33389282226562,
        218.54782104492188,
        361.542724609375,
        268.32025146484375,
        232.8313446044922,
        224.01039123535156,
        219.4120330810547,
        216.48187255859375,
        214.11814880371094,
        213.07106018066406,
        211.3599395751953,
        210.19808959960938,
        209.5019989013672,
        208.23663330078125,
        209.03880310058594,
        206.34613037109375,
        206.85609436035156,
        205.79852294921875,
        205.3355712890625,
        204.2294158935547,
        366.1875,
        217.12925720214844,
        209.9636688232422,
        206.54672241210938,
        203.80360412597656,
        202.63375854492188,
        201.71682739257812,
        200.6482696533203,
        200.50320434570312,
        200.0281982421875,
        199.0951385498047,
        198.52540588378906,
        199.11790466308594,
        198.46275329589844,
        8914.62109375,
        245.109375,
        225.1452178955078,
        217.6457061767578,
        213.5194549560547,
        210.6822052001953,
        209.11166381835938,
        206.96705627441406,
        205.98794555664062,
        205.10108947753906,
        203.4364013671875,
        202.61996459960938,
        494.29730224609375,
        228.10365295410156,
        216.07925415039062,
        210.78514099121094,
        207.5857391357422,
        205.82823181152344,
        204.15655517578125,
        203.74964904785156,
        202.23106384277344,
        201.45555114746094,
        201.37225341796875,
        200.25997924804688,
        200.3467254638672,
        199.79705810546875,
        199.78610229492188,
        199.01388549804688,
        199.7814483642578,
        198.48419189453125,
        202.2959747314453,
        198.40452575683594,
        1978.2703857421875,
        355.7126159667969,
        269.4560241699219,
        258.37640380859375,
        248.21063232421875,
        236.7363739013672,
        282.0922546386719,
        234.05406188964844,
        225.4480743408203,
        220.43756103515625,
        218.9307098388672,
        81732.3828125,
        840.8162231445312,
        673.3978881835938,
        424.42486572265625,
        347.6510314941406,
        320.2709045410156,
        914.7442016601562,
        743.8576049804688,
        568.18310546875,
        507.1544494628906,
        466.1027526855469,
        437.5840759277344,
        767.5050048828125,
        428.4985656738281,
        396.2705993652344,
        353.8002624511719,
        292.0965576171875,
        271.4857177734375,
        259.6063537597656,
        253.05380249023438,
        249.85191345214844,
        245.84954833984375,
        244.1909942626953,
        241.6187744140625,
        240.09474182128906,
        347.80352783203125,
        268.6266784667969,
        249.35711669921875,
        242.19322204589844,
        241.87625122070312,
        236.31283569335938,
        237.97027587890625,
        232.18267822265625,
        231.80551147460938,
        230.07748413085938,
        229.76072692871094,
        226.53216552734375,
        614.3002319335938,
        292.7914733886719,
        256.5423889160156,
        250.58351135253906,
        245.88417053222656,
        241.95262145996094,
        238.5183563232422,
        235.4313507080078,
        232.89694213867188,
        230.4248046875,
        228.7904510498047,
        226.83987426757812
    ],