{
    "run_n":45,
    "run_seed":0,
    "ndims":32,
    "nsamples":100000,
    "correlation":"corr",
    "nbijectors":10,
    "bijector":"CsplineN",
    "spline_knots":8,
    "range_min":-16,
    "hidden_layers":"512-512-512",
    "batch_size":512,
    "activation":"relu",
    "eps_regulariser":0,
    "regulariser":null,
    "dist_seed":0,
    "test_seed":0,
    "kl_divergence":-1,
    "ks_test_mean":0.17964691729003943,
    "ks_test_median":0.17758410296873128,
    "ad_test_mean":0.11809486472078728,
    "ad_test_median":0.10591956042323827,
    "Wasserstein_median":0.08721287706356809,
    "Wasserstein_mean":0.08721287706356809,
    "frob_norm":0.29339667949882786,
    "epochs_input":1000,
    "epochs_output":95,
    "time":4443.632172305137,
    "train_loss_history":[
        175.21144104003906,
        51.419498443603516,
        48.962860107421875,
        47.61221694946289,
        46.96166229248047,
        46.24085235595703,
        45.38132095336914,
        44.81658935546875,
        44.78823471069336,
        44.33351135253906,
        44.14448165893555,
        43.52088928222656,
        43.49151611328125,
        43.225914001464844,
        42.99822235107422,
        42.86085510253906,
        42.542484283447266,
        42.5699462890625,
        42.51311111450195,
        42.0814208984375,
        41.93505096435547,
        41.87380599975586,
        41.73042678833008,
        41.579246520996094,
        41.47151184082031,
        41.13632583618164,
        41.089542388916016,
        40.76902389526367,
        40.714420318603516,
        40.55796432495117,
        40.49686813354492,
        40.21683883666992,
        40.4310302734375,
        40.00673294067383,
        39.74669647216797,
        39.68488693237305,
        39.52050018310547,
        39.36872863769531,
        39.07648468017578,
        39.03632736206055,
        38.77991485595703,
        38.751930236816406,
        38.491111755371094,
        38.290836334228516,
        38.21406173706055,
        38.00792694091797,
        37.80842971801758,
        37.63253402709961,
        37.44811248779297,
        37.333255767822266,
        37.063907623291016,
        36.9658317565918,
        36.73329162597656,
        36.54372787475586,
        36.38206481933594,
        36.346107482910156,
        36.20978927612305,
        35.97007369995117,
        35.83628845214844,
        35.82943344116211,
        35.63532638549805,
        35.51383972167969,
        35.32426834106445,
        35.243736267089844,
        34.9930534362793,
        34.888824462890625,
        34.753562927246094,
        34.64767074584961,
        34.46426773071289,
        34.38111877441406,
        34.22373580932617,
        34.15774917602539,
        34.10052490234375,
        33.85816192626953,
        33.795448303222656,
        33.628395080566406,
        33.50984191894531,
        33.46861267089844,
        33.30475616455078,
        33.274658203125,
        32.986305236816406,
        32.919437408447266,
        32.922000885009766,
        32.70451354980469,
        32.702003479003906,
        30.16087532043457,
        28.64754295349121,
        27.948225021362305,
        27.490175247192383,
        27.142805099487305,
        26.84638786315918,
        26.610862731933594,
        26.376211166381836,
        26.121051788330078,
        25.882722854614258
    ],
    "val_loss_history":[
        53.833797454833984,
        49.86294937133789,
        49.0045280456543,
        47.49138641357422,
        46.11250686645508,
        45.747413635253906,
        45.311649322509766,
        45.21167755126953,
        46.46876907348633,
        44.19115447998047,
        43.499446868896484,
        42.9671630859375,
        43.58485412597656,
        42.813663482666016,
        43.34071731567383,
        42.95962142944336,
        44.08565139770508,
        43.3541374206543,
        43.167686462402344,
        42.7197265625,
        42.49626922607422,
        42.28943634033203,
        43.092674255371094,
        43.106590270996094,
        41.59709548950195,
        41.54376220703125,
        41.60326385498047,
        42.66676330566406,
        41.82371520996094,
        41.650569915771484,
        41.34714889526367,
        41.22940444946289,
        42.20281219482422,
        41.61869430541992,
        40.89445495605469,
        41.362274169921875,
        41.03892135620117,
        40.95331573486328,
        40.9803352355957,
        41.280696868896484,
        41.28343200683594,
        40.912296295166016,
        41.6756591796875,
        41.69215774536133,
        41.94337844848633,
        41.38895034790039,
        41.07173156738281,
        41.612266540527344,
        41.2711181640625,
        41.669307708740234,
        41.5539665222168,
        41.47755432128906,
        42.035911560058594,
        41.713233947753906,
        41.249149322509766,
        41.56245422363281,
        41.7201042175293,
        42.01625442504883,
        41.82429122924805,
        42.767234802246094,
        42.48167037963867,
        41.97666931152344,
        43.37225341796875,
        42.202327728271484,
        42.035980224609375,
        42.21033477783203,
        42.79380798339844,
        42.68846130371094,
        43.48253631591797,
        42.92595291137695,
        42.81585693359375,
        43.815643310546875,
        43.226158142089844,
        43.06354522705078,
        43.661033630371094,
        43.479103088378906,
        43.038429260253906,
        43.83729553222656,
        43.63371658325195,
        44.56810760498047,
        43.9566764831543,
        44.60713195800781,
        44.80659866333008,
        45.664024353027344,
        45.1627197265625,
        48.18848419189453,
        50.48066711425781,
        52.741798400878906,
        54.17391586303711,
        55.2208137512207,
        56.52814865112305,
        57.721866607666016,
        58.30921173095703,
        60.15798568725586,
        60.54506301879883
    ],
    "best_train_loss":39.74669647216797,
    "best_val_loss":40.89445495605469,
    "best_epoch":34
}