{
    "run_n":6,
    "run_seed":541,
    "ndims":32,
    "nsamples":100000,
    "correlation":"corr",
    "nbijectors":5,
    "bijector":"MAFN",
    "spline_knots":8,
    "range_min":-5,
    "hidden_layers":"256-256-256",
    "batch_size":512,
    "activation":"relu",
    "eps_regulariser":0,
    "regulariser":null,
    "dist_seed":0,
    "test_seed":0,
    "kl_divergence":-1,
    "ks_test_mean":0.455573243711344,
    "ks_test_median":0.4580536633332952,
    "ad_test_mean":0.20384460113257374,
    "ad_test_median":0.203310041848502,
    "Wasserstein_median":0.030713919633553216,
    "Wasserstein_mean":0.030713919633553216,
    "frob_norm":0.2673201254120221,
    "epochs_input":1000,
    "epochs_output":312,
    "time":3779.59205775,
    "train_loss_history":[
        77.24409484863281,
        27.707515716552734,
        23.14603042602539,
        21.518762588500977,
        20.888227462768555,
        20.68890380859375,
        20.051733016967773,
        20.23906707763672,
        19.608369827270508,
        19.95870590209961,
        19.70330047607422,
        19.3472900390625,
        19.22083854675293,
        19.319313049316406,
        19.16098976135254,
        19.048368453979492,
        18.913379669189453,
        19.121540069580078,
        19.078020095825195,
        18.84219741821289,
        18.913951873779297,
        18.710725784301758,
        18.648990631103516,
        18.898120880126953,
        19.143150329589844,
        18.55341911315918,
        18.557466506958008,
        18.505538940429688,
        18.60102081298828,
        18.31669044494629,
        18.51258087158203,
        18.36632537841797,
        18.268001556396484,
        18.284276962280273,
        18.13965606689453,
        18.410722732543945,
        18.153879165649414,
        18.254270553588867,
        17.970890045166016,
        18.052013397216797,
        18.2037296295166,
        17.916879653930664,
        17.876094818115234,
        17.862110137939453,
        18.83019256591797,
        17.924846649169922,
        17.954320907592773,
        17.88401222229004,
        18.077239990234375,
        17.826589584350586,
        17.787799835205078,
        17.916236877441406,
        17.859046936035156,
        17.830652236938477,
        17.796606063842773,
        18.030698776245117,
        17.791006088256836,
        17.68828582763672,
        17.775075912475586,
        17.807456970214844,
        17.824604034423828,
        17.70069122314453,
        17.83637046813965,
        17.870864868164062,
        17.84291648864746,
        17.62977409362793,
        17.897079467773438,
        18.139020919799805,
        17.763330459594727,
        17.82546615600586,
        17.62603759765625,
        17.520732879638672,
        17.584440231323242,
        17.851428985595703,
        17.821025848388672,
        17.666259765625,
        17.67336082458496,
        17.636550903320312,
        17.748455047607422,
        17.71875,
        17.607301712036133,
        17.44734001159668,
        17.812856674194336,
        17.542190551757812,
        17.67407989501953,
        17.574705123901367,
        17.460805892944336,
        17.908985137939453,
        17.50832176208496,
        17.317834854125977,
        17.7283878326416,
        17.50501823425293,
        17.466434478759766,
        17.454200744628906,
        17.524803161621094,
        17.436315536499023,
        17.25778579711914,
        17.538124084472656,
        17.303958892822266,
        17.574735641479492,
        17.35087013244629,
        17.393802642822266,
        17.334897994995117,
        17.39487075805664,
        17.33414077758789,
        17.305749893188477,
        17.288488388061523,
        17.23588752746582,
        17.413654327392578,
        17.335622787475586,
        17.16325569152832,
        17.345067977905273,
        17.32405662536621,
        17.209861755371094,
        17.321413040161133,
        17.161388397216797,
        17.261253356933594,
        17.201433181762695,
        17.200450897216797,
        17.238462448120117,
        17.250089645385742,
        17.188426971435547,
        17.15212059020996,
        17.23210334777832,
        17.196895599365234,
        17.162670135498047,
        17.08842658996582,
        17.20525360107422,
        17.197248458862305,
        17.10894775390625,
        17.103050231933594,
        17.069759368896484,
        17.13249969482422,
        17.17139434814453,
        17.185056686401367,
        17.146738052368164,
        17.078203201293945,
        17.231746673583984,
        17.017702102661133,
        17.13080406188965,
        17.101436614990234,
        17.14708137512207,
        16.999177932739258,
        17.07269859313965,
        17.071950912475586,
        17.04863929748535,
        17.120861053466797,
        17.110761642456055,
        17.05512046813965,
        17.000001907348633,
        17.054248809814453,
        17.06264877319336,
        17.053739547729492,
        17.032716751098633,
        17.0119571685791,
        16.9877986907959,
        17.001317977905273,
        17.092845916748047,
        17.024751663208008,
        17.1085205078125,
        16.98385238647461,
        16.907943725585938,
        17.017213821411133,
        17.055374145507812,
        17.052980422973633,
        16.89561653137207,
        16.974990844726562,
        17.12286376953125,
        16.937744140625,
        16.924821853637695,
        16.906513214111328,
        17.043193817138672,
        16.92657470703125,
        16.992704391479492,
        16.88355827331543,
        16.96245002746582,
        17.01152801513672,
        16.967546463012695,
        16.920522689819336,
        16.948654174804688,
        16.906475067138672,
        16.99933624267578,
        16.865373611450195,
        16.984216690063477,
        16.903776168823242,
        16.88558578491211,
        16.896474838256836,
        16.951488494873047,
        16.88144302368164,
        16.878986358642578,
        16.99277687072754,
        16.8535213470459,
        16.775081634521484,
        16.9428768157959,
        16.86927032470703,
        16.904207229614258,
        16.93429946899414,
        16.85736846923828,
        16.863037109375,
        16.98748016357422,
        16.906946182250977,
        16.83843994140625,
        16.826736450195312,
        16.83429718017578,
        16.845596313476562,
        16.80887794494629,
        16.953638076782227,
        16.898250579833984,
        16.855266571044922,
        16.796184539794922,
        16.85845375061035,
        16.808109283447266,
        16.780630111694336,
        16.82158660888672,
        16.805233001708984,
        16.9088134765625,
        16.76393699645996,
        16.7686767578125,
        16.820117950439453,
        16.84695053100586,
        17.390533447265625,
        17.02014923095703,
        16.931381225585938,
        16.821487426757812,
        16.87980842590332,
        16.740406036376953,
        16.847023010253906,
        16.841962814331055,
        16.76639747619629,
        16.823436737060547,
        16.72528839111328,
        16.763715744018555,
        16.80463409423828,
        16.768342971801758,
        16.910079956054688,
        17.10487937927246,
        16.829315185546875,
        16.749610900878906,
        16.702756881713867,
        16.885135650634766,
        16.702667236328125,
        16.821714401245117,
        16.707460403442383,
        16.93401527404785,
        16.7349910736084,
        16.767864227294922,
        16.783584594726562,
        16.78901481628418,
        16.362659454345703,
        16.314271926879883,
        16.301286697387695,
        16.297321319580078,
        16.301076889038086,
        16.289499282836914,
        16.293991088867188,
        16.28159523010254,
        16.27944564819336,
        16.294862747192383,
        16.281103134155273,
        16.289142608642578,
        16.28260040283203,
        16.296846389770508,
