{
    "run_n":1,
    "run_seed":0,
    "ndims":4,
    "nsamples":100000,
    "correlation":"corr",
    "nbijectors":5,
    "bijector":"MAFN",
    "spline_knots":8,
    "range_min":-5,
    "hidden_layers":"128-128-128",
    "batch_size":512,
    "activation":"relu",
    "eps_regulariser":0,
    "regulariser":null,
    "dist_seed":0,
    "test_seed":0,
    "kl_divergence":-1,
    "ks_test_mean":0.45343962624661427,
    "ks_test_median":0.45888428076669024,
    "ad_test_mean":0.2079302531976165,
    "ad_test_median":0.20845092328300283,
    "Wasserstein_median":0.0224661407058391,
    "Wasserstein_mean":0.0224661407058391,
    "frob_norm":0.03054247263767097,
    "epochs_input":1000,
    "epochs_output":323,
    "time":745.2409844081849,
    "train_loss_history":[
        10.453304290771484,
        4.600146293640137,
        3.643282175064087,
        3.477843999862671,
        3.269989013671875,
        3.055614709854126,
        2.9890177249908447,
        2.8105149269104004,
        2.7841382026672363,
        2.70931077003479,
        2.6865978240966797,
        2.6834700107574463,
        2.620378017425537,
        2.643484115600586,
        2.5859687328338623,
        2.5946128368377686,
        2.6274101734161377,
        2.5875442028045654,
        2.5791826248168945,
        2.570024251937866,
        2.5788934230804443,
        2.561605215072632,
        2.5954315662384033,
        2.5505568981170654,
        2.5163536071777344,
        2.549470901489258,
        2.550300121307373,
        2.5530645847320557,
        2.562117576599121,
        2.53469181060791,
        2.5335299968719482,
        2.53243350982666,
        2.51835036277771,
        2.531189441680908,
        2.5273330211639404,
        2.544051170349121,
        2.52932071685791,
        2.505439519882202,
        2.513777494430542,
        2.52083158493042,
        2.5070455074310303,
        2.4951725006103516,
        2.510298252105713,
        2.510509490966797,
        2.5081238746643066,
        2.4959776401519775,
        2.519871473312378,
        2.5177338123321533,
        2.485212564468384,
        2.4935836791992188,
        2.476705551147461,
        2.4836907386779785,
        2.5259652137756348,
        2.497340202331543,
        2.478017807006836,
        2.483628749847412,
        2.4973666667938232,
        2.491710662841797,
        2.4829952716827393,
        2.4713103771209717,
        2.493161916732788,
        2.4639086723327637,
        2.4655895233154297,
        2.487351417541504,
        2.479679822921753,
        2.4792959690093994,
        2.467750310897827,
        2.475459337234497,
        2.478839159011841,
        2.4745309352874756,
        2.4559361934661865,
        2.4808430671691895,
        2.4659783840179443,
        2.4748101234436035,
        2.4465394020080566,
        2.465866804122925,
        2.4608144760131836,
        2.4650051593780518,
        2.4588308334350586,
        2.467607259750366,
        2.4637138843536377,
        2.457994222640991,
        2.46380615234375,
        2.4611995220184326,
        2.459045648574829,
        2.4743380546569824,
        2.4522006511688232,
        2.4525203704833984,
        2.442780017852783,
        2.466327428817749,
        2.4547488689422607,
        2.4547502994537354,
        2.471240520477295,
        2.444304943084717,
        2.4554035663604736,
        2.4587526321411133,
        2.461134910583496,
        2.4481310844421387,
        2.448601007461548,
        2.4490530490875244,
        2.4541032314300537,
        2.454615354537964,
        2.451014518737793,
        2.465038537979126,
        2.4559977054595947,
        2.4290897846221924,
        2.45314359664917,
        2.4576075077056885,
        2.444960355758667,
        2.4628236293792725,
        2.4310474395751953,
        2.4360122680664062,
        2.4333748817443848,
        2.4368674755096436,
        2.4456164836883545,
        2.455139398574829,
        2.439286708831787,
        2.430467128753662,
        2.4393222332000732,
        2.455105781555176,
        2.4505181312561035,
        2.443732738494873,
        2.4290354251861572,
        2.426846981048584,
        2.4450926780700684,
        2.4470696449279785,
        2.431407928466797,
        2.4292330741882324,
        2.4575328826904297,
        2.4258317947387695,
        2.4244983196258545,
        2.425891399383545,
        2.425380229949951,
        2.4277102947235107,
        2.426272392272949,
        2.448396682739258,
        2.43411922454834,
        2.4490227699279785,
        2.4210150241851807,
        2.4304587841033936,
        2.422415018081665,
        2.4371206760406494,
        2.4347455501556396,
        2.413498878479004,
        2.4266035556793213,
        2.430105686187744,
        2.4198529720306396,
        2.435922622680664,
        2.4148941040039062,
        2.427523612976074,
        2.437380075454712,
        2.4210636615753174,
        2.423245429992676,
        2.4213948249816895,
        2.42889142036438,
        2.4246110916137695,
        2.4190778732299805,
        2.423431396484375,
        2.4251697063446045,
        2.447528600692749,
        2.4346303939819336,
        2.4405572414398193,
        2.422311544418335,
        2.4220287799835205,
        2.423069953918457,
        2.427090644836426,
        2.4199788570404053,
        2.4221882820129395,
        2.435856819152832,
        2.4143478870391846,
        2.4168100357055664,
        2.4104347229003906,
        2.439307451248169,
        2.4181978702545166,
        2.4077610969543457,
        2.416965961456299,
        2.4156014919281006,
        2.4307258129119873,
        2.4253411293029785,
        2.4184823036193848,
        2.4221508502960205,
        2.41524338722229,
        2.4149301052093506,
        2.415562629699707,
        2.4071030616760254,
        2.41447377204895,
        2.4228696823120117,
        2.417280673980713,
        2.410757541656494,
        2.417860269546509,
        2.4146881103515625,
        2.4131839275360107,
        2.413046360015869,
        2.4153811931610107,
        2.4128119945526123,
        2.4149391651153564,
        2.415165424346924,
        2.4017977714538574,
        2.412524700164795,
        2.4271392822265625,
        2.41679310798645,
        2.4164581298828125,
        2.4056289196014404,
        2.424351215362549,
        2.422212600708008,
        2.418971538543701,
        2.418689250946045,
        2.4122962951660156,
        2.41943359375,
        2.416975736618042,
        2.411313533782959,
        2.4144461154937744,
        2.4114291667938232,
        2.4098246097564697,
        2.567845106124878,
        2.4812490940093994,
        2.4267172813415527,
        2.417794942855835,
        2.421884059906006,
        2.428405523300171,
        2.416743040084839,
        2.412226676940918,
        2.4157204627990723,
        2.4103944301605225,
        2.4287495613098145,
        2.4251902103424072,
        2.4002957344055176,
        2.3994972705841064,
        2.430544853210449,
        2.408172130584717,
        2.4167768955230713,
        2.4070229530334473,
        2.4111673831939697,
        2.4009649753570557,
        2.405898332595825,
        2.4114668369293213,
        2.4121124744415283,
        2.4283535480499268,
        2.410959005355835,
        2.4204213619232178,
        2.4036529064178467,
        2.3988168239593506,
        2.4008140563964844,
        2.4140913486480713,
        2.4018185138702393,
        2.409579038619995,
        2.4097836017608643,
        2.4068453311920166,
        2.4163408279418945,
        2.3978209495544434,
        2.4013497829437256,
        2.416015863418579,
        2.406597137451172,
        2.404733180999756,
        2.4129908084869385,
        2.40561580657959,
        2.4046430587768555,
        2.4205732345581055,
        2.3992385864257812,
        2.4033873081207275,
        2.3607163429260254,
        2.3592751026153564,
