{
    "run_n":13,
    "run_seed":0,
    "ndims":8,
    "nsamples":100000,
    "correlation":"corr",
    "nbijectors":5,
    "bijector":"CsplineN",
    "spline_knots":8,
    "range_min":-16,
    "hidden_layers":"128-128-128",
    "batch_size":512,
    "activation":"relu",
    "eps_regulariser":0,
    "regulariser":null,
    "dist_seed":0,
    "test_seed":0,
    "kl_divergence":-1,
    "ks_test_mean":0.40550516383361235,
    "ks_test_median":0.44877685272777185,
    "ad_test_mean":0.1982520913239188,
    "ad_test_median":0.18597270331594598,
    "Wasserstein_median":0.03587862509830418,
    "Wasserstein_mean":0.03587862509830418,
    "frob_norm":0.04780843874020544,
    "epochs_input":1000,
    "epochs_output":175,
    "time":3888.337025907822,
    "train_loss_history":[
        16.429149627685547,
        7.724524974822998,
        6.969461917877197,
        6.397435665130615,
        5.803796291351318,
        5.766645431518555,
        5.658248424530029,
        5.269257068634033,
        5.258385181427002,
        5.189051628112793,
        5.08297872543335,
        4.984005928039551,
        4.9709882736206055,
        4.961472988128662,
        4.87388801574707,
        4.770789623260498,
        4.91854190826416,
        4.742638111114502,
        4.653759956359863,
        4.673253059387207,
        4.7808685302734375,
        4.688667297363281,
        4.576564788818359,
        4.615184307098389,
        4.625035285949707,
        4.520873546600342,
        4.533816814422607,
        4.583119869232178,
        4.481028079986572,
        4.535191059112549,
        4.512065410614014,
        4.439968585968018,
        4.434742450714111,
        4.457394599914551,
        4.418521404266357,
        4.460363388061523,
        4.474766731262207,
        4.446623802185059,
        4.393797874450684,
        4.411715507507324,
        4.4003424644470215,
        4.405848026275635,
        4.3498029708862305,
        4.385336399078369,
        4.384284019470215,
        4.363470554351807,
        4.382033348083496,
        4.376181125640869,
        4.340710163116455,
        4.329720973968506,
        4.336930751800537,
        4.345977783203125,
        4.316556930541992,
        4.355077266693115,
        4.332289695739746,
        4.326364517211914,
        4.323589324951172,
        4.297918319702148,
        4.348742485046387,
        4.29307222366333,
        4.317900657653809,
        4.291718006134033,
        4.286504745483398,
        4.309978485107422,
        4.264244556427002,
        4.294578552246094,
        4.296252727508545,
        4.269844055175781,
        4.278911113739014,
        4.289207458496094,
        4.270213603973389,
        4.290031433105469,
        4.276860237121582,
        4.265385627746582,
        4.275237083435059,
        4.2527756690979,
        4.257488250732422,
        4.265379428863525,
        4.235722541809082,
        4.228592395782471,
        4.241007328033447,
        4.247504711151123,
        4.239360332489014,
        4.259146690368652,
        4.227025508880615,
        4.22993803024292,
        4.226020336151123,
        4.233158588409424,
        4.225102424621582,
        4.246133327484131,
        4.219998359680176,
        4.226429462432861,
        4.22106409072876,
        4.195896148681641,
        4.211038589477539,
        4.198580265045166,
        4.225684642791748,
        4.2291340827941895,
        4.219029426574707,
        4.19569206237793,
        4.222532272338867,
        4.221693992614746,
        4.207322120666504,
        4.196100234985352,
        4.2219929695129395,
        4.197444915771484,
        4.204129219055176,
        4.184274673461914,
        4.18886137008667,
        4.223666191101074,
        4.201023578643799,
        4.161624908447266,
        4.1781744956970215,
        4.195034027099609,
        4.190907001495361,
        4.18064022064209,
        4.169488906860352,
        4.169468402862549,
        4.154572486877441,
        4.162346363067627,
        4.188752174377441,
        4.1930694580078125,
        4.173730373382568,
        4.170193672180176,
        4.167641639709473,
        4.176762104034424,
        4.168429851531982,
        4.173294544219971,
        4.181721210479736,
        4.144566535949707,
        4.168928146362305,
        4.173620700836182,
        4.139224052429199,
        4.150568008422852,
        4.160729885101318,
        4.177610874176025,
        4.160707950592041,
        4.130500316619873,
        4.145768642425537,
        4.144733428955078,
        4.140866279602051,
        4.148100852966309,
        4.15996789932251,
        4.144344806671143,
        4.167004108428955,
        4.155296802520752,
        4.123597145080566,
        4.1243486404418945,
        4.142823696136475,
        4.121070384979248,
        4.1394219398498535,
        4.141391277313232,
        4.145132541656494,
        4.130003929138184,
        4.131206035614014,
        4.130046844482422,
        4.123875141143799,
        4.123082160949707,
        4.121546268463135,
        4.127230167388916,
        4.119631290435791,
        4.106581211090088,
        4.115881443023682,
        4.13168478012085,
        4.12060546875,
        4.005623817443848,
        3.9828343391418457,
        3.979094982147217,
        3.975325345993042,
        3.9724905490875244,
        3.970977783203125,
        3.9684548377990723,
        3.966603994369507,
        3.9696204662323,
        3.9629249572753906
    ],