{
    "run_n":2,
    "run_seed":0,
    "ndims":8,
    "nsamples":100000,
    "correlation":"corr",
    "nbijectors":2,
    "bijector":"CsplineN",
    "spline_knots":8,
    "range_min":-5,
    "hidden_layers":"256-256-256",
    "batch_size":512,
    "activation":"relu",
    "eps_regulariser":0,
    "regulariser":null,
    "dist_seed":0,
    "test_seed":0,
    "kl_divergence":-1,
    "ks_test_mean":0.398253924569959,
    "ks_test_median":0.43111469156910465,
    "ad_test_mean":0.1768263689265384,
    "ad_test_median":0.17509449649375694,
    "Wasserstein_median":0.017623982310891156,
    "Wasserstein_mean":0.017623982310891156,
    "frob_norm":0.05897510061320954,
    "epochs_input":1000,
    "epochs_output":108,
    "time":951.8663135860115,
    "train_loss_history":[
        10.49811840057373,
        9.941466331481934,
        9.909574508666992,
        9.865787506103516,
        9.854025840759277,
        9.850749015808105,
        9.839860916137695,
        9.8374605178833,
        9.83611011505127,
        9.826720237731934,
        9.816826820373535,
        9.808987617492676,
        9.790366172790527,
        9.773569107055664,
        9.768030166625977,
        9.768102645874023,
        9.764091491699219,
        9.7591552734375,
        9.751487731933594,
        9.750781059265137,
        9.757073402404785,
        9.753423690795898,
        9.752119064331055,
        9.745540618896484,
        9.743037223815918,
        9.745223045349121,
        9.742572784423828,
        9.741595268249512,
        9.738327026367188,
        9.741292953491211,
        9.735159873962402,
        9.7370023727417,
        9.733072280883789,
        9.729104042053223,
        9.733216285705566,
        9.737933158874512,
        9.73338794708252,
        9.726813316345215,
        9.726125717163086,
        9.726251602172852,
        9.723974227905273,
        9.723573684692383,
        9.72632122039795,
        9.722331047058105,
        9.724259376525879,
        9.721641540527344,
        9.720416069030762,
        9.720616340637207,
        9.713240623474121,
        9.714500427246094,
        9.718401908874512,
        9.713239669799805,
        9.711670875549316,
        9.713874816894531,
        9.711827278137207,
        9.708877563476562,
        9.708634376525879,
        9.707736015319824,
        9.712024688720703,
        9.710399627685547,
        9.708172798156738,
        9.703439712524414,
        9.701261520385742,
        9.703508377075195,
        9.701285362243652,
        9.699172973632812,
        9.698310852050781,
        9.694478988647461,
        9.698546409606934,
        9.693485260009766,
        9.69287395477295,
        9.691794395446777,
        9.691073417663574,
        9.693777084350586,
        9.68967056274414,
        9.682644844055176,
        9.683419227600098,
        9.68115520477295,
        9.682782173156738,
        9.678348541259766,
        9.677688598632812,
        9.6839017868042,
        9.682644844055176,
        9.676043510437012,
        9.674363136291504,
        9.676570892333984,
        9.67455768585205,
        9.670623779296875,
        9.668476104736328,
        9.670001983642578,
        9.669098854064941,
        9.666439056396484,
        9.666272163391113,
        9.658895492553711,
        9.658784866333008,
        9.661930084228516,
        9.657215118408203,
        9.655835151672363,
        9.625428199768066,
        9.61455249786377,
        9.602945327758789,
        9.598958015441895,
        9.59727668762207,
        9.595717430114746,
        9.593652725219727,
        9.592733383178711,
        9.59150505065918,
        9.589454650878906
    ],
    "val_loss_history":[
        9.966312408447266,
        9.91208267211914,
        9.896590232849121,
        9.871817588806152,
        9.855656623840332,
        9.840155601501465,
        9.855172157287598,
        9.866297721862793,
        9.840620994567871,
        9.840926170349121,
        9.865029335021973,
        9.814689636230469,
        9.7842378616333,
        9.791715621948242,
        9.769967079162598,
        9.7754545211792,
        9.790958404541016,
        9.762778282165527,
        9.761458396911621,
        9.773660659790039,
        9.787108421325684,
        9.767751693725586,
        9.760260581970215,
        9.775979042053223,
        9.763379096984863,
        9.758442878723145,
        9.769233703613281,
        9.77796459197998,
        9.757573127746582,
        9.7582368850708,
        9.769366264343262,
        9.757670402526855,
        9.758532524108887,
        9.757588386535645,
        9.761662483215332,
        9.766146659851074,
        9.753089904785156,
        9.756427764892578,
        9.773134231567383,
        9.761970520019531,
        9.752464294433594,
        9.754908561706543,
        9.766444206237793,
        9.76746654510498,
        9.760523796081543,
        9.754759788513184,
        9.761131286621094,
        9.748262405395508,
        9.75733470916748,
        9.767165184020996,
        9.756736755371094,
        9.759957313537598,
        9.775717735290527,
        9.754658699035645,
        9.757867813110352,
        9.755908966064453,
        9.759231567382812,
        9.75924015045166,
        9.7543363571167,
        9.75216007232666,
        9.750616073608398,
        9.748319625854492,
        9.748527526855469,
        9.76713752746582,
        9.761307716369629,
        9.763266563415527,
        9.757134437561035,
        9.76260757446289,
        9.756753921508789,
        9.755626678466797,
        9.767497062683105,
        9.767940521240234,
        9.774033546447754,
        9.77155590057373,
        9.763401985168457,
        9.768281936645508,
        9.75991153717041,
        9.762114524841309,
        9.769906997680664,
        9.760987281799316,
        9.767630577087402,
        9.77349853515625,
        9.768658638000488,
        9.764019966125488,
        9.768989562988281,
        9.776445388793945,
        9.771157264709473,
        9.774239540100098,
        9.770272254943848,
        9.772442817687988,
        9.775921821594238,
        9.77511978149414,
        9.783275604248047,
        9.782584190368652,
        9.778144836425781,
        9.776803970336914,
        9.778141021728516,
        9.780863761901855,
        9.769259452819824,
        9.768327713012695,
        9.761404991149902,
        9.760411262512207,
        9.762937545776367,
        9.762561798095703,
        9.763599395751953,
        9.765386581420898,
        9.764622688293457,
        9.766494750976562
    ],
    "best_train_loss":9.720616340637207,
    "best_val_loss":9.748262405395508,
    "best_epoch":47
}