{
    "run_n":8,
    "run_seed":869,
    "ndims":200,
    "nsamples":100000,
    "correlation":"corr",
    "nbijectors":10,
    "bijector":"RealNVPN",
    "spline_knots":8,
    "range_min":-5,
    "hidden_layers":"256-256-256",
    "batch_size":256,
    "activation":"relu",
    "eps_regulariser":0,
    "regulariser":null,
    "dist_seed":0,
    "test_seed":0,
    "kl_divergence":-1,
    "ks_test_mean":0.31869080112306586,
    "ks_test_median":0.3591860640296551,
    "ad_test_mean":0.17838905516434939,
    "ad_test_median":0.15442064187274473,
    "Wasserstein_median":0.06351144594870975,
    "Wasserstein_mean":0.06351144594870975,
    "frob_norm":3.807613338689415,
    "epochs_input":1000,
    "epochs_output":262,
    "time":3024.3345657540485,
    "train_loss_history":[
        50992.421875,
        236.05667114257812,
        189.8708953857422,
        172.19349670410156,
        160.8240203857422,
        152.8563995361328,
        146.79881286621094,
        142.36216735839844,
        138.5159454345703,
        135.83456420898438,
        131.8688201904297,
        129.2593231201172,
        127.27558898925781,
        125.59201049804688,
        123.47766876220703,
        121.23601531982422,
        119.88529968261719,
        118.41851806640625,
        117.69242858886719,
        122.38544464111328,
        114.88726806640625,
        120.04334259033203,
        113.06871795654297,
        111.80165100097656,
        110.77465057373047,
        110.38504028320312,
        109.41177368164062,
        108.5593032836914,
        108.50739288330078,
        154.45025634765625,
        115.23994445800781,
        111.0068130493164,
        109.17606353759766,
        107.3195571899414,
        107.19717407226562,
        105.13920593261719,
        104.59236145019531,
        104.65341186523438,
        103.5263900756836,
        102.59880065917969,
        102.91825103759766,
        102.53690338134766,
        101.79773712158203,
        116.37446594238281,
        105.80860900878906,
        102.23175811767578,
        101.28933715820312,
        100.37657165527344,
        100.51305389404297,
        99.41254425048828,
        99.2991714477539,
        100.20639038085938,
        98.41360473632812,
        99.03573608398438,
        97.83526611328125,
        98.6627426147461,
        98.4703598022461,
        97.35297393798828,
        329.77911376953125,
        124.3798599243164,
        111.08731842041016,
        105.93472290039062,
        103.35848999023438,
        101.43697357177734,
        99.87783813476562,
        99.0916519165039,
        97.87971496582031,
        97.80362701416016,
        97.10963439941406,
        96.21047973632812,
        96.08696746826172,
        97.02958679199219,
        95.38323211669922,
        385.45928955078125,
        209.15615844726562,
        111.21210479736328,
        104.70866394042969,
        101.90645599365234,
        99.59334564208984,
        98.55347442626953,
        97.24333190917969,
        96.24470520019531,
        95.73881530761719,
        10235.1328125,
        132.19451904296875,
        111.05282592773438,
        106.75132751464844,
        102.17012023925781,
        99.75016784667969,
        98.23097229003906,
        97.190673828125,
        96.57134246826172,
        96.0200424194336,
        95.51111602783203,
        95.53459167480469,
        94.58052825927734,
        94.58966064453125,
        94.14219665527344,
        94.2060317993164,
        93.97435760498047,
        93.81100463867188,
        114.60136413574219,
        110.66423034667969,
        96.85926055908203,
        94.68108367919922,
        94.0983657836914,
        94.09783935546875,
        93.50213623046875,
        92.96422576904297,
        92.87622833251953,
        96.63289642333984,
        92.75367736816406,
        92.80174255371094,
        92.41541290283203,
        91.92222595214844,
        92.14179992675781,
        91.83036041259766,
        92.13355255126953,
        91.40128326416016,
        91.60826110839844,
        91.23252868652344,
        91.20791625976562,
        90.99341583251953,
        90.96295928955078,
        90.66452026367188,
        91.252197265625,
        90.39299774169922,
        93.3999252319336,
        89.97114562988281,
        90.03540802001953,
        90.21566009521484,
        90.19561767578125,
        90.28042602539062,
        89.69889831542969,
        89.99295043945312,
        89.83805847167969,
        225.10128784179688,
        107.70291900634766,
        100.2757568359375,
        97.34648132324219,
        95.8071517944336,
        94.73699951171875,
        93.8826904296875,
        93.15577697753906,
        92.64374542236328,
        92.08157348632812,
        91.76579284667969,
        91.31082916259766,
        91.25689697265625,
        91.37739562988281,
        90.43838500976562,
        181.4359893798828,
        111.88053131103516,
        100.1197280883789,
        97.00560760498047,
        95.37378692626953,
        94.56369018554688,
        93.79843139648438,
        93.32994079589844,
        92.94790649414062,
        92.69537353515625,
        92.30824279785156,
        92.07162475585938,
        92.22032165527344,
        91.57166290283203,
        91.59519958496094,
        91.21981048583984,
        91.17626953125,
        90.97232818603516,
        90.85198211669922,
        91.28728485107422,
        90.50242614746094,
        90.54337310791016,
        90.82345581054688,
        90.34405517578125,
        90.0811996459961,
        89.97100830078125,
        90.36061096191406,
        89.89688110351562,
        89.74273681640625,
        90.7383804321289,
        89.38469696044922,
        89.98002624511719,
        89.58019256591797,
        89.19161224365234,
        89.11990356445312,
        110.67708587646484,
        95.39164733886719,
        91.27655029296875,
        89.97733306884766,
        89.7596435546875,
        89.56710815429688,
        89.16343688964844,
        89.0307388305664,
        88.86749267578125,
        88.75167083740234,
        88.85797119140625,
        88.4530258178711,
        88.40152740478516,
        88.74987030029297,
        87.9761734008789,
        88.3857650756836,
        88.33857727050781,
        163.820556640625,
        104.7000503540039,
        96.5427474975586,
        94.46842956542969,
        93.40328979492188,
        92.75130462646484,
        92.38697052001953,
        91.94816589355469,
        91.6503677368164,
        91.44198608398438,
        91.22174835205078,
        91.07715606689453,
        90.7200927734375,
        90.89433288574219,
        90.36662292480469,
        90.571533203125,
        90.43616485595703,
        90.18177795410156,
        90.64092254638672,
        90.0721435546875,
        89.86396789550781,
        89.93914031982422,
        90.09761810302734,
        89.70577239990234,
        89.48680114746094,
        89.60289764404297,
        89.57605743408203,
        90.026611328125,
        89.14166259765625,
        160.01333618164062,
        107.4315185546875,
        95.66880798339844,
        93.72644805908203,
        92.52973175048828,
        91.82764434814453,
        91.26696014404297,
        90.87616729736328,
        90.53719329833984,
        90.70088195800781,
        89.86384582519531,
        89.76866149902344,
        89.49739837646484,
        90.95669555664062,
        88.65056610107422,
        88.90667724609375,
        88.74590301513672,
        88.56455993652344,
        88.61180877685547,
        189.96270751953125,
        95.37711334228516,
        94.02615356445312,
        93.07417297363281,
        92.31403350830078,
        91.64213562011719,
        91.11624145507812,
        90.63459777832031,
        90.21983337402344,
        89.88057708740234,
        89.55716705322266
    ],