{
    "run_n":2,
    "run_seed":0,
    "ndims":4,
    "nsamples":100000,
    "correlation":"corr",
    "nbijectors":2,
    "bijector":"MsplineN",
    "spline_knots":8,
    "range_min":-16,
    "hidden_layers":"256-256-256",
    "batch_size":512,
    "activation":"relu",
    "eps_regulariser":0,
    "regulariser":null,
    "dist_seed":0,
    "test_seed":0,
    "kl_divergence":-1,
    "ks_test_mean":0.09845163126865544,
    "ks_test_median":0.07631767874855203,
    "ad_test_mean":0.030034292875489213,
    "ad_test_median":0.04451309743600235,
    "Wasserstein_median":0.0027408668141840724,
    "Wasserstein_mean":0.0027408668141840724,
    "frob_norm":0.021493092374106796,
    "epochs_input":100,
    "epochs_output":100,
    "time":329.70330879899996,
    "train_loss_history":[
        3.9718666076660156,
        -1.428735613822937,
        -0.5326261520385742,
        -3.027484893798828,
        -2.8015456199645996,
        -2.883288621902466,
        -4.822945594787598,
        -5.277859210968018,
        -5.9065165519714355,
        -5.429660797119141,
        -5.94900369644165,
        -5.919236183166504,
        -6.452060699462891,
        -6.06279993057251,
        -6.540328502655029,
        -6.467074871063232,
        -6.418177604675293,
        -6.784638404846191,
        -7.008286476135254,
        -6.820245265960693,
        -7.13099479675293,
        -6.817336559295654,
        -7.115354061126709,
        -7.184975624084473,
        -6.68980598449707,
        -7.1171441078186035,
        -7.706169605255127,
        -7.603507995605469,
        -7.401017665863037,
        -7.471837043762207,
        -6.996109485626221,
        -7.749800205230713,
        -7.449400901794434,
        -7.7425312995910645,
        -7.469515800476074,
        -7.294757843017578,
        -7.849727630615234,
        -7.557547092437744,
        -7.783053398132324,
        -7.331925392150879,
        -7.369897842407227,
        -7.998503684997559,
        -7.436802387237549,
        -7.687201976776123,
        -7.407480239868164,
        -7.415073394775391,
        -7.968020439147949,
        -7.687090873718262,
        -7.557640075683594,
        -7.440054893493652,
        -7.935408115386963,
        -8.014642715454102,
        -8.03717041015625,
        -8.025245666503906,
        -7.793995380401611,
        -7.783027648925781,
        -7.63587760925293,
        -7.439065456390381,
        -8.17600154876709,
        -8.15815544128418,
        -7.963784694671631,
        -8.341723442077637,
        -8.068713188171387,
        -8.169896125793457,
        -8.236637115478516,
        -7.89147424697876,
        -8.406110763549805,
        -8.25942611694336,
        -8.338966369628906,
        -8.131803512573242,
        -8.503999710083008,
        -8.438653945922852,
        -8.214337348937988,
        -8.82048511505127,
        -8.385631561279297,
        -8.613873481750488,
        -8.412461280822754,
        -8.501873970031738,
        -8.769826889038086,
        -8.231422424316406,
        -8.103273391723633,
        -8.652538299560547,
        -8.554544448852539,
        -8.412936210632324,
        -8.428481101989746,
        -8.685842514038086,
        -8.56673812866211,
        -7.999180316925049,
        -8.81118392944336,
        -7.924122333526611,
        -8.616286277770996,
        -8.492037773132324,
        -8.357767105102539,
        -8.389086723327637,
        -8.772115707397461,
        -8.872518539428711,
        -8.419465065002441,
        -8.30418586730957,
        -8.683917999267578,
        -8.884905815124512
    ],
    "val_loss_history":[
        -0.7995643615722656,
        5.632754325866699,
        -1.3706862926483154,
        -1.7024133205413818,
        -1.170956015586853,
        -4.327023983001709,
        -5.357197284698486,
        -6.207677841186523,
        -3.4118332862854004,
        -6.908232688903809,
        -5.289662837982178,
        -6.913491249084473,
        -4.924706935882568,
        -5.4980010986328125,
        -4.352761745452881,
        -7.48038387298584,
        -6.549944877624512,
        -6.864980697631836,
        -7.591654300689697,
        -7.432273864746094,
        -8.32158088684082,
        -7.288717269897461,
        -7.045501232147217,
        -8.326682090759277,
        -7.550107002258301,
        -7.782600402832031,
        -7.306635856628418,
        -8.32436466217041,
        -8.284100532531738,
        -7.796552658081055,
        -7.447603225708008,
        -8.247483253479004,
        -7.895147800445557,
        -6.772310256958008,
        -8.219861030578613,
        -6.599062442779541,
        -4.00492000579834,
        -7.6700968742370605,
        -3.8381106853485107,
        -8.486413955688477,
        -8.424979209899902,
        -7.266078472137451,
        -7.927971839904785,
        -5.493828296661377,
        -7.305202960968018,
        -8.145089149475098,
        -8.132683753967285,
        -8.142698287963867,
        -8.220893859863281,
        -8.149333000183105,
        -8.087254524230957,
        -7.487429618835449,
        -4.32653284072876,
        -8.855676651000977,
        -5.27754545211792,
        -8.516200065612793,
        -6.9913105964660645,
        -7.835992336273193,
        -8.784164428710938,
        -8.08388614654541,
        -8.794164657592773,
        -7.773164749145508,
        -8.989744186401367,
        -8.94064712524414,
        -8.506394386291504,
        -8.607778549194336,
        -8.13956356048584,
        -8.061963081359863,
        -8.658663749694824,
        -8.650489807128906,
        -7.757935047149658,
        -9.082063674926758,
        -8.750436782836914,
        -9.107516288757324,
        -8.727147102355957,
        -8.661253929138184,
        -9.09987735748291,
        -8.668437957763672,
        -5.489686489105225,
        -9.283945083618164,
        -8.402366638183594,
        -9.015109062194824,
        -9.124133110046387,
        -8.492694854736328,
        -7.0219926834106445,
        -8.79325008392334,
        -5.309884071350098,
        -8.992801666259766,
        -5.853060245513916,
        -8.598396301269531,
        -8.682342529296875,
        -5.572807312011719,
        -8.98166561126709,
        -8.232144355773926,
        -8.84320068359375,
        -9.327473640441895,
        -8.742051124572754,
        -4.846556186676025,
        -8.402519226074219,
        -9.324438095092773
    ],
    "best_train_loss":-8.872518539428711,
    "best_val_loss":-9.327473640441895,
    "best_epoch":95
}