{
    "run_n":4,
    "run_seed":440,
    "ndims":32,
    "nsamples":100000,
    "correlation":"corr",
    "nbijectors":5,
    "bijector":"MAFN",
    "spline_knots":8,
    "range_min":-5,
    "hidden_layers":"256-256-256",
    "batch_size":512,
    "activation":"relu",
    "eps_regulariser":0,
    "regulariser":null,
    "dist_seed":0,
    "test_seed":0,
    "kl_divergence":-1,
    "ks_test_mean":0.38284684341737085,
    "ks_test_median":0.3814030371331499,
    "ad_test_mean":0.18914183549945585,
    "ad_test_median":0.18484369186828392,
    "Wasserstein_median":0.06186767691876746,
    "Wasserstein_mean":0.06186767691876746,
    "frob_norm":0.708519440788849,
    "epochs_input":1000,
    "epochs_output":285,
    "time":3509.0987408210003,
    "train_loss_history":[
        78.78533935546875,
        28.15668296813965,
        23.282649993896484,
        21.71822166442871,
        20.859907150268555,
        20.394683837890625,
        19.879596710205078,
        19.699729919433594,
        19.46319007873535,
        19.337583541870117,
        19.14247703552246,
        19.049457550048828,
        18.993301391601562,
        18.90782356262207,
        18.718290328979492,
        18.74747085571289,
        18.627307891845703,
        18.76346778869629,
        18.581758499145508,
        18.729604721069336,
        18.47808265686035,
        18.492563247680664,
        18.433006286621094,
        18.34058952331543,
        18.339710235595703,
        18.2955379486084,
        18.251096725463867,
        18.31525230407715,
        18.32232666015625,
        18.22654151916504,
        18.242090225219727,
        18.210172653198242,
        18.144306182861328,
        18.241790771484375,
        18.07527732849121,
        18.08452033996582,
        17.988523483276367,
        18.056962966918945,
        18.109041213989258,
        18.13277244567871,
        17.968259811401367,
        18.032238006591797,
        17.983293533325195,
        17.87099838256836,
        17.89464569091797,
        17.856863021850586,
        17.862077713012695,
        17.88397216796875,
        17.948091506958008,
        18.073013305664062,
        18.499065399169922,
        17.868305206298828,
        17.817073822021484,
        17.92580223083496,
        17.72795295715332,
        17.816713333129883,
        17.729488372802734,
        17.742210388183594,
        17.703067779541016,
        18.152755737304688,
        18.388744354248047,
        17.659881591796875,
        17.91167640686035,
        17.7047061920166,
        17.643089294433594,
        17.69011116027832,
        17.6412296295166,
        17.778263092041016,
        17.681055068969727,
        17.551132202148438,
        17.671485900878906,
        17.733821868896484,
        17.582603454589844,
        17.65839385986328,
        17.567651748657227,
        17.69474983215332,
        17.566255569458008,
        17.446651458740234,
        17.511877059936523,
        17.62413787841797,
        17.679702758789062,
        17.455913543701172,
        17.458892822265625,
        17.451377868652344,
        17.615367889404297,
        17.520402908325195,
        17.53322410583496,
        17.420940399169922,
        17.44215965270996,
        17.550275802612305,
        17.373348236083984,
        17.49390983581543,
        17.427165985107422,
        17.379493713378906,
        17.508712768554688,
        17.30583953857422,
        17.469911575317383,
        17.398277282714844,
        17.4287052154541,
        17.33642578125,
        17.381729125976562,
        17.28029441833496,
        17.694448471069336,
        17.295740127563477,
        17.267892837524414,
        17.327314376831055,
        17.576765060424805,
        17.228918075561523,
        17.381866455078125,
        17.352832794189453,
        17.203779220581055,
        17.301380157470703,
        17.226816177368164,
        17.336467742919922,
        17.360807418823242,
        17.234607696533203,
        17.19317054748535,
        17.537700653076172,
        17.317096710205078,
        17.173831939697266,
        17.27070426940918,
        17.187847137451172,
        17.18341636657715,
        17.246660232543945,
        17.29881477355957,
        17.296403884887695,
        17.150146484375,
        17.23468780517578,
        17.439102172851562,
        17.182445526123047,
        17.17131805419922,
        17.139339447021484,
        17.13701629638672,
        17.3264217376709,
        17.09950065612793,
        17.11981773376465,
        17.358295440673828,
        17.19628143310547,
        17.05753517150879,
        17.18219757080078,
        17.178211212158203,
        17.116943359375,
        17.10746192932129,
        17.111034393310547,
        17.130226135253906,
        17.087310791015625,
        17.067575454711914,
        17.19523811340332,
        17.08296012878418,
        17.14954376220703,
        17.03389549255371,
        17.052963256835938,
        17.09463119506836,
        17.28415870666504,
        17.099599838256836,
        17.0412540435791,
        17.022077560424805,
        17.029150009155273,
        17.063669204711914,
        17.111358642578125,
        17.072704315185547,
        17.016387939453125,
        17.077800750732422,
        17.042123794555664,
        16.98858070373535,
        17.043102264404297,
        16.961347579956055,
        17.012508392333984,
        17.017765045166016,
        17.0433292388916,
        17.0421142578125,
        17.011587142944336,
        17.51871109008789,
        17.103792190551758,
        16.990232467651367,
        17.017162322998047,
        16.93692398071289,
        17.01828956604004,
        17.013229370117188,
        16.890201568603516,
        16.95890998840332,
        16.976787567138672,
        16.95132827758789,
        16.92037010192871,
        17.012678146362305,
        16.945898056030273,
        16.878131866455078,
        16.930625915527344,
        17.180431365966797,
        17.148204803466797,
        16.902366638183594,
        16.875568389892578,
        16.886489868164062,
        16.911762237548828,
        16.879737854003906,
        16.87459373474121,
        16.99488067626953,
        16.991365432739258,
        16.863853454589844,
        16.973602294921875,
        16.870691299438477,
        17.091190338134766,
        17.030885696411133,
        16.88196563720703,
        16.866498947143555,
        17.002281188964844,
        16.859619140625,
        16.851245880126953,
        16.997039794921875,
        16.833114624023438,
        16.96058464050293,
        16.91021728515625,
        16.83063507080078,
        16.857952117919922,
        16.858604431152344,
        16.872705459594727,
        16.874563217163086,
        16.799766540527344,
        16.814922332763672,
        16.829212188720703,
        16.86464500427246,
        16.80132293701172,
        16.456905364990234,
        16.400985717773438,
        16.38170051574707,
        16.38313102722168,
        16.383676528930664,
        16.378456115722656,
        16.39671516418457,
        16.381452560424805,
        16.391437530517578,
        16.376689910888672,
        16.390432357788086,
        16.369712829589844,
        16.380735397338867,
        16.365493774414062,
        16.388338088989258,
        16.39154624938965,
        16.364591598510742,
        16.3956356048584,
        16.37164306640625,
        16.369609832763672,
        16.37661361694336,
        16.378210067749023,
        16.35420799255371,
        16.361316680908203,
        16.376422882080078,
        16.36389923095703,
        16.356304168701172,
        16.354902267456055,
        16.354270935058594,
        16.36440086364746,
        16.366552352905273,
        16.365230560302734,
        16.3604736328125,
        16.342588424682617,
        16.371923446655273,
        16.363370895385742,
        16.336814880371094,
        16.353843688964844,
        16.3466796875,
        16.347158432006836,
