{
    "run_n":2,
    "run_seed":187,
    "ndims":64,
    "nsamples":100000,
    "correlation":"corr",
    "nbijectors":5,
    "bijector":"RealNVPN",
    "spline_knots":8,
    "range_min":-5,
    "hidden_layers":"128-128-128",
    "batch_size":256,
    "activation":"relu",
    "eps_regulariser":0,
    "regulariser":null,
    "dist_seed":0,
    "test_seed":0,
    "ks_mean":0.03187088060472146,
    "ks_std":0.0983741122064913,
    "ad_mean":0.03186274524686937,
    "ad_std":0.06652509144401433,
    "wd_mean":0.10879647196026825,
    "wd_std":0.049902927057467,
    "swd_mean":0.10638531549191255,
    "swd_std":0.05242272954088155,
    "fn_mean":1.8737094478354976,
    "fn_std":0.1563244350089591,
    "epochs_input":1000,
    "epochs_output":261,
    "time":1737.4854580936953,
    "train_loss_history":[
        235.06448364257812,
        65.60668182373047,
        57.987815856933594,
        53.82459259033203,
        51.0185432434082,
        49.02778625488281,
        47.30527877807617,
        46.01240539550781,
        44.854984283447266,
        43.8853759765625,
        42.788448333740234,
        42.595909118652344,
        41.1074104309082,
        40.99048614501953,
        39.57603454589844,
        39.37430191040039,
        39.08376693725586,
        38.25170135498047,
        38.04598617553711,
        37.82842254638672,
        37.340511322021484,
        39.070858001708984,
        36.85202407836914,
        36.63606262207031,
        36.48325729370117,
        36.27833557128906,
        36.179893493652344,
        35.88910675048828,
        35.61048126220703,
        35.550655364990234,
        35.33753967285156,
        35.322349548339844,
        35.010292053222656,
        34.82524490356445,
        34.57432174682617,
        34.756839752197266,
        34.54518508911133,
        34.22267532348633,
        34.236751556396484,
        34.066314697265625,
        33.99277114868164,
        33.898189544677734,
        33.74742889404297,
        33.79821014404297,
        33.370182037353516,
        33.456974029541016,
        33.44255065917969,
        33.06401824951172,
        33.26528549194336,
        33.13325500488281,
        32.97091293334961,
        32.86355972290039,
        32.649986267089844,
        33.09904861450195,
        32.495033264160156,
        32.59044647216797,
        32.328392028808594,
        32.4616813659668,
        32.34967803955078,
        32.36970520019531,
        32.24922180175781,
        32.189823150634766,
        32.07475662231445,
        31.952089309692383,
        32.07504653930664,
        31.901611328125,
        31.888296127319336,
        31.752534866333008,
        31.80168914794922,
        31.65108299255371,
        31.544492721557617,
        31.710792541503906,
        31.49001121520996,
        31.5806884765625,
        31.47425651550293,
        31.50750732421875,
        31.203535079956055,
        31.316856384277344,
        31.20853614807129,
        31.261018753051758,
        31.21953582763672,
        31.18158531188965,
        31.006120681762695,
        30.971582412719727,
        30.978307723999023,
        30.98441505432129,
        30.962074279785156,
        30.802356719970703,
        30.79728126525879,
        30.74968147277832,
        30.697385787963867,
        30.704042434692383,
        30.649721145629883,
        30.637971878051758,
        30.54572105407715,
        30.53703498840332,
        30.615100860595703,
        30.429813385009766,
        30.395282745361328,
        30.502193450927734,
        30.419692993164062,
        30.405029296875,
        30.37796401977539,
        30.28743553161621,
        30.277660369873047,
        30.357635498046875,
        30.273271560668945,
        30.3196964263916,
        30.17662811279297,
        30.19336700439453,
        30.034025192260742,
        30.196889877319336,
        30.162567138671875,
        29.972938537597656,
        30.027708053588867,
        30.092817306518555,
        30.13428497314453,
        30.095808029174805,
        29.9998722076416,
        29.779796600341797,
        29.979450225830078,
        29.871654510498047,
        29.958511352539062,
        29.711851119995117,
        29.9122314453125,
        29.76600456237793,
        29.81250762939453,
        29.777240753173828,
        29.70897102355957,
        29.740245819091797,
        29.857681274414062,
        29.693870544433594,
        29.79298973083496,
        29.626750946044922,
        29.714632034301758,
        29.60297393798828,
        29.57754898071289,
        29.613723754882812,
        29.67300033569336,
        29.594451904296875,
        29.570985794067383,
        29.576635360717773,
        29.480091094970703,
        29.523414611816406,
        29.444469451904297,
        29.50408363342285,
        29.690719604492188,
        29.506790161132812,
        29.406272888183594,
        29.437612533569336,
        29.410289764404297,
        29.3233699798584,
        29.390840530395508,
        29.48577308654785,
        29.423065185546875,
        29.271865844726562,
        29.397823333740234,
        29.28277015686035,
        29.265518188476562,
        29.255359649658203,
        29.292701721191406,
        29.348587036132812,
        29.271554946899414,
        29.256378173828125,
        29.214813232421875,
        29.177566528320312,
        29.284568786621094,
        29.213619232177734,
        29.151870727539062,
        29.228919982910156,
        29.138248443603516,
        29.164113998413086,
        29.07012176513672,
        29.178627014160156,
        29.065237045288086,
        29.177745819091797,
        29.110315322875977,
        29.163644790649414,
        28.99557876586914,
        29.11672592163086,
        29.030128479003906,
        28.9326171875,
        29.079641342163086,
        29.04950714111328,
        29.067031860351562,
        29.059106826782227,
        28.973724365234375,
        28.983604431152344,
        28.976144790649414,
        28.957494735717773,
        28.872913360595703,
        29.05023956298828,
        28.830453872680664,
        28.917490005493164,
        28.871492385864258,
        29.050046920776367,
        28.79576301574707,
        28.861021041870117,
        28.844165802001953,
        27.541013717651367,
        27.338924407958984,
        27.276752471923828,
        27.29452896118164,
        27.249032974243164,
        27.22308349609375,
        27.199724197387695,
        27.202192306518555,
        27.19964599609375,
        27.119203567504883,
        27.123912811279297,
        27.136686325073242,
        27.105159759521484,
        27.109806060791016,
        27.081159591674805,
        27.08517837524414,
        27.035480499267578,
        27.03867530822754,
        27.022008895874023,
        27.032323837280273,
        26.99909019470215,
        26.989826202392578,
        26.975358963012695,
        27.00198745727539,
        27.021648406982422,
        26.971288681030273,
        26.95490264892578,
        26.91939353942871,
        26.94924545288086,
        26.942890167236328,
        26.910049438476562,
        26.897592544555664,
        26.935054779052734,
        26.88861083984375,
        26.88365936279297,
        26.905176162719727,
        26.859127044677734,
        26.88068962097168,
        26.856504440307617,
        26.894716262817383,
        26.8618221282959,
        26.868061065673828,
        26.86214828491211,
        26.819473266601562,
        26.844112396240234,
        26.831098556518555,
        26.875646591186523,
        26.807355880737305,
        26.850250244140625,
        26.834665298461914,
        26.790681838989258,
        26.828231811523438,
        26.45456886291504,
        26.41443634033203,
        26.409446716308594,
        26.404016494750977,
        26.399280548095703,
        26.413042068481445,
        26.390277862548828,
        26.399259567260742,
        26.39059066772461,
        26.390172958374023
