{
    "run_n":1,
    "run_seed":0,
    "ndims":8,
    "nsamples":100000,
    "correlation":"corr",
    "nbijectors":2,
    "bijector":"MAFN",
    "spline_knots":8,
    "range_min":-16,
    "hidden_layers":"128-128-128",
    "batch_size":512,
    "activation":"relu",
    "eps_regulariser":0,
    "regulariser":null,
    "dist_seed":0,
    "test_seed":0,
    "kl_divergence":-1,
    "ks_test_mean":0.05051878268775342,
    "ks_test_median":0.002753852850789239,
    "ad_test_mean":0.0016873788938125932,
    "ad_test_median":0.016067859596980878,
    "Wasserstein_median":0.04778262898716127,
    "Wasserstein_mean":0.04778262898716127,
    "frob_norm":0.16354306465983945,
    "epochs_input":10,
    "epochs_output":10,
    "time":10.199817538,
    "train_loss_history":[
        18.666791915893555,
        4.740951061248779,
        2.650139808654785,
        2.4489450454711914,
        2.3950724601745605,
        2.3681747913360596,
        2.351494073867798,
        2.3234174251556396,
        2.32940411567688,
        2.3168768882751465
    ],
    "val_loss_history":[
        7.100083827972412,
        2.9401907920837402,
        2.5044069290161133,
        2.385298013687134,
        2.3403637409210205,
        2.4108328819274902,
        2.38873553276062,
        2.2974491119384766,
        2.441253900527954,
        2.304286003112793
    ],
    "best_train_loss":2.3234174251556396,
    "best_val_loss":2.2974491119384766,
    "best_epoch":7
}