{
    "run_n":20,
    "run_seed":0,
    "ndims":8,
    "nsamples":100000,
    "correlation":"corr",
    "nbijectors":10,
    "bijector":"CsplineN",
    "spline_knots":8,
    "range_min":-16,
    "hidden_layers":"256-256-256",
    "batch_size":512,
    "activation":"relu",
    "eps_regulariser":0,
    "regulariser":null,
    "dist_seed":0,
    "test_seed":0,
    "kl_divergence":-1,
    "ks_test_mean":0.4519633765403889,
    "ks_test_median":0.4729254693769124,
    "ad_test_mean":0.21239789022464153,
    "ad_test_median":0.20512726641733312,
    "Wasserstein_median":0.058830647942918465,
    "Wasserstein_mean":0.058830647942918465,
    "frob_norm":0.080868478206133,
    "epochs_input":1000,
    "epochs_output":148,
    "time":8209.481474929024,
    "train_loss_history":[
        15.465682029724121,
        7.711226940155029,
        6.4081711769104,
        5.979031562805176,
        5.817854881286621,
        5.782412528991699,
        5.551879405975342,
        5.422924041748047,
        5.6538286209106445,
        5.179593086242676,
        5.0337653160095215,
        5.073738098144531,
        5.066291809082031,
        4.891599178314209,
        4.9088826179504395,
        4.979639053344727,
        4.981905460357666,
        4.779842853546143,
        4.794031620025635,
        4.718017578125,
        4.643590927124023,
        4.761303424835205,
        4.68109130859375,
        4.739858150482178,
        4.634950637817383,
        4.597187042236328,
        4.67453670501709,
        4.611941814422607,
        4.620438575744629,
        4.517579555511475,
        4.556268692016602,
        4.541784763336182,
        4.481634616851807,
        4.4936652183532715,
        4.518520355224609,
        4.452258110046387,
        4.441894054412842,
        4.448609352111816,
        4.413054466247559,
        4.437150955200195,
        4.438852787017822,
        4.511388778686523,
        4.40997838973999,
        4.431924343109131,
        4.352048397064209,
        4.433228969573975,
        4.3656229972839355,
        4.375955104827881,
        4.345325946807861,
        4.302198886871338,
        4.335685729980469,
        4.43994665145874,
        4.345442295074463,
        4.3246355056762695,
        4.31304407119751,
        4.298876762390137,
        4.314587116241455,
        4.2815399169921875,
        4.2979254722595215,
        4.387514114379883,
        4.281948566436768,
        4.2937846183776855,
        4.277500629425049,
        4.285599708557129,
        4.285043239593506,
        4.309678554534912,
        4.252248287200928,
        4.289334297180176,
        4.298543930053711,
        4.294619083404541,
        4.2284064292907715,
        4.234304428100586,
        4.2704596519470215,
        4.235449314117432,
        4.245299816131592,
        4.2185163497924805,
        4.228014945983887,
        4.217606544494629,
        4.196756839752197,
        4.223814010620117,
        4.221227169036865,
        4.209624767303467,
        4.21248197555542,
        4.197679042816162,
        4.20601224899292,
        4.183226108551025,
        4.229231834411621,
        4.2096405029296875,
        4.194308757781982,
        4.1862874031066895,
        4.199453353881836,
        4.176462173461914,
        4.176004886627197,
        4.174053192138672,
        4.158675670623779,
        4.163663387298584,
        4.15259313583374,
        4.179380416870117,
        4.189565181732178,
        4.1764631271362305,
        4.19243860244751,
        4.147091865539551,
        4.1382060050964355,
        4.1368513107299805,
        4.148259162902832,
        4.137513160705566,
        4.149864196777344,
        4.113480567932129,
        4.11590051651001,
        4.149062156677246,
        4.1273345947265625,
        4.10831356048584,
        4.127666473388672,
        4.11379861831665,
        4.133362770080566,
        4.092822551727295,
        4.105377674102783,
        4.117503643035889,
        4.111146450042725,
        4.102579593658447,
        4.126636505126953,
        4.080182075500488,
        4.103137493133545,
        4.105185031890869,
        4.0987868309021,
        4.073700428009033,
        4.100738048553467,
        4.088299751281738,
        4.0703206062316895,
        4.1295270919799805,
        4.086498737335205,
        4.061774253845215,
        4.031386852264404,
        4.07725191116333,
        4.056332111358643,
        4.0696516036987305,
        4.042346954345703,
        4.064481258392334,
        3.8958699703216553,
        3.8605539798736572,
        3.851691484451294,
        3.8417630195617676,
        3.835231304168701,
        3.83174729347229,
        3.8239665031433105,
        3.8162128925323486,
        3.816200017929077,
        3.8136487007141113
    ],