{
    "run_n":3,
    "run_seed":377,
    "ndims":200,
    "nsamples":100000,
    "correlation":"corr",
    "nbijectors":10,
    "bijector":"RealNVPN",
    "spline_knots":8,
    "range_min":-5,
    "hidden_layers":"128-128-128",
    "batch_size":256,
    "activation":"relu",
    "eps_regulariser":0,
    "regulariser":null,
    "dist_seed":0,
    "test_seed":0,
    "ks_mean":0.11299879304019035,
    "ks_std":0.17588844673272025,
    "ad_mean":0.07585777670648809,
    "ad_std":0.09017106998587764,
    "wd_mean":0.06268347739006434,
    "wd_std":0.03664478600618387,
    "swd_mean":0.061122723933501426,
    "swd_std":0.036349074299863476,
    "fn_mean":3.6212202836558816,
    "fn_std":0.6693702859103206,
    "epochs_input":1000,
    "epochs_output":320,
    "time":4029.988018898992,
    "train_loss_history":[
        153705.28125,
        378.31634521484375,
        286.6952819824219,
        254.93565368652344,
        236.7625732421875,
        222.3251495361328,
        211.0350799560547,
        200.73472595214844,
        191.8806610107422,
        184.49990844726562,
        178.36279296875,
        172.82138061523438,
        167.84341430664062,
        163.36114501953125,
        159.3196258544922,
        155.4947052001953,
        152.2250213623047,
        149.55052185058594,
        147.00738525390625,
        144.4793701171875,
        142.3961944580078,
        140.2977752685547,
        138.4068145751953,
        136.4891357421875,
        134.61831665039062,
        133.01393127441406,
        131.24795532226562,
        129.64828491210938,
        128.02146911621094,
        126.30565643310547,
        124.6060562133789,
        123.32611083984375,
        121.85243225097656,
        120.3528823852539,
        119.05767059326172,
        117.95254516601562,
        116.36336517333984,
        114.98289489746094,
        113.73622131347656,
        112.66716766357422,
        111.38460540771484,
        110.4605484008789,
        109.19020080566406,
        108.26895141601562,
        107.6445541381836,
        107.37586212158203,
        105.91545104980469,
        105.3805160522461,
        105.67501068115234,
        103.55702209472656,
        103.41077423095703,
        103.02229309082031,
        101.87609100341797,
        102.35588836669922,
        101.46232604980469,
        101.72013854980469,
        100.59659576416016,
        99.6230697631836,
        100.03134155273438,
        99.36527252197266,
        99.11598205566406,
        98.73049926757812,
        98.34618377685547,
        100.62235260009766,
        97.28314208984375,
        97.1601333618164,
        97.92694091796875,
        97.13825988769531,
        99.6160659790039,
        95.94595336914062,
        302.5611877441406,
        149.67759704589844,
        118.88739013671875,
        111.8476791381836,
        108.06978607177734,
        105.22188568115234,
        103.44202423095703,
        101.7587661743164,
        100.4999771118164,
        99.5397720336914,
        99.22771453857422,
        97.80850219726562,
        97.33818817138672,
        96.9980697631836,
        96.02007293701172,
        96.48394775390625,
        95.01090240478516,
        95.37333679199219,
        94.6618423461914,
        143.5887451171875,
        108.00003814697266,
        100.09620666503906,
        97.58551025390625,
        95.99852752685547,
        95.1959457397461,
        94.59345245361328,
        93.90737915039062,
        93.73328399658203,
        93.41889953613281,
        93.1369400024414,
        92.6297836303711,
        92.570556640625,
        92.22895050048828,
        95.29197692871094,
        92.36905670166016,
        92.16194915771484,
        91.68743133544922,
        92.18413543701172,
        93.07949829101562,
        91.12901306152344,
        90.95735168457031,
        95.98751068115234,
        91.60926055908203,
        91.02704620361328,
        91.09691619873047,
        90.77287292480469,
        90.7391586303711,
        90.6438217163086,
        91.07609558105469,
        90.01276397705078,
        90.46373748779297,
        90.63452911376953,
        91.31202697753906,
        89.55535888671875,
        89.79977416992188,
        89.76966857910156,
        89.3694839477539,
        90.78984832763672,
        89.1696548461914,
        90.4312744140625,
        89.45934295654297,
        89.20989990234375,
        89.69172668457031,
        161.91110229492188,
        103.16233825683594,
        98.19522857666016,
        95.42951965332031,
        94.50153350830078,
        93.48954772949219,
        93.24644470214844,
        92.56707763671875,
        93.30755615234375,
        91.98809051513672,
        91.80992126464844,
        91.8297348022461,
        91.80493927001953,
        91.64600372314453,
        91.21481323242188,
        91.38056182861328,
        90.8995361328125,
        90.9399642944336,
        90.52171325683594,
        97.64441680908203,
        91.21693420410156,
        90.67993927001953,
        91.31130981445312,
        90.34282684326172,
        90.8465576171875,
        89.8984146118164,
        89.8746109008789,
        109.14509582519531,
        95.64185333251953,
        92.78993225097656,
        92.38352966308594,
        91.49738311767578,
        92.73511505126953,
        90.62923431396484,
        90.31159973144531,
        90.58509826660156,
        89.61943054199219,
        104.14877319335938,
        93.84471893310547,
        91.97013092041016,
        91.30229187011719,
        91.60608673095703,
        90.68379974365234,
        88.08232879638672,
        87.7696533203125,
        87.63386535644531,
        87.54763793945312,
        87.56169891357422,
        87.5146713256836,
        87.35543060302734,
        87.18324279785156,
        87.21941375732422,
        86.96992492675781,
        87.26607513427734,
        86.83465576171875,
        86.80413055419922,
        86.764892578125,
        87.17803955078125,
        86.47686767578125,
        86.6506118774414,
        86.45490264892578,
        86.7401123046875,
        86.4293441772461,
        86.55215454101562,
        86.15371704101562,
        85.93651580810547,
        86.49534606933594,
        86.08304595947266,
        85.82022857666016,
        85.80802917480469,
        85.74436950683594,
        86.10542297363281,
        85.6362533569336,
        85.44593048095703,
        85.55709838867188,
        85.723388671875,
        85.5911636352539,
        85.47763061523438,
        85.36851501464844,
        85.4109115600586,
        85.09135437011719,
        85.55641174316406,
        85.02328491210938,
        85.44437408447266,
        85.14506530761719,
        85.3197250366211,
        85.0440673828125,
        85.22840881347656,
        85.27680206298828,
        84.90963745117188,
        84.86468505859375,
        85.17117309570312,
        85.35271453857422,
        85.08280944824219,
        85.39219665527344,
        84.77803039550781,
        84.85459899902344,
        84.84906768798828,
        84.86145782470703,
        84.6452865600586,
        84.75596618652344,
        84.6490249633789,
        84.7778549194336,
        85.49352264404297,
        84.4465103149414,
        84.47350311279297,
        84.94371795654297,
        84.5507583618164,
        84.6195068359375,
        84.50173950195312,
        84.39616394042969,
        84.43609619140625,
        84.69091796875,
        84.6324462890625,
        84.51567077636719,
        85.09042358398438,
        84.36556243896484,
        84.54922485351562,
        84.67375946044922,
        84.4377212524414,
        84.33183288574219,
        84.78733825683594,
        84.39425659179688,
        84.26383209228516,
        84.62696075439453,
        84.51121520996094,
        84.51155853271484,
        84.27359771728516,
        84.21947479248047,
        84.26789093017578,
        84.21063232421875,
        84.37361145019531,
        84.18021392822266,
