{
    "run_n":9,
    "run_seed":926,
    "ndims":32,
    "nsamples":100000,
    "correlation":"corr",
    "nbijectors":5,
    "bijector":"CsplineN",
    "spline_knots":8,
    "range_min":-16,
    "hidden_layers":"128-128-128",
    "batch_size":512,
    "activation":"relu",
    "eps_regulariser":0,
    "regulariser":null,
    "dist_seed":0,
    "test_seed":0,
    "ks_mean":0.007622356641483299,
    "ks_std":0.02897675360942301,
    "ad_mean":0.007323375677093983,
    "ad_std":0.021078895924962,
    "wd_mean":0.11050118680628995,
    "wd_std":0.05415239153218549,
    "swd_mean":0.10791779516212807,
    "swd_std":0.058462883978374944,
    "fn_mean":1.1465568123830432,
    "fn_std":0.1041805277461543,
    "epochs_input":1000,
    "epochs_output":147,
    "time":3474.753771140997,
    "train_loss_history":[
        153.302734375,
        34.88502883911133,
        28.037700653076172,
        25.11127471923828,
        23.43467140197754,
        22.633563995361328,
        21.96331787109375,
        21.27471160888672,
        20.984668731689453,
        20.707489013671875,
        20.71426010131836,
        20.303041458129883,
        20.33483123779297,
        20.007741928100586,
        19.947906494140625,
        19.753799438476562,
        19.54404640197754,
        19.50974464416504,
        19.434656143188477,
        19.461063385009766,
        19.177059173583984,
        19.199277877807617,
        19.04140281677246,
        19.184389114379883,
        18.834535598754883,
        18.839990615844727,
        18.782337188720703,
        18.580181121826172,
        18.498905181884766,
        18.52973747253418,
        18.62525749206543,
        18.45878791809082,
        18.451576232910156,
        18.339815139770508,
        18.378177642822266,
        18.21688461303711,
        18.18058967590332,
        18.114768981933594,
        18.12769317626953,
        18.317073822021484,
        18.01757049560547,
        17.99991798400879,
        18.030235290527344,
        18.03143882751465,
        17.856433868408203,
        17.970529556274414,
        17.965526580810547,
        17.856637954711914,
        17.85320281982422,
        17.8526668548584,
        17.820295333862305,
        17.782608032226562,
        17.76917266845703,
        17.696367263793945,
        17.725875854492188,
        17.815017700195312,
        17.573638916015625,
        17.718107223510742,
        17.786039352416992,
        17.65452003479004,
        17.595388412475586,
        17.5379638671875,
        17.648513793945312,
        17.507461547851562,
        17.543195724487305,
        17.577838897705078,
        17.466293334960938,
        17.628896713256836,
        17.394121170043945,
        17.38191795349121,
        17.388078689575195,
        17.382322311401367,
        17.359909057617188,
        17.42300796508789,
        17.334590911865234,
        17.28721809387207,
        17.320262908935547,
        17.32135772705078,
        17.291248321533203,
        17.23341941833496,
        17.27488899230957,
        17.199377059936523,
        17.21694564819336,
        17.153484344482422,
        17.32868194580078,
        17.123485565185547,
        17.107505798339844,
        17.185192108154297,
        17.316181182861328,
        17.098896026611328,
        17.091815948486328,
        17.130651473999023,
        17.021934509277344,
        16.97597312927246,
        17.102941513061523,
        17.03971290588379,
        16.976879119873047,
        17.000791549682617,
        17.000852584838867,
        17.098623275756836,
        16.940099716186523,
        16.98383140563965,
        16.913198471069336,
        16.87017250061035,
        16.9403133392334,
        16.849435806274414,
        16.867921829223633,
        16.948022842407227,
        16.84175682067871,
        16.826242446899414,
        16.816875457763672,
        16.766311645507812,
        16.829574584960938,
        16.810468673706055,
        16.77316665649414,
        16.764217376708984,
        16.715335845947266,
        16.731658935546875,
        16.719072341918945,
        16.741836547851562,
        16.774930953979492,
        16.674171447753906,
        16.661605834960938,
        16.642396926879883,
        16.650474548339844,
        16.65046501159668,
        16.681787490844727,
        16.592287063598633,
        16.598834991455078,
        16.643064498901367,
        16.55105972290039,
        16.628005981445312,
        16.537187576293945,
        16.581565856933594,
        16.548768997192383,
        16.50804901123047,
        16.522071838378906,
        16.020591735839844,
        15.917206764221191,
        15.899096488952637,
        15.894184112548828,
        15.878375053405762,
        15.880780220031738,
        15.862826347351074,
        15.86307144165039,
        15.844480514526367,
        15.836832046508789
    ],