{
    "run_n": 11,
    "run_seed": 0,
    "ndims": 16,
    "nsamples": 100000,
    "correlation": "corr",
    "nbijectors": 10,
    "bijector": "RealNVPN",
    "spline_knots": 8,
    "range_min": -5,
    "hidden_layers": "128-128-128",
    "batch_size": 256,
    "activation": "relu",
    "eps_regulariser": 0,
    "regulariser": null,
    "dist_seed": 0,
    "test_seed": 0,
    "kl_divergence": -1,
    "ks_test_mean": 0.1699653118462768,
    "ks_test_median": 0.1618176354458467,
    "ad_test_mean": 0.11949244593736202,
    "ad_test_median": 0.10676673237284544,
    "Wasserstein_median": 0.07749412364840286,
    "Wasserstein_mean": 0.07749412364840286,
    "frob_norm": 0.1814134236963232,
    "epochs_input": 1000,
    "epochs_output": 261,
    "time": 2641.3812386891805,
    "train_loss_history": [
        96.26695251464844,
        28.363449096679688,
        27.38631248474121,
        26.797630310058594,
        26.378173828125,
        25.92312240600586,
        25.48859214782715,
        25.13330841064453,
        24.895273208618164,
        24.574968338012695,
        24.30428123474121,
        24.285240173339844,
        23.942523956298828,
        23.819059371948242,
        23.593080520629883,
        23.51325798034668,
        23.33118438720703,
        23.236303329467773,
        23.0853328704834,
        22.911184310913086,
        22.813907623291016,
        22.71549415588379,
        22.624147415161133,
        22.505903244018555,
        22.37253189086914,
        22.299482345581055,
        22.148927688598633,
        22.06818962097168,
        22.033334732055664,
        21.91456413269043,
        21.841941833496094,
        21.75171661376953,
        21.618724822998047,
        21.542675018310547,
        21.569032669067383,
        21.531391143798828,
        21.317169189453125,
        21.302797317504883,
        21.151325225830078,
        21.149385452270508,
        21.06580924987793,
        20.977537155151367,
        20.85413932800293,
        20.89158821105957,
        20.86850929260254,
        20.622549057006836,
        20.677936553955078,
        20.707887649536133,
        21.101472854614258,
        20.557662963867188,
        20.438032150268555,
        21.882925033569336,
        21.675743103027344,
        22.2633056640625,
        21.24891471862793,
        21.069894790649414,
        20.880905151367188,
        20.7903995513916,
        20.636924743652344,
        20.61172103881836,
        20.76866340637207,
        20.516143798828125,
        20.34139633178711,
        20.25800132751465,
        20.429513931274414,
        20.043764114379883,
        20.316736221313477,
        20.023759841918945,
        19.907838821411133,
        20.168201446533203,
        19.8859806060791,
        19.813753128051758,
        19.675722122192383,
        19.7506103515625,
        19.597087860107422,
        19.626720428466797,
        19.548131942749023,
        19.512374877929688,
        19.542497634887695,
        19.467941284179688,
        19.394437789916992,
        19.386951446533203,
        19.37466049194336,
        19.30644989013672,
        19.45332145690918,
        19.344146728515625,
        19.305524826049805,
        19.196455001831055,
        19.25712776184082,
        19.350297927856445,
        19.50530433654785,
        19.141748428344727,
        19.201934814453125,
        19.2038516998291,
        19.151334762573242,
        19.0067138671875,
        19.0362548828125,
        19.12572479248047,
        18.984403610229492,
        19.054534912109375,
        19.07920265197754,
        19.007328033447266,
        18.993362426757812,
        19.137075424194336,
        19.075529098510742,
        18.894371032714844,
        18.8421573638916,
        18.928916931152344,
        19.02471160888672,
        18.898515701293945,
        18.84095001220703,
        18.811254501342773,
        19.497272491455078,
        19.209041595458984,
        18.90135955810547,
        18.89926528930664,
        18.834836959838867,
        18.823659896850586,
        18.811321258544922,
        18.75836753845215,
        18.803396224975586,
        18.726360321044922,
        18.997819900512695,
        18.69470977783203,
        18.643213272094727,
        19.196758270263672,
        18.634639739990234,
        18.590208053588867,
        18.840269088745117,
        18.662120819091797,
        19.281797409057617,
        19.1727352142334,
        19.23172378540039,
        18.70981216430664,
        18.644573211669922,
        18.63809585571289,
        18.714061737060547,
        18.628177642822266,
        18.559539794921875,
        18.675596237182617,
        18.589336395263672,
        18.571239471435547,
        18.599590301513672,
        18.67645263671875,
        19.28784942626953,
        18.701597213745117,
        18.524328231811523,
        18.598529815673828,
        18.451885223388672,
        18.548410415649414,
        18.686614990234375,
        18.592870712280273,
        18.504749298095703,
        18.589494705200195,
        18.47286605834961,
        18.408588409423828,
        18.353044509887695,
        18.799793243408203,
        18.41080093383789,
        18.704784393310547,
        18.414762496948242,
        18.63593292236328,
        18.34690284729004,
        18.324108123779297,
        18.41573715209961,
        18.377065658569336,
        18.316267013549805,
        18.367509841918945,
        19.063114166259766,
        19.20347785949707,
        19.4360294342041,
        19.260622024536133,
        19.205036163330078,
        18.973651885986328,
        18.792814254760742,
        18.770719528198242,
        18.63427734375,
        18.672836303710938,
        18.969057083129883,
        18.629655838012695,
        18.80438232421875,
        18.68340492248535,
        18.618873596191406,
        18.505146026611328,
        18.50617027282715,
        18.476818084716797,
        18.45660400390625,
        18.521154403686523,
        19.097728729248047,
        18.78416633605957,
        18.731117248535156,
        18.669416427612305,
        18.539365768432617,
        18.400476455688477,
        18.538833618164062,
        18.970428466796875,
        18.8271427154541,
        18.463510513305664,
        18.531213760375977,
        18.473896026611328,
        17.919706344604492,
        17.761274337768555,
        17.733867645263672,
        17.67475700378418,
        17.648841857910156,
        17.62311553955078,
        17.59201431274414,
        17.606510162353516,
        17.553218841552734,
        17.541898727416992,
        17.549795150756836,
        17.525705337524414,
        17.52536392211914,
        17.48833656311035,
        17.48416519165039,
        17.475942611694336,
        17.469032287597656,
        17.426891326904297,
        17.43226432800293,
        17.484193801879883,
        17.40218734741211,
        17.408428192138672,
        17.40914535522461,
        17.3856258392334,
        17.392452239990234,
        17.390634536743164,
        17.530975341796875,
        17.387638092041016,
        17.347440719604492,
        17.326017379760742,
        17.33748435974121,
        17.335491180419922,
        17.30685806274414,
        17.371654510498047,
        17.351823806762695,
        17.31024932861328,
        17.301536560058594,
        17.24799919128418,
        17.312334060668945,
        17.26858139038086,
        17.270416259765625,
        17.294376373291016,
        17.2338809967041,
        17.221593856811523,
        17.26688575744629,
        17.209009170532227,
        17.240678787231445,
        17.22261619567871,
        17.204219818115234,
        17.31092071533203,
        17.274152755737305,
        17.02032470703125,
        16.992496490478516,
        16.987628936767578,
        16.97235679626465,
        16.965179443359375,
        16.960289001464844,
        16.960254669189453,
        16.957176208496094,
        16.961833953857422,
