{
    "run_n":13,
    "run_seed":0,
    "ndims":32,
    "nsamples":100000,
    "correlation":"corr",
    "nbijectors":2,
    "bijector":"MsplineN",
    "spline_knots":8,
    "range_min":-16,
    "hidden_layers":"128-128-128",
    "batch_size":512,
    "activation":"relu",
    "eps_regulariser":0,
    "regulariser":null,
    "dist_seed":0,
    "test_seed":0,
    "kl_divergence":-1,
    "ks_test_mean":0.44633999930791174,
    "ks_test_median":0.4812224639770186,
    "ad_test_mean":0.20901479240551318,
    "ad_test_median":0.19447924964161065,
    "Wasserstein_median":0.003972647394831469,
    "Wasserstein_mean":0.003972647394831469,
    "frob_norm":0.24239385818503462,
    "epochs_input":1000,
    "epochs_output":262,
    "time":1355.180571416393,
    "train_loss_history":[
        50.73154067993164,
        -4.5333123207092285,
        -7.116836071014404,
        -8.61807918548584,
        -9.14707088470459,
        -9.736376762390137,
        -10.133782386779785,
        -10.45755672454834,
        -10.657817840576172,
        -10.920891761779785,
        -11.04837703704834,
        -11.267580032348633,
        -11.271324157714844,
        -11.537445068359375,
        -11.654151916503906,
        -11.605213165283203,
        -11.805344581604004,
        -11.808723449707031,
        -11.792594909667969,
        -11.895380020141602,
        -11.913410186767578,
        -11.998391151428223,
        -12.108716011047363,
        -12.074233055114746,
        -12.119976043701172,
        -12.1240234375,
        -12.068243026733398,
        -12.20329761505127,
        -12.233505249023438,
        -12.239018440246582,
        -12.204864501953125,
        -12.289575576782227,
        -12.322652816772461,
        -12.234963417053223,
        -12.345246315002441,
        -12.341835975646973,
        -12.343001365661621,
        -12.332270622253418,
        -12.379505157470703,
        -12.386642456054688,
        -12.40176773071289,
        -12.374279022216797,
        -12.416131019592285,
        -12.396915435791016,
        -12.426013946533203,
        -12.400615692138672,
        -12.479680061340332,
        -12.526474952697754,
        -12.452780723571777,
        -12.505448341369629,
        -12.472711563110352,
        -12.521405220031738,
        -12.530024528503418,
        -12.471508026123047,
        -12.528092384338379,
        -12.542903900146484,
        -12.56549072265625,
        -12.566143035888672,
        -12.513528823852539,
        -12.54793930053711,
        -12.572992324829102,
        -12.622218132019043,
        -12.624237060546875,
        -12.608756065368652,
        -12.589933395385742,
        -12.6065673828125,
        -12.629708290100098,
        -12.629356384277344,
        -12.606979370117188,
        -12.660984992980957,
        -12.61467456817627,
        -12.752543449401855,
        -12.643486022949219,
        -12.61619758605957,
        -12.63433837890625,
        -12.718781471252441,
        -12.651419639587402,
        -12.707986831665039,
        -12.640057563781738,
        -12.690104484558105,
        -12.772579193115234,
        -12.674071311950684,
        -12.714900016784668,
        -12.76149845123291,
        -12.761039733886719,
        -12.678620338439941,
        -12.686543464660645,
        -12.746528625488281,
        -12.749884605407715,
        -12.729615211486816,
        -12.7388916015625,
        -12.752874374389648,
        -12.760086059570312,
        -12.777998924255371,
        -12.72222900390625,
        -12.787666320800781,
        -12.8217134475708,
        -12.813492774963379,
        -12.765244483947754,
        -12.830602645874023,
        -12.834033012390137,
        -12.826699256896973,
        -12.827229499816895,
        -12.818880081176758,
        -12.81884479522705,
        -12.86247444152832,
        -12.863550186157227,
        -12.911938667297363,
        -12.845303535461426,
        -12.864069938659668,
        -12.914003372192383,
        -12.892050743103027,
        -12.910820960998535,
        -12.892407417297363,
        -12.879108428955078,
        -12.935944557189941,
        -12.913314819335938,
        -12.878134727478027,
        -12.907855033874512,
        -12.91891860961914,
        -12.908411026000977,
        -12.937817573547363,
        -12.9617280960083,
        -12.941675186157227,
        -12.913544654846191,
        -12.936247825622559,
        -12.932896614074707,
        -12.932127952575684,
        -12.929018020629883,
        -12.962401390075684,
        -12.985712051391602,
        -12.937250137329102,
        -12.976835250854492,
        -12.9630765914917,
        -12.95793342590332,
        -12.990114212036133,
        -12.985311508178711,
        -12.931407928466797,
        -12.982378959655762,
        -12.923386573791504,
        -13.018136024475098,
        -12.993098258972168,
        -12.958706855773926,
        -13.0206298828125,
        -12.998323440551758,
        -12.988018035888672,
        -12.9882230758667,
        -13.00307846069336,
        -13.027459144592285,
        -13.033989906311035,
        -13.004576683044434,
        -13.015251159667969,
        -12.998821258544922,
        -13.033784866333008,
        -13.037537574768066,
        -13.00047779083252,
        -12.998976707458496,
        -13.043350219726562,
        -13.027888298034668,
        -13.027591705322266,
        -13.019789695739746,
        -13.085588455200195,
        -13.047626495361328,
        -13.058372497558594,
        -13.061846733093262,
        -13.018803596496582,
        -13.076314926147461,
        -13.036825180053711,
        -13.023733139038086,
        -13.058847427368164,
        -13.075216293334961,
        -13.08254623413086,
        -13.054335594177246,
        -13.081381797790527,
        -13.028326034545898,
        -13.085739135742188,
        -13.0859956741333,
        -13.072702407836914,
        -13.089554786682129,
        -13.085790634155273,
        -13.114099502563477,
        -13.095996856689453,
        -13.023192405700684,
        -13.109660148620605,
        -13.122405052185059,
        -13.091788291931152,
        -13.091328620910645,
        -13.070221900939941,
        -13.083664894104004,
        -13.13616943359375,
        -13.101935386657715,
        -13.356428146362305,
        -13.375936508178711,
        -13.37787914276123,
        -13.379535675048828,
        -13.381152153015137,
        -13.375179290771484,
        -13.384563446044922,
        -13.3841552734375,
        -13.37983226776123,
        -13.381657600402832,
        -13.385095596313477,
        -13.385955810546875,
        -13.38223648071289,
        -13.384952545166016,
        -13.38963794708252,
        -13.389001846313477,
        -13.387031555175781,
        -13.390480995178223,
        -13.398749351501465,
        -13.389581680297852,
        -13.385438919067383,
        -13.393391609191895,
        -13.389531135559082,
        -13.392158508300781,
        -13.386993408203125,
        -13.401050567626953,
        -13.409056663513184,
        -13.396937370300293,
        -13.399185180664062,
        -13.408280372619629,
        -13.39548397064209,
        -13.402093887329102,
        -13.40654468536377,
        -13.390252113342285,
        -13.40886116027832,
        -13.408170700073242,
        -13.405600547790527,
        -13.414022445678711,
        -13.417421340942383,
        -13.412077903747559,
        -13.407519340515137,
        -13.417933464050293,
        -13.416855812072754,
        -13.405731201171875,
        -13.420943260192871,
        -13.412097930908203,
        -13.40213680267334,
        -13.405510902404785,
        -13.39341926574707,
        -13.418265342712402,
        -13.401006698608398,
        -13.41490364074707,
        -13.413665771484375,
        -13.42007064819336,
        -13.40610122680664,
        -13.413817405700684,
        -13.414321899414062,
        -13.416228294372559,
        -13.423946380615234,
        -13.426767349243164,
