{
    "run_n":2,
    "run_seed":0,
    "ndims":8,
    "nsamples":100000,
    "correlation":"corr",
    "nbijectors":5,
    "bijector":"RealNVPN",
    "spline_knots":8,
    "range_min":-5,
    "hidden_layers":"128-128-128",
    "batch_size":256,
    "activation":"relu",
    "eps_regulariser":0,
    "regulariser":null,
    "dist_seed":0,
    "test_seed":0,
    "kl_divergence":-1,
    "ks_test_mean":0.44338444999648297,
    "ks_test_median":0.48683840217976937,
    "ad_test_mean":0.216087483273825,
    "ad_test_median":0.21196698943465755,
    "Wasserstein_median":0.046684963809640496,
    "Wasserstein_mean":0.046684963809640496,
    "frob_norm":0.03825092222415469,
    "epochs_input":1000,
    "epochs_output":288,
    "time":1625.6716337716207,
    "train_loss_history":[
        15.727580070495605,
        10.701964378356934,
        9.841636657714844,
        9.399653434753418,
        9.20682430267334,
        9.015670776367188,
        8.803677558898926,
        8.676627159118652,
        8.56977367401123,
        8.457833290100098,
        8.486847877502441,
        8.36032772064209,
        8.257400512695312,
        8.20297908782959,
        8.209415435791016,
        8.123730659484863,
        8.063222885131836,
        8.142576217651367,
        7.991832256317139,
        8.049647331237793,
        7.9779953956604,
        7.9344801902771,
        7.930859088897705,
        7.848430156707764,
        7.976252555847168,
        7.9115142822265625,
        7.8571295738220215,
        7.816500186920166,
        7.727933883666992,
        7.727133274078369,
        7.722651958465576,
        7.739067077636719,
        7.636867046356201,
        7.674826622009277,
        7.676723957061768,
        7.620398044586182,
        7.627748966217041,
        7.704031944274902,
        7.60825252532959,
        7.580813407897949,
        7.59212064743042,
        7.582235813140869,
        7.558625221252441,
        7.611660003662109,
        7.551951885223389,
        7.507184982299805,
        7.504812717437744,
        7.472330570220947,
        7.458839416503906,
        7.432926654815674,
        7.504607200622559,
        7.403671741485596,
        7.440636157989502,
        7.482477188110352,
        7.44032096862793,
        7.389110565185547,
        7.45568323135376,
        7.433815956115723,
        7.356149196624756,
        7.396151065826416,
        7.315704822540283,
        7.396865367889404,
        7.324679374694824,
        7.307397365570068,
        7.314554214477539,
        7.287951946258545,
        7.383041858673096,
        7.243982791900635,
        7.41641092300415,
        7.219796180725098,
        7.29168701171875,
        7.215965747833252,
        7.193134307861328,
        7.2699713706970215,
        7.257352352142334,
        7.200936317443848,
        7.1670918464660645,
        7.245900630950928,
        7.268003463745117,
        7.2379350662231445,
        7.19298791885376,
        7.186361312866211,
        7.170318126678467,
        7.12955904006958,
        7.170955657958984,
        7.297707557678223,
        7.195450305938721,
        7.187404632568359,
        7.157210826873779,
        7.187453269958496,
        7.18282413482666,
        7.108373641967773,
        7.099123001098633,
        7.088810443878174,
        7.084649085998535,
        7.138453483581543,
        7.116124629974365,
        7.257487773895264,
        7.046773910522461,
        7.252439975738525,
        7.05878210067749,
        7.066405296325684,
        7.184493541717529,
        7.085215091705322,
        7.102370262145996,
        7.120529651641846,
        7.221797943115234,
        7.0626397132873535,
        7.035436153411865,
        7.0537190437316895,
        7.16880464553833,
        7.177125930786133,
        7.0654706954956055,
        7.1859002113342285,
        7.0526442527771,
        7.089461326599121,
        7.005468368530273,
        7.1308913230896,
        7.067159175872803,
        7.219797134399414,
        7.131067752838135,
        7.0182719230651855,
        7.0851149559021,
        7.007431983947754,
        7.043624401092529,
        7.272978782653809,
        7.106812477111816,
        6.963329792022705,
        7.0227437019348145,
        6.9990434646606445,
        7.0216064453125,
        6.985029697418213,
        6.956236839294434,
        6.9664764404296875,
        7.10738468170166,
        7.242485046386719,
        6.939758777618408,
        6.990062713623047,
        7.076205730438232,
        6.973667144775391,
        7.000521183013916,
        7.03125,
        6.976800441741943,
        6.979414463043213,
        7.1126275062561035,
        6.967153549194336,
        7.016097545623779,
        7.22914457321167,
        7.100429058074951,
        7.012572765350342,
        7.0732245445251465,
        6.982057571411133,
        6.944423198699951,
        6.972379684448242,
        7.0642170906066895,
        6.947695732116699,
        6.9632344245910645,
        6.876797199249268,
        6.959375858306885,
        6.932246208190918,
        6.959446430206299,
        6.911778926849365,
        6.932286262512207,
        6.931941032409668,
        6.903820514678955,
        6.896083354949951,
        7.003055572509766,
        7.09890079498291,
        6.921898365020752,
        6.91200065612793,
        6.995075225830078,
        6.928600311279297,
        6.8909220695495605,
        6.9565348625183105,
        6.90185022354126,
        6.965893268585205,
        6.855267524719238,
        6.8545989990234375,
        6.867249011993408,
        6.872585296630859,
        6.9484333992004395,
        6.866119861602783,
        6.830751419067383,
        6.880880355834961,
        6.8900580406188965,
        6.858958721160889,
        6.868184566497803,
        6.917773246765137,
        6.921639442443848,
        7.018767833709717,
        6.87135124206543,
        6.955976486206055,
        6.914490222930908,
        6.8689799308776855,
        6.881589412689209,
        6.926903247833252,
        6.821402072906494,
        6.89527702331543,
        6.863010883331299,
        6.925350666046143,
        6.824173927307129,
        6.971467018127441,
        6.821551322937012,
        6.930120944976807,
        6.832830429077148,
        6.845767021179199,
        6.838808536529541,
        6.8612751960754395,
        6.907062530517578,
        6.877346992492676,
        6.826772212982178,
        6.798274993896484,
        6.8503594398498535,
        6.545917987823486,
        6.502123832702637,
        6.4900312423706055,
        6.4921345710754395,
        6.471634387969971,
        6.471837043762207,
        6.474626541137695,
        6.458193302154541,
        6.4635491371154785,
        6.4471025466918945,
        6.449173927307129,
        6.44229793548584,
        6.437068462371826,
        6.437829971313477,
        6.424010276794434,
        6.430631160736084,
        6.420711517333984,
        6.418371200561523,
        6.422999382019043,
        6.4167399406433105,
        6.4224419593811035,
        6.4085211753845215,
        6.418135643005371,
        6.399850845336914,
        6.411693572998047,
        6.403414249420166,
        6.394033908843994,
        6.400546073913574,
        6.396761417388916,
        6.407891273498535,
        6.395749568939209,
        6.397220611572266,
        6.390201568603516,
        6.386880397796631,
        6.397989273071289,
        6.389983177185059,
        6.369712829589844,
        6.377049446105957,
        6.38414192199707,
        6.393172740936279,
        6.371225833892822,
        6.377354621887207,
        6.36552095413208,
        6.367991924285889,
        6.370282173156738,
        6.3660888671875,
        6.371421813964844,
        6.384456157684326,
        6.353578090667725,
        6.349904537200928,
        6.366215705871582,
        6.368990421295166,
        6.352607727050781,
        6.35317325592041,
