{
    "run_n":8,
    "run_seed":869,
    "ndims":16,
    "nsamples":100000,
    "correlation":"corr",
    "nbijectors":2,
    "bijector":"MsplineN",
    "spline_knots":8,
    "range_min":-16,
    "hidden_layers":"128-128-128",
    "batch_size":512,
    "activation":"relu",
    "eps_regulariser":0,
    "regulariser":null,
    "dist_seed":0,
    "test_seed":0,
    "kl_divergence":-1,
    "ks_test_mean":0.5010376578306729,
    "ks_test_median":0.5014142244506199,
    "ad_test_mean":0.21490077517384937,
    "ad_test_median":0.21395058799359168,
    "Wasserstein_median":0.008572923469818979,
    "Wasserstein_mean":0.008572923469818979,
    "frob_norm":0.07767610601432585,
    "epochs_input":1000,
    "epochs_output":243,
    "time":1857.210107771214,
    "train_loss_history":[
        34.60206604003906,
        7.343902587890625,
        6.1444172859191895,
        5.809660911560059,
        5.660016059875488,
        5.590288162231445,
        5.51645565032959,
        5.462098598480225,
        5.428490161895752,
        5.427104473114014,
        5.374248504638672,
        5.376728534698486,
        5.354121208190918,
        5.326375484466553,
        5.3160319328308105,
        5.305027484893799,
        5.331202983856201,
        5.308525562286377,
        5.2990031242370605,
        5.279205322265625,
        5.282158851623535,
        5.25209379196167,
        5.2768235206604,
        5.264736175537109,
        5.255862236022949,
        5.236160755157471,
        5.242656707763672,
        5.231752872467041,
        5.23316764831543,
        5.227617263793945,
        5.238985061645508,
        5.225022792816162,
        5.2295026779174805,
        5.2185139656066895,
        5.2280073165893555,
        5.2140607833862305,
        5.207186222076416,
        5.205270767211914,
        5.204309940338135,
        5.198151111602783,
        5.1936750411987305,
        5.20681619644165,
        5.208629608154297,
        5.200769424438477,
        5.193297386169434,
        5.199425220489502,
        5.194125175476074,
        5.180324077606201,
        5.177396297454834,
        5.188896656036377,
        5.193588733673096,
        5.161470413208008,
        5.184804439544678,
        5.180529594421387,
        5.180511951446533,
        5.18462610244751,
        5.171792507171631,
        5.170752048492432,
        5.190797805786133,
        5.177163600921631,
        5.177454948425293,
        5.171355724334717,
        5.172210693359375,
        5.19196891784668,
        5.170578479766846,
        5.167827606201172,
        5.159860134124756,
        5.167176246643066,
        5.158993244171143,
        5.161352634429932,
        5.165678024291992,
        5.164717197418213,
        5.163249492645264,
        5.146313667297363,
        5.157522678375244,
        5.1576924324035645,
        5.149553298950195,
        5.1440935134887695,
        5.149437427520752,
        5.1515679359436035,
        5.149098873138428,
        5.153359889984131,
        5.148257255554199,
        5.152417182922363,
        5.144678592681885,
        5.143086910247803,
        5.1443281173706055,
        5.154972553253174,
        5.140045642852783,
        5.142961502075195,
        5.149394989013672,
        5.145580291748047,
        5.137360572814941,
        5.147637367248535,
        5.135838508605957,
        5.148843288421631,
        5.142482757568359,
        5.138272762298584,
        5.131170749664307,
        5.135588645935059,
        5.132640838623047,
        5.140226364135742,
        5.132044315338135,
        5.12799596786499,
        5.133058547973633,
        5.136943817138672,
        5.130784034729004,
        5.125973701477051,
        5.144906044006348,
        5.127202987670898,
        5.130429744720459,
        5.131285190582275,
        5.13234806060791,
        5.126236438751221,
        5.1211957931518555,
        5.124956130981445,
        5.125276565551758,
        5.116522312164307,
        5.116665363311768,
        5.126181125640869,
        5.121832370758057,
        5.122584342956543,
        5.114534378051758,
        5.118288993835449,
        5.112757682800293,
        5.118306636810303,
        5.121199607849121,
        5.115843296051025,
        5.110071659088135,
        5.115020751953125,
        5.11079216003418,
        5.107053756713867,
        5.111124515533447,
        5.104107856750488,
        5.120625019073486,
        5.107897758483887,
        5.099793434143066,
        5.102824687957764,
        5.097909450531006,
        5.112818241119385,
        5.0924296379089355,
        5.098323822021484,
        5.1107497215271,
        5.105717658996582,
        5.102985858917236,
        5.093267917633057,
        5.097258567810059,
        5.097828388214111,
        5.0852131843566895,
        5.093369960784912,
        5.091596603393555,
        5.094485759735107,
        5.085063457489014,
        5.100549697875977,
        5.086743354797363,
        5.079879283905029,
        5.0838446617126465,
        5.079819202423096,
        5.08693265914917,
        5.080054759979248,
        5.091099739074707,
        5.0876007080078125,
        5.075438499450684,
        5.076145172119141,
        5.079451084136963,
        5.083858489990234,
        5.079823017120361,
        5.076512336730957,
        5.074038028717041,
        5.075942039489746,
        5.077597141265869,
        5.07558012008667,
        5.073047161102295,
        5.07555627822876,
        5.0745344161987305,
        5.073398113250732,
        5.06972074508667,
        5.064791679382324,
        5.070957660675049,
        5.067714691162109,
        5.060626029968262,
        5.0611677169799805,
        5.012137413024902,
        5.002043724060059,
        5.002129554748535,
        5.001421928405762,
        5.002307415008545,
        5.001026153564453,
        5.000552177429199,
        5.001100540161133,
        5.002651214599609,
        5.00008487701416,
        5.0012898445129395,
        4.998637676239014,
        4.998174667358398,
        4.999876499176025,
        4.998775005340576,
        5.000218868255615,
        5.0011725425720215,
        5.000597953796387,
        4.996250152587891,
        4.999456882476807,
        4.999128341674805,
        4.99793815612793,
        4.999631881713867,
        4.999396324157715,
        4.997386455535889,
        4.997056484222412,
        4.997522354125977,
        4.997244358062744,
        4.995650291442871,
        4.995710849761963,
        4.9933576583862305,
        4.992927551269531,
        4.9949564933776855,
        4.995238780975342,
        4.992153167724609,
        4.994144439697266,
        4.992600917816162,
        4.9914631843566895,
        4.993639945983887,
        4.994672775268555,
        4.992259979248047,
        4.990852355957031,
        4.992578029632568,
        4.990947723388672,
        4.992047309875488,
        4.9917707443237305,
        4.990731716156006,
        4.989945411682129,
        4.989878177642822,
        4.988062858581543,
        4.988681316375732,
        4.973814487457275,
        4.971728801727295,
        4.971833229064941,
        4.9714555740356445,
        4.971919059753418,
        4.972024917602539,
        4.971609115600586,
        4.971540927886963,
        4.971113681793213,
        4.9709601402282715
    ],