{
    "run_n":36,
    "run_seed":0,
    "ndims":16,
    "nsamples":100000,
    "correlation":"corr",
    "nbijectors":10,
    "bijector":"CsplineN",
    "spline_knots":12,
    "range_min":-16,
    "hidden_layers":"512-512-512",
    "batch_size":512,
    "activation":"relu",
    "eps_regulariser":0,
    "regulariser":null,
    "dist_seed":0,
    "test_seed":0,
    "kl_divergence":-1,
    "ks_test_mean":0.18655661255948214,
    "ks_test_median":0.2046047059223116,
    "ad_test_mean":0.11013543087047482,
    "ad_test_median":0.10742531233625471,
    "Wasserstein_median":0.09578432065121786,
    "Wasserstein_mean":0.09578432065121786,
    "frob_norm":0.20108327431604778,
    "epochs_input":1000,
    "epochs_output":97,
    "time":5228.124506848864,
    "train_loss_history":[
        40.702999114990234,
        22.735315322875977,
        21.363216400146484,
        20.70919418334961,
        20.257789611816406,
        19.97707748413086,
        19.837779998779297,
        19.492185592651367,
        19.310789108276367,
        19.274314880371094,
        18.990768432617188,
        18.85630989074707,
        18.76024055480957,
        18.66306495666504,
        18.46370506286621,
        18.45353126525879,
        18.315876007080078,
        18.224666595458984,
        18.21169090270996,
        18.14394760131836,
        18.05862808227539,
        18.073488235473633,
        18.04932975769043,
        17.922470092773438,
        17.815139770507812,
        17.7734317779541,
        17.82944679260254,
        17.78849983215332,
        17.7043399810791,
        17.722614288330078,
        17.587743759155273,
        17.647096633911133,
        17.53816032409668,
        17.514131546020508,
        17.434911727905273,
        17.400522232055664,
        17.300270080566406,
        17.280166625976562,
        17.180097579956055,
        17.155517578125,
        17.10364532470703,
        17.05294418334961,
        17.034700393676758,
        16.994312286376953,
        16.936235427856445,
        16.932008743286133,
        16.897687911987305,
        16.84052085876465,
        16.819395065307617,
        16.762619018554688,
        16.734371185302734,
        16.680360794067383,
        16.62555694580078,
        16.603538513183594,
        16.577451705932617,
        16.559799194335938,
        16.479230880737305,
        16.409778594970703,
        16.431095123291016,
        16.370203018188477,
        16.34211540222168,
        16.27953338623047,
        16.243764877319336,
        16.22036361694336,
        16.147918701171875,
        16.079639434814453,
        16.0467586517334,
        16.005775451660156,
        15.961336135864258,
        15.901290893554688,
        15.891210556030273,
        15.856003761291504,
        15.748788833618164,
        15.72331428527832,
        15.646689414978027,
        15.632987976074219,
        15.592693328857422,
        15.552765846252441,
        15.48738956451416,
        15.412896156311035,
        15.406455039978027,
        15.383989334106445,
        15.273738861083984,
        15.236603736877441,
        15.209348678588867,
        15.1646146774292,
        15.140074729919434,
        14.176856994628906,
        13.585165977478027,
        13.319981575012207,
        13.116416931152344,
        12.958122253417969,
        12.851287841796875,
        12.713972091674805,
        12.610757827758789,
        12.492077827453613,
        12.413081169128418
    ],
    "val_loss_history":[
        23.69038963317871,
        22.094974517822266,
        20.931161880493164,
        20.13861656188965,
        19.590530395507812,
        20.12980079650879,
        19.234853744506836,
        19.398874282836914,
        20.109378814697266,
        19.038724899291992,
        18.93623924255371,
        18.67771339416504,
        19.076780319213867,
        18.641462326049805,
        19.03584861755371,
        18.32135009765625,
        18.357158660888672,
        18.193185806274414,
        18.36754608154297,
        18.831087112426758,
        18.117883682250977,
        18.80826187133789,
        18.105972290039062,
        18.060142517089844,
        18.113595962524414,
        18.05636215209961,
        18.0792293548584,
        18.034231185913086,
        17.984766006469727,
        18.25663185119629,
        18.063636779785156,
        18.098129272460938,
        18.125091552734375,
        18.118759155273438,
        18.223814010620117,
        17.887956619262695,
        17.794416427612305,
        17.980022430419922,
        17.975614547729492,
        17.85879135131836,
        17.927579879760742,
        18.09547996520996,
        18.076515197753906,
        17.863170623779297,
        17.80868148803711,
        17.994041442871094,
        17.925195693969727,
        17.99029541015625,
        17.957059860229492,
        17.952356338500977,
        18.25663948059082,
        17.992656707763672,
        18.27898597717285,
        18.099803924560547,
        18.199453353881836,
        18.17010498046875,
        18.248998641967773,
        18.328651428222656,
        18.451740264892578,
        18.265182495117188,
        18.363441467285156,
        18.36481285095215,
        18.440818786621094,
        18.490184783935547,
        18.49270248413086,
        18.68732261657715,
        18.75918960571289,
        18.704914093017578,
        18.740201950073242,
        18.89607048034668,
        18.929290771484375,
        18.98158836364746,
        18.945240020751953,
        18.994558334350586,
        19.007156372070312,
        19.009611129760742,
        19.028972625732422,
        19.228633880615234,
        19.231449127197266,
        19.472381591796875,
        19.38030242919922,
        19.470821380615234,
        19.37311363220215,
        19.621437072753906,
        19.513870239257812,
        19.701513290405273,
        19.681928634643555,
        20.671768188476562,
        21.395912170410156,
        21.863935470581055,
        22.37091064453125,
        22.57317543029785,
        23.07793426513672,
        23.23272132873535,
        23.76674461364746,
        23.863147735595703,
        24.102935791015625
    ],
    "best_train_loss":17.300270080566406,
    "best_val_loss":17.794416427612305,
    "best_epoch":36
}