{
    "run_n":40,
    "run_seed":0,
    "ndims":400,
    "nsamples":100000,
    "correlation":"corr",
    "nbijectors":10,
    "bijector":"MsplineN",
    "spline_knots":12,
    "range_min":-16,
    "hidden_layers":"512-512-512",
    "batch_size":512,
    "activation":"relu",
    "eps_regulariser":0,
    "regulariser":null,
    "dist_seed":0,
    "test_seed":0,
    "kl_divergence":-1,
    "ks_test_mean":0.11580685970657487,
    "ks_test_median":0.09261771842035002,
    "ad_test_mean":0.0673480253497443,
    "ad_test_median":0.0748106361010611,
    "Wasserstein_median":0.2196140674884886,
    "Wasserstein_mean":0.2196140674884886,
    "frob_norm":16.203641081507012,
    "epochs_input":1000,
    "epochs_output":82,
    "time":4740.841192917898,
    "train_loss_history":[
        448.827880859375,
        205.62472534179688,
        190.4853515625,
        184.2688751220703,
        179.77090454101562,
        177.16136169433594,
        174.67080688476562,
        172.96783447265625,
        171.2420196533203,
        170.49993896484375,
        169.42623901367188,
        168.1992645263672,
        167.41351318359375,
        167.04258728027344,
        165.78985595703125,
        165.39285278320312,
        164.81243896484375,
        164.0853271484375,
        163.35189819335938,
        163.0769500732422,
        162.47406005859375,
        161.79457092285156,
        161.2207489013672,
        160.66908264160156,
        160.0891876220703,
        159.3534698486328,
        158.81700134277344,
        158.35537719726562,
        157.53424072265625,
        156.92013549804688,
        156.22518920898438,
        155.77952575683594,
        154.85516357421875,
        154.28221130371094,
        153.8060760498047,
        153.05906677246094,
        152.38629150390625,
        151.54251098632812,
        151.18528747558594,
        150.3616485595703,
        149.4194793701172,
        148.941650390625,
        148.0419158935547,
        147.2206573486328,
        146.66769409179688,
        146.07766723632812,
        145.2926025390625,
        144.2310333251953,
        143.91172790527344,
        143.03370666503906,
        142.07879638671875,
        141.98399353027344,
        141.09986877441406,
        140.09072875976562,
        139.45828247070312,
        138.79905700683594,
        138.08859252929688,
        137.2403564453125,
        136.70330810546875,
        136.2622833251953,
        135.27975463867188,
        134.5470428466797,
        134.12071228027344,
        133.42788696289062,
        132.8040313720703,
        132.0014190673828,
        131.5174102783203,
        130.9204864501953,
        130.14907836914062,
        129.70004272460938,
        128.92236328125,
        128.3814239501953,
        113.10136413574219,
        108.59896087646484,
        106.84634399414062,
        105.70116424560547,
        104.59844207763672,
        103.6839599609375,
        102.84300994873047,
        102.34046173095703,
        101.45614624023438,
        100.95370483398438
    ],
    "val_loss_history":[
        220.7404022216797,
        197.91990661621094,
        187.11984252929688,
        184.64263916015625,
        178.3120880126953,
        177.22254943847656,
        176.6739044189453,
        174.2366943359375,
        173.0124969482422,
        172.37828063964844,
        172.5039520263672,
        170.22727966308594,
        170.16506958007812,
        171.46925354003906,
        168.6078338623047,
        168.0780487060547,
        169.5750274658203,
        167.85128784179688,
        167.91224670410156,
        169.69161987304688,
        170.47621154785156,
        167.7557830810547,
        168.56004333496094,
        168.9395294189453,
        170.0557403564453,
        168.5614013671875,
        169.08602905273438,
        168.4995574951172,
        170.49559020996094,
        170.08843994140625,
        170.29176330566406,
        169.74461364746094,
        170.81736755371094,
        171.37648010253906,
        170.9200897216797,
        172.2355499267578,
        173.09523010253906,
        174.07064819335938,
        173.41177368164062,
        174.4757843017578,
        175.4634552001953,
        176.8353729248047,
        176.10153198242188,
        176.08384704589844,
        177.63429260253906,
        178.4113006591797,
        179.32371520996094,
        179.0789794921875,
        179.606201171875,
        181.22512817382812,
        182.62335205078125,
        182.7388458251953,
        183.3299102783203,
        184.05955505371094,
        185.34768676757812,
        186.53280639648438,
        185.87644958496094,
        187.33099365234375,
        187.65231323242188,
        188.91336059570312,
        189.0996551513672,
        190.75973510742188,
        191.84310913085938,
        191.6598358154297,
        192.54515075683594,
        193.33059692382812,
        194.11663818359375,
        195.1520538330078,
        195.80758666992188,
        196.3303985595703,
        197.2119598388672,
        197.11085510253906,
        209.16395568847656,
        214.18568420410156,
        218.09918212890625,
        221.68003845214844,
        225.59326171875,
        227.78073120117188,
        230.84085083007812,
        232.9801483154297,
        236.0109100341797,
        238.17979431152344
    ],
    "best_train_loss":161.79457092285156,
    "best_val_loss":167.7557830810547,
    "best_epoch":21
}