{
    "run_n":9,
    "run_seed":926,
    "ndims":16,
    "nsamples":100000,
    "correlation":"corr",
    "nbijectors":2,
    "bijector":"MsplineN",
    "spline_knots":8,
    "range_min":-16,
    "hidden_layers":"128-128-128",
    "batch_size":512,
    "activation":"relu",
    "eps_regulariser":0,
    "regulariser":null,
    "dist_seed":0,
    "test_seed":0,
    "kl_divergence":-1,
    "ks_test_mean":0.5148006913349021,
    "ks_test_median":0.5163129134613947,
    "ad_test_mean":0.21892088164370976,
    "ad_test_median":0.21717531139923058,
    "Wasserstein_median":0.013478844938947028,
    "Wasserstein_mean":0.013478844938947028,
    "frob_norm":0.18494226623239388,
    "epochs_input":1000,
    "epochs_output":208,
    "time":1447.3190981708467,
    "train_loss_history":[
        38.397125244140625,
        7.665431022644043,
        6.416081428527832,
        6.040317535400391,
        5.838120937347412,
        5.696686267852783,
        5.601054668426514,
        5.545167922973633,
        5.500278949737549,
        5.441844940185547,
        5.413919925689697,
        5.400167942047119,
        5.3726325035095215,
        5.376100540161133,
        5.348817348480225,
        5.343967914581299,
        5.327839374542236,
        5.316571235656738,
        5.307781219482422,
        5.317037582397461,
        5.292750358581543,
        5.263270378112793,
        5.250568389892578,
        5.2584028244018555,
        5.251955032348633,
        5.248565673828125,
        5.234201908111572,
        5.243111610412598,
        5.24583101272583,
        5.214443206787109,
        5.2355804443359375,
        5.21949577331543,
        5.211845397949219,
        5.204500675201416,
        5.211555480957031,
        5.211956977844238,
        5.227293968200684,
        5.185432434082031,
        5.203416347503662,
        5.192479133605957,
        5.1824421882629395,
        5.180906295776367,
        5.181992053985596,
        5.180153846740723,
        5.2099690437316895,
        5.179806232452393,
        5.168949604034424,
        5.164034843444824,
        5.165169715881348,
        5.179769992828369,
        5.164857387542725,
        5.192812919616699,
        5.173455715179443,
        5.155700206756592,
        5.157788276672363,
        5.163210391998291,
        5.154728412628174,
        5.149888038635254,
        5.156805038452148,
        5.157313823699951,
        5.154177188873291,
        5.145666599273682,
        5.14121150970459,
        5.153435707092285,
        5.141903400421143,
        5.164325714111328,
        5.148156642913818,
        5.139371871948242,
        5.1377739906311035,
        5.14328670501709,
        5.13509464263916,
        5.147632598876953,
        5.141489505767822,
        5.142828941345215,
        5.13566255569458,
        5.144886016845703,
        5.143149375915527,
        5.134397983551025,
        5.121139049530029,
        5.127871513366699,
        5.127671718597412,
        5.119543075561523,
        5.128499984741211,
        5.1322407722473145,
        5.123161315917969,
        5.1435346603393555,
        5.124297618865967,
        5.119679927825928,
        5.115961074829102,
        5.116305828094482,
        5.109865665435791,
        5.1175994873046875,
        5.117975234985352,
        5.111352920532227,
        5.140167236328125,
        5.116332530975342,
        5.112782001495361,
        5.132195472717285,
        5.100787162780762,
        5.107723712921143,
        5.109707832336426,
        5.116232872009277,
        5.118444919586182,
        5.11624813079834,
        5.109099864959717,
        5.0996198654174805,
        5.108729362487793,
        5.106525421142578,
        5.119373321533203,
        5.10877799987793,
        5.103298187255859,
        5.119193077087402,
        5.1092329025268555,
        5.10537052154541,
        5.09467077255249,
        5.104228496551514,
        5.105937480926514,
        5.101799488067627,
        5.097120761871338,
        5.105225563049316,
        5.090780735015869,
        5.102952003479004,
        5.093451499938965,
        5.095629692077637,
        5.091541767120361,
        5.0960235595703125,
        5.094005584716797,
        5.089970588684082,
        5.092374324798584,
        5.088482856750488,
        5.0871052742004395,
        5.092931270599365,
        5.087920665740967,
        5.097555160522461,
        5.090054035186768,
        5.080475807189941,
        5.084537982940674,
        5.081223487854004,
        5.084787368774414,
        5.081719875335693,
        5.081758499145508,
        5.08421516418457,
        5.0807695388793945,
        5.075319766998291,
        5.0806427001953125,
        5.073409080505371,
        5.078973293304443,
        5.017385482788086,
        5.018218040466309,
        5.013236999511719,
        5.012810707092285,
        5.012683868408203,
        5.0128397941589355,
        5.012111186981201,
        5.01082706451416,
        5.011636257171631,
        5.011903285980225,
        5.012877941131592,
        5.010104656219482,
        5.012044429779053,
        5.011379718780518,
        5.011264324188232,
        5.0117316246032715,
        5.012351989746094,
        5.007577896118164,
        5.007454872131348,
        5.0080342292785645,
        5.009138584136963,
        5.008205890655518,
        5.010822772979736,
        5.009334087371826,
        5.006516456604004,
        5.008060932159424,
        5.004499435424805,
        5.003851413726807,
        5.00879430770874,
        5.007280349731445,
        5.004210948944092,
        5.006791591644287,
        5.005548000335693,
        5.003280162811279,
        5.003418445587158,
        5.0049519538879395,
        5.00363302230835,
        5.005167007446289,
        5.005302906036377,
        5.006130218505859,
        5.00193452835083,
        5.001932621002197,
        5.00311279296875,
        5.001392841339111,
        5.000969886779785,
        5.001668930053711,
        4.999855041503906,
        5.004589557647705,
        5.000972747802734,
        5.000061511993408,
        5.000542640686035,
        4.983739852905273,
        4.981719970703125,
        4.982446670532227,
        4.981909275054932,
        4.9820661544799805,
        4.981642246246338,
        4.982031345367432,
        4.981808185577393,
        4.98146915435791,
        4.981473922729492
    ],