{
    "run_n":72,
    "run_seed":0,
    "ndims":100,
    "nsamples":100000,
    "correlation":"corr",
    "nbijectors":10,
    "bijector":"CsplineN",
    "spline_knots":12,
    "range_min":-16,
    "hidden_layers":"512-512-512",
    "batch_size":512,
    "activation":"relu",
    "eps_regulariser":0,
    "regulariser":null,
    "dist_seed":0,
    "test_seed":0,
    "kl_divergence":-1,
    "ks_test_mean":0.049862636074463194,
    "ks_test_median":0.0075748973090068485,
    "ad_test_mean":0.010920206513162629,
    "ad_test_median":0.04582154237268179,
    "Wasserstein_median":0.20672419157646124,
    "Wasserstein_mean":0.20672419157646124,
    "frob_norm":0.7520746699579404,
    "epochs_input":1000,
    "epochs_output":185,
    "time":10441.220015342813,
    "train_loss_history":[
        660.503173828125,
        205.03880310058594,
        191.48464965820312,
        183.4825897216797,
        177.7900390625,
        174.44314575195312,
        171.84898376464844,
        169.13453674316406,
        167.68214416503906,
        165.559326171875,
        164.6000213623047,
        163.90048217773438,
        162.98521423339844,
        161.78892517089844,
        161.51092529296875,
        161.10769653320312,
        160.0613250732422,
        159.73822021484375,
        159.12664794921875,
        158.3188018798828,
        157.55331420898438,
        157.1049346923828,
        156.97056579589844,
        156.10630798339844,
        155.80836486816406,
        155.07949829101562,
        155.1661376953125,
        154.39151000976562,
        154.40081787109375,
        154.23675537109375,
        153.8298797607422,
        153.7080535888672,
        153.28646850585938,
        152.94944763183594,
        152.60745239257812,
        152.5413055419922,
        152.1979217529297,
        151.933349609375,
        151.95675659179688,
        151.35452270507812,
        151.36209106445312,
        151.54563903808594,
        151.23487854003906,
        150.9711151123047,
        150.5221710205078,
        150.67312622070312,
        150.3066864013672,
        150.25148010253906,
        149.97222900390625,
        149.63197326660156,
        149.56617736816406,
        149.705078125,
        149.37332153320312,
        149.16403198242188,
        149.09432983398438,
        149.00222778320312,
        148.78416442871094,
        148.82838439941406,
        149.0136260986328,
        148.54600524902344,
        148.6044464111328,
        148.4224090576172,
        148.2550811767578,
        148.7966766357422,
        148.08567810058594,
        147.91497802734375,
        148.23944091796875,
        148.31423950195312,
        147.796875,
        147.8407745361328,
        147.88427734375,
        147.6765594482422,
        147.8029022216797,
        147.51063537597656,
        147.33277893066406,
        147.20184326171875,
        147.6916046142578,
        147.01748657226562,
        147.21588134765625,
        147.03919982910156,
        146.91722106933594,
        146.75421142578125,
        146.59210205078125,
        146.82115173339844,
        146.40467834472656,
        146.3770751953125,
        146.24118041992188,
        146.1483612060547,
        146.7604217529297,
        146.17010498046875,
        146.06051635742188,
        145.72682189941406,
        145.9510498046875,
        145.97352600097656,
        145.74249267578125,
        145.60601806640625,
        145.57322692871094,
        145.47230529785156,
        145.36915588378906,
        145.3763427734375,
        145.14862060546875,
        145.06857299804688,
        145.1527862548828,
        145.07579040527344,
        144.89239501953125,
        144.75961303710938,
        144.9912567138672,
        144.7462615966797,
        144.7296142578125,
        144.6802520751953,
        144.5546875,
        144.4781494140625,
        144.28323364257812,
        144.1545867919922,
        144.59104919433594,
        144.1392059326172,
        143.90692138671875,
        143.98468017578125,
        144.0419921875,
        144.84230041503906,
        143.85638427734375,
        144.13739013671875,
        143.89178466796875,
        144.67642211914062,
        143.60781860351562,
        143.35302734375,
        144.22425842285156,
        143.53671264648438,
        143.95205688476562,
        144.00372314453125,
        144.10411071777344,
        143.04513549804688,
        143.6290283203125,
        143.98484802246094,
        143.122314453125,
        143.2274932861328,
        143.11972045898438,
        142.74752807617188,
        143.408935546875,
        142.6365203857422,
        142.7132568359375,
        142.47943115234375,
        143.93099975585938,
        142.46434020996094,
        142.35316467285156,
        142.62242126464844,
        143.3453826904297,
        142.27865600585938,
        142.30441284179688,
        142.1604766845703,
        141.70236206054688,
        142.51040649414062,
        142.36212158203125,
        141.8258056640625,
        142.13873291015625,
        142.38821411132812,
        142.05352783203125,
        141.72897338867188,
        141.75497436523438,
        141.99432373046875,
        142.06301879882812,
        142.9909210205078,
        142.09458923339844,
        141.3573760986328,
        142.12156677246094,
        142.0083465576172,
        141.45799255371094,
        141.5218963623047,
        141.93861389160156,
        142.66212463378906,
        141.49212646484375,
        141.09414672851562,
        141.25489807128906,
        141.1691131591797,
        141.4419708251953,
        139.3448028564453,
        138.60606384277344,
        138.35186767578125,
        138.22743225097656,
        138.1141357421875,
        138.01426696777344,
        137.92945861816406,
        137.90321350097656,
        137.82989501953125,
        137.7743682861328
    ],