{
    "run_n":3,
    "run_seed":null,
    "ndims":64,
    "nsamples":100000,
    "correlation":"corr",
    "nbijectors":5,
    "bijector":"CsplineN",
    "spline_knots":12,
    "range_min":-16,
    "hidden_layers":"128-128-128",
    "batch_size":512,
    "activation":"relu",
    "eps_regulariser":0,
    "regulariser":null,
    "dist_seed":0,
    "test_seed":0,
    "ks_mean":8.942177122983586e-06,
    "ks_std":0.00014294210754335092,
    "ad_mean":0.0010000000000000002,
    "ad_std":2.168404344971009e-19,
    "wd_mean":0.3525100843894768,
    "wd_std":0.23198976169877178,
    "swd_mean":0.3819037982811978,
    "swd_std":0.1522313920790476,
    "fn_mean":10.049617163973787,
    "fn_std":0.04861253487072333,
    "epochs_input":1000,
    "epochs_output":27,
    "time":814.5424528419971,
    "train_loss_history":[
        1340.1668701171875,
        350.2900085449219,
        209.96653747558594,
        132.19984436035156,
        108.28211975097656,
        93.80787658691406,
        81.71636962890625,
        74.5151138305664,
        74.17625427246094,
        66.49022674560547,
        63.38911437988281,
        64.03656768798828,
        59.71536636352539,
        54.86993408203125,
        52.34895706176758,
        68.061767578125,
        51.316978454589844,
        57.363433837890625,
        47.10943603515625,
        49.736289978027344,
        54.595298767089844,
        56.18486404418945,
        51.705997467041016,
        44.190731048583984,
        42.81208801269531,
        42.55928039550781,
        NaN
    ],
    "val_loss_history":[
        328.2295227050781,
        306.9668273925781,
        157.5220184326172,
        118.90675354003906,
        98.4789810180664,
        85.47508239746094,
        76.19947814941406,
        70.5683364868164,
        69.60755157470703,
        80.31848907470703,
        58.21200942993164,
        60.067955017089844,
        54.21216583251953,
        51.744991302490234,
        59.03457260131836,
        56.437599182128906,
        49.719058990478516,
        56.03152847290039,
        46.338924407958984,
        44.1937370300293,
        43.57595443725586,
        75.04981994628906,
        45.44222640991211,
        41.8344841003418,
        45.08983612060547,
        41.92818069458008,
        NaN
    ],
    "best_train_loss":[],
    "best_val_loss":NaN,
    "best_epoch":[]
}