{
    "run_n":6,
    "run_seed":null,
    "ndims":64,
    "nsamples":100000,
    "correlation":"corr",
    "nbijectors":5,
    "bijector":"CsplineN",
    "spline_knots":12,
    "range_min":-16,
    "hidden_layers":"128-128-128",
    "batch_size":512,
    "activation":"relu",
    "eps_regulariser":0,
    "regulariser":null,
    "dist_seed":0,
    "test_seed":0,
    "ks_mean":0.1835050389193275,
    "ks_std":0.20890893436677974,
    "ad_mean":0.11590398425772988,
    "ad_std":0.10091856766325248,
    "wd_mean":0.050205117732943824,
    "wd_std":0.026755245908937172,
    "swd_mean":0.0505988029948589,
    "swd_std":0.026930974636441028,
    "fn_mean":0.7969554239679779,
    "fn_std":0.0924022323201426,
    "epochs_input":1000,
    "epochs_output":278,
    "time":7687.081825528992,
    "train_loss_history":[
        1335.2166748046875,
        254.56460571289062,
        206.6608428955078,
        279.1727294921875,
        133.48365783691406,
        100.63003540039062,
        86.66593170166016,
        74.18431091308594,
        66.04135131835938,
        60.229007720947266,
        57.028873443603516,
        57.34657287597656,
        51.71575164794922,
        49.47457504272461,
        48.19945526123047,
        46.4271125793457,
        44.79429626464844,
        43.08476257324219,
        41.574363708496094,
        40.6933708190918,
        40.21033477783203,
        40.232208251953125,
        41.11807632446289,
        38.52985382080078,
        37.75210189819336,
        38.79353332519531,
        38.125160217285156,
        37.2951774597168,
        38.11222839355469,
        36.74485778808594,
        36.20624923706055,
        35.77840042114258,
        35.7799072265625,
        35.50822067260742,
        34.8342170715332,
        35.04507064819336,
        34.58375930786133,
        34.47506332397461,
        34.333744049072266,
        34.011016845703125,
        34.03871154785156,
        33.6219367980957,
        33.53679275512695,
        33.55112075805664,
        33.86920166015625,
        33.08381652832031,
        33.14588165283203,
        33.17091369628906,
        33.157623291015625,
        33.02434158325195,
        32.748741149902344,
        32.706485748291016,
        32.68882369995117,
        32.757110595703125,
        32.45368576049805,
        32.60576248168945,
        32.59169387817383,
        32.38587188720703,
        32.230587005615234,
        32.18169403076172,
        32.21957015991211,
        32.150020599365234,
        31.926279067993164,
        32.11064529418945,
        32.00522232055664,
        31.806522369384766,
        31.62709617614746,
        31.790149688720703,
        31.7305850982666,
        31.527992248535156,
        31.706890106201172,
        31.71535301208496,
        31.555950164794922,
        31.513174057006836,
        31.730703353881836,
        31.475811004638672,
        31.280031204223633,
        31.1503849029541,
        31.204315185546875,
        31.21947479248047,
        31.00368881225586,
        31.001554489135742,
        31.5948429107666,
        30.873153686523438,
        30.92947769165039,
        31.480613708496094,
        31.12868881225586,
        30.954532623291016,
        30.674903869628906,
        30.92962074279785,
        30.77259635925293,
        30.660245895385742,
        30.87788963317871,
        30.65462875366211,
        30.589561462402344,
        30.8402042388916,
        30.516510009765625,
        30.75746726989746,
        30.29304313659668,
        30.42998504638672,
        30.668325424194336,
        30.431989669799805,
        30.310657501220703,
        30.279863357543945,
        30.27613639831543,
        30.3603458404541,
        30.322397232055664,
        30.13343620300293,
        30.34223175048828,
        29.946083068847656,
        30.254657745361328,
        30.106271743774414,
        30.0477352142334,
        29.92265510559082,
        30.114282608032227,
        29.95516586303711,
        29.76587677001953,
        30.39832878112793,
        29.90169906616211,
        29.63152503967285,
        29.824562072753906,
        29.708921432495117,
        29.737083435058594,
        29.74658966064453,
        29.6422176361084,
        29.894296646118164,
        29.86109161376953,
        29.500417709350586,
        29.55331039428711,
        29.583208084106445,
        29.367324829101562,
        29.720792770385742,
        29.702852249145508,
        29.56707000732422,
        29.63107681274414,
        29.433313369750977,
        29.300334930419922,
        29.53421974182129,
        29.5177001953125,
        29.23619842529297,
        29.527667999267578,
        29.521221160888672,
        29.294387817382812,
        29.17998504638672,
        29.253890991210938,
        29.335826873779297,
        29.325727462768555,
        29.15107536315918,
        29.40076446533203,
        29.14021873474121,
        29.139711380004883,
        29.190515518188477,
        29.249706268310547,
        29.08362579345703,
        29.04303550720215,
        29.027118682861328,
        29.13355827331543,
        29.011226654052734,
        29.111915588378906,
        28.924480438232422,
        28.905927658081055,
        29.044021606445312,
        28.95428466796875,
        29.18476676940918,
        28.839845657348633,
        28.84623146057129,
        29.011369705200195,
        28.707399368286133,
        28.817705154418945,
        28.891313552856445,
        28.676408767700195,
        28.715974807739258,
        28.875732421875,
        28.664297103881836,
        28.72496795654297,
        28.739730834960938,
        28.761184692382812,
        28.74357032775879,
        28.690277099609375,
        28.602991104125977,
        28.897197723388672,
        28.664661407470703,
        28.63132667541504,
        28.76628875732422,
        28.540576934814453,
        28.413862228393555,
        28.605974197387695,
        28.856565475463867,
        28.561321258544922,
        28.605289459228516,
        28.530799865722656,
        28.426498413085938,
        28.540969848632812,
        28.526718139648438,
        28.399572372436523,
        28.449007034301758,
        28.548315048217773,
        28.434223175048828,
        28.370336532592773,
        28.48816680908203,
        28.532522201538086,
        28.440114974975586,
        28.26063346862793,
        28.34354019165039,
        28.513139724731445,
        28.265947341918945,
        28.46712875366211,
        28.28725242614746,
        28.34807586669922,
        28.273998260498047,
        28.21746063232422,
        28.191394805908203,
        28.134845733642578,
        28.367050170898438,
        28.39760971069336,
        28.19731330871582,
        28.35434913635254,
        27.247467041015625,
        27.02152442932129,
        26.99059295654297,
        26.958450317382812,
        26.975934982299805,
        26.97201156616211,
        26.967912673950195,
        26.972640991210938,
        26.96126937866211,
        26.96192169189453,
        26.95220375061035,
        26.9630069732666,
        26.965330123901367,
        26.977001190185547,
        26.944866180419922,
        26.95410919189453,
        26.967021942138672,
        26.960264205932617,
        26.95728302001953,
        26.962705612182617,
        26.94368553161621,
        26.943622589111328,
        26.97492218017578,
        26.933225631713867,
        26.92771339416504,
        26.94573211669922,
        26.935331344604492,
        26.913434982299805,
        26.930906295776367,
        26.910953521728516,
        26.928987503051758,
        26.89910125732422,
        26.928466796875,
        26.930261611938477,
        26.90155792236328,
        26.909719467163086,
        26.887550354003906,
        26.8591365814209,
        26.900821685791016,
        26.88802146911621,
        26.87388038635254,
        26.867149353027344,
        26.881383895874023,
        26.863677978515625,
