{
    "run_n":12,
    "run_seed":0,
    "ndims":16,
    "nsamples":100000,
    "correlation":"corr",
    "nbijectors":2,
    "bijector":"MsplineN",
    "spline_knots":12,
    "range_min":-16,
    "hidden_layers":"256-256-256",
    "batch_size":512,
    "activation":"relu",
    "eps_regulariser":0,
    "regulariser":null,
    "dist_seed":0,
    "test_seed":0,
    "kl_divergence":-1,
    "ks_test_mean":0.42373688953945654,
    "ks_test_median":0.47911514976495556,
    "ad_test_mean":0.2086871271761951,
    "ad_test_median":0.19283497657607476,
    "Wasserstein_median":0.02026516007918322,
    "Wasserstein_mean":0.02026516007918322,
    "frob_norm":0.28321234278448476,
    "epochs_input":1000,
    "epochs_output":104,
    "time":552.7049644161016,
    "train_loss_history":[
        25.125459671020508,
        6.378941535949707,
        5.7510809898376465,
        5.566404342651367,
        5.446777820587158,
        5.398214817047119,
        5.335734844207764,
        5.346625804901123,
        5.3148088455200195,
        5.321680545806885,
        5.27124547958374,
        5.289034366607666,
        5.248195171356201,
        5.27545166015625,
        5.242711544036865,
        5.2387237548828125,
        5.2153825759887695,
        5.2418036460876465,
        5.212592124938965,
        5.234360694885254,
        5.21975564956665,
        5.205629825592041,
        5.204914093017578,
        5.206280708312988,
        5.20758581161499,
        5.18048620223999,
        5.202104091644287,
        5.204437255859375,
        5.1819963455200195,
        5.17158317565918,
        5.169597625732422,
        5.186075210571289,
        5.1753315925598145,
        5.1537957191467285,
        5.182165145874023,
        5.177083969116211,
        5.173539161682129,
        5.155531406402588,
        5.168490409851074,
        5.167081832885742,
        5.153621196746826,
        5.161312103271484,
        5.158538341522217,
        5.148407459259033,
        5.150562286376953,
        5.14107084274292,
        5.137561321258545,
        5.1289448738098145,
        5.123968124389648,
        5.139223575592041,
        5.122966289520264,
        5.1261725425720215,
        5.120669364929199,
        5.132370948791504,
        5.1170878410339355,
        5.121081352233887,
        5.115401268005371,
        5.106533527374268,
        5.110134601593018,
        5.114607810974121,
        5.101364612579346,
        5.099340438842773,
        5.107398509979248,
        5.0945844650268555,
        5.0956010818481445,
        5.097873210906982,
        5.086080074310303,
        5.083107948303223,
        5.085787773132324,
        5.080545425415039,
        5.067782878875732,
        5.069094181060791,
        5.072907447814941,
        5.074314594268799,
        5.069005012512207,
        5.062330722808838,
        5.054495811462402,
        5.059146404266357,
        5.0532073974609375,
        5.05533504486084,
        5.044708251953125,
        5.047659873962402,
        5.0451765060424805,
        5.033998489379883,
        5.031558990478516,
        5.030289649963379,
        5.025813102722168,
        5.021844863891602,
        5.0189008712768555,
        5.009952545166016,
        5.011465072631836,
        5.001307010650635,
        5.008657455444336,
        5.004474639892578,
        4.9037580490112305,
        4.88691520690918,
        4.882297992706299,
        4.8797078132629395,
        4.876544952392578,
        4.877689361572266,
        4.871881484985352,
        4.875433444976807,
        4.87074613571167,
        4.867851734161377
    ],
    "val_loss_history":[
        7.146047592163086,
        6.188996315002441,
        5.700695991516113,
        5.413898468017578,
        5.446796894073486,
        5.3584160804748535,
        5.351493835449219,
        5.294930934906006,
        5.363971710205078,
        5.34189510345459,
        5.3035736083984375,
        5.22161340713501,
        5.22686767578125,
        5.292130947113037,
        5.28492546081543,
        5.297706127166748,
        5.209671497344971,
        5.223720550537109,
        5.220766067504883,
        5.150632858276367,
        5.186403274536133,
        5.171670913696289,
        5.323821067810059,
        5.207760334014893,
        5.237054824829102,
        5.202510833740234,
        5.201831817626953,
        5.177920341491699,
        5.176788330078125,
        5.207847595214844,
        5.208443641662598,
        5.283385753631592,
        5.183268070220947,
        5.151272773742676,
        5.25075626373291,
        5.1808552742004395,
        5.152626991271973,
        5.226428031921387,
        5.231325149536133,
        5.1732869148254395,
        5.162617206573486,
        5.172636032104492,
        5.135407447814941,
        5.1312479972839355,
        5.221399307250977,
        5.192229747772217,
        5.210328578948975,
        5.170431613922119,
        5.159372806549072,
        5.143776893615723,
        5.222474575042725,
        5.218852519989014,
        5.154378414154053,
        5.164461612701416,
        5.223363399505615,
        5.149847030639648,
        5.189684867858887,
        5.217728137969971,
        5.2513885498046875,
        5.2004170417785645,
        5.176741600036621,
        5.1650519371032715,
        5.192907810211182,
        5.17454719543457,
        5.162483215332031,
        5.15005350112915,
        5.218180179595947,
        5.158824920654297,
        5.175587177276611,
        5.161844730377197,
        5.202503681182861,
        5.176792621612549,
        5.161789417266846,
        5.204253673553467,
        5.2732415199279785,
        5.228686332702637,
        5.19205379486084,
        5.194543838500977,
        5.169030666351318,
        5.2135090827941895,
        5.242835998535156,
        5.205716609954834,
        5.195162296295166,
        5.188311576843262,
        5.222311496734619,
        5.271087169647217,
        5.186120510101318,
        5.213582992553711,
        5.204897880554199,
        5.218102931976318,
        5.233821392059326,
        5.275389194488525,
        5.244643211364746,
        5.231537342071533,
        5.203798294067383,
        5.212920665740967,
        5.217199802398682,
        5.232923984527588,
        5.239433765411377,
        5.238330364227295,
        5.246245861053467,
        5.2617034912109375,
        5.248790264129639,
        5.273534774780273
    ],
    "best_train_loss":5.148407459259033,
    "best_val_loss":5.1312479972839355,
    "best_epoch":43
}