{
    "run_n":10,
    "run_seed":0,
    "ndims":16,
    "nsamples":100000,
    "correlation":"corr",
    "nbijectors":5,
    "bijector":"MAFN",
    "spline_knots":8,
    "range_min":-5,
    "hidden_layers":"256-256-256",
    "batch_size":512,
    "activation":"relu",
    "eps_regulariser":0,
    "regulariser":null,
    "dist_seed":0,
    "test_seed":0,
    "kl_divergence":-1,
    "ks_test_mean":0.47268183854200807,
    "ks_test_median":0.4756201578424576,
    "ad_test_mean":0.20689489977585307,
    "ad_test_median":0.20796902857633845,
    "Wasserstein_median":0.027468553416918784,
    "Wasserstein_mean":0.027468553416918784,
    "frob_norm":0.5807255361223028,
    "epochs_input":1000,
    "epochs_output":326,
    "time":914.7369282832369,
    "train_loss_history":[
        32.51957702636719,
        8.633451461791992,
        6.822450637817383,
        6.4500226974487305,
        6.199696063995361,
        6.020932674407959,
        5.9287567138671875,
        5.797244548797607,
        5.805666923522949,
        5.658499717712402,
        5.6436591148376465,
        5.589339256286621,
        5.571392059326172,
        5.541902542114258,
        5.527428150177002,
        5.54978609085083,
        5.4819135665893555,
        5.449338436126709,
        5.46129035949707,
        5.4105658531188965,
        5.480631351470947,
        5.492940902709961,
        5.581816673278809,
        5.420735836029053,
        5.375268936157227,
        5.394268989562988,
        5.411957263946533,
        5.357978343963623,
        5.333261966705322,
        5.332645416259766,
        5.368743896484375,
        5.341217517852783,
        5.362952709197998,
        5.31633996963501,
        5.302058696746826,
        5.324138164520264,
        5.343908309936523,
        5.325277328491211,
        5.305810928344727,
        5.288867950439453,
        5.292883396148682,
        5.314570426940918,
        5.316292762756348,
        5.305202007293701,
        5.283252239227295,
        5.275055885314941,
        5.290372848510742,
        5.246150016784668,
        5.239933013916016,
        5.254821300506592,
        5.221869468688965,
        5.260765552520752,
        5.25736141204834,
        5.276249408721924,
        5.26416540145874,
        5.240829944610596,
        5.23118782043457,
        5.246166229248047,
        5.261308670043945,
        5.20950174331665,
        5.231432914733887,
        5.236456394195557,
        5.234692096710205,
        5.238409996032715,
        5.221869945526123,
        5.183469772338867,
        5.2022809982299805,
        5.191814422607422,
        5.205716133117676,
        5.180844306945801,
        5.192595481872559,
        5.211552619934082,
        5.189277172088623,
        5.208805561065674,
        5.171030521392822,
        5.163353443145752,
        5.164452075958252,
        5.175737380981445,
        5.1631999015808105,
        5.189441680908203,
        5.202387809753418,
        5.168401718139648,
        5.158952236175537,
        5.174684047698975,
        5.147012710571289,
        5.1626667976379395,
        5.157731056213379,
        5.150724411010742,
        5.156805992126465,
        5.148008823394775,
        5.130516052246094,
        5.1276116371154785,
        5.158442974090576,
        5.128130912780762,
        5.130245208740234,
        5.13350772857666,
        5.132351875305176,
        5.1228508949279785,
        5.150148868560791,
        5.121544361114502,
        5.136502742767334,
        5.11043119430542,
        5.094980239868164,
        5.109961032867432,
        5.106968879699707,
        5.112823009490967,
        5.11793327331543,
        5.083140850067139,
        5.08229923248291,
        5.0851898193359375,
        5.102535724639893,
        5.099386215209961,
        5.067117691040039,
        5.089880466461182,
        5.072088241577148,
        5.072292804718018,
        5.071730613708496,
        5.0761308670043945,
        5.054418087005615,
        5.074373245239258,
        5.0669145584106445,
        5.0772833824157715,
        5.04831600189209,
        30.541906356811523,
        11.876683235168457,
        5.809623718261719,
        5.552443981170654,
        5.474522113800049,
        5.409508228302002,
        5.360478401184082,
        5.3319878578186035,
        5.313957691192627,
        5.275603771209717,
        5.278478145599365,
        5.270742893218994,
        5.259714126586914,
        5.247707843780518,
        5.222617149353027,
        5.249901294708252,
        5.226795673370361,
        5.216677188873291,
        5.206810474395752,
        5.22244930267334,
        5.20322322845459,
        5.19741678237915,
        5.1942243576049805,
        5.112277030944824,
        5.104534149169922,
        5.104759216308594,
        5.104374885559082,
        5.102998733520508,
        5.105082035064697,
        5.103817462921143,
        5.106526851654053,
        5.103748321533203,
        5.1008381843566895,
        5.106168746948242,
        5.10076379776001,
        5.100496292114258,
        5.098285675048828,
        5.102861404418945,
        5.102741241455078,
        5.102214813232422,
        5.098212242126465,
        5.100759506225586,
        5.10017204284668,
        5.094733715057373,
        5.098499774932861,
        5.096869945526123,
        5.099566459655762,
        5.097411155700684,
        5.093889236450195,
        5.093023300170898,
        5.0923380851745605,
        5.091353416442871,
        5.092006683349609,
        5.09619665145874,
        5.090862274169922,
        5.091517448425293,
        5.096061706542969,
        5.0995378494262695,
        5.088881969451904,
        5.090321063995361,
        5.093204021453857,
        5.092703819274902,
        5.099316596984863,
        5.09333610534668,
        5.086594104766846,
        5.090606689453125,
        5.089622497558594,
        5.082825660705566,
        5.088042259216309,
        5.085296154022217,
        5.08415412902832,
        5.085975646972656,
        5.08664083480835,
        5.084925174713135,
        5.082740783691406,
        5.09397554397583,
        5.090664386749268,
        5.080272197723389,
        5.078639507293701,
        5.080824375152588,
        5.079431056976318,
        5.083268165588379,
        5.083444118499756,
        5.076871395111084,
        5.078115463256836,
        5.080260276794434,
        5.085436820983887,
        5.076766014099121,
        5.080661296844482,
        5.078426361083984,
        5.074195384979248,
        5.0755391120910645,
        5.079715251922607,
        5.075924873352051,
        5.077397346496582,
        5.080179691314697,
        5.084197998046875,
        5.081082820892334,
        5.072110652923584,
        5.077241897583008,
        5.07665491104126,
        5.076121807098389,
        5.071197032928467,
        5.075382232666016,
        5.072895526885986,
        5.0744218826293945,
        5.0769243240356445,
        5.071741580963135,
        5.081231117248535,
        5.074001312255859,
        5.0784382820129395,
        5.068881511688232,
        5.0682196617126465,
        5.06856107711792,
        5.066758155822754,
        5.069910049438477,
        5.05657434463501,
        5.074956893920898,
        5.067745685577393,
        5.060997486114502,
        5.060760498046875,
        5.066782474517822,
        5.059394359588623,
        5.064132213592529,
        5.0554986000061035,
        5.065602779388428,
        5.059062957763672,
        5.060294151306152,
        5.0656208992004395,
        5.064018249511719,
        5.0608391761779785,
        5.056782245635986,
        5.057270050048828,
        5.0588836669921875,
        5.049522876739502,
        5.055251121520996,
        5.056764125823975,
        5.058793067932129,
        5.016075134277344,
        5.011255264282227,
        5.011040210723877,
        5.011239528656006,
        5.010828971862793,
        5.010452747344971,
