{
    "run_n":47,
    "run_seed":0,
    "ndims":32,
    "nsamples":100000,
    "correlation":"corr",
    "nbijectors":10,
    "bijector":"CsplineN",
    "spline_knots":12,
    "range_min":-16,
    "hidden_layers":"256-256-256",
    "batch_size":512,
    "activation":"relu",
    "eps_regulariser":0,
    "regulariser":null,
    "dist_seed":0,
    "test_seed":0,
    "kl_divergence":-1,
    "ks_test_mean":0.19609761759746908,
    "ks_test_median":0.17841375289008338,
    "ad_test_mean":0.10728056735657451,
    "ad_test_median":0.10270665938602225,
    "Wasserstein_median":0.0844566750583223,
    "Wasserstein_mean":0.0844566750583223,
    "frob_norm":0.3061140179905013,
    "epochs_input":1000,
    "epochs_output":128,
    "time":8145.0011489242315,
    "train_loss_history":[
        186.71421813964844,
        59.932193756103516,
        53.46070098876953,
        50.85053634643555,
        49.61497497558594,
        48.4366340637207,
        47.624996185302734,
        47.34675216674805,
        46.651248931884766,
        46.169647216796875,
        45.59261703491211,
        45.25210189819336,
        45.30226516723633,
        45.08026123046875,
        45.04156494140625,
        44.516353607177734,
        44.47491455078125,
        44.19087219238281,
        44.23945999145508,
        43.96671676635742,
        43.680389404296875,
        43.839454650878906,
        43.717445373535156,
        43.24286651611328,
        43.4353141784668,
        43.66907501220703,
        43.324344635009766,
        42.931793212890625,
        43.304054260253906,
        42.815216064453125,
        42.96331787109375,
        42.436302185058594,
        42.856258392333984,
        42.41615676879883,
        42.4019889831543,
        42.56576156616211,
        41.96961975097656,
        42.14142608642578,
        41.951908111572266,
        41.998233795166016,
        42.18628692626953,
        41.77478790283203,
        41.68550109863281,
        41.66704559326172,
        41.5213623046875,
        41.67384719848633,
        41.601871490478516,
        41.53010559082031,
        41.26327133178711,
        41.123558044433594,
        41.138214111328125,
        41.750579833984375,
        41.56212615966797,
        41.431640625,
        41.1237907409668,
        40.987369537353516,
        40.98618698120117,
        40.59468078613281,
        40.91378402709961,
        40.72463607788086,
        40.69931411743164,
        40.573692321777344,
        40.64081954956055,
        40.56821823120117,
        40.56387710571289,
        40.19981384277344,
        40.226043701171875,
        39.91135025024414,
        39.77064895629883,
        39.9273681640625,
        39.60993194580078,
        39.60178756713867,
        39.77429962158203,
        39.63603210449219,
        39.211612701416016,
        39.273189544677734,
        39.55156326293945,
        39.4678840637207,
        39.238216400146484,
        39.094459533691406,
        38.88507843017578,
        38.87813949584961,
        38.708065032958984,
        38.682743072509766,
        38.69101333618164,
        38.72383499145508,
        38.339500427246094,
        38.40690994262695,
        38.4847526550293,
        38.24742126464844,
        38.4555778503418,
        38.0303840637207,
        37.867000579833984,
        37.925071716308594,
        37.83512878417969,
        37.78537368774414,
        37.73110580444336,
        37.58964920043945,
        37.41493606567383,
        37.40091323852539,
        37.36307144165039,
        37.33148956298828,
        37.11269760131836,
        37.093666076660156,
        37.183448791503906,
        36.98264694213867,
        36.82173538208008,
        36.93701934814453,
        36.83328628540039,
        36.72390365600586,
        36.53551483154297,
        36.51109313964844,
        36.40530776977539,
        36.46239471435547,
        36.28047561645508,
        36.29286193847656,
        36.17953872680664,
        36.22332000732422,
        33.99058151245117,
        33.406150817871094,
        33.2068977355957,
        32.95628356933594,
        32.88832092285156,
        32.83155822753906,
        32.699241638183594,
        32.56849670410156,
        32.4650993347168,
        32.36151885986328
    ],
    "val_loss_history":[
        66.33258819580078,
        55.46976852416992,
        51.939090728759766,
        51.41735076904297,
        49.288291931152344,
        47.263946533203125,
        46.88233184814453,
        48.8831672668457,
        46.21711730957031,
        45.504974365234375,
        45.559322357177734,
        45.70878601074219,
        45.2039909362793,
        45.65955352783203,
        45.55745315551758,
        43.36840057373047,
        44.010459899902344,
        44.18712615966797,
        44.82273483276367,
        43.1329460144043,
        45.345550537109375,
        43.36594009399414,
        42.54569625854492,
        43.706077575683594,
        43.579689025878906,
        42.629981994628906,
        43.886173248291016,
        42.981204986572266,
        42.812923431396484,
        43.28878402709961,
        42.788658142089844,
        42.706947326660156,
        42.658939361572266,
        43.90995407104492,
        42.006351470947266,
        42.103424072265625,
        42.00337600708008,
        41.595645904541016,
        41.815555572509766,
        43.134334564208984,
        41.90676498413086,
        41.94585418701172,
        43.1060676574707,
        41.43513107299805,
        43.673282623291016,
        42.42703628540039,
        43.5564079284668,
        41.399044036865234,
        42.37748718261719,
        41.75369644165039,
        42.480350494384766,
        42.0377197265625,
        42.6715087890625,
        40.8702507019043,
        42.263336181640625,
        44.06294631958008,
        41.43134307861328,
        41.10141372680664,
        42.922855377197266,
        41.508235931396484,
        42.747344970703125,
        41.38135528564453,
        41.07758712768555,
        41.64916229248047,
        41.79218292236328,
        41.27489471435547,
        40.54964065551758,
        40.467124938964844,
        41.1248893737793,
        41.181278228759766,
        41.515052795410156,
        40.669158935546875,
        40.71998977661133,
        41.55571746826172,
        41.845619201660156,
        42.254432678222656,
        41.08845520019531,
        40.63064193725586,
        41.56179428100586,
        40.6767692565918,
        40.73040771484375,
        40.614234924316406,
        41.01472854614258,
        40.9691047668457,
        40.794921875,
        41.48807907104492,
        41.38400650024414,
        40.71683883666992,
        41.80506134033203,
        42.11585235595703,
        41.38600158691406,
        42.01823425292969,
        41.89584732055664,
        40.754600524902344,
        42.478904724121094,
        42.05965805053711,
        41.34682083129883,
        41.48451614379883,
        42.25532913208008,
        41.678802490234375,
        41.64035415649414,
        42.34132385253906,
        41.12945556640625,
        42.55916976928711,
        41.64278030395508,
        42.243629455566406,
        41.806854248046875,
        41.844200134277344,
        41.984458923339844,
        41.319210052490234,
        42.11299514770508,
        42.01360321044922,
        41.92825698852539,
        42.1368408203125,
        43.75077438354492,
        42.31911849975586,
        41.76335525512695,
        43.11394500732422,
        42.58633041381836,
        43.169883728027344,
        43.9495964050293,
        44.56865692138672,
        45.54193878173828,
        45.06348419189453,
        45.336238861083984,
        45.35542678833008,
        45.520606994628906,
        45.96646499633789
    ],
    "best_train_loss":39.91135025024414,
    "best_val_loss":40.467124938964844,
    "best_epoch":67
}