{
    "run_n":3,
    "run_seed":377,
    "ndims":4,
    "nsamples":100000,
    "correlation":"corr",
    "nbijectors":2,
    "bijector":"MsplineN",
    "spline_knots":8,
    "range_min":-16,
    "hidden_layers":"128-128-128",
    "batch_size":512,
    "activation":"relu",
    "eps_regulariser":0,
    "regulariser":null,
    "dist_seed":0,
    "test_seed":0,
    "ks_mean":0.27412790877599663,
    "ks_std":0.26467083089353977,
    "ad_mean":0.15154196614266055,
    "ad_std":0.08670785611971629,
    "wd_mean":0.029180935097155174,
    "wd_std":0.009954645845176267,
    "swd_mean":0.03252899609893887,
    "swd_std":0.01306605383416525,
    "fn_mean":0.027991856789457446,
    "fn_std":0.005024304806222994,
    "epochs_input":1000,
    "epochs_output":331,
    "time":1908.379539419897,
    "train_loss_history":[
        9.410834312438965,
        3.762608051300049,
        3.0771913528442383,
        2.9262771606445312,
        2.8300704956054688,
        2.7658326625823975,
        2.7223596572875977,
        2.7042195796966553,
        2.654406785964966,
        2.6473844051361084,
        2.6151061058044434,
        2.617731809616089,
        2.593517780303955,
        2.5796961784362793,
        2.5633082389831543,
        2.5407772064208984,
        2.5522706508636475,
        2.5496466159820557,
        2.514587163925171,
        2.5179238319396973,
        2.522279977798462,
        2.521571397781372,
        2.5274219512939453,
        2.504563570022583,
        2.503575325012207,
        2.4868881702423096,
        2.483067750930786,
        2.4893996715545654,
        2.4808335304260254,
        2.476257562637329,
        2.477540969848633,
        2.4905033111572266,
        2.470092535018921,
        2.459911823272705,
        2.46014666557312,
        2.462043285369873,
        2.464660882949829,
        2.4547810554504395,
        2.479882001876831,
        2.463038444519043,
        2.4688591957092285,
        2.447493553161621,
        2.454810619354248,
        2.4711949825286865,
        2.451016664505005,
        2.450753688812256,
        2.4563703536987305,
        2.4691314697265625,
        2.450364589691162,
        2.4527194499969482,
        2.459782600402832,
        2.4489214420318604,
        2.4649839401245117,
        2.453969955444336,
        2.441251516342163,
        2.429166793823242,
        2.4500722885131836,
        2.4416637420654297,
        2.436580181121826,
        2.434232473373413,
        2.446903705596924,
        2.4372236728668213,
        2.4431519508361816,
        2.4395318031311035,
        2.448096513748169,
        2.45034122467041,
        2.430793046951294,
        2.4425203800201416,
        2.4308061599731445,
        2.448312282562256,
        2.4340782165527344,
        2.431119918823242,
        2.4251949787139893,
        2.432981014251709,
        2.4370598793029785,
        2.432544708251953,
        2.4241697788238525,
        2.432492971420288,
        2.4224188327789307,
        2.432546854019165,
        2.4320952892303467,
        2.4289920330047607,
        2.4238855838775635,
        2.428084373474121,
        2.4317381381988525,
        2.4213459491729736,
        2.416278839111328,
        2.4196670055389404,
        2.4192495346069336,
        2.414787530899048,
        2.418194532394409,
        2.438105583190918,
        2.4528605937957764,
        2.4254629611968994,
        2.4256715774536133,
        2.415131092071533,
        2.4145262241363525,
        2.4156508445739746,
        2.4259324073791504,
        2.416621208190918,
        2.421255588531494,
        2.4188966751098633,
        2.4163691997528076,
        2.414632558822632,
        2.418773651123047,
        2.426954746246338,
        2.4134867191314697,
        2.419154167175293,
        2.405066967010498,
        2.4252631664276123,
        2.4089548587799072,
        2.413252353668213,
        2.4305615425109863,
        2.4031660556793213,
        2.409289598464966,
        2.4112789630889893,
        2.4095540046691895,
        2.409493923187256,
        2.406048536300659,
        2.4123497009277344,
        2.40791916847229,
        2.4011642932891846,
        2.4310624599456787,
        2.410020112991333,
        2.4056851863861084,
        2.4106545448303223,
        2.409956455230713,
        2.3959951400756836,
        2.4033193588256836,
        2.403402328491211,
        2.407573699951172,
        2.4039289951324463,
        2.418755292892456,
        2.398841142654419,
        2.4155807495117188,
        2.3952653408050537,
        2.403353214263916,
        2.4014806747436523,
        2.4019858837127686,
        2.403451681137085,
        2.4218335151672363,
        2.402163028717041,
        2.3992223739624023,
        2.401210069656372,
        2.3978962898254395,
        2.4042727947235107,
        2.405965566635132,
        2.403097152709961,
        2.3981122970581055,
        2.397719144821167,
        2.39713716506958,
        2.3975162506103516,
        2.4008266925811768,
        2.3983771800994873,
        2.3989830017089844,
        2.402492046356201,
        2.3993759155273438,
        2.393812417984009,
        2.4048473834991455,
        2.396529197692871,
        2.4085211753845215,
        2.3895363807678223,
        2.4014809131622314,
        2.4038641452789307,
        2.4007740020751953,
        2.400658369064331,
        2.3907878398895264,
        2.396347999572754,
        2.3930342197418213,
        2.404595136642456,
        2.389054298400879,
        2.4018003940582275,
        2.3974452018737793,
        2.395974636077881,
        2.40240478515625,
        2.4014511108398438,
        2.3951408863067627,
        2.38332200050354,
        2.3949055671691895,
        2.398515224456787,
        2.3905622959136963,
        2.393207550048828,
        2.388942241668701,
        2.3837802410125732,
        2.3967344760894775,
        2.391840934753418,
        2.3856236934661865,
        2.395829677581787,
        2.395909547805786,
        2.3846309185028076,
        2.3853261470794678,
        2.4042584896087646,
        2.3917183876037598,
        2.395871877670288,
        2.3862879276275635,
        2.3903887271881104,
        2.3864734172821045,
        2.390768051147461,
        2.3855063915252686,
        2.3879384994506836,
        2.4028148651123047,
        2.3872196674346924,
        2.395315170288086,
        2.394333600997925,
        2.3901803493499756,
        2.388010025024414,
        2.3915657997131348,
        2.399197578430176,
        2.3860466480255127,
        2.3935129642486572,
        2.3831472396850586,
        2.3879356384277344,
        2.380537986755371,
        2.3854780197143555,
        2.3924922943115234,
        2.385699510574341,
        2.379499673843384,
        2.3823540210723877,
        2.3919677734375,
        2.386974811553955,
        2.3894975185394287,
        2.388373374938965,
        2.389777183532715,
        2.3895761966705322,
        2.387838840484619,
        2.3893887996673584,
        2.3863790035247803,
        2.3813109397888184,
        2.3859455585479736,
        2.385462999343872,
        2.385477304458618,
        2.3963429927825928,
        2.3867099285125732,
        2.389723777770996,
        2.3852415084838867,
        2.3840386867523193,
        2.383260726928711,
        2.382922649383545,
        2.383209705352783,
        2.392860174179077,
        2.3828518390655518,
        2.380112648010254,
        2.3843884468078613,
        2.3906750679016113,
        2.3860137462615967,
        2.387094259262085,
        2.3816916942596436,
        2.3921990394592285,
        2.3795433044433594,
        2.3877599239349365,
        2.382519006729126,
        2.378612995147705,
        2.381324052810669,
        2.380638599395752,
        2.3900487422943115,
        2.3810343742370605,
        2.3753762245178223,
        2.388874053955078,
        2.382077217102051,
        2.386654853820801,
        2.3911399841308594,
