{
    "run_n":3,
    "run_seed":377,
    "ndims":4,
    "nsamples":100000,
    "correlation":"corr",
    "nbijectors":2,
    "bijector":"MsplineN",
    "spline_knots":12,
    "range_min":-16,
    "hidden_layers":"256-256-256",
    "batch_size":512,
    "activation":"relu",
    "eps_regulariser":0,
    "regulariser":null,
    "dist_seed":0,
    "test_seed":0,
    "kl_divergence":-1,
    "ks_test_mean":0.45367566249219166,
    "ks_test_median":0.49308346527881797,
    "ad_test_mean":0.2136464735495482,
    "ad_test_median":0.20557254642233147,
    "Wasserstein_median":0.017183171462166767,
    "Wasserstein_mean":0.017183171462166767,
    "frob_norm":0.025857695173006935,
    "epochs_input":1000,
    "epochs_output":308,
    "time":2045.686634323094,
    "train_loss_history":[
        8.116220474243164,
        4.1138386726379395,
        3.495464563369751,
        2.914233446121216,
        2.7802255153656006,
        2.7060203552246094,
        2.6651694774627686,
        2.650146007537842,
        2.6290762424468994,
        2.60341477394104,
        2.5627574920654297,
        2.593794107437134,
        2.5593888759613037,
        2.557149887084961,
        2.549821615219116,
        2.5527899265289307,
        2.515245199203491,
        2.5526769161224365,
        2.5280001163482666,
        2.503255605697632,
        2.523038864135742,
        2.515822172164917,
        2.518813371658325,
        2.5015110969543457,
        2.501197099685669,
        2.499762773513794,
        2.478771924972534,
        2.503178834915161,
        2.487919330596924,
        2.487093448638916,
        2.4864377975463867,
        2.471623182296753,
        2.4881069660186768,
        2.467085599899292,
        2.4700939655303955,
        2.4567458629608154,
        2.469388246536255,
        2.457857847213745,
        2.487856864929199,
        2.4907119274139404,
        2.463793992996216,
        2.4602885246276855,
        2.443405866622925,
        2.4718146324157715,
        2.4565494060516357,
        2.44773268699646,
        2.4579875469207764,
        2.4621527194976807,
        2.4589786529541016,
        2.45937442779541,
        2.43526029586792,
        2.431771755218506,
        2.438227653503418,
        2.4439663887023926,
        2.441492795944214,
        2.4310553073883057,
        2.4306094646453857,
        2.452460765838623,
        2.437741994857788,
        2.4312469959259033,
        2.4474637508392334,
        2.4376347064971924,
        2.4387168884277344,
        2.4591150283813477,
        2.4348998069763184,
        2.437732696533203,
        2.422055244445801,
        2.422572135925293,
        2.4319026470184326,
        2.426642417907715,
        2.4231717586517334,
        2.432814598083496,
        2.4155590534210205,
        2.421311378479004,
        2.430762767791748,
        2.428985834121704,
        2.4163570404052734,
        2.4390714168548584,
        2.417590856552124,
        2.4220545291900635,
        2.425149440765381,
        2.408991813659668,
        2.4258310794830322,
        2.4127304553985596,
        2.4172215461730957,
        2.420795440673828,
        2.4264464378356934,
        2.416208267211914,
        2.41379451751709,
        2.411810874938965,
        2.4099533557891846,
        2.4153709411621094,
        2.4309959411621094,
        2.4243276119232178,
        2.413384199142456,
        2.415977716445923,
        2.4233546257019043,
        2.4085793495178223,
        2.4142186641693115,
        2.407451629638672,
        2.4061572551727295,
        2.415030002593994,
        2.42000675201416,
        2.398740291595459,
        2.414884328842163,
        2.4134902954101562,
        2.4039723873138428,
        2.4137001037597656,
        2.4069557189941406,
        2.4198555946350098,
        2.408735513687134,
        2.4084436893463135,
        2.4060585498809814,
        2.4023263454437256,
        2.407116174697876,
        2.4067542552948,
        2.404822587966919,
        2.414621591567993,
        2.410379409790039,
        2.4087777137756348,
        2.4072608947753906,
        2.3989317417144775,
        2.4131526947021484,
        2.413015127182007,
        2.402843952178955,
        2.40832257270813,
        2.4060347080230713,
        2.397503614425659,
        2.3943917751312256,
        2.3927161693573,
        2.401510715484619,
        2.4023828506469727,
        2.40981388092041,
        2.400784730911255,
        2.406278610229492,
        2.3925278186798096,
        2.402106285095215,
        2.3984248638153076,
        2.3937137126922607,
        2.4026670455932617,
        2.4032628536224365,
        2.395958662033081,
        2.393015146255493,
        2.4028775691986084,
        2.3950541019439697,
        2.3928065299987793,
        2.4032952785491943,
        2.4021854400634766,
        2.3937816619873047,
        2.38816237449646,
        2.3996427059173584,
        2.396219491958618,
        2.3976306915283203,
        2.3937556743621826,
        2.393230438232422,
        2.3931875228881836,
        2.387101650238037,
        2.3941333293914795,
        2.3970024585723877,
        2.3943862915039062,
        2.399172782897949,
        2.3854053020477295,
        2.3897736072540283,
        2.3918747901916504,
        2.3973612785339355,
        2.4003922939300537,
        2.384500503540039,
        2.395991086959839,
        2.386265993118286,
        2.3949413299560547,
        2.388936758041382,
        2.391573190689087,
        2.391660690307617,
        2.3910176753997803,
        2.388082265853882,
        2.389455556869507,
        2.3989689350128174,
        2.386359930038452,
        2.3883516788482666,
        2.399507761001587,
        2.3854286670684814,
        2.393587589263916,
        2.3843650817871094,
        2.3824031352996826,
        2.3899364471435547,
        2.393533706665039,
        2.3846473693847656,
        2.392753839492798,
        2.389700412750244,
        2.378293991088867,
        2.387040138244629,
        2.400862455368042,
        2.390820026397705,
        2.396075963973999,
        2.3815696239471436,
        2.382176637649536,
        2.378246307373047,
        2.387502431869507,
        2.383837938308716,
        2.3853037357330322,
        2.391965627670288,
        2.3823139667510986,
        2.385770559310913,
        2.390402317047119,
        2.3816945552825928,
        2.3801069259643555,
        2.3857553005218506,
        2.3833045959472656,
        2.378598213195801,
        2.3853237628936768,
        2.3799195289611816,
        2.3806354999542236,
        2.3759827613830566,
        2.3870115280151367,
        2.3782286643981934,
        2.382097005844116,
        2.376213550567627,
        2.3826727867126465,
        2.3868703842163086,
        2.3838815689086914,
        2.3835248947143555,
        2.3840432167053223,
        2.3826632499694824,
        2.3837599754333496,
        2.3872058391571045,
        2.383944511413574,
        2.3771440982818604,
        2.3822195529937744,
        2.3815293312072754,
        2.3811004161834717,
        2.3760294914245605,
        2.379781723022461,
        2.3831748962402344,
        2.3830244541168213,
        2.3826987743377686,
        2.381727933883667,
        2.3812787532806396,
        2.3778183460235596,
        2.376631736755371,
        2.377073049545288,
        2.3752284049987793,
        2.3547446727752686,
        2.352759838104248,
        2.352179527282715,
        2.3507447242736816,
        2.350886583328247,
        2.3518357276916504,
        2.351963520050049,
        2.352363348007202,
        2.350985288619995,
        2.350998640060425,
        2.350468873977661,
        2.351858615875244,
        2.3524014949798584,
        2.3536038398742676,
        2.352297067642212,
        2.352145195007324,
        2.353945732116699,
        2.3543691635131836,
        2.352077007293701,
        2.351738214492798,
        2.351473331451416,
