{
    "run_n":6,
    "run_seed":541,
    "ndims":4,
    "nsamples":100000,
    "correlation":"corr",
    "nbijectors":2,
    "bijector":"MsplineN",
    "spline_knots":12,
    "range_min":-16,
    "hidden_layers":"256-256-256",
    "batch_size":512,
    "activation":"relu",
    "eps_regulariser":0,
    "regulariser":null,
    "dist_seed":0,
    "test_seed":0,
    "kl_divergence":-1,
    "ks_test_mean":0.4760482369960015,
    "ks_test_median":0.4653961957394993,
    "ad_test_mean":0.21319265133445242,
    "ad_test_median":0.21162432942522338,
    "Wasserstein_median":0.04740619906098638,
    "Wasserstein_mean":0.04740619906098638,
    "frob_norm":0.024714204135997658,
    "epochs_input":1000,
    "epochs_output":306,
    "time":2049.8378018359654,
    "train_loss_history":[
        8.88039779663086,
        4.161868095397949,
        3.2193171977996826,
        2.9870221614837646,
        2.898247480392456,
        2.8093104362487793,
        2.7490460872650146,
        2.681684732437134,
        2.6458284854888916,
        2.6359877586364746,
        2.5924177169799805,
        2.5943896770477295,
        2.579049587249756,
        2.5353429317474365,
        2.5409095287323,
        2.5449705123901367,
        2.5301671028137207,
        2.4867289066314697,
        2.5286433696746826,
        2.5170977115631104,
        2.4932987689971924,
        2.5091001987457275,
        2.480442523956299,
        2.4913909435272217,
        2.4754858016967773,
        2.474256753921509,
        2.4839346408843994,
        2.466421604156494,
        2.4587414264678955,
        2.458801031112671,
        2.449455976486206,
        2.4734902381896973,
        2.46336030960083,
        2.453444242477417,
        2.4653866291046143,
        2.4485995769500732,
        2.462587833404541,
        2.451166868209839,
        2.453080415725708,
        2.4446911811828613,
        2.4551596641540527,
        2.443110942840576,
        2.4435794353485107,
        2.447127342224121,
        2.443371057510376,
        2.4443533420562744,
        2.433941602706909,
        2.4250640869140625,
        2.4268016815185547,
        2.4402377605438232,
        2.430677652359009,
        2.436187982559204,
        2.4487805366516113,
        2.4351890087127686,
        2.431028127670288,
        2.4292356967926025,
        2.4267213344573975,
        2.4287993907928467,
        2.4199352264404297,
        2.421771764755249,
        2.4290049076080322,
        2.4246504306793213,
        2.4327425956726074,
        2.418728828430176,
        2.4255619049072266,
        2.422322988510132,
        2.4267666339874268,
        2.4253828525543213,
        2.417482852935791,
        2.4121294021606445,
        2.4211416244506836,
        2.418712854385376,
        2.417287588119507,
        2.416867971420288,
        2.4105515480041504,
        2.4281086921691895,
        2.4118030071258545,
        2.4096083641052246,
        2.411607027053833,
        2.4197025299072266,
        2.4337265491485596,
        2.4243972301483154,
        2.409092426300049,
        2.4237077236175537,
        2.413362979888916,
        2.410470485687256,
        2.4061930179595947,
        2.4097883701324463,
        2.4124433994293213,
        2.400024652481079,
        2.408277750015259,
        2.4048874378204346,
        2.4029438495635986,
        2.4085421562194824,
        2.404555320739746,
        2.4004504680633545,
        2.4093122482299805,
        2.407799482345581,
        2.4103477001190186,
        2.3963534832000732,
        2.401679277420044,
        2.4050347805023193,
        2.402259588241577,
        2.405543565750122,
        2.408798933029175,
        2.405142307281494,
        2.401062488555908,
        2.4126946926116943,
        2.4103896617889404,
        2.3984780311584473,
        2.400108814239502,
        2.401179075241089,
        2.396538496017456,
        2.3974485397338867,
        2.3993351459503174,
        2.4103050231933594,
        2.402742385864258,
        2.396361827850342,
        2.4159982204437256,
        2.4063682556152344,
        2.403353452682495,
        2.3989486694335938,
        2.3997304439544678,
        2.4010140895843506,
        2.399696111679077,
        2.3950793743133545,
        2.3971285820007324,
        2.4003427028656006,
        2.393057107925415,
        2.4007842540740967,
        2.395143508911133,
        2.3941781520843506,
        2.3941235542297363,
        2.4002461433410645,
        2.397320032119751,
        2.3935844898223877,
        2.4009721279144287,
        2.3939285278320312,
        2.3876941204071045,
        2.3977222442626953,
        2.3904600143432617,
        2.392637252807617,
        2.3971543312072754,
        2.398015260696411,
        2.3931350708007812,
        2.3919453620910645,
        2.3943068981170654,
        2.4005606174468994,
        2.38727068901062,
        2.397812843322754,
        2.3889589309692383,
        2.3924522399902344,
        2.3869690895080566,
        2.388720989227295,
        2.39469575881958,
        2.396533489227295,
        2.3912079334259033,
        2.389888048171997,
        2.3929193019866943,
        2.3946666717529297,
        2.389216423034668,
        2.394800901412964,
        2.39318585395813,
        2.401228904724121,
        2.387820243835449,
        2.3889071941375732,
        2.389190435409546,
        2.3852322101593018,
        2.387204170227051,
        2.387183904647827,
        2.3904473781585693,
        2.3872835636138916,
        2.3860034942626953,
        2.3946709632873535,
        2.3838093280792236,
        2.3912012577056885,
        2.3920581340789795,
        2.3847944736480713,
        2.3834116458892822,
        2.3845014572143555,
        2.387450695037842,
        2.3899776935577393,
        2.3862597942352295,
        2.3873918056488037,
        2.3872432708740234,
        2.3880302906036377,
        2.3873419761657715,
        2.386413335800171,
        2.3918118476867676,
        2.388672351837158,
        2.3850317001342773,
        2.386185646057129,
        2.387796401977539,
        2.392908811569214,
        2.3853189945220947,
        2.385952949523926,
        2.3902459144592285,
        2.388845205307007,
        2.3830759525299072,
        2.3864095211029053,
        2.378618001937866,
        2.385420560836792,
        2.383293867111206,
        2.3848302364349365,
        2.3853671550750732,
        2.3807144165039062,
        2.3836328983306885,
        2.3804104328155518,
        2.3837854862213135,
        2.378713846206665,
        2.384199857711792,
        2.3815393447875977,
        2.3799848556518555,
        2.3891775608062744,
        2.379347801208496,
        2.381345510482788,
        2.387242555618286,
        2.379417657852173,
        2.3875112533569336,
        2.382777452468872,
        2.379793882369995,
        2.383528232574463,
        2.3792834281921387,
        2.3815650939941406,
        2.3771824836730957,
        2.3855957984924316,
        2.3874258995056152,
        2.37847638130188,
        2.381018877029419,
        2.3800206184387207,
        2.379465103149414,
        2.3875081539154053,
        2.375776529312134,
        2.3783857822418213,
        2.3788137435913086,
        2.3822522163391113,
        2.3787448406219482,
        2.379188060760498,
        2.3791749477386475,
        2.380821466445923,
        2.380976915359497,
        2.380866289138794,
        2.3786284923553467,
        2.35628604888916,
        2.3544602394104004,
        2.3543593883514404,
        2.3541061878204346,
        2.3538968563079834,
        2.3533706665039062,
        2.353379011154175,
        2.3540143966674805,
        2.3537659645080566,
        2.35457181930542,
        2.3541336059570312,
        2.3540005683898926,
        2.3530452251434326,
        2.3538522720336914,
        2.3532016277313232,
        2.3539066314697266,
        2.35390043258667,
        2.3539071083068848,
