{
    "run_n":1,
    "run_seed":0,
    "ndims":1000,
    "nsamples":100000,
    "correlation":"corr",
    "nbijectors":10,
    "bijector":"RealNVPN",
    "spline_knots":8,
    "range_min":-5,
    "hidden_layers":"128-128-128",
    "batch_size":256,
    "activation":"relu",
    "eps_regulariser":0,
    "regulariser":null,
    "dist_seed":0,
    "test_seed":0,
    "kl_divergence":-1,
    "ks_test_mean":0.04644532885772651,
    "ks_test_median":0.012567768786703305,
    "ad_test_mean":0.017269312362769556,
    "ad_test_median":0.036052137301910626,
    "Wasserstein_median":0.27074369161879797,
    "Wasserstein_mean":0.27074369161879797,
    "frob_norm":44.62892452949643,
    "epochs_input":1000,
    "epochs_output":228,
    "time":2463.189588351175,
    "train_loss_history":[
        379758.0625,
        1290.1400146484375,
        1027.8470458984375,
        922.889892578125,
        854.1179809570312,
        802.1446533203125,
        762.832275390625,
        731.8624877929688,
        705.1956176757812,
        683.1832885742188,
        664.5543823242188,
        648.7282104492188,
        634.3738403320312,
        623.2551879882812,
        612.7164916992188,
        604.57568359375,
        595.2269287109375,
        588.0969848632812,
        581.869873046875,
        575.5989990234375,
        568.735107421875,
        562.1767578125,
        557.3308715820312,
        553.1395874023438,
        547.6089477539062,
        541.3758544921875,
        537.9035034179688,
        533.3755493164062,
        529.264892578125,
        525.7875366210938,
        520.678466796875,
        518.0930786132812,
        514.0736083984375,
        510.46392822265625,
        507.904296875,
        502.9226379394531,
        499.76959228515625,
        496.96881103515625,
        493.8393249511719,
        490.7658386230469,
        487.8675537109375,
        485.009033203125,
        481.0540466308594,
        479.1844177246094,
        475.2333068847656,
        473.11639404296875,
        472.1930847167969,
        468.6783447265625,
        464.982177734375,
        464.5767822265625,
        461.4943542480469,
        459.5085144042969,
        456.165283203125,
        455.9609069824219,
        452.0497131347656,
        451.1685485839844,
        1471.0933837890625,
        4072.798095703125,
        649.2131958007812,
        554.7039794921875,
        522.68017578125,
        505.4083557128906,
        494.3724670410156,
        487.904296875,
        481.5892639160156,
        476.1194763183594,
        473.05718994140625,
        468.2293395996094,
        465.4369812011719,
        462.0247802734375,
        458.359130859375,
        1624.10498046875,
        1205.3048095703125,
        586.29638671875,
        533.8148803710938,
        510.7085266113281,
        496.3291320800781,
        486.5643310546875,
        479.7352600097656,
        474.05133056640625,
        470.61328125,
        466.432373046875,
        462.41107177734375,
        460.22991943359375,
        456.3446350097656,
        453.9834899902344,
        451.3846740722656,
        450.7337951660156,
        447.8165283203125,
        169773.765625,
        1856.220947265625,
        883.587158203125,
        744.39697265625,
        681.157470703125,
        646.1500854492188,
        618.6409301757812,
        1998.462890625,
        1375.489013671875,
        840.828125,
        714.2077026367188,
        656.22021484375,
        626.2701416015625,
        604.6572875976562,
        590.1904296875,
        100496.703125,
        781.92236328125,
        632.0459594726562,
        578.23779296875,
        548.7325439453125,
        531.1961669921875,
        521.3135375976562,
        508.8713073730469,
        500.9629821777344,
        494.868408203125,
        489.7410888671875,
        485.52252197265625,
        481.5208435058594,
        477.55584716796875,
        473.21929931640625,
        470.2342224121094,
        468.4419250488281,
        464.6285095214844,
        463.1394958496094,
        462.1056213378906,
        457.7510681152344,
        456.7965087890625,
        455.1615905761719,
        453.3336181640625,
        450.73785400390625,
        782.0397338867188,
        482.8750915527344,
        464.88043212890625,
        457.0871887207031,
        452.1150207519531,
        447.06573486328125,
        445.66937255859375,
        441.37872314453125,
        439.9061279296875,
        437.8423767089844,
        436.9436340332031,
        2791.278564453125,
        573.1365966796875,
        515.9856567382812,
        496.2836608886719,
        484.3392028808594,
        476.68212890625,
        470.5985107421875,
        463.5859680175781,
        460.5434875488281,
        456.3752746582031,
        453.0334167480469,
        450.1260070800781,
        447.6891174316406,
        445.64056396484375,
        443.21917724609375,
        441.81353759765625,
        439.1954345703125,
        438.324951171875,
        436.3848571777344,
        434.516357421875,
        433.4193420410156,
        432.5602722167969,
        431.428466796875,
        430.378173828125,
        429.8872375488281,
        429.2685241699219,
        428.83740234375,
        427.7842712402344,
        1743.9503173828125,
        534.6083374023438,
        506.4674987792969,
        490.8531494140625,
        481.44342041015625,
        475.6386413574219,
        470.1217346191406,
        466.627685546875,
        462.6046142578125,
        460.9369201660156,
        455.53985595703125,
        454.61358642578125,
        451.6660461425781,
        450.1383361816406,
        448.4400939941406,
        903.6785888671875,
        562.4963989257812,
        505.8834228515625,
        488.7052001953125,
        478.4909973144531,
        473.08673095703125,
        466.9708251953125,
        462.9541320800781,
        459.6828918457031,
        456.5134582519531,
        454.13958740234375,
        453.7650146484375,
        452.3554992675781,
        446.5508728027344,
        445.90667724609375,
        443.47723388671875,
        1424.4190673828125,
        976.5230712890625,
        593.1956176757812,
        544.65625,
        522.671875,
        508.7683410644531,
        498.6509704589844,
        492.0140075683594,
        484.74542236328125,
        480.9786376953125,
        475.27337646484375,
        473.8810119628906,
        469.4673767089844,
        470.2565002441406,
        464.0360412597656,
        462.8259582519531,
        462.2183837890625,
        459.50244140625,
        456.6983337402344,
        445.4179382324219,
        444.6662902832031,
        444.201171875,
        443.7359619140625,
        443.3547668457031,
        442.6417236328125,
        442.316162109375,
        441.81256103515625,
        441.23388671875,
        440.8099060058594
    ],