{
    "run_n":3,
    "run_seed":0,
    "ndims":8,
    "nsamples":100000,
    "correlation":"corr",
    "nbijectors":8,
    "bijector":"RealNVPN",
    "spline_knots":8,
    "range_min":-16,
    "hidden_layers":"128-128-128",
    "batch_size":512,
    "activation":"relu",
    "eps_regulariser":0,
    "regulariser":null,
    "dist_seed":0,
    "test_seed":0,
    "kl_divergence":-1,
    "ks_test_mean":0.4390131005848848,
    "ks_test_median":0.4574079411732444,
    "ad_test_mean":0.2019134762882869,
    "ad_test_median":0.1922795621665188,
    "Wasserstein_median":0.025645442091524598,
    "Wasserstein_mean":0.025645442091524598,
    "frob_norm":0.08525798543103935,
    "epochs_input":1000,
    "epochs_output":86,
    "time":342.1374398553744,
    "train_loss_history":[
        10.569243431091309,
        9.906695365905762,
        9.824685096740723,
        9.803698539733887,
        9.776759147644043,
        9.75206470489502,
        9.739697456359863,
        9.728384017944336,
        9.712871551513672,
        9.703895568847656,
        9.692176818847656,
        9.69066333770752,
        9.677196502685547,
        9.670031547546387,
        9.669699668884277,
        9.65897274017334,
        9.653017044067383,
        9.645679473876953,
        9.641655921936035,
        9.63922119140625,
        9.631379127502441,
        9.632457733154297,
        9.627277374267578,
        9.634257316589355,
        9.624820709228516,
        9.623495101928711,
        9.611058235168457,
        9.61335277557373,
        9.60545825958252,
        9.608351707458496,
        9.59896469116211,
        9.59732723236084,
        9.590652465820312,
        9.590450286865234,
        9.587596893310547,
        9.584572792053223,
        9.581042289733887,
        9.577117919921875,
        9.57547664642334,
        9.573548316955566,
        9.578365325927734,
        9.564199447631836,
        9.56249713897705,
        9.563368797302246,
        9.566908836364746,
        9.55699348449707,
        9.562256813049316,
        9.55270004272461,
        9.546615600585938,
        9.543571472167969,
        9.546518325805664,
        9.539216041564941,
        9.536004066467285,
        9.539144515991211,
        9.533350944519043,
        9.526391983032227,
        9.527505874633789,
        9.51928997039795,
        9.523085594177246,
        9.520930290222168,
        9.522595405578613,
        9.524812698364258,
        9.515300750732422,
        9.512256622314453,
        9.52397632598877,
        9.503225326538086,
        9.506195068359375,
        9.498172760009766,
        9.496740341186523,
        9.492480278015137,
        9.496225357055664,
        9.49367904663086,
        9.495352745056152,
        9.480255126953125,
        9.484271049499512,
        9.47931957244873,
        9.400836944580078,
        9.379575729370117,
        9.373892784118652,
        9.368660926818848,
        9.365091323852539,
        9.362801551818848,
        9.35998821258545,
        9.356995582580566,
        9.355801582336426,
        9.352190971374512
    ],
    "val_loss_history":[
        9.961669921875,
        9.85001277923584,
        9.84155559539795,
        9.808975219726562,
        9.781111717224121,
        9.773199081420898,
        9.787683486938477,
        9.767827033996582,
        9.743339538574219,
        9.749692916870117,
        9.710588455200195,
        9.723133087158203,
        9.70897102355957,
        9.743599891662598,
        9.723020553588867,
        9.709118843078613,
        9.701299667358398,
        9.716602325439453,
        9.696138381958008,
        9.706039428710938,
        9.695660591125488,
        9.720726013183594,
        9.687827110290527,
        9.687418937683105,
        9.706296920776367,
        9.681649208068848,
        9.72122859954834,
        9.700040817260742,
        9.717855453491211,
        9.72004508972168,
        9.694238662719727,
        9.699457168579102,
        9.685276985168457,
        9.693232536315918,
        9.711990356445312,
        9.703836441040039,
        9.698844909667969,
        9.688119888305664,
        9.710443496704102,
        9.700226783752441,
        9.701261520385742,
        9.736795425415039,
        9.700401306152344,
        9.717893600463867,
        9.7138032913208,
        9.710209846496582,
        9.721264839172363,
        9.709758758544922,
        9.728800773620605,
        9.718545913696289,
        9.712616920471191,
        9.751273155212402,
        9.738847732543945,
        9.762090682983398,
        9.75374984741211,
        9.785152435302734,
        9.759521484375,
        9.747687339782715,
        9.764965057373047,
        9.785844802856445,
        9.735188484191895,
        9.725930213928223,
        9.774250030517578,
        9.804203033447266,
        9.761691093444824,
        9.755110740661621,
        9.808174133300781,
        9.89720344543457,
        9.787040710449219,
        9.80882740020752,
        9.78625774383545,
        9.797059059143066,
        9.799708366394043,
        9.864812850952148,
        9.811555862426758,
        9.829275131225586,
        9.896357536315918,
        10.024855613708496,
        10.00186538696289,
        10.105481147766113,
        10.079326629638672,
        10.069974899291992,
        10.267757415771484,
        10.229260444641113,
        10.192416191101074,
        10.489233016967773
    ],
    "best_train_loss":9.623495101928711,
    "best_val_loss":9.681649208068848,
    "best_epoch":25
}