{
    "run_n":3,
    "run_seed":0,
    "ndims":4,
    "nsamples":100000,
    "correlation":"corr",
    "nbijectors":10,
    "bijector":"RealNVPN",
    "spline_knots":8,
    "range_min":-16,
    "hidden_layers":"128-128-128",
    "batch_size":256,
    "activation":"relu",
    "eps_regulariser":0,
    "regulariser":null,
    "dist_seed":0,
    "test_seed":0,
    "kl_divergence":-1,
    "ks_test_mean":0.47873212103617097,
    "ks_test_median":0.48995910629652767,
    "ad_test_mean":0.21819917134500283,
    "ad_test_median":0.21519200977460703,
    "Wasserstein_median":0.004168594279223299,
    "Wasserstein_mean":0.004168594279223299,
    "frob_norm":0.04562800879702593,
    "epochs_input":1000,
    "epochs_output":248,
    "time":2620.448707345873,
    "train_loss_history":[
        2.4539737701416016,
        1.550341010093689,
        1.5143375396728516,
        1.5034093856811523,
        1.4909112453460693,
        1.4708997011184692,
        1.4484889507293701,
        1.4746371507644653,
        1.4356948137283325,
        1.445693016052246,
        1.4433019161224365,
        1.4229369163513184,
        1.411420464515686,
        1.4254133701324463,
        1.4235460758209229,
        1.421296238899231,
        1.402173638343811,
        1.4072362184524536,
        1.3987423181533813,
        1.4138414859771729,
        1.4091671705245972,
        1.4013749361038208,
        1.3943288326263428,
        1.3903110027313232,
        1.3971257209777832,
        1.3928022384643555,
        1.3730487823486328,
        1.3826334476470947,
        1.404715657234192,
        1.380990982055664,
        1.3783199787139893,
        1.3835104703903198,
        1.3952521085739136,
        1.3842124938964844,
        1.4010910987854004,
        1.3949955701828003,
        1.3776400089263916,
        1.3697775602340698,
        1.3865966796875,
        1.3722444772720337,
        1.3742130994796753,
        1.365139365196228,
        1.3618355989456177,
        1.3662700653076172,
        1.358923316001892,
        1.3901236057281494,
        1.373285174369812,
        1.3679187297821045,
        1.3652490377426147,
        1.3639088869094849,
        1.3651487827301025,
        1.3704594373703003,
        1.3621015548706055,
        1.3540445566177368,
        1.3651447296142578,
        1.3768227100372314,
        1.3594486713409424,
        1.3910412788391113,
        1.3800324201583862,
        1.3647797107696533,
        1.361249327659607,
        1.3673499822616577,
        1.3551992177963257,
        1.3857920169830322,
        1.358586072921753,
        1.3563148975372314,
        1.3499646186828613,
        1.367434024810791,
        1.4130364656448364,
        1.3797346353530884,
        1.3706400394439697,
        1.3638362884521484,
        1.3668166399002075,
        1.3685938119888306,
        1.3774887323379517,
        1.357278823852539,
        1.351906418800354,
        1.3581818342208862,
        1.3613264560699463,
        1.3663780689239502,
        1.3587216138839722,
        1.3615221977233887,
        1.3690557479858398,
        1.3515803813934326,
        1.3604803085327148,
        1.3434523344039917,
        1.347365379333496,
        1.362050175666809,
        1.3550469875335693,
        1.3428783416748047,
        1.3553621768951416,
        1.3470382690429688,
        1.3506280183792114,
        1.347401738166809,
        1.4112001657485962,
        1.3503211736679077,
        1.3464070558547974,
        1.3784832954406738,
        1.3488277196884155,
        1.3473857641220093,
        1.3467906713485718,
        1.353304386138916,
        1.339134693145752,
        1.3497556447982788,
        1.3424415588378906,
        1.3554986715316772,
        1.3370281457901,
        1.3666961193084717,
        1.3518146276474,
        1.3442636728286743,
        1.3492190837860107,
        1.3533666133880615,
        1.3419362306594849,
        1.343578815460205,
        1.3375558853149414,
        1.341120719909668,
        1.35429048538208,
        1.3501460552215576,
        1.3435580730438232,
        1.3828221559524536,
        1.3743067979812622,
        1.3622649908065796,
        1.3498225212097168,
        1.3521184921264648,
        1.3570330142974854,
        1.3541258573532104,
        1.3518319129943848,
        1.392366647720337,
        1.3491264581680298,
        1.3489148616790771,
        1.3468985557556152,
        1.3436821699142456,
        1.3482648134231567,
        1.3443461656570435,
        1.3454735279083252,
        1.3435052633285522,
        1.3404375314712524,
        1.3677587509155273,
        1.344328761100769,
        1.3408329486846924,
        1.3422503471374512,
        1.3423992395401,
        1.3361810445785522,
        1.3071317672729492,
        1.3034212589263916,
        1.3024717569351196,
        1.3019757270812988,
        1.3030720949172974,
        1.302635908126831,
        1.3014816045761108,
        1.3059194087982178,
        1.302225947380066,
        1.2995045185089111,
        1.29941725730896,
        1.2994450330734253,
        1.2980769872665405,
        1.298315167427063,
        1.2985913753509521,
        1.2975531816482544,
        1.2983945608139038,
        1.298197627067566,
        1.2976540327072144,
        1.2955622673034668,
        1.2992689609527588,
        1.2961444854736328,
        1.2954390048980713,
        1.2958261966705322,
        1.2961770296096802,
        1.29463529586792,
        1.295790433883667,
        1.2955125570297241,
        1.2938117980957031,
        1.2959578037261963,
        1.2937361001968384,
        1.2980328798294067,
        1.293332576751709,
        1.2952600717544556,
        1.2935856580734253,
        1.2950714826583862,
        1.2928229570388794,
        1.292797327041626,
        1.292871117591858,
        1.2920078039169312,
        1.2917014360427856,
        1.2942856550216675,
        1.299764633178711,
        1.2925866842269897,
        1.293157696723938,
        1.291259765625,
        1.2961487770080566,
        1.2911739349365234,
        1.2907618284225464,
        1.2907469272613525,
        1.2915937900543213,
        1.2903214693069458,
        1.2902015447616577,
        1.2963415384292603,
        1.2907155752182007,
        1.2903811931610107,
        1.2886396646499634,
        1.2959370613098145,
        1.2898995876312256,
        1.2894988059997559,
        1.2897125482559204,
        1.2888871431350708,
        1.2886840105056763,
        1.2887413501739502,
        1.2894641160964966,
        1.2892084121704102,
        1.3835145235061646,
        1.3255869150161743,
        1.3134565353393555,
        1.308489203453064,
        1.304263710975647,
        1.301438570022583,
        1.2979862689971924,
        1.296650767326355,
        1.2956613302230835,
        1.293874740600586,
        1.2922917604446411,
        1.2925015687942505,
        1.298136830329895,
        1.2914611101150513,
        1.2894397974014282,
        1.290181040763855,
        1.289231300354004,
        1.2921297550201416,
        1.3015656471252441,
        1.2957040071487427,
        1.2930711507797241,
        1.2881416082382202,
        1.2913556098937988,
        1.290189504623413,
        1.2919634580612183,
        1.2886096239089966,
        1.2881340980529785,
        1.2880065441131592,
        1.2970318794250488,
        1.2803536653518677,
        1.278849482536316,
        1.2788902521133423,
        1.2785099744796753,
        1.2789098024368286,
        1.2783063650131226,
        1.2787646055221558,
        1.2781165838241577,
        1.277991771697998,
        1.2777812480926514
    ],