{
    "run_n":54,
    "run_seed":0,
    "ndims":64,
    "nsamples":100000,
    "correlation":"corr",
    "nbijectors":5,
    "bijector":"CsplineN",
    "spline_knots":12,
    "range_min":-16,
    "hidden_layers":"512-512-512",
    "batch_size":512,
    "activation":"relu",
    "eps_regulariser":0,
    "regulariser":null,
    "dist_seed":0,
    "test_seed":0,
    "kl_divergence":-1,
    "ks_test_mean":0.17360752834156903,
    "ks_test_median":0.12471964583768765,
    "ad_test_mean":0.03975281428696975,
    "ad_test_median":0.07053250025006258,
    "Wasserstein_median":0.018821040329280052,
    "Wasserstein_mean":0.018821040329280052,
    "frob_norm":0.8966369577724728,
    "epochs_input":1000,
    "epochs_output":137,
    "time":3317.6153735723346,
    "train_loss_history":[
        1313.1737060546875,
        168.24017333984375,
        56.11427688598633,
        23.420930862426758,
        30.194053649902344,
        158.76422119140625,
        83.12103271484375,
        68.80247497558594,
        13.24728775024414,
        4.780921459197998,
        1.2075648307800293,
        9.087059020996094,
        8.79979133605957,
        2.7170605659484863,
        0.3536025881767273,
        1.9537310600280762,
        -1.8641878366470337,
        -2.647401809692383,
        -1.952200174331665,
        -1.2729603052139282,
        -4.709868907928467,
        -5.972264289855957,
        -5.577320575714111,
        -6.65759801864624,
        -5.087284088134766,
        -6.620944976806641,
        -7.8746724128723145,
        -8.457030296325684,
        0.14169688522815704,
        -6.864898681640625,
        -8.425854682922363,
        -9.683467864990234,
        -7.504124164581299,
        -9.78602409362793,
        -8.357961654663086,
        -10.101849555969238,
        -9.830554008483887,
        -8.980409622192383,
        -10.145005226135254,
        -7.962945461273193,
        -10.793746948242188,
        -9.33197021484375,
        -11.053365707397461,
        -11.277045249938965,
        -10.750682830810547,
        -11.341580390930176,
        -10.747977256774902,
        -11.480963706970215,
        -10.965193748474121,
        -11.361077308654785,
        -11.104561805725098,
        -11.107367515563965,
        -11.878870964050293,
        -11.211870193481445,
        -12.012940406799316,
        -11.869750022888184,
        -12.38240909576416,
        -11.539253234863281,
        -12.362095832824707,
        -12.821380615234375,
        -12.35753059387207,
        -9.761991500854492,
        -12.84493350982666,
        -12.179381370544434,
        -13.341385841369629,
        -12.967438697814941,
        -13.215332984924316,
        -12.436461448669434,
        -13.200990676879883,
        -13.047860145568848,
        -13.282235145568848,
        -12.923538208007812,
        -14.007120132446289,
        -13.494382858276367,
        -14.185384750366211,
        -13.982029914855957,
        -14.103047370910645,
        -14.311890602111816,
        -13.88769245147705,
        -14.187952041625977,
        -14.662569046020508,
        -14.353860855102539,
        -12.581632614135742,
        -12.116657257080078,
        -13.492286682128906,
        -12.689201354980469,
        -13.738428115844727,
        -13.145462989807129,
        -13.641514778137207,
        -13.506173133850098,
        -14.388833045959473,
        -13.664824485778809,
        -14.170398712158203,
        -14.35378360748291,
        -14.423235893249512,
        -15.036401748657227,
        -14.482048988342285,
        -14.871137619018555,
        -14.62598705291748,
        -14.770637512207031,
        -15.46146297454834,
        -14.75536823272705,
        -15.63036060333252,
        -15.764230728149414,
        -15.566601753234863,
        -15.780388832092285,
        -15.804957389831543,
        -15.925228118896484,
        -16.134666442871094,
        -16.626678466796875,
        -16.555301666259766,
        -16.55693244934082,
        -16.07451820373535,
        -16.269466400146484,
        -17.093547821044922,
        -17.029682159423828,
        -17.301536560058594,
        -17.089599609375,
        -17.324331283569336,
        -17.29332160949707,
        -17.582557678222656,
        -17.355464935302734,
        -17.654428482055664,
        -17.912857055664062,
        -17.80508804321289,
        -17.83681297302246,
        -18.098552703857422,
        -20.8667049407959,
        -21.754783630371094,
        -22.17437171936035,
        -22.320466995239258,
        -22.5279483795166,
        -22.641422271728516,
        -22.75264549255371,
        -22.942441940307617,
        -22.965011596679688,
        -23.123634338378906
    ],