{
    "run_n":2,
    "run_seed":0,
    "ndims":4,
    "nsamples":100000,
    "correlation":"corr",
    "nbijectors":2,
    "bijector":"MsplineN",
    "spline_knots":8,
    "range_min":-16,
    "hidden_layers":"128-128-128",
    "batch_size":512,
    "activation":"relu",
    "eps_regulariser":0,
    "regulariser":null,
    "dist_seed":0,
    "test_seed":0,
    "kl_divergence":-1,
    "ks_test_mean":0.36899953921185374,
    "ks_test_median":0.4374526816333799,
    "ad_test_mean":0.178296861413069,
    "ad_test_median":0.1379569320536015,
    "Wasserstein_median":0.00325832565282369,
    "Wasserstein_mean":0.00325832565282369,
    "frob_norm":0.019488841239920354,
    "epochs_input":100,
    "epochs_output":100,
    "time":202.88090949700003,
    "train_loss_history":[
        5.435776710510254,
        -1.1363520622253418,
        -2.38702654838562,
        -2.124227285385132,
        -3.312877893447876,
        -3.8051280975341797,
        -3.9436588287353516,
        -3.9119713306427,
        -3.9829208850860596,
        -3.7718327045440674,
        -3.9847335815429688,
        -4.066617965698242,
        -4.013646125793457,
        -4.082900524139404,
        -4.035216808319092,
        -3.919219970703125,
        -4.107681751251221,
        -3.9930124282836914,
        -4.068465709686279,
        -4.076049327850342,
        -4.15871524810791,
        -4.072800159454346,
        -4.1221723556518555,
        -4.178808212280273,
        -4.10015344619751,
        -4.002696990966797,
        -4.0606770515441895,
        -4.080461502075195,
        -4.149763107299805,
        -4.070404052734375,
        -4.0968194007873535,
        -4.122656345367432,
        -4.057005405426025,
        -4.088135719299316,
        -4.140488624572754,
        -4.119073867797852,
        -4.116529941558838,
        -4.140139102935791,
        -4.0434184074401855,
        -4.092935562133789,
        -4.146378993988037,
        -4.093226909637451,
        -4.178324222564697,
        -4.138867378234863,
        -4.174861907958984,
        -4.047706127166748,
        -4.203869342803955,
        -4.128276348114014,
        -4.106305122375488,
        -4.203423500061035,
        -4.098826885223389,
        -4.195802688598633,
        -4.141580581665039,
        -4.127336502075195,
        -4.221200466156006,
        -4.126183032989502,
        -4.212685585021973,
        -4.177304267883301,
        -4.26325798034668,
        -4.130615711212158,
        -4.235260009765625,
        -4.17812442779541,
        -4.2657470703125,
        -4.115638256072998,
        -4.1955766677856445,
        -4.2079997062683105,
        -4.222446441650391,
        -4.235504150390625,
        -4.203266620635986,
        -4.178106307983398,
        -4.277164459228516,
        -4.202281475067139,
        -4.22166633605957,
        -4.22174596786499,
        -4.278070449829102,
        -4.1927080154418945,
        -4.219680309295654,
        -4.268585681915283,
        -4.258952617645264,
        -4.249274730682373,
        -4.283680438995361,
        -4.262436389923096,
        -4.210415363311768,
        -4.239759922027588,
        -4.296972274780273,
        -4.209317207336426,
        -4.265471935272217,
        -4.278149604797363,
        -4.25728702545166,
        -4.271610736846924,
        -4.295632362365723,
        -4.269211292266846,
        -4.257883548736572,
        -4.296598434448242,
        -4.269479751586914,
        -4.296042442321777,
        -4.264115333557129,
        -4.277955055236816,
        -4.264045238494873,
        -4.274991989135742
    ],
    "val_loss_history":[
        -0.3123790919780731,
        -2.8492228984832764,
        -3.0009407997131348,
        -3.4838902950286865,
        -3.851353168487549,
        -3.9435067176818848,
        -3.9978692531585693,
        -4.054149627685547,
        -4.004180431365967,
        -4.078413486480713,
        -4.000436305999756,
        -4.107274532318115,
        -4.00601863861084,
        -3.643296003341675,
        -4.181430339813232,
        -4.053775787353516,
        -4.09111213684082,
        -3.9483044147491455,
        -4.239037990570068,
        -4.071316242218018,
        -4.001967906951904,
        -4.053242206573486,
        -3.912837028503418,
        -3.69989275932312,
        -3.9641568660736084,
        -4.086554527282715,
        -3.9749667644500732,
        -4.202643394470215,
        -4.200826644897461,
        -4.184070110321045,
        -4.112094402313232,
        -4.153217792510986,
        -4.1941680908203125,
        -4.1833391189575195,
        -4.204265594482422,
        -4.2063212394714355,
        -4.151713848114014,
        -4.122753620147705,
        -4.130251884460449,
        -4.135437488555908,
        -3.8997673988342285,
        -4.179368495941162,
        -4.190557479858398,
        -4.127233505249023,
        -4.136782169342041,
        -4.198462009429932,
        -3.9921679496765137,
        -4.211784839630127,
        -4.217136383056641,
        -3.7656707763671875,
        -4.102682113647461,
        -4.08631706237793,
        -4.194072246551514,
        -4.14791202545166,
        -4.269241809844971,
        -4.263364791870117,
        -3.5243191719055176,
        -4.240879058837891,
        -4.066221237182617,
        -4.057294845581055,
        -4.119904518127441,
        -4.226851940155029,
        -4.149240493774414,
        -4.059009075164795,
        -4.188987731933594,
        -4.28302526473999,
        -4.177781581878662,
        -4.259801387786865,
        -4.3024067878723145,
        -4.183172702789307,
        -4.316486835479736,
        -4.296921730041504,
        -4.300550937652588,
        -4.267279624938965,
        -4.237571716308594,
        -4.095625400543213,
        -4.181644916534424,
        -4.313111782073975,
        -4.302999019622803,
        -4.279656410217285,
        -4.161179065704346,
        -4.251733779907227,
        -4.004549026489258,
        -4.300845623016357,
        -4.313064098358154,
        -4.267577171325684,
        -4.283738613128662,
        -4.28025484085083,
        -4.081842422485352,
        -4.271143913269043,
        -4.172757625579834,
        -4.325689315795898,
        -4.265874862670898,
        -4.322068691253662,
        -4.275402069091797,
        -4.296152114868164,
        -4.275434494018555,
        -4.27282190322876,
        -4.09637451171875,
        -4.283479690551758
    ],
    "best_train_loss":-4.269211292266846,
    "best_val_loss":-4.325689315795898,
    "best_epoch":91
}