{
    "run_n":23,
    "run_seed":0,
    "ndims":100,
    "nsamples":100000,
    "correlation":"corr",
    "nbijectors":10,
    "bijector":"MAFN",
    "spline_knots":8,
    "range_min":-5,
    "hidden_layers":"128-128-128",
    "batch_size":512,
    "activation":"relu",
    "eps_regulariser":0,
    "regulariser":null,
    "dist_seed":0,
    "test_seed":0,
    "kl_divergence":-1,
    "ks_test_mean":0.007079941207495495,
    "ks_test_median":3.374048296550559e-09,
    "ad_test_mean":0.0010000000000000002,
    "ad_test_median":0.004901700258363965,
    "Wasserstein_median":0.44610453646977966,
    "Wasserstein_mean":0.44610453646977966,
    "frob_norm":1.507421878180012,
    "epochs_input":1000,
    "epochs_output":184,
    "time":847.1620055809617,
    "train_loss_history":[
        296.34637451171875,
        208.8355255126953,
        207.1912384033203,
        206.56527709960938,
        206.20361328125,
        205.86988830566406,
        204.9854736328125,
        204.2181854248047,
        203.53419494628906,
        202.6880645751953,
        201.7241973876953,
        200.97789001464844,
        200.4586181640625,
        199.96693420410156,
        199.4833221435547,
        198.97743225097656,
        198.52333068847656,
        198.107666015625,
        197.6880645751953,
        197.17784118652344,
        196.6995086669922,
        196.11842346191406,
        195.5513916015625,
        194.96826171875,
        194.16665649414062,
        193.57180786132812,
        192.93370056152344,
        192.3853302001953,
        192.10667419433594,
        192.22183227539062,
        191.40548706054688,
        191.0032501220703,
        190.80560302734375,
        190.5148468017578,
        190.08749389648438,
        189.94566345214844,
        190.18894958496094,
        189.191162109375,
        189.08555603027344,
        189.05377197265625,
        188.60467529296875,
        188.55911254882812,
        188.25184631347656,
        188.1598358154297,
        187.5321502685547,
        187.60736083984375,
        187.33135986328125,
        186.94920349121094,
        186.9453125,
        187.17965698242188,
        186.56390380859375,
        186.37258911132812,
        186.21376037597656,
        186.01316833496094,
        185.7903289794922,
        185.56869506835938,
        185.78421020507812,
        185.28787231445312,
        184.78103637695312,
        184.7882537841797,
        185.75987243652344,
        184.71829223632812,
        184.31858825683594,
        183.93936157226562,
        183.86154174804688,
        183.6085968017578,
        183.4978485107422,
        183.39907836914062,
        183.25454711914062,
        182.88189697265625,
        183.0277862548828,
        182.56361389160156,
        182.4835968017578,
        182.20755004882812,
        182.01040649414062,
        181.8673858642578,
        181.6285400390625,
        181.48233032226562,
        181.38864135742188,
        181.5188446044922,
        185.64939880371094,
        183.45321655273438,
        182.17063903808594,
        181.99655151367188,
        181.70297241210938,
        181.56443786621094,
        181.26914978027344,
        181.0895538330078,
        180.84439086914062,
        180.75265502929688,
        180.6616973876953,
        180.58624267578125,
        181.19161987304688,
        185.4440155029297,
        182.07896423339844,
        181.16519165039062,
        180.81321716308594,
        180.37701416015625,
        180.3580780029297,
        179.8844757080078,
        180.3424530029297,
        181.01486206054688,
        179.6444091796875,
        179.7576446533203,
        179.33998107910156,
        179.2228240966797,
        179.21177673339844,
        179.01699829101562,
        178.7630615234375,
        178.9236297607422,
        178.81161499023438,
        180.0699005126953,
        180.03762817382812,
        180.93618774414062,
        179.6746368408203,
        178.664794921875,
        178.14620971679688,
        178.25296020507812,
        178.02944946289062,
        178.10479736328125,
        177.74954223632812,
        177.8748016357422,
        179.1623077392578,
        179.75035095214844,
        NaN,
        NaN,
        NaN,
        NaN,
        NaN,
        NaN,
        NaN,
        NaN,
        NaN,
        NaN,
        NaN,
        NaN,
        NaN,
        NaN,
        NaN,
        NaN,
        NaN,
        NaN,
        NaN,
        NaN,
        NaN,
        NaN,
        NaN,
        NaN,
        NaN,
        NaN,
        NaN,
        NaN,
        NaN,
        NaN,
        NaN,
        NaN,
        NaN,
        NaN,
        NaN,
        NaN,
        NaN,
        NaN,
        NaN,
        NaN,
        NaN,
        NaN,
        NaN,
        NaN,
        NaN,
        NaN,
        NaN,
        NaN,
        NaN,
        NaN,
        NaN,
        NaN,
        NaN,
        NaN,
        NaN,
        NaN,
        NaN,
        NaN,
        NaN,
        NaN
    ],