{
    "run_n":33,
    "run_seed":0,
    "ndims":1000,
    "nsamples":100000,
    "correlation":"corr",
    "nbijectors":5,
    "bijector":"RealNVPN",
    "spline_knots":8,
    "range_min":-5,
    "hidden_layers":"128-128-128",
    "batch_size":256,
    "activation":"relu",
    "eps_regulariser":0,
    "regulariser":null,
    "dist_seed":0,
    "test_seed":0,
    "kl_divergence":-1,
    "ks_test_mean":0.009398920116074376,
    "ks_test_median":7.40624900990966e-16,
    "ad_test_mean":0.0010000000000000002,
    "ad_test_median":0.005413415542135207,
    "Wasserstein_median":0.6483298261181152,
    "Wasserstein_mean":0.6483298261181152,
    "frob_norm":7.574137947101831,
    "epochs_input":1000,
    "epochs_output":120,
    "time":946.7804297362454,
    "train_loss_history":[
        5268.11474609375,
        2067.16748046875,
        2056.222412109375,
        2051.160400390625,
        2048.05908203125,
        2046.0230712890625,
        2044.5184326171875,
        2043.354248046875,
        2042.4244384765625,
        2041.3916015625,
        2040.4951171875,
        2039.763916015625,
        2039.4144287109375,
        2038.9293212890625,
        2038.7291259765625,
        2038.699462890625,
        2038.00048828125,
        2037.9949951171875,
        2037.724609375,
        2037.602783203125,
        2038.060302734375,
        2036.9407958984375,
        2036.9022216796875,
        2036.7716064453125,
        2036.8826904296875,
        2036.473876953125,
        2036.3675537109375,
        2036.634033203125,
        2035.93115234375,
        2036.7222900390625,
        2035.57275390625,
        2035.5386962890625,
        2035.4422607421875,
        2035.3887939453125,
        2035.0689697265625,
        2034.8292236328125,
        2034.6536865234375,
        2034.434326171875,
        2034.271484375,
        2034.1263427734375,
        2033.8212890625,
        2033.8310546875,
        2033.314697265625,
        2033.179931640625,
        2032.874755859375,
        2032.1944580078125,
        2032.6531982421875,
        2031.742431640625,
        2030.8126220703125,
        2030.380859375,
        2030.1165771484375,
        2029.6248779296875,
        2029.49755859375,
        2029.1312255859375,
        2028.80615234375,
        2028.4521484375,
        2028.3677978515625,
        2027.92822265625,
        2027.591064453125,
        2027.3236083984375,
        2026.99951171875,
        2027.0367431640625,
        2026.6119384765625,
        2026.4453125,
        2026.12451171875,
        2025.93115234375,
        2026.0584716796875,
        2025.745849609375,
        2025.6964111328125,
        2025.2381591796875,
        2025.3643798828125,
        2025.1387939453125,
        2024.8538818359375,
        2024.9332275390625,
        2024.409423828125,
        2024.4610595703125,
        2024.4144287109375,
        2023.861083984375,
        2023.8768310546875,
        2023.6727294921875,
        2023.6240234375,
        2023.5247802734375,
        2023.7589111328125,
        2023.2989501953125,
        2023.649169921875,
        2023.262451171875,
        2023.0228271484375,
        2022.9190673828125,
        2022.72119140625,
        2022.763427734375,
        2022.6614990234375,
        2022.54443359375,
        2022.6356201171875,
        2022.21923828125,
        2022.201171875,
        2022.1055908203125,
        2022.4036865234375,
        2022.144287109375,
        2021.6832275390625,
        2021.8756103515625,
        2021.9808349609375,
        2021.5399169921875,
        2021.4742431640625,
        2021.5721435546875,
        2021.23681640625,
        2021.422607421875,
        2021.136474609375,
        2021.1317138671875,
        2021.253662109375,
        2021.0157470703125,
        2019.185791015625,
        2018.4364013671875,
        2018.1595458984375,
        2017.9940185546875,
        2017.878662109375,
        2017.7762451171875,
        2017.6219482421875,
        2017.5284423828125,
        2017.433837890625,
        2017.3206787109375
    ],
    "val_loss_history":[
        2079.4296875,
        2060.539306640625,
        2053.939208984375,
        2050.12939453125,
        2047.8231201171875,
        2045.78955078125,
        2044.42138671875,
        2043.41650390625,
        2042.58642578125,
        2041.394775390625,
        2040.3455810546875,
        2039.668212890625,
        2039.442626953125,
        2039.616943359375,
        2038.8828125,
        2038.4779052734375,
        2039.222900390625,
        2038.171630859375,
        2038.8887939453125,
        2037.9427490234375,
        2038.3017578125,
        2037.6116943359375,
        2038.04296875,
        2037.2578125,
        2037.23974609375,
        2037.0748291015625,
        2038.2259521484375,
        2036.96142578125,
        2038.3681640625,
        2036.698486328125,
        2036.693115234375,
        2036.690185546875,
        2036.7808837890625,
        2036.4583740234375,
        2036.2139892578125,
        2036.3111572265625,
        2036.1788330078125,
        2036.542724609375,
        2035.9295654296875,
        2035.879638671875,
        2035.7708740234375,
        2035.5660400390625,
        2039.358154296875,
        2035.7066650390625,
        2035.37744140625,
        2034.97216796875,
        2036.19482421875,
        2033.8592529296875,
        2033.9537353515625,
        2033.628662109375,
        2033.766845703125,
        2033.41455078125,
        2035.6241455078125,
        2033.381591796875,
        2033.2242431640625,
        2033.6129150390625,
        2032.940185546875,
        2032.9940185546875,
        2033.1483154296875,
        2032.47607421875,
        2033.5303955078125,
        2032.5655517578125,
        2032.827392578125,
        2032.6800537109375,
        2033.167724609375,
        2033.206298828125,
        2032.7325439453125,
        2033.1580810546875,
        2032.92822265625,
        2034.6072998046875,
        2034.10791015625,
        2033.0955810546875,
        2034.3509521484375,
        2033.41796875,
        2033.7691650390625,
        2034.06884765625,
        2033.67431640625,
        2034.3350830078125,
        2033.9376220703125,
        2034.1893310546875,
        2035.5533447265625,
        2034.2039794921875,
        2034.1138916015625,
        2034.8939208984375,
        2034.5423583984375,
        2034.6883544921875,
        2035.1038818359375,
        2034.7451171875,
        2035.1685791015625,
        2035.05224609375,
        2034.9918212890625,
        2035.387939453125,
        2035.69921875,
        2035.8917236328125,
        2035.0953369140625,
        2035.209228515625,
        2035.3250732421875,
        2036.330078125,
        2035.7669677734375,
        2035.72705078125,
        2035.919921875,
        2036.535888671875,
        2036.4952392578125,
        2036.271484375,
        2037.3173828125,
        2035.764892578125,
        2035.9814453125,
        2035.9984130859375,
        2036.365966796875,
        2036.8792724609375,
        2036.3729248046875,
        2037.0205078125,
        2037.5833740234375,
        2038.03271484375,
        2038.176513671875,
        2038.721435546875,
        2038.7216796875,
        2039.1016845703125,
        2039.382568359375,
        2039.3997802734375
    ],
    "best_train_loss":2027.3236083984375,
    "best_val_loss":2032.47607421875,
    "best_epoch":59
}