{
    "run_n": 5,
    "run_seed": 0,
    "ndims": 8,
    "nsamples": 100000,
    "correlation": "corr",
    "nbijectors": 5,
    "bijector": "MAFN",
    "spline_knots": 8,
    "range_min": -5,
    "hidden_layers": "128-128-128",
    "batch_size": 512,
    "activation": "relu",
    "eps_regulariser": 0,
    "regulariser": null,
    "dist_seed": 0,
    "test_seed": 0,
    "kl_divergence": -1,
    "ks_test_mean": 0.21431781538227448,
    "ks_test_median": 0.15785530930216818,
    "ad_test_mean": 0.10122254859859511,
    "ad_test_median": 0.11574382249013697,
    "Wasserstein_median": 0.08422131596149872,
    "Wasserstein_mean": 0.08422131596149872,
    "frob_norm": 0.16165125511891928,
    "epochs_input": 1000,
    "epochs_output": 255,
    "time": 622.0109322657809,
    "train_loss_history": [
        29.51625633239746,
        14.463809967041016,
        13.461294174194336,
        12.980731964111328,
        12.732017517089844,
        12.582710266113281,
        12.449706077575684,
        12.31540584564209,
        12.271596908569336,
        12.068291664123535,
        11.992109298706055,
        11.97696590423584,
        11.959423065185547,
        11.81825065612793,
        11.688582420349121,
        11.586687088012695,
        11.540133476257324,
        11.46270751953125,
        11.42444133758545,
        11.372659683227539,
        11.388992309570312,
        11.263253211975098,
        11.280400276184082,
        11.261910438537598,
        11.180604934692383,
        11.189788818359375,
        11.117096900939941,
        11.202083587646484,
        11.09997844696045,
        11.078243255615234,
        11.079975128173828,
        11.016746520996094,
        11.059608459472656,
        11.002304077148438,
        10.997355461120605,
        10.970536231994629,
        10.965065956115723,
        10.942856788635254,
        10.903264999389648,
        10.902966499328613,
        10.873251914978027,
        10.854127883911133,
        10.838323593139648,
        10.815409660339355,
        10.809195518493652,
        10.839378356933594,
        10.832635879516602,
        10.78918170928955,
        10.766714096069336,
        10.78813362121582,
        10.78586196899414,
        10.738239288330078,
        10.748518943786621,
        10.739882469177246,
        10.729063987731934,
        10.735169410705566,
        10.701031684875488,
        10.705918312072754,
        10.69981861114502,
        10.686307907104492,
        10.670234680175781,
        10.674168586730957,
        10.637715339660645,
        11.724681854248047,
        11.265085220336914,
        11.115556716918945,
        11.065082550048828,
        10.99722957611084,
        10.950959205627441,
        10.87556266784668,
        10.851167678833008,
        10.760676383972168,
        10.760802268981934,
        10.698224067687988,
        10.709291458129883,
        10.71144962310791,
        10.672484397888184,
        10.671394348144531,
        10.668155670166016,
        10.67214298248291,
        10.620020866394043,
        10.620845794677734,
        10.614226341247559,
        10.605175018310547,
        10.624935150146484,
        10.62438678741455,
        10.891087532043457,
        11.489622116088867,
        11.121392250061035,
        11.028271675109863,
        10.982111930847168,
        10.900871276855469,
        10.848760604858398,
        10.837152481079102,
        10.832512855529785,
        10.84808349609375,
        10.771360397338867,
        10.748311996459961,
        10.75642204284668,
        10.748570442199707,
        10.69153118133545,
        10.68221378326416,
        10.668645858764648,
        10.63335132598877,
        10.641138076782227,
        10.658804893493652,
        10.630034446716309,
        10.61208438873291,
        10.61295223236084,
        10.60966682434082,
        10.584922790527344,
        10.586579322814941,
        10.57946491241455,
        10.54345703125,
        10.546548843383789,
        10.575429916381836,
        10.549201011657715,
        10.533352851867676,
        10.5308837890625,
        10.510565757751465,
        10.489616394042969,
        10.51686954498291,
        10.510058403015137,
        10.52751350402832,
        10.4747953414917,
        10.484297752380371,
        10.506681442260742,
        10.500249862670898,
        10.475357055664062,
        10.453790664672852,
        10.457308769226074,
        10.457685470581055,
        10.444598197937012,
        10.477974891662598,
        10.436299324035645,
        10.451951026916504,
        10.441625595092773,
        10.439355850219727,
        10.443262100219727,
        10.409394264221191,
        10.432196617126465,
        10.407567024230957,
        10.393974304199219,
        10.38818359375,
        10.444734573364258,
        10.439414024353027,
        10.420656204223633,
        10.47715950012207,
        10.384132385253906,
        10.403746604919434,
        10.410334587097168,
        10.39631175994873,
        10.383455276489258,
        10.35091495513916,
        10.392011642456055,
        10.414790153503418,
        10.344234466552734,
        10.358442306518555,
        10.452178001403809,
        10.390937805175781,
        10.353206634521484,
        10.392461776733398,
        10.395071029663086,
        10.36711597442627,
        10.364624977111816,
        10.341331481933594,
        10.346414566040039,
        10.338335990905762,
        10.371076583862305,
        10.334179878234863,
        10.30103588104248,
        10.316108703613281,
        10.331459045410156,
        10.33626651763916,
        10.33818244934082,
        10.341617584228516,
        10.334623336791992,
        10.324230194091797,
        10.318625450134277,
        10.345039367675781,
        10.341119766235352,
        10.310248374938965,
        10.312479019165039,
        10.309328079223633,
        10.308470726013184,
        10.298046112060547,
        10.311386108398438,
        10.312671661376953,
        10.329411506652832,
        10.28636646270752,
        10.293905258178711,
        10.306437492370605,
        10.350737571716309,
        10.51923942565918,
        10.29253101348877,
        10.3176908493042,
        10.268091201782227,
        10.26671314239502,
        10.304709434509277,
        10.277656555175781,
        10.271985054016113,
        10.258391380310059,
        10.277645111083984,
        10.286014556884766,
        10.281085968017578,
        10.263398170471191,
        10.26436996459961,
        10.270793914794922,
        10.309205055236816,
        10.247634887695312,
        10.263467788696289,
        10.273726463317871,
        10.239249229431152,
        10.252043724060059,
        10.250783920288086,
        10.248209953308105,
        10.263487815856934,
        10.257772445678711,
        10.246346473693848,
        10.234119415283203,
        10.243199348449707,
        10.263115882873535,
        10.263673782348633,
        10.27108383178711,
        10.24435043334961,
        10.243486404418945,
        10.252272605895996,
        10.221938133239746,
        10.24902629852295,
        10.249547004699707,
        10.220390319824219,
        10.25150203704834,
        10.242268562316895,
        10.209768295288086,
        10.216792106628418,
        10.24722671508789,
        10.2285737991333,
        10.24778938293457,
        10.229269027709961,
        10.226932525634766,
        10.219755172729492,
        10.229387283325195,
        10.226065635681152,
        10.206408500671387,
        10.202661514282227,
        10.083065032958984,
        10.063172340393066,
        10.057889938354492,
        10.055485725402832,
        10.054253578186035,
        10.056288719177246,
        10.056361198425293,
        10.057326316833496,
        10.05942440032959,
        10.054248809814453
    ],