{
    "run_n": 13,
    "run_seed": 0,
    "ndims": 32,
    "nsamples": 100000,
    "correlation": "corr",
    "nbijectors": 2,
    "bijector": "MsplineN",
    "spline_knots": 8,
    "range_min": -16,
    "hidden_layers": "128-128-128",
    "batch_size": 512,
    "activation": "relu",
    "eps_regulariser": 0,
    "regulariser": null,
    "dist_seed": 0,
    "test_seed": 0,
    "kl_divergence": -1,
    "ks_test_mean": 0.2699136452393226,
    "ks_test_median": 0.30838189293037976,
    "ad_test_mean": 0.1689196647448593,
    "ad_test_median": 0.13810541115944433,
    "Wasserstein_median": 0.06766870391233054,
    "Wasserstein_mean": 0.06766870391233054,
    "frob_norm": 0.23780635523860183,
    "epochs_input": 1000,
    "epochs_output": 180,
    "time": 1006.6395781282336,
    "train_loss_history": [
        84.68538665771484,
        45.539390563964844,
        43.3784294128418,
        42.36641311645508,
        41.76446533203125,
        41.55665588378906,
        41.2117919921875,
        40.95283889770508,
        40.73379898071289,
        40.31855392456055,
        40.2160758972168,
        40.179405212402344,
        40.082305908203125,
        39.919158935546875,
        39.64238357543945,
        39.54631042480469,
        39.38135528564453,
        39.60768127441406,
        39.52968215942383,
        39.379207611083984,
        39.523895263671875,
        39.22875213623047,
        39.168235778808594,
        39.367862701416016,
        39.195030212402344,
        39.050655364990234,
        39.04716110229492,
        39.0161018371582,
        39.21652603149414,
        39.04662322998047,
        38.90734100341797,
        38.785606384277344,
        38.600833892822266,
        38.861759185791016,
        38.903907775878906,
        38.836692810058594,
        38.70208740234375,
        38.67646408081055,
        38.77257537841797,
        38.82455825805664,
        38.606201171875,
        38.650447845458984,
        38.58393478393555,
        38.72998046875,
        38.64061737060547,
        38.52262496948242,
        38.50899124145508,
        38.45391845703125,
        38.467742919921875,
        38.49657440185547,
        38.538692474365234,
        38.3527717590332,
        38.459800720214844,
        38.308040618896484,
        38.28864669799805,
        38.29161071777344,
        38.55521774291992,
        38.50923538208008,
        38.25166320800781,
        38.59920883178711,
        38.390201568603516,
        37.95024108886719,
        38.03091049194336,
        38.40998458862305,
        38.11981964111328,
        38.205387115478516,
        38.23299789428711,
        38.051902770996094,
        38.10881805419922,
        38.12083435058594,
        37.83268356323242,
        37.845558166503906,
        37.90547180175781,
        38.006771087646484,
        37.68872833251953,
        37.70505142211914,
        37.954708099365234,
        37.735740661621094,
        37.67973327636719,
        37.70382308959961,
        37.7020263671875,
        38.04048538208008,
        37.60808181762695,
        37.56581115722656,
        37.67913055419922,
        37.670169830322266,
        37.63957977294922,
        37.33820724487305,
        37.56672286987305,
        37.533756256103516,
        37.45198059082031,
        37.528011322021484,
        37.821598052978516,
        37.40740966796875,
        37.760475158691406,
        37.35789489746094,
        37.27164077758789,
        37.24394607543945,
        37.30036163330078,
        37.27125549316406,
        37.196834564208984,
        37.36643600463867,
        37.370567321777344,
        37.795894622802734,
        37.32936477661133,
        37.7575798034668,
        37.65055465698242,
        37.5389518737793,
        37.428993225097656,
        37.35736846923828,
        37.335899353027344,
        37.252201080322266,
        37.30777359008789,
        37.32508087158203,
        37.289974212646484,
        37.36612319946289,
        37.34284210205078,
        37.33977127075195,
        37.140464782714844,
        37.17662048339844,
        37.10426712036133,
        37.0980339050293,
        37.41789627075195,
        37.29448318481445,
        37.34336853027344,
        37.105445861816406,
        37.19624328613281,
        37.19125747680664,
        37.15167999267578,
        37.109214782714844,
        37.20676803588867,
        37.27085876464844,
        37.27397918701172,
        37.23402404785156,
        37.193824768066406,
        37.18342590332031,
        37.17848205566406,
        37.053733825683594,
        37.10311508178711,
        37.13872146606445,
        37.196048736572266,
        37.0395393371582,
        36.946533203125,
        36.976619720458984,
        37.04912567138672,
        36.99968719482422,
        36.94883346557617,
        36.99967575073242,
        36.96217346191406,
        37.028411865234375,
        36.96139907836914,
        37.095115661621094,
        37.021217346191406,
        36.942378997802734,
        37.054203033447266,
        36.93962097167969,
        36.91059112548828,
        37.06239700317383,
        36.94449234008789,
        36.95701599121094,
        36.953128814697266,
        36.89590072631836,
        36.96504211425781,
        36.99899673461914,
        36.8737678527832,
        37.001399993896484,
        36.87605285644531,
        36.945919036865234,
        36.847373962402344,
        36.880958557128906,
        36.55877685546875,
        36.529197692871094,
        36.504241943359375,
        36.510780334472656,
        36.48683547973633,
        36.49016571044922,
        36.491661071777344,
        36.52584457397461,
        36.493804931640625,
        36.52250671386719
    ],