{
    "run_n":30,
    "run_seed":0,
    "ndims":400,
    "nsamples":100000,
    "correlation":"corr",
    "nbijectors":5,
    "bijector":"RealNVPN",
    "spline_knots":8,
    "range_min":-5,
    "hidden_layers":"256-256-256",
    "batch_size":256,
    "activation":"relu",
    "eps_regulariser":0,
    "regulariser":null,
    "dist_seed":0,
    "test_seed":0,
    "kl_divergence":-1,
    "ks_test_mean":0.009125880664402373,
    "ks_test_median":8.296878186625334e-15,
    "ad_test_mean":0.0010000000000000002,
    "ad_test_median":0.005145528921631022,
    "Wasserstein_median":0.6535094459130314,
    "Wasserstein_mean":0.6535094459130314,
    "frob_norm":3.7571659515348097,
    "epochs_input":1000,
    "epochs_output":116,
    "time":652.8450303561985,
    "train_loss_history":[
        2670.63916015625,
        832.4092407226562,
        827.8080444335938,
        825.6074829101562,
        824.3214721679688,
        823.3941040039062,
        822.6860961914062,
        822.0081787109375,
        821.2083740234375,
        820.5512084960938,
        820.0425415039062,
        819.6392211914062,
        819.1693115234375,
        818.6989135742188,
        818.4287719726562,
        817.9392700195312,
        817.4738159179688,
        817.2172241210938,
        816.9129028320312,
        816.67578125,
        816.3983154296875,
        816.0475463867188,
        815.9393310546875,
        815.7693481445312,
        815.0699462890625,
        814.8712158203125,
        814.43798828125,
        813.77685546875,
        813.704345703125,
        813.324462890625,
        813.0870971679688,
        812.756103515625,
        813.1986694335938,
        812.4163208007812,
        812.251220703125,
        811.7451171875,
        811.5637817382812,
        811.2296752929688,
        811.2626953125,
        810.802978515625,
        810.5928955078125,
        810.48486328125,
        810.04638671875,
        810.0562133789062,
        809.783203125,
        809.7647705078125,
        809.3489990234375,
        809.08935546875,
        810.6675415039062,
        809.0504150390625,
        808.8092041015625,
        808.3613891601562,
        808.0902709960938,
        807.751220703125,
        807.8054809570312,
        807.3334350585938,
        807.39013671875,
        806.94384765625,
        806.7825927734375,
        806.6126708984375,
        806.3307495117188,
        806.2000122070312,
        805.9541625976562,
        805.9548950195312,
        805.6480102539062,
        805.1497192382812,
        805.00537109375,
        805.1622924804688,
        804.500732421875,
        805.0842895507812,
        804.6830444335938,
        804.229736328125,
        804.2852783203125,
        804.006103515625,
        803.6172485351562,
        803.5079345703125,
        803.1370849609375,
        803.2548828125,
        803.095947265625,
        802.8863525390625,
        802.6688232421875,
        802.2086181640625,
        801.9558715820312,
        801.73779296875,
        802.3984985351562,
        802.9959106445312,
        801.8596801757812,
        801.4395141601562,
        800.7933349609375,
        800.5711059570312,
        800.4771118164062,
        800.3558349609375,
        800.1202392578125,
        802.0956420898438,
        800.8538818359375,
        799.8995971679688,
        799.7410888671875,
        799.31103515625,
        798.9176025390625,
        799.2255249023438,
        799.0975341796875,
        798.5302124023438,
        798.9527587890625,
        798.5262451171875,
        798.3786010742188,
        798.1395874023438,
        796.2462768554688,
        795.3701171875,
        795.0112915039062,
        794.7759399414062,
        794.60546875,
        794.414794921875,
        794.2794189453125,
        794.185546875,
        794.0398559570312,
        793.9744873046875
    ],
    "val_loss_history":[
        836.7882080078125,
        829.4528198242188,
        826.529296875,
        824.9210205078125,
        824.1692504882812,
        823.2735595703125,
        822.5896606445312,
        821.6793212890625,
        820.9630126953125,
        820.4190063476562,
        819.8439331054688,
        819.48388671875,
        819.3270874023438,
        819.5117797851562,
        818.4520874023438,
        818.0111083984375,
        818.6663208007812,
        817.5017700195312,
        817.35888671875,
        818.241943359375,
        816.8715209960938,
        816.7844848632812,
        816.5912475585938,
        816.0264892578125,
        816.6064453125,
        816.441162109375,
        814.9660034179688,
        817.012451171875,
        815.2328491210938,
        816.2865600585938,
        814.173583984375,
        813.9890747070312,
        813.6647338867188,
        816.1698608398438,
        813.2079467773438,
        813.9508056640625,
        814.1863403320312,
        813.523681640625,
        813.4318237304688,
        812.958251953125,
        812.7950439453125,
        812.68115234375,
        812.4608154296875,
        812.3306884765625,
        813.0983276367188,
        812.5540771484375,
        812.1292114257812,
        812.9111328125,
        812.9410400390625,
        812.333740234375,
        812.0607299804688,
        812.9481201171875,
        812.3336791992188,
        812.9572143554688,
        811.9631958007812,
        811.912841796875,
        812.07958984375,
        812.3683471679688,
        812.1262817382812,
        814.6388549804688,
        813.1782836914062,
        812.2190551757812,
        812.6184692382812,
        813.2879028320312,
        812.2774047851562,
        813.3683471679688,
        813.4973754882812,
        813.171142578125,
        813.1013793945312,
        812.413330078125,
        812.9105224609375,
        813.3568725585938,
        813.7224731445312,
        813.40625,
        813.223876953125,
        814.8800659179688,
        817.95458984375,
        814.1522827148438,
        814.0438842773438,
        814.260009765625,
        815.0794677734375,
        814.228271484375,
        814.8367919921875,
        816.2442016601562,
        815.4530029296875,
        814.2836303710938,
        815.9220581054688,
        815.0232543945312,
        814.532958984375,
        814.4251708984375,
        814.2361450195312,
        814.8278198242188,
        816.7863159179688,
        815.01416015625,
        813.7485961914062,
        814.7344970703125,
        815.6686401367188,
        816.1016235351562,
        814.344970703125,
        814.9439086914062,
        815.0397338867188,
        814.4130249023438,
        815.2280883789062,
        814.5090942382812,
        816.5908203125,
        814.9891967773438,
        816.897216796875,
        818.9574584960938,
        820.1480102539062,
        820.59375,
        821.51611328125,
        821.9056396484375,
        822.578857421875,
        823.7942504882812,
        824.3671875,
        824.7184448242188
    ],
    "best_train_loss":807.3334350585938,
    "best_val_loss":811.912841796875,
    "best_epoch":55
}