{
    "run_n":15,
    "run_seed":0,
    "ndims":8,
    "nsamples":100000,
    "correlation":"corr",
    "nbijectors":5,
    "bijector":"CsplineN",
    "spline_knots":8,
    "range_min":-16,
    "hidden_layers":"512-512-512",
    "batch_size":512,
    "activation":"relu",
    "eps_regulariser":0,
    "regulariser":null,
    "dist_seed":0,
    "test_seed":0,
    "kl_divergence":-1,
    "ks_test_mean":0.39064088200214636,
    "ks_test_median":0.41691053598348493,
    "ad_test_mean":0.20258826540861208,
    "ad_test_median":0.1968932133867552,
    "Wasserstein_median":0.041368434331361795,
    "Wasserstein_mean":0.041368434331361795,
    "frob_norm":0.11264315805890358,
    "epochs_input":1000,
    "epochs_output":154,
    "time":3520.844779617153,
    "train_loss_history":[
        17.624818801879883,
        8.041950225830078,
        7.0539774894714355,
        5.98260498046875,
        5.641054630279541,
        5.480659008026123,
        5.300119876861572,
        5.256010055541992,
        5.148772239685059,
        5.142138957977295,
        5.080926895141602,
        5.18544864654541,
        5.060407638549805,
        5.020591735839844,
        5.043236255645752,
        4.909533977508545,
        4.882478713989258,
        4.874569416046143,
        4.795047760009766,
        4.891053199768066,
        4.793076515197754,
        4.729310035705566,
        4.8412556648254395,
        4.751340866088867,
        4.7566752433776855,
        4.711409091949463,
        4.754095077514648,
        4.755138397216797,
        4.732833385467529,
        4.6573967933654785,
        4.612468242645264,
        4.642384052276611,
        4.740048885345459,
        4.622159957885742,
        4.5818281173706055,
        4.5574421882629395,
        4.600142478942871,
        4.577197074890137,
        4.595277786254883,
        4.522433757781982,
        4.514926910400391,
        4.539576530456543,
        4.523850917816162,
        4.568171501159668,
        4.51995849609375,
        4.501073837280273,
        4.4559783935546875,
        4.438957691192627,
        4.45845365524292,
        4.459775924682617,
        4.444084167480469,
        4.40997314453125,
        4.483115196228027,
        4.4420390129089355,
        4.481462478637695,
        4.458553791046143,
        4.4145073890686035,
        4.389606475830078,
        4.397268772125244,
        4.35637092590332,
        4.42912483215332,
        4.3633575439453125,
        4.36899471282959,
        4.3544840812683105,
        4.3537492752075195,
        4.348334789276123,
        4.347311496734619,
        4.34263277053833,
        4.340680122375488,
        4.324696063995361,
        4.312162399291992,
        4.3088788986206055,
        4.316257953643799,
        4.286681175231934,
        4.314282417297363,
        4.331362724304199,
        4.294856071472168,
        4.310998439788818,
        4.262094020843506,
        4.280501365661621,
        4.320568561553955,
        4.302394390106201,
        4.299477577209473,
        4.29571533203125,
        4.26897668838501,
        4.2459797859191895,
        4.268604278564453,
        4.253188610076904,
        4.266695499420166,
        4.246912002563477,
        4.266873836517334,
        4.238813400268555,
        4.230157852172852,
        4.227688312530518,
        4.228294849395752,
        4.228941917419434,
        4.239440441131592,
        4.246479511260986,
        4.259912967681885,
        4.223906993865967,
        4.227321624755859,
        4.247451305389404,
        4.198015213012695,
        4.203508377075195,
        4.229826927185059,
        4.2186479568481445,
        4.210571765899658,
        4.230227470397949,
        4.1982855796813965,
        4.25778341293335,
        4.217437744140625,
        4.202570915222168,
        4.190165996551514,
        4.205692768096924,
        4.199197292327881,
        4.208638668060303,
        4.191314697265625,
        4.183961868286133,
        4.1726274490356445,
        4.188493251800537,
        4.18054723739624,
        4.164093971252441,
        4.169856548309326,
        4.17147970199585,
        4.166981220245361,
        4.150367259979248,
        4.163766860961914,
        4.157677173614502,
        4.135636329650879,
        4.165197372436523,
        4.150594711303711,
        4.148964881896973,
        4.138934135437012,
        4.131340980529785,
        4.140642166137695,
        4.147790908813477,
        4.144221782684326,
        4.155300140380859,
        4.125166893005371,
        4.105579853057861,
        4.10644006729126,
        4.115041255950928,
        4.177350044250488,
        4.106982231140137,
        3.986083984375,
        3.9626758098602295,
        3.952638864517212,
        3.9504494667053223,
        3.9422218799591064,
        3.9389660358428955,
        3.9340991973876953,
        3.933812141418457,
        3.934560775756836,
        3.9295003414154053
    ],