{
    "run_n":13,
    "run_seed":0,
    "ndims":32,
    "nsamples":100000,
    "correlation":"corr",
    "nbijectors":5,
    "bijector":"RealNVPN",
    "spline_knots":8,
    "range_min":-5,
    "hidden_layers":"128-128-128",
    "batch_size":256,
    "activation":"relu",
    "eps_regulariser":0,
    "regulariser":null,
    "dist_seed":0,
    "test_seed":0,
    "kl_divergence":-1,
    "ks_test_mean":0.44181126018792743,
    "ks_test_median":0.47084816757057524,
    "ad_test_mean":0.20894857209580986,
    "ad_test_median":0.20035157763699143,
    "Wasserstein_median":0.023864736450246858,
    "Wasserstein_mean":0.023864736450246858,
    "frob_norm":0.1991799085126011,
    "epochs_input":1000,
    "epochs_output":207,
    "time":1104.2100491998717,
    "train_loss_history":[
        87.3566665649414,
        25.658458709716797,
        24.021080017089844,
        27.438554763793945,
        23.38446807861328,
        21.810895919799805,
        21.45903778076172,
        21.191200256347656,
        21.017045974731445,
        20.830551147460938,
        20.686487197875977,
        20.507919311523438,
        20.418733596801758,
        20.517454147338867,
        20.092243194580078,
        20.17786979675293,
        20.652381896972656,
        19.911882400512695,
        19.76658821105957,
        19.856529235839844,
        19.75248146057129,
        19.51324462890625,
        19.49448013305664,
        19.5906982421875,
        19.551219940185547,
        19.479286193847656,
        19.292007446289062,
        19.188350677490234,
        19.190902709960938,
        19.139249801635742,
        19.077001571655273,
        19.09963607788086,
        19.030845642089844,
        19.05530548095703,
        19.02765464782715,
        18.911602020263672,
        18.79994010925293,
        18.924205780029297,
        19.238067626953125,
        18.761442184448242,
        18.769350051879883,
        18.68160057067871,
        18.657848358154297,
        18.677101135253906,
        18.640817642211914,
        18.51450538635254,
        18.376705169677734,
        18.425857543945312,
        18.527605056762695,
        18.41188621520996,
        18.304340362548828,
        18.381345748901367,
        18.28999900817871,
        18.379934310913086,
        18.277313232421875,
        18.22406005859375,
        18.23670768737793,
        18.304645538330078,
        18.362651824951172,
        18.113420486450195,
        18.094999313354492,
        18.160429000854492,
        18.172945022583008,
        18.01625633239746,
        18.265714645385742,
        18.103397369384766,
        18.134191513061523,
        17.995460510253906,
        17.926149368286133,
        18.101669311523438,
        17.872398376464844,
        17.950523376464844,
        17.955554962158203,
        17.869836807250977,
        18.332414627075195,
        18.03044891357422,
        17.76953125,
        17.811532974243164,
        17.77682876586914,
        17.923612594604492,
        17.828487396240234,
        17.726436614990234,
        17.742149353027344,
        17.676836013793945,
        17.762786865234375,
        17.734533309936523,
        17.68928337097168,
        17.713287353515625,
        17.625507354736328,
        17.668298721313477,
        17.629587173461914,
        17.715227127075195,
        17.645368576049805,
        17.52725601196289,
        17.873266220092773,
        17.501638412475586,
        19.150951385498047,
        17.952722549438477,
        17.75312042236328,
        17.817630767822266,
        17.595230102539062,
        17.65516471862793,
        17.587678909301758,
        17.7562313079834,
        17.56107521057129,
        17.761674880981445,
        17.558931350708008,
        17.634201049804688,
        17.64992332458496,
        17.682641983032227,
        17.43162727355957,
        17.574323654174805,
        17.36541748046875,
        17.720922470092773,
        18.116098403930664,
        17.995254516601562,
        17.546812057495117,
        17.66810417175293,
        17.486825942993164,
        17.423315048217773,
        17.442615509033203,
        17.435630798339844,
        17.63494873046875,
        17.30867576599121,
        17.399999618530273,
        17.424503326416016,
        17.4073429107666,
        17.38776397705078,
        17.41390609741211,
        17.231197357177734,
        17.63773536682129,
        17.57422637939453,
        17.290781021118164,
        17.36979866027832,
        17.170974731445312,
        17.206165313720703,
        17.570859909057617,
        17.541622161865234,
        17.407793045043945,
        16.644046783447266,
        16.558671951293945,
        16.53119468688965,
        16.50720977783203,
        16.484193801879883,
        16.4825439453125,
        16.494352340698242,
        16.44842529296875,
        16.44670867919922,
        16.411951065063477,
        16.42190933227539,
        16.4174747467041,
        16.39500617980957,
        16.404691696166992,
        16.377140045166016,
        16.376237869262695,
        16.35838508605957,
        16.360578536987305,
        16.333742141723633,
        16.33998680114746,
        16.343299865722656,
        16.335838317871094,
        16.341650009155273,
        16.314496994018555,
        16.31870460510254,
        16.29778289794922,
        16.303918838500977,
        16.312732696533203,
        16.30073356628418,
        16.28226089477539,
        16.268957138061523,
        16.309371948242188,
        16.268802642822266,
        16.289676666259766,
        16.28668785095215,
        16.263057708740234,
        16.288936614990234,
        16.265892028808594,
        16.259185791015625,
        16.228429794311523,
        16.24848747253418,
        16.26435661315918,
        16.232242584228516,
        16.23822784423828,
        16.224939346313477,
        16.232311248779297,
        16.222898483276367,
        16.247766494750977,
        16.20697593688965,
        16.202716827392578,
        16.201038360595703,
        16.214879989624023,
        16.212745666503906,
        16.207117080688477,
        16.209074020385742,
        16.17868423461914,
        16.190601348876953,
        16.18897819519043,
        16.03801155090332,
        16.02806282043457,
        16.0218505859375,
        16.02115821838379,
        16.021339416503906,
        16.02113914489746,
        16.018266677856445,
        16.018049240112305,
        16.02003288269043,
        16.020179748535156
    ],