{
    "run_n":2,
    "run_seed":187,
    "ndims":200,
    "nsamples":100000,
    "correlation":"corr",
    "nbijectors":10,
    "bijector":"RealNVPN",
    "spline_knots":8,
    "range_min":-5,
    "hidden_layers":"128-128-128",
    "batch_size":256,
    "activation":"relu",
    "eps_regulariser":0,
    "regulariser":null,
    "dist_seed":0,
    "test_seed":0,
    "ks_mean":0.03743069325061752,
    "ks_std":0.09403002571156399,
    "ad_mean":0.0324540820912879,
    "ad_std":0.060499077208707126,
    "wd_mean":0.10545439978583937,
    "wd_std":0.04825524287223886,
    "swd_mean":0.10582973348049302,
    "swd_std":0.05232445506771046,
    "fn_mean":5.757719844944164,
    "fn_std":0.36211088943381325,
    "epochs_input":1000,
    "epochs_output":290,
    "time":3066.657002764987,
    "train_loss_history":[
        86261.6953125,
        744.1536254882812,
        552.2786254882812,
        496.1888122558594,
        461.5473937988281,
        431.3337097167969,
        407.5387878417969,
        388.94781494140625,
        372.7341613769531,
        356.7144775390625,
        342.3909912109375,
        330.35833740234375,
        319.12164306640625,
        308.21881103515625,
        298.0457458496094,
        288.1986999511719,
        279.4999084472656,
        271.6681213378906,
        264.1314392089844,
        257.5025939941406,
        251.26673889160156,
        245.4172821044922,
        239.7894287109375,
        234.19374084472656,
        229.03160095214844,
        223.72181701660156,
        218.8147735595703,
        213.92823791503906,
        209.4834747314453,
        204.80760192871094,
        200.43154907226562,
        196.03453063964844,
        191.71365356445312,
        187.46493530273438,
        183.42381286621094,
        179.5019073486328,
        175.87232971191406,
        172.4571533203125,
        168.92970275878906,
        165.3160400390625,
        162.3997039794922,
        158.92645263671875,
        156.0912322998047,
        152.84194946289062,
        150.0897674560547,
        147.37010192871094,
        144.97433471679688,
        142.0275115966797,
        139.52854919433594,
        136.9688720703125,
        135.02886962890625,
        133.14663696289062,
        131.05577087402344,
        128.6233673095703,
        127.32196807861328,
        125.7098159790039,
        123.33013153076172,
        121.50965881347656,
        120.21913146972656,
        118.56082916259766,
        117.93912506103516,
        115.47772979736328,
        114.40399169921875,
        112.8939208984375,
        111.42520904541016,
        110.15772247314453,
        109.77307891845703,
        107.93351745605469,
        106.94969940185547,
        106.48217010498047,
        105.8254623413086,
        104.0440673828125,
        104.13531494140625,
        103.392333984375,
        101.68872833251953,
        101.71977233886719,
        100.76148223876953,
        100.08158111572266,
        242.1006317138672,
        157.4866485595703,
        125.58065795898438,
        115.83126068115234,
        110.60936737060547,
        107.25755310058594,
        104.73486328125,
        103.25703430175781,
        101.45587158203125,
        100.37764739990234,
        99.29689025878906,
        98.62666320800781,
        97.76709747314453,
        96.96775817871094,
        96.94354248046875,
        95.78654479980469,
        95.78421783447266,
        95.2776870727539,
        95.08126831054688,
        94.20048522949219,
        94.46080017089844,
        93.76085662841797,
        93.56452941894531,
        93.39116668701172,
        92.86380004882812,
        92.9429702758789,
        133.40501403808594,
        101.5154037475586,
        96.17662048339844,
        94.29608917236328,
        93.56605529785156,
        92.82206726074219,
        92.46533203125,
        92.10567474365234,
        91.89847564697266,
        91.29036712646484,
        137.09732055664062,
        95.41992950439453,
        92.99977111816406,
        91.92060089111328,
        91.57080078125,
        91.0547103881836,
        90.66582489013672,
        90.86625671386719,
        90.35462188720703,
        90.85942077636719,
        90.88922882080078,
        89.93672180175781,
        89.68740844726562,
        89.48672485351562,
        89.6768798828125,
        89.37706756591797,
        89.50244903564453,
        89.32252502441406,
        88.95631408691406,
        88.99333953857422,
        89.29899597167969,
        88.64354705810547,
        88.76420593261719,
        88.44574737548828,
        88.37252044677734,
        88.33680725097656,
        88.51593780517578,
        88.05162811279297,
        88.63336181640625,
        87.76229858398438,
        87.79059600830078,
        87.84371185302734,
        93.7639389038086,
        98.25894165039062,
        88.3612060546875,
        87.87226867675781,
        87.63467407226562,
        87.4541244506836,
        87.5443344116211,
        87.2649154663086,
        87.56039428710938,
        87.1717529296875,
        87.38199615478516,
        87.03572845458984,
        87.02354431152344,
        86.9522705078125,
        86.65715789794922,
        87.09491729736328,
        86.68933868408203,
        87.07787322998047,
        86.47821807861328,
        86.58484649658203,
        86.50677490234375,
        86.96048736572266,
        86.46768951416016,
        86.41764068603516,
        86.4242935180664,
        86.40294647216797,
        86.38890075683594,
        86.01734924316406,
        86.33092498779297,
        85.95838928222656,
        86.01163482666016,
        85.97380828857422,
        86.21176147460938,
        85.80372619628906,
        85.90496063232422,
        85.82151794433594,
        86.4747543334961,
        85.78331756591797,
        85.58436584472656,
        85.50862884521484,
        85.84534454345703,
        85.53524780273438,
        85.88248443603516,
        85.25733947753906,
        86.30584716796875,
        85.37076568603516,
        85.36788940429688,
        85.39175415039062,
        85.4495620727539,
        85.19200897216797,
        85.25067138671875,
        85.29833221435547,
        85.26962280273438,
        85.11731719970703,
        85.37582397460938,
        85.01740264892578,
        85.37645721435547,
        85.01252746582031,
        84.90352630615234,
        84.93074798583984,
        85.33781433105469,
        84.79462432861328,
        84.88668060302734,
        84.60533142089844,
        96.65929412841797,
        87.52430725097656,
        85.89102935791016,
        85.33808898925781,
        85.11465454101562,
        85.05960083007812,
        85.04443359375,
        84.96905517578125,
        84.94107055664062,
        84.86849212646484,
        84.92813110351562,
        84.88640594482422,
        84.7049560546875,
        84.72183227539062,
        84.67333221435547,
        84.51799774169922,
        84.60136413574219,
        84.82383728027344,
        84.67166137695312,
        82.50032806396484,
        82.13455963134766,
        82.03643035888672,
        81.98141479492188,
        81.92882537841797,
        81.9115219116211,
        81.94640350341797,
        81.87303161621094,
        81.80534362792969,
        81.83999633789062,
        81.79703521728516,
        81.69584655761719,
        81.7091293334961,
        81.70890045166016,
        81.63094329833984,
        81.58479309082031,
        81.58433532714844,
        81.56558227539062,
        81.5544204711914,
        81.56254577636719,
        81.56379699707031,
        81.44407653808594,
        81.4848403930664,
        81.61006164550781,
        81.36385345458984,
        81.39320373535156,
        81.46409606933594,
        81.4005355834961,
        81.45054626464844,
        81.3087158203125,
        81.39022827148438,
        81.2728500366211,
        81.30684661865234,
        81.31548309326172,
        81.20991516113281,
        81.22664642333984,
