{
    "run_n":8,
    "run_seed":869,
    "ndims":64,
    "nsamples":100000,
    "correlation":"corr",
    "nbijectors":2,
    "bijector":"MsplineN",
    "spline_knots":8,
    "range_min":-16,
    "hidden_layers":"128-128-128",
    "batch_size":512,
    "activation":"relu",
    "eps_regulariser":0,
    "regulariser":null,
    "dist_seed":0,
    "test_seed":0,
    "kl_divergence":-1,
    "ks_test_mean":0.5143498771299156,
    "ks_test_median":0.5163466080092716,
    "ad_test_mean":0.22402390235195957,
    "ad_test_median":0.22333692523466164,
    "Wasserstein_median":0.02499970119091831,
    "Wasserstein_mean":0.02499970119091831,
    "frob_norm":0.28914440012798365,
    "epochs_input":1000,
    "epochs_output":296,
    "time":2315.987992406357,
    "train_loss_history":[
        145.88429260253906,
        42.1395149230957,
        34.68399429321289,
        32.372867584228516,
        31.425853729248047,
        30.447546005249023,
        30.010696411132812,
        29.648481369018555,
        29.448244094848633,
        29.294029235839844,
        29.12933921813965,
        28.973186492919922,
        28.920072555541992,
        28.84341812133789,
        28.7720947265625,
        28.637380599975586,
        28.564191818237305,
        28.54559898376465,
        28.519411087036133,
        28.462894439697266,
        28.399538040161133,
        28.374622344970703,
        28.336772918701172,
        28.27931785583496,
        28.29120445251465,
        28.251195907592773,
        28.2106990814209,
        28.217140197753906,
        28.205814361572266,
        28.172842025756836,
        28.170976638793945,
        28.116073608398438,
        28.118314743041992,
        28.097929000854492,
        28.06931495666504,
        28.0732421875,
        28.07382583618164,
        28.06443214416504,
        28.022031784057617,
        28.055862426757812,
        28.023902893066406,
        27.98392677307129,
        28.005279541015625,
        27.9659423828125,
        27.979694366455078,
        27.98752212524414,
        28.006410598754883,
        27.962116241455078,
        27.932804107666016,
        27.960142135620117,
        27.92127799987793,
        27.96052360534668,
        27.98741340637207,
        27.916507720947266,
        27.886198043823242,
        27.89972686767578,
        27.908361434936523,
        27.899202346801758,
        27.899517059326172,
        27.86386489868164,
        27.90424919128418,
        27.867231369018555,
        27.876346588134766,
        27.90311622619629,
        27.862762451171875,
        27.8818416595459,
        27.85896110534668,
        27.83388328552246,
        27.84541130065918,
        27.810667037963867,
        27.829721450805664,
        27.885679244995117,
        27.847087860107422,
        27.83000373840332,
        27.829065322875977,
        27.81310272216797,
        27.814300537109375,
        27.806596755981445,
        27.796255111694336,
        27.810741424560547,
        27.819480895996094,
        27.764080047607422,
        27.781085968017578,
        27.806732177734375,
        27.810102462768555,
        27.76503562927246,
        27.745534896850586,
        27.792734146118164,
        27.766372680664062,
        27.773902893066406,
        27.746503829956055,
        27.741239547729492,
        27.761011123657227,
        27.73968505859375,
        27.77804946899414,
        27.7338809967041,
        27.755773544311523,
        27.729143142700195,
        27.746784210205078,
        27.770217895507812,
        27.749103546142578,
        27.750179290771484,
        27.71871566772461,
        27.715457916259766,
        27.758190155029297,
        27.73031234741211,
        27.709009170532227,
        27.72654151916504,
        27.716524124145508,
        27.725440979003906,
        27.706668853759766,
        27.681556701660156,
        27.67489242553711,
        27.68029022216797,
        27.694337844848633,
        27.694934844970703,
        27.69373893737793,
        27.695642471313477,
        27.738197326660156,
        27.69668960571289,
        27.70330238342285,
        27.683874130249023,
        27.678842544555664,
        27.68324089050293,
        27.70551872253418,
        27.68254280090332,
        27.655248641967773,
        27.658267974853516,
        27.645023345947266,
        27.672636032104492,
        27.666955947875977,
        27.657413482666016,
        27.634859085083008,
        27.67420196533203,
        27.673189163208008,
        27.66474723815918,
        27.62788200378418,
        27.61418342590332,
        27.664836883544922,
        27.64284324645996,
        27.64520835876465,
        27.6155948638916,
        27.64704132080078,
        27.632919311523438,
        27.623266220092773,
        27.635068893432617,
        27.60300064086914,
        27.62433433532715,
        27.603912353515625,
        27.632354736328125,
        27.605682373046875,
        27.60991859436035,
        27.604578018188477,
        27.61034393310547,
        27.614591598510742,
        27.57375717163086,
        27.581247329711914,
        27.616390228271484,
        27.60960578918457,
        27.59748077392578,
        27.57318687438965,
        27.58003807067871,
        27.58979034423828,
        27.577207565307617,
        27.56073570251465,
        27.583974838256836,
        27.62546730041504,
        27.57828140258789,
        27.561561584472656,
        27.582317352294922,
        27.5736026763916,
        27.56429672241211,
        27.563093185424805,
        27.56297492980957,
        27.560209274291992,
        27.575300216674805,
        27.54302978515625,
        27.576745986938477,
        27.579275131225586,
        27.564918518066406,
        27.535625457763672,
        27.52911376953125,
        27.54805564880371,
        27.562461853027344,
        27.550777435302734,
        27.533170700073242,
        27.540307998657227,
        27.562713623046875,
        27.528921127319336,
        27.52545166015625,
        27.54707145690918,
        27.545108795166016,
        27.526935577392578,
        27.5246524810791,
        27.560588836669922,
        27.54023551940918,
        27.49654197692871,
        27.50240135192871,
        27.53268051147461,
        27.52627182006836,
        27.506074905395508,
        27.50701141357422,
        27.52967643737793,
        27.51618766784668,
        27.50514030456543,
        27.52130699157715,
        27.50282096862793,
        27.48702621459961,
        27.514476776123047,
        27.516218185424805,
        27.547073364257812,
        27.479795455932617,
        27.484445571899414,
        27.468122482299805,
        27.501035690307617,
        27.483003616333008,
        27.51074981689453,
        27.50506591796875,
        27.512544631958008,
        27.474817276000977,
        27.470624923706055,
        27.495365142822266,
        27.489978790283203,
        27.47121238708496,
        27.46703338623047,
        27.48546600341797,
        27.46266746520996,
        27.464759826660156,
        27.464195251464844,
        27.497299194335938,
        27.501747131347656,
        27.503311157226562,
        27.500865936279297,
        27.478424072265625,
        27.443666458129883,
        27.218320846557617,
        27.20819664001465,
        27.209749221801758,
        27.203773498535156,
        27.206756591796875,
        27.206867218017578,
        27.20754623413086,
        27.209890365600586,
        27.20372200012207,
        27.203533172607422,
        27.206872940063477,
        27.207401275634766,
        27.20781135559082,
        27.205224990844727,
        27.214305877685547,
        27.21036148071289,
        27.20942497253418,
        27.20669174194336,
        27.210649490356445,
        27.208663940429688,
        27.20500373840332,
        27.207408905029297,
        27.2091064453125,
        27.210020065307617,
        27.203359603881836,
        27.205503463745117,
