{
    "run_n":344,
    "seed_train":377,
    "seed_test":378,
    "seed_dist":0,
    "seed_metrics":0,
    "ndims":64,
    "nsamples_train":100000,
    "nsamples_val":30000,
    "nsamples_test":100000,
    "correlation":null,
    "nbijectors":10,
    "bijector":"CsplineN",
    "spline_knots":12,
    "range_min":-16,
    "hidden_layers":"256-256-256",
    "trainable_parameters":4278720,
    "non_trainable_parameters":0,
    "batch_size":512,
    "activation":"relu",
    "regulariser":null,
    "eps_regulariser":0.0,
    "training_device":"NVIDIA A40",
    "epochs_input":1000,
    "epochs_output":103,
    "training_time":7197.880341312848,
    "prediction_time":1.4236798668280244,
    "total_time":7199.304021179676,
    "best_train_loss":82.65422821044922,
    "best_val_loss":80.9017105102539,
    "best_train_epoch":2,
    "best_val_epoch":2,
    "train_loss_history":[
        85.10601806640625,
        82.67656707763672,
        82.65422821044922,
        121.15650177001953,
        162.20167541503906,
        123.52153778076172,
        115.99237060546875,
        109.431640625,
        105.40863037109375,
        217.8216552734375,
        210.3053741455078,
        177.57164001464844,
        165.7872772216797,
        158.28494262695312,
        153.4138641357422,
        148.69424438476562,
        144.87750244140625,
        142.0379638671875,
        140.59979248046875,
        137.93060302734375,
        135.96340942382812,
        133.65773010253906,
        135.68397521972656,
        132.5511474609375,
        130.1536865234375,
        128.42933654785156,
        126.66053009033203,
        125.56331634521484,
        124.5849609375,
        123.53768920898438,
        122.41190338134766,
        121.53568267822266,
        120.7680435180664,
        119.83960723876953,
        118.97467803955078,
        118.28949737548828,
        117.4869613647461,
        116.70475769042969,
        116.05812072753906,
        115.43566131591797,
        114.65126037597656,
        113.88890838623047,
        113.20178985595703,
        112.29412841796875,
        112.32475280761719,
        114.37177276611328,
        110.81511688232422,
        119.51451110839844,
        113.32396697998047,
        111.1196517944336,
        109.95033264160156,
        119.92713165283203,
        109.6140365600586,
        105.17195892333984,
        103.6429672241211,
        102.25029754638672,
        130.29580688476562,
        140.02586364746094,
        123.31117248535156,
        118.129150390625,
        114.89647674560547,
        112.30499267578125,
        110.0595474243164,
        108.33293914794922,
        107.00565338134766,
        105.95465087890625,
        105.13423156738281,
        104.49806213378906,
        103.71408081054688,
        103.18708801269531,
        102.47267150878906,
        101.97061920166016,
        101.56681823730469,
        101.29871368408203,
        100.84607696533203,
        100.51764678955078,
        100.12454223632812,
        99.82276916503906,
        99.5596923828125,
        99.3042221069336,
        99.00102233886719,
        98.74983978271484,
        98.52127838134766,
        98.30024719238281,
        98.07077026367188,
        97.90292358398438,
        97.67343139648438,
        97.4932632446289,
        97.29203796386719,
        97.09178924560547,
        97.0967788696289,
        96.83834838867188,
        96.53472900390625,
        96.35592651367188,
        96.25688934326172,
        96.04888916015625,
        95.91364288330078,
        95.73664093017578,
        95.59056854248047,
        95.44831848144531,
        95.29528045654297,
        95.19618225097656,
        95.01885986328125
    ],
    "val_loss_history":[
        83.14033508300781,
        81.63868713378906,
        80.9017105102539,
        238.74314880371094,
        131.736328125,
        116.84716796875,
        112.3753890991211,
        106.9260025024414,
        103.14761352539062,
        261.9453125,
        185.23666381835938,
        169.3925323486328,
        160.68165588378906,
        154.28663635253906,
        149.90284729003906,
        146.95413208007812,
        142.5169219970703,
        140.15023803710938,
        137.7362518310547,
        135.82720947265625,
        134.01284790039062,
        132.22084045410156,
        135.66587829589844,
        130.81077575683594,
        128.80691528320312,
        126.95646667480469,
        125.55000305175781,
        124.73527526855469,
        123.4931411743164,
        122.42940521240234,
        121.6949691772461,
        120.53583526611328,
        119.76931762695312,
        118.97433471679688,
        118.23744201660156,
        117.43541717529297,
        116.78646087646484,
        116.02366638183594,
        115.4406967163086,
        114.68904876708984,
        113.93909454345703,
        113.29098510742188,
        112.30607604980469,
        111.3765640258789,
        121.69769287109375,
        111.9422607421875,
        109.9874267578125,
        115.21099853515625,
        111.5694808959961,
        110.07865905761719,
        108.98989868164062,
        115.3327865600586,
        106.04570770263672,
        104.47293090820312,
        102.46768188476562,
        101.61560821533203,
        166.5448760986328,
        127.32913208007812,
        119.72291564941406,
        115.86243438720703,
        112.80503845214844,
        111.03570556640625,
        108.85155487060547,
        107.28858947753906,
        106.07707977294922,
        105.142822265625,
        104.46896362304688,
        103.76399993896484,
        103.11001586914062,
        102.49629211425781,
        101.9662857055664,
        101.48981475830078,
        101.08570098876953,
        100.7524642944336,
        100.7003402709961,
        100.09502410888672,
        99.77133178710938,
        99.44586181640625,
        99.1448745727539,
        98.9687271118164,
        98.70047760009766,
        98.4093017578125,
        98.19367218017578,
        97.96292877197266,
        97.724609375,
        97.62126159667969,
        97.32508850097656,
        97.1445083618164,
        97.04586029052734,
        96.81537628173828,
        97.18071746826172,
        96.39762878417969,
        96.274169921875,
        96.08562469482422,
        95.91969299316406,
        95.77922821044922,
        95.70707702636719,
        95.50617218017578,
        95.3404312133789,
        95.27593231201172,
        95.08631896972656,
        95.12232971191406,
        94.81094360351562
    ],