{
    "run_n":18,
    "run_seed":0,
    "ndims":8,
    "nsamples":100000,
    "correlation":"corr",
    "nbijectors":5,
    "bijector":"CsplineN",
    "spline_knots":12,
    "range_min":-16,
    "hidden_layers":"512-512-512",
    "batch_size":512,
    "activation":"relu",
    "eps_regulariser":0,
    "regulariser":null,
    "dist_seed":0,
    "test_seed":0,
    "kl_divergence":-1,
    "ks_test_mean":0.24738318891522235,
    "ks_test_median":0.23465277114225902,
    "ad_test_mean":0.134121947918844,
    "ad_test_median":0.14900152989738966,
    "Wasserstein_median":0.07477779936007614,
    "Wasserstein_mean":0.07477779936007614,
    "frob_norm":0.08232204690696944,
    "epochs_input":1000,
    "epochs_output":145,
    "time":3714.4727564249188,
    "train_loss_history":[
        17.738420486450195,
        12.288772583007812,
        12.02197551727295,
        11.726744651794434,
        11.537732124328613,
        11.437029838562012,
        11.31883716583252,
        11.202444076538086,
        11.153531074523926,
        11.053175926208496,
        10.978135108947754,
        10.892998695373535,
        10.85940170288086,
        10.81151008605957,
        10.747162818908691,
        10.7098388671875,
        10.64334774017334,
        10.657161712646484,
        10.577666282653809,
        10.565655708312988,
        10.525177001953125,
        10.510293960571289,
        10.48979377746582,
        10.458438873291016,
        10.432093620300293,
        10.429516792297363,
        10.416071891784668,
        10.396137237548828,
        10.398567199707031,
        10.370793342590332,
        10.337491035461426,
        10.342158317565918,
        10.356549263000488,
        10.31512451171875,
        10.308626174926758,
        10.31048583984375,
        10.277392387390137,
        10.302800178527832,
        10.261836051940918,
        10.264772415161133,
        10.292580604553223,
        10.261178016662598,
        10.249750137329102,
        10.209484100341797,
        10.22935962677002,
        10.210176467895508,
        10.226768493652344,
        10.197937965393066,
        10.186786651611328,
        10.191893577575684,
        10.193878173828125,
        10.174958229064941,
        10.184982299804688,
        10.166459083557129,
        10.1735258102417,
        10.152809143066406,
        10.16429615020752,
        10.131171226501465,
        10.150238990783691,
        10.148384094238281,
        10.127967834472656,
        10.126493453979492,
        10.1063814163208,
        10.143774032592773,
        10.101171493530273,
        10.118256568908691,
        10.089116096496582,
        10.083338737487793,
        10.088578224182129,
        10.076118469238281,
        10.088677406311035,
        10.082723617553711,
        10.073116302490234,
        10.065251350402832,
        10.047453880310059,
        10.06104564666748,
        10.043584823608398,
        10.04700756072998,
        10.049067497253418,
        10.050203323364258,
        10.011347770690918,
        10.004258155822754,
        10.022787094116211,
        10.021288871765137,
        9.997542381286621,
        10.013532638549805,
        10.003876686096191,
        9.996249198913574,
        9.985422134399414,
        9.979219436645508,
        9.979092597961426,
        9.973124504089355,
        9.944540023803711,
        9.980137825012207,
        9.942237854003906,
        9.93964672088623,
        9.960651397705078,
        9.948103904724121,
        9.92003345489502,
        9.923885345458984,
        9.942254066467285,
        9.946476936340332,
        9.916123390197754,
        9.90799331665039,
        9.906718254089355,
        9.898853302001953,
        9.900830268859863,
        9.889323234558105,
        9.890990257263184,
        9.896636962890625,
        9.858509063720703,
        9.844721794128418,
        9.867097854614258,
        9.846399307250977,
        9.869903564453125,
        9.854076385498047,
        9.83381175994873,
        9.837632179260254,
        9.840643882751465,
        9.826617240905762,
        9.824323654174805,
        9.844743728637695,
        9.807680130004883,
        9.839029312133789,
        9.809576988220215,
        9.79824161529541,
        9.806838989257812,
        9.805073738098145,
        9.817680358886719,
        9.778584480285645,
        9.792393684387207,
        9.800354957580566,
        9.76076602935791,
        9.770254135131836,
        9.770771980285645,
        9.575933456420898,
        9.518954277038574,
        9.50307559967041,
        9.479815483093262,
        9.47400188446045,
        9.46812915802002,
        9.464689254760742,
        9.451348304748535,
        9.440817832946777,
        9.448741912841797
    ],