{
    "run_n":10,
    "run_seed":933,
    "ndims":100,
    "nsamples":100000,
    "correlation":"corr",
    "nbijectors":5,
    "bijector":"RealNVPN",
    "spline_knots":8,
    "range_min":-5,
    "hidden_layers":"128-128-128",
    "batch_size":256,
    "activation":"relu",
    "eps_regulariser":0,
    "regulariser":null,
    "dist_seed":0,
    "test_seed":0,
    "ks_mean":0.03438236708018978,
    "ks_std":0.09717871250935863,
    "ad_mean":0.03162119586688869,
    "ad_std":0.0646347418696541,
    "wd_mean":0.10499415638870709,
    "wd_std":0.0444988073455643,
    "swd_mean":0.10308383109545227,
    "swd_std":0.049566705508744514,
    "fn_mean":3.1941240899788683,
    "fn_std":0.20131331810240827,
    "epochs_input":1000,
    "epochs_output":343,
    "time":1451.0374952713028,
    "train_loss_history":[
        575.042724609375,
        115.1611099243164,
        98.84304809570312,
        91.35030364990234,
        86.26032257080078,
        82.35663604736328,
        79.22440338134766,
        76.80912780761719,
        74.7332534790039,
        72.76255798339844,
        71.17649841308594,
        70.19068145751953,
        68.71324157714844,
        67.7987289428711,
        66.89705657958984,
        65.96846008300781,
        64.92001342773438,
        64.8360824584961,
        62.98581314086914,
        62.594120025634766,
        61.738670349121094,
        61.2345085144043,
        60.878448486328125,
        60.07307052612305,
        59.13482666015625,
        58.969200134277344,
        58.485084533691406,
        58.31642532348633,
        57.9802131652832,
        58.510066986083984,
        57.289710998535156,
        56.47367858886719,
        56.056884765625,
        56.6666259765625,
        55.485595703125,
        55.683013916015625,
        54.74324417114258,
        54.703102111816406,
        54.69548416137695,
        54.16588592529297,
        54.1376953125,
        53.63661193847656,
        53.648162841796875,
        53.629764556884766,
        53.109317779541016,
        97.09364318847656,
        64.17982482910156,
        59.44389343261719,
        57.69440841674805,
        56.73579025268555,
        55.82059860229492,
        55.47785186767578,
        54.99932861328125,
        54.7212028503418,
        54.54345703125,
        54.100791931152344,
        53.796913146972656,
        53.73991775512695,
        53.579383850097656,
        53.35819625854492,
        53.24872970581055,
        52.93880844116211,
        52.76251220703125,
        52.49794006347656,
        52.5794792175293,
        52.3272819519043,
        52.276790618896484,
        51.952945709228516,
        52.12541580200195,
        51.932621002197266,
        51.48478317260742,
        51.51044845581055,
        51.191162109375,
        51.311798095703125,
        51.307823181152344,
        51.03784942626953,
        51.016517639160156,
        51.027713775634766,
        50.832977294921875,
        50.8758659362793,
        50.824119567871094,
        51.43814468383789,
        50.30401611328125,
        50.643714904785156,
        50.6065559387207,
        50.20702362060547,
        50.312660217285156,
        50.1529655456543,
        50.16151809692383,
        50.294403076171875,
        50.222713470458984,
        49.9656982421875,
        49.91990280151367,
        50.08787155151367,
        49.97023010253906,
        49.68161392211914,
        50.04289627075195,
        49.971923828125,
        49.66686248779297,
        49.660526275634766,
        49.78559875488281,
        49.354461669921875,
        49.54771041870117,
        49.38348388671875,
        49.484161376953125,
        49.46718978881836,
        49.185543060302734,
        49.29719161987305,
        49.47726058959961,
        49.16063690185547,
        49.14102554321289,
        50.11476516723633,
        49.07400131225586,
        49.19293975830078,
        48.873779296875,
        48.93536376953125,
        48.94286346435547,
        48.88518524169922,
        48.84809112548828,
        48.98596954345703,
        48.68987274169922,
        48.84228515625,
        48.642154693603516,
        48.847923278808594,
        48.419742584228516,
        48.484222412109375,
        48.617942810058594,
        48.42231369018555,
        48.49113845825195,
        48.445743560791016,
        48.255393981933594,
        48.45204544067383,
        48.24275588989258,
        48.641151428222656,
        48.262794494628906,
        48.09297561645508,
        48.214332580566406,
        48.26814651489258,
        47.93776321411133,
        48.16204071044922,
        47.90305709838867,
        48.11660385131836,
        48.28379821777344,
        47.939178466796875,
        47.78568649291992,
        48.16499710083008,
        47.61860656738281,
        47.84508514404297,
        47.966705322265625,
        47.84343338012695,
        48.194725036621094,
        47.776493072509766,
        47.81287384033203,
        47.516868591308594,
        47.47695541381836,
        47.58689880371094,
        47.70159149169922,
        47.65122604370117,
        47.5141487121582,
        47.417747497558594,
        47.60209655761719,
        47.56467819213867,
        47.365848541259766,
        47.62532424926758,
        47.444671630859375,
        47.76181411743164,
        47.57421875,
        47.26374816894531,
        48.03474426269531,
        47.32738494873047,
        47.25263977050781,
        47.18886184692383,
        47.20888900756836,
        47.18552017211914,
        47.12529373168945,
        47.217857360839844,
        47.32781982421875,
        47.227752685546875,
        47.26319885253906,
        47.25122833251953,
        47.110286712646484,
        47.08649826049805,
        47.044803619384766,
        47.523197174072266,
        46.994102478027344,
        47.228267669677734,
        46.9487190246582,
        47.22822952270508,
        46.89667892456055,
        47.079559326171875,
        46.808040618896484,
        47.289424896240234,
        46.92019271850586,
        46.926719665527344,
        46.94118881225586,
        47.045230865478516,
        46.90785217285156,
        46.88862228393555,
        46.807701110839844,
        47.24972152709961,
        47.16744613647461,
        46.79679870605469,
        46.95699691772461,
        47.32660675048828,
        46.93211364746094,
        47.06560134887695,
        46.75407409667969,
        46.92572784423828,
        46.83711624145508,
        46.631378173828125,
        50.56135177612305,
        46.91238784790039,
        46.71584701538086,
        46.631004333496094,
        46.652034759521484,
        46.609561920166016,
        46.83382797241211,
        46.5665397644043,
        46.75700378417969,
        46.747962951660156,
        46.42737579345703,
        46.40458297729492,
        46.68218231201172,
        46.756324768066406,
        46.82602310180664,
        46.697357177734375,
        46.722389221191406,
        46.84326934814453,
        46.463008880615234,
        46.49980545043945,
        46.540016174316406,
        46.42780685424805,
        46.533931732177734,
        46.58452606201172,
        46.454620361328125,
        46.5728645324707,
        46.52983093261719,
        46.44872283935547,
        46.29756546020508,
        46.481746673583984,
        46.35466766357422,
        46.290714263916016,
        46.41151809692383,
        46.38029479980469,
        46.60907745361328,
        46.498573303222656,
        46.44496536254883,
        46.63938522338867,
        46.25395584106445,
        46.424015045166016,
        46.4223518371582,
        46.19023513793945,
        46.37797546386719,
        46.32059860229492,
        46.29668045043945,
        46.47266387939453,
        46.30058288574219,
        46.128379821777344,
        46.92108917236328,
        45.995967864990234,
        46.306636810302734,
        46.30160140991211,
        46.06816482543945,
        46.585784912109375,
