{
    "run_n":10,
    "run_seed":933,
    "ndims":4,
    "nsamples":100000,
    "correlation":"corr",
    "nbijectors":2,
    "bijector":"MsplineN",
    "spline_knots":12,
    "range_min":-16,
    "hidden_layers":"256-256-256",
    "batch_size":512,
    "activation":"relu",
    "eps_regulariser":0,
    "regulariser":null,
    "dist_seed":0,
    "test_seed":0,
    "kl_divergence":-1,
    "ks_test_mean":0.5072690510580997,
    "ks_test_median":0.5171185145245455,
    "ad_test_mean":0.2210113529080011,
    "ad_test_median":0.22022501488676624,
    "Wasserstein_median":0.02290775221361626,
    "Wasserstein_mean":0.02290775221361626,
    "frob_norm":0.017134348760788957,
    "epochs_input":1000,
    "epochs_output":301,
    "time":2164.8548554079607,
    "train_loss_history":[
        8.635788917541504,
        4.343494415283203,
        3.386148452758789,
        3.0061936378479004,
        2.8415915966033936,
        2.7680342197418213,
        2.7152273654937744,
        2.6689202785491943,
        2.6135966777801514,
        2.6010262966156006,
        2.565445899963379,
        2.5617711544036865,
        2.5483922958374023,
        2.5363564491271973,
        2.5257930755615234,
        2.5071442127227783,
        2.5387539863586426,
        2.4980573654174805,
        2.532555341720581,
        2.495419979095459,
        2.4953346252441406,
        2.5076510906219482,
        2.490793466567993,
        2.491885185241699,
        2.4850103855133057,
        2.4713847637176514,
        2.471733331680298,
        2.4655814170837402,
        2.489901065826416,
        2.4657511711120605,
        2.4870991706848145,
        2.456876516342163,
        2.4629225730895996,
        2.456599712371826,
        2.462768316268921,
        2.4615836143493652,
        2.452641487121582,
        2.47174334526062,
        2.4549171924591064,
        2.447462558746338,
        2.450331211090088,
        2.4513332843780518,
        2.451136827468872,
        2.454054355621338,
        2.4416229724884033,
        2.451324939727783,
        2.4340665340423584,
        2.4448626041412354,
        2.444239616394043,
        2.4618940353393555,
        2.4521820545196533,
        2.4425735473632812,
        2.4443297386169434,
        2.4491729736328125,
        2.4378013610839844,
        2.4343173503875732,
        2.420480251312256,
        2.441640615463257,
        2.4445531368255615,
        2.437910318374634,
        2.424609661102295,
        2.431908369064331,
        2.438133478164673,
        2.42819881439209,
        2.43265700340271,
        2.4187991619110107,
        2.4301466941833496,
        2.437345027923584,
        2.432558059692383,
        2.4224257469177246,
        2.4174957275390625,
        2.4333817958831787,
        2.4207544326782227,
        2.426751136779785,
        2.4184467792510986,
        2.432161569595337,
        2.4288723468780518,
        2.424135684967041,
        2.426157236099243,
        2.412128210067749,
        2.424245834350586,
        2.421644687652588,
        2.419182062149048,
        2.4106028079986572,
        2.4215056896209717,
        2.417069435119629,
        2.422342538833618,
        2.434959650039673,
        2.416907787322998,
        2.4054715633392334,
        2.421297311782837,
        2.4128894805908203,
        2.4110586643218994,
        2.4203484058380127,
        2.4054512977600098,
        2.402487277984619,
        2.4137885570526123,
        2.4097766876220703,
        2.4267261028289795,
        2.4018547534942627,
        2.4071826934814453,
        2.413252830505371,
        2.414799451828003,
        2.411701202392578,
        2.402026414871216,
        2.405318021774292,
        2.4181830883026123,
        2.4088056087493896,
        2.405222177505493,
        2.411177158355713,
        2.4031107425689697,
        2.3995330333709717,
        2.4055778980255127,
        2.3999147415161133,
        2.4072842597961426,
        2.4114115238189697,
        2.40702223777771,
        2.4011101722717285,
        2.398540496826172,
        2.401728391647339,
        2.4107511043548584,
        2.4069623947143555,
        2.4034616947174072,
        2.401808977127075,
        2.3987903594970703,
        2.3992245197296143,
        2.399191379547119,
        2.4034268856048584,
        2.3965461254119873,
        2.4042961597442627,
        2.4008939266204834,
        2.42571759223938,
        2.3961684703826904,
        2.409691333770752,
        2.39871883392334,
        2.3945910930633545,
        2.3947341442108154,
        2.397645950317383,
        2.402635097503662,
        2.394455909729004,
        2.4101269245147705,
        2.406649589538574,
        2.3977560997009277,
        2.401972770690918,
        2.389181137084961,
        2.392134428024292,
        2.3998429775238037,
        2.394073963165283,
        2.395596742630005,
        2.4007394313812256,
        2.3982791900634766,
        2.395472764968872,
        2.3941402435302734,
        2.395930051803589,
        2.396517515182495,
        2.391167402267456,
        2.397969961166382,
        2.394953727722168,
        2.3934707641601562,
        2.3969473838806152,
        2.3966007232666016,
        2.3907947540283203,
        2.3902978897094727,
        2.4008476734161377,
        2.3871917724609375,
        2.3867459297180176,
        2.384813070297241,
        2.3977010250091553,
        2.38950252532959,
        2.3928744792938232,
        2.386054515838623,
        2.386033773422241,
        2.3931069374084473,
        2.3846540451049805,
        2.389024496078491,
        2.3889658451080322,
        2.381523609161377,
        2.391982078552246,
        2.395197629928589,
        2.3910813331604004,
        2.4006073474884033,
        2.3865602016448975,
        2.3863797187805176,
        2.3857576847076416,
        2.390399217605591,
        2.3925588130950928,
        2.387744426727295,
        2.3895955085754395,
        2.3884642124176025,
        2.3971502780914307,
        2.383906602859497,
        2.388148546218872,
        2.3879942893981934,
        2.385984420776367,
        2.382445812225342,
        2.3881943225860596,
        2.3889379501342773,
        2.395461082458496,
        2.3833518028259277,
        2.385971784591675,
        2.3855836391448975,
        2.382192373275757,
        2.379671573638916,
        2.3839287757873535,
        2.389679431915283,
        2.386631488800049,
        2.3870737552642822,
        2.3855109214782715,
        2.3805785179138184,
        2.379624128341675,
        2.3846261501312256,
        2.3892226219177246,
        2.38124418258667,
        2.387892246246338,
        2.3857834339141846,
        2.38277006149292,
        2.3864846229553223,
        2.3816304206848145,
        2.38092303276062,
        2.383469581604004,
        2.3816137313842773,
        2.3795673847198486,
        2.384974241256714,
        2.382894277572632,
        2.3802437782287598,
        2.381028413772583,
        2.3895816802978516,
        2.3778634071350098,
        2.3839778900146484,
        2.381608486175537,
        2.386923313140869,
        2.3828787803649902,
        2.3987157344818115,
        2.3794209957122803,
        2.355841875076294,
        2.352975845336914,
        2.3533735275268555,
        2.356436014175415,
        2.3532402515411377,
        2.3543694019317627,
        2.355525493621826,
        2.3533904552459717,
        2.3536133766174316,
        2.3544626235961914,
        2.354445219039917,
        2.3566293716430664,
        2.354588508605957,
        2.3551745414733887,
        2.3531007766723633,
        2.353193521499634,
        2.3544814586639404,
        2.354708671569824,
        2.353675603866577,
        2.3537118434906006,
        2.3533804416656494,
        2.351503372192383,
        2.3537752628326416,
        2.3544821739196777,
        2.3521981239318848,
        2.353121757507324,
        2.354849338531494,
        2.3532605171203613,
