{
    "run_n":3,
    "run_seed":377,
    "ndims":4,
    "nsamples":100000,
    "correlation":"corr",
    "nbijectors":5,
    "bijector":"CsplineN",
    "spline_knots":8,
    "range_min":-16,
    "hidden_layers":"128-128-128",
    "batch_size":512,
    "activation":"relu",
    "eps_regulariser":0,
    "regulariser":null,
    "dist_seed":0,
    "test_seed":0,
    "kl_divergence":-1,
    "ks_test_mean":0.519731793402565,
    "ks_test_median":0.5295799392854232,
    "ad_test_mean":0.22598622907774046,
    "ad_test_median":0.22515671948533064,
    "Wasserstein_median":0.013167359216201168,
    "Wasserstein_mean":0.013167359216201168,
    "frob_norm":0.010488531491499805,
    "epochs_input":1000,
    "epochs_output":336,
    "time":6820.552288088016,
    "train_loss_history":[
        7.826130390167236,
        5.138350963592529,
        4.541179180145264,
        3.6491219997406006,
        2.8335788249969482,
        2.768218517303467,
        2.7308928966522217,
        2.685253381729126,
        2.6699235439300537,
        2.622990846633911,
        2.626398801803589,
        2.6422648429870605,
        2.605395793914795,
        2.605311393737793,
        2.5730950832366943,
        2.5717451572418213,
        2.5636327266693115,
        2.5662925243377686,
        2.5598485469818115,
        2.549755096435547,
        2.5576539039611816,
        2.5318939685821533,
        2.511798858642578,
        2.5123114585876465,
        2.5215890407562256,
        2.5216739177703857,
        2.505746603012085,
        2.487543821334839,
        2.4894297122955322,
        2.499993324279785,
        2.491987466812134,
        2.501382350921631,
        2.491349220275879,
        2.4830853939056396,
        2.501178503036499,
        2.481419563293457,
        2.4908969402313232,
        2.4903452396392822,
        2.4935333728790283,
        2.475193738937378,
        2.481243133544922,
        2.464263439178467,
        2.48812198638916,
        2.4771499633789062,
        2.482783794403076,
        2.463571310043335,
        2.470301866531372,
        2.4693846702575684,
        2.4724557399749756,
        2.4695112705230713,
        2.4710264205932617,
        2.456886053085327,
        2.4663209915161133,
        2.463650703430176,
        2.464372396469116,
        2.4502687454223633,
        2.466388463973999,
        2.446823835372925,
        2.45162034034729,
        2.464179754257202,
        2.4564638137817383,
        2.453437566757202,
        2.452709197998047,
        2.4547207355499268,
        2.4450759887695312,
        2.4449234008789062,
        2.4335215091705322,
        2.437725305557251,
        2.442615509033203,
        2.454195022583008,
        2.4422805309295654,
        2.43605899810791,
        2.4376211166381836,
        2.4446165561676025,
        2.4326674938201904,
        2.443312168121338,
        2.4299802780151367,
        2.4353203773498535,
        2.438230276107788,
        2.4330763816833496,
        2.4460904598236084,
        2.4340860843658447,
        2.4255380630493164,
        2.4290356636047363,
        2.4306955337524414,
        2.4256813526153564,
        2.423311948776245,
        2.4337961673736572,
        2.4182913303375244,
        2.4253079891204834,
        2.436555862426758,
        2.427751064300537,
        2.434891700744629,
        2.4335289001464844,
        2.4229981899261475,
        2.4215264320373535,
        2.428772211074829,
        2.4224071502685547,
        2.4203853607177734,
        2.4272496700286865,
        2.4222095012664795,
        2.4229750633239746,
        2.427137851715088,
        2.4193215370178223,
        2.425316333770752,
        2.4194929599761963,
        2.4054925441741943,
        2.414415121078491,
        2.420240879058838,
        2.4185292720794678,
        2.410141944885254,
        2.4132096767425537,
        2.408374786376953,
        2.4138925075531006,
        2.4153330326080322,
        2.40974760055542,
        2.4089503288269043,
        2.4182703495025635,
        2.409470319747925,
        2.407750129699707,
        2.421252727508545,
        2.4112541675567627,
        2.4056270122528076,
        2.410788059234619,
        2.40605092048645,
        2.4206888675689697,
        2.416609287261963,
        2.4102790355682373,
        2.411858558654785,
        2.4114203453063965,
        2.404134511947632,
        2.404766321182251,
        2.4032952785491943,
        2.4111955165863037,
        2.4033124446868896,
        2.407052993774414,
        2.4136338233947754,
        2.414240837097168,
        2.4175631999969482,
        2.4185075759887695,
        2.4141411781311035,
        2.4002466201782227,
        2.412247657775879,
        2.417048215866089,
        2.4001526832580566,
        2.401597023010254,
        2.4108378887176514,
        2.3962957859039307,
        2.4091877937316895,
        2.40462064743042,
        2.4024410247802734,
        2.4029757976531982,
        2.4069058895111084,
        2.4074456691741943,
        2.4062952995300293,
        2.397676706314087,
        2.4107561111450195,
        2.40756893157959,
        2.402013063430786,
        2.4101381301879883,
        2.398869752883911,
        2.395784854888916,
        2.3950722217559814,
        2.3919246196746826,
        2.390294313430786,
        2.4012787342071533,
        2.392646074295044,
        2.414400577545166,
        2.4045212268829346,
        2.4077320098876953,
        2.4056529998779297,
        2.399576425552368,
        2.4109344482421875,
        2.4002740383148193,
        2.4043123722076416,
        2.403156280517578,
        2.3959429264068604,
        2.392845630645752,
        2.397459030151367,
        2.400424003601074,
        2.4000136852264404,
        2.396540403366089,
        2.389047145843506,
        2.3936238288879395,
        2.3993537425994873,
        2.3968639373779297,
        2.3896868228912354,
        2.416076421737671,
        2.394054412841797,
        2.413952112197876,
        2.390455961227417,
        2.3952181339263916,
        2.395369529724121,
        2.3928909301757812,
        2.390695810317993,
        2.398045301437378,
        2.3940694332122803,
        2.3929131031036377,
        2.394260883331299,
        2.4201343059539795,
        2.3972017765045166,
        2.399458169937134,
        2.3888938426971436,
        2.3975613117218018,
        2.397386312484741,
        2.3959622383117676,
        2.401326894760132,
        2.388460159301758,
        2.3956356048583984,
        2.404287338256836,
        2.3914387226104736,
        2.3899343013763428,
        2.387383222579956,
        2.3903088569641113,
        2.39205265045166,
        2.3956451416015625,
        2.4039483070373535,
        2.3926165103912354,
        2.39231276512146,
        2.3920154571533203,
        2.388746500015259,
        2.388918876647949,
        2.3890867233276367,
        2.401021718978882,
        2.3934664726257324,
        2.4078023433685303,
        2.3936924934387207,
        2.3840272426605225,
        2.3926188945770264,
        2.3934500217437744,
        2.3901894092559814,
        2.3893208503723145,
        2.389382839202881,
        2.3898391723632812,
        2.386131525039673,
        2.387918472290039,
        2.395538091659546,
        2.3839170932769775,
        2.395632028579712,
        2.3909475803375244,
        2.402501344680786,
        2.389312744140625,
        2.389000654220581,
        2.3943958282470703,
        2.3891828060150146,
        2.3843560218811035,
        2.3882808685302734,
        2.3931496143341064,
        2.3880953788757324,
        2.402944564819336,
        2.390355110168457,
        2.399200677871704,
        2.3920235633850098,
        2.3851318359375,
        2.3858706951141357,
        2.3876190185546875,
        2.389646291732788,
        2.385253429412842,
        2.3837149143218994,
        2.384669542312622,
        2.3884706497192383,
        2.3896710872650146,
