{
    "run_n":5,
    "run_seed":0,
    "ndims":8,
    "nsamples":100000,
    "correlation":"corr",
    "nbijectors":5,
    "bijector":"RealNVPN",
    "spline_knots":8,
    "range_min":-5,
    "hidden_layers":"128-128-128",
    "batch_size":256,
    "activation":"relu",
    "eps_regulariser":0,
    "regulariser":null,
    "dist_seed":0,
    "test_seed":0,
    "kl_divergence":-1,
    "ks_test_mean":0.5108651243791291,
    "ks_test_median":0.4934623514577522,
    "ad_test_mean":0.22067952464395763,
    "ad_test_median":0.22217906244709193,
    "Wasserstein_median":0.01872716781153541,
    "Wasserstein_mean":0.01872716781153541,
    "frob_norm":0.04589769815389581,
    "epochs_input":1000,
    "epochs_output":325,
    "time":1735.637262927834,
    "train_loss_history":[
        13.31104850769043,
        7.090376377105713,
        6.341148376464844,
        5.985284805297852,
        5.672696590423584,
        5.5817389488220215,
        5.409700870513916,
        5.342776298522949,
        5.248497486114502,
        5.140063285827637,
        5.176568031311035,
        5.034137725830078,
        5.013484001159668,
        4.998472213745117,
        4.959828853607178,
        4.95064640045166,
        4.89791202545166,
        4.805447101593018,
        4.865488052368164,
        4.849178791046143,
        4.804294586181641,
        4.779627799987793,
        4.785463809967041,
        4.740488529205322,
        4.754702568054199,
        4.7484450340271,
        4.69774866104126,
        4.683575630187988,
        4.6797003746032715,
        4.689449787139893,
        4.7172160148620605,
        4.624739170074463,
        4.65125036239624,
        4.62677001953125,
        4.629794120788574,
        4.589450359344482,
        4.656750679016113,
        4.549891948699951,
        4.560185432434082,
        4.595449924468994,
        4.571176052093506,
        4.575156211853027,
        4.561514377593994,
        4.542438507080078,
        4.523525238037109,
        4.519986152648926,
        4.557091236114502,
        4.508336544036865,
        4.5140814781188965,
        4.5031256675720215,
        4.517837047576904,
        4.479069709777832,
        4.47869873046875,
        4.486429214477539,
        4.540807723999023,
        4.4709577560424805,
        4.456686973571777,
        4.4580607414245605,
        4.481865406036377,
        4.487154960632324,
        4.454299449920654,
        4.437225818634033,
        4.429660797119141,
        4.433703899383545,
        4.4441680908203125,
        4.45881462097168,
        4.421167850494385,
        4.425609588623047,
        4.412603378295898,
        4.438188076019287,
        4.416079521179199,
        4.427134037017822,
        4.425112724304199,
        4.4064154624938965,
        4.390953063964844,
        4.421822547912598,
        4.419013977050781,
        4.428836822509766,
        4.390904903411865,
        4.381947994232178,
        4.399726390838623,
        4.401899337768555,
        4.352395057678223,
        4.38578987121582,
        4.381499767303467,
        4.361172199249268,
        4.384063720703125,
        4.3628411293029785,
        4.384068489074707,
        4.368081569671631,
        4.3597235679626465,
        4.358550071716309,
        4.380722999572754,
        4.364968299865723,
        4.361738204956055,
        4.347164154052734,
        4.3494486808776855,
        4.336706161499023,
        4.363234996795654,
        4.3552165031433105,
        4.3551344871521,
        4.348043441772461,
        4.333113193511963,
        4.329082012176514,
        4.350261688232422,
        4.3194990158081055,
        4.326032638549805,
        4.329176425933838,
        4.337371826171875,
        4.326469421386719,
        4.320030212402344,
        4.316918849945068,
        4.313979148864746,
        4.317169189453125,
        4.333173751831055,
        4.3169026374816895,
        4.321750640869141,
        4.338467121124268,
        4.32358455657959,
        4.314782619476318,
        4.325300693511963,
        4.309708118438721,
        4.306514739990234,
        4.307066917419434,
        4.29413366317749,
        4.293551921844482,
        4.336729049682617,
        4.320121765136719,
        4.30300760269165,
        4.313207149505615,
        4.295457363128662,
        4.2852463722229,
        4.287967681884766,
        4.3023810386657715,
        4.289785861968994,
        4.319468021392822,
        4.297491550445557,
        4.289981842041016,
        4.278072834014893,
        4.28828763961792,
        4.278003692626953,
        4.286829471588135,
        4.301644802093506,
        4.282527446746826,
        4.27368688583374,
        4.282632350921631,
        4.286801815032959,
        4.296273708343506,
        4.279263019561768,
        4.268392086029053,
        4.2617011070251465,
        4.282996654510498,
        4.271561145782471,
        4.281416416168213,
        4.280423641204834,
        4.265747547149658,
        4.277313709259033,
        4.259519577026367,
        4.284965991973877,
        4.26229190826416,
        4.248737812042236,
        4.2757649421691895,
        4.27413272857666,
        4.241561412811279,
        4.271697998046875,
        4.2524309158325195,
        4.28412389755249,
        4.241689205169678,
        4.269058704376221,
        4.296816349029541,
        4.253262519836426,
        4.2654852867126465,
        4.24277400970459,
        4.253198146820068,
        4.2477288246154785,
        4.2476277351379395,
        4.244354248046875,
        4.259036064147949,
        4.266474723815918,
        4.249889373779297,
        4.2373528480529785,
        4.239950656890869,
        4.229823589324951,
        4.253918170928955,
        4.225744247436523,
        4.223145961761475,
        4.238614082336426,
        4.2506489753723145,
        4.251273155212402,
        4.257850646972656,
        4.235432147979736,
        4.246678829193115,
        4.245419025421143,
        4.2449517250061035,
        4.258194446563721,
        4.240174770355225,
        4.246492385864258,
        4.224734306335449,
        4.252720832824707,
        4.241373538970947,
        4.237720489501953,
        4.250513553619385,
        4.226254463195801,
        4.243892192840576,
        4.23692512512207,
        4.209718704223633,
        4.240031719207764,
        4.24961519241333,
        4.21628999710083,
        4.229624271392822,
        4.227549076080322,
        4.2192511558532715,
        4.2370991706848145,
        4.212094783782959,
        4.221988677978516,
        4.2379841804504395,
        4.221346855163574,
        4.218596935272217,
        4.2398223876953125,
        4.209001064300537,
        4.231677055358887,
        4.228779315948486,
        4.227036952972412,
        4.205320358276367,
        4.2174272537231445,
        4.200863838195801,
        4.216782093048096,
        4.224981784820557,
        4.23910665512085,
        4.211518287658691,
        4.197082996368408,
        4.192954063415527,
        4.205444812774658,
        4.205453872680664,
        4.200051307678223,
        4.214427471160889,
        4.219365119934082,
        4.203926086425781,
        4.196527004241943,
        4.2113542556762695,
        4.21669864654541,
        4.2019782066345215,
        4.209836483001709,
        4.210447311401367,
        4.21528959274292,
        4.19884729385376,
        4.189011573791504,
        4.193040370941162,
        4.201165676116943,
        4.215647220611572,
        4.191164016723633,
        4.190301418304443,
        4.198849678039551,
        4.200528144836426,
        4.192869186401367,
        4.203871250152588,
        4.203003406524658,
        4.203051567077637,
        4.20358943939209,
        4.199400901794434,
        4.1868815422058105,
        4.168990612030029,
        4.190784454345703,
        4.193817138671875,
        4.0613603591918945,
        4.043923377990723,
        4.042471885681152,
