{
    "run_n":25,
    "run_seed":0,
    "ndims":200,
    "nsamples":100000,
    "correlation":"corr",
    "nbijectors":5,
    "bijector":"MAFN",
    "spline_knots":8,
    "range_min":-5,
    "hidden_layers":"128-128-128",
    "batch_size":512,
    "activation":"relu",
    "eps_regulariser":0,
    "regulariser":null,
    "dist_seed":0,
    "test_seed":0,
    "kl_divergence":-1,
    "ks_test_mean":0.009237343100250782,
    "ks_test_median":3.914447194611478e-12,
    "ad_test_mean":0.0010000000000000002,
    "ad_test_median":0.005348663774300154,
    "Wasserstein_median":0.6116192007039456,
    "Wasserstein_mean":0.6116192007039456,
    "frob_norm":3.039912918572216,
    "epochs_input":1000,
    "epochs_output":185,
    "time":492.18111598677933,
    "train_loss_history":[
        666.0924072265625,
        411.6530456542969,
        409.457275390625,
        408.7145080566406,
        408.1935119628906,
        407.6527099609375,
        407.3382568359375,
        407.1025695800781,
        406.8213806152344,
        406.5518798828125,
        406.2760009765625,
        405.8093566894531,
        405.1873474121094,
        404.8917236328125,
        404.58087158203125,
        404.40557861328125,
        404.08245849609375,
        403.7834777832031,
        403.403564453125,
        402.900390625,
        402.27587890625,
        401.6509094238281,
        401.0691833496094,
        400.4859313964844,
        400.05303955078125,
        399.56793212890625,
        399.2720947265625,
        398.9838562011719,
        398.6327819824219,
        398.4876708984375,
        398.2442321777344,
        398.2283020019531,
        397.8840026855469,
        397.74267578125,
        397.5567932128906,
        397.39306640625,
        397.2917175292969,
        397.1085205078125,
        396.9289245605469,
        396.7966003417969,
        396.6717834472656,
        396.5443115234375,
        396.4326477050781,
        396.2490234375,
        396.2789001464844,
        396.0500183105469,
        395.94061279296875,
        396.0125732421875,
        395.61407470703125,
        395.5657043457031,
        395.4131774902344,
        395.197509765625,
        395.1161193847656,
        395.26715087890625,
        394.79681396484375,
        394.6286315917969,
        394.5729064941406,
        394.4466552734375,
        394.244873046875,
        394.33807373046875,
        394.0289001464844,
        393.9491882324219,
        393.9132385253906,
        393.81243896484375,
        393.5942687988281,
        393.6374816894531,
        393.35223388671875,
        393.1673889160156,
        393.28271484375,
        392.9418640136719,
        392.8785095214844,
        392.86468505859375,
        392.5914611816406,
        392.536865234375,
        392.67962646484375,
        392.2284851074219,
        392.24749755859375,
        392.1253356933594,
        392.0166015625,
        391.8811340332031,
        391.6814270019531,
        391.50677490234375,
        391.2413635253906,
        390.68212890625,
        390.12939453125,
        390.0079040527344,
        389.77703857421875,
        389.98028564453125,
        389.1965026855469,
        389.1005554199219,
        388.9162292480469,
        389.0351867675781,
        388.5635986328125,
        388.35406494140625,
        388.35626220703125,
        388.0189514160156,
        387.79791259765625,
        387.9335021972656,
        388.3282470703125,
        387.416015625,
        387.4458923339844,
        387.1592712402344,
        387.0239562988281,
        386.7802429199219,
        386.61944580078125,
        386.35009765625,
        386.06146240234375,
        385.9040832519531,
        385.60101318359375,
        385.5480041503906,
        385.1582946777344,
        384.93328857421875,
        384.799560546875,
        384.7694396972656,
        385.7220153808594,
        384.2798156738281,
        383.9837341308594,
        383.8282470703125,
        384.3201599121094,
        384.2033386230469,
        383.19989013671875,
        383.2255859375,
        382.9060363769531,
        382.57470703125,
        382.6408996582031,
        NaN,
        NaN,
        NaN,
        NaN,
        NaN,
        NaN,
        NaN,
        NaN,
        NaN,
        NaN,
        NaN,
        NaN,
        NaN,
        NaN,
        NaN,
        NaN,
        NaN,
        NaN,
        NaN,
        NaN,
        NaN,
        NaN,
        NaN,
        NaN,
        NaN,
        NaN,
        NaN,
        NaN,
        NaN,
        NaN,
        NaN,
        NaN,
        NaN,
        NaN,
        NaN,
        NaN,
        NaN,
        NaN,
        NaN,
        NaN,
        NaN,
        NaN,
        NaN,
        NaN,
        NaN,
        NaN,
        NaN,
        NaN,
        NaN,
        NaN,
        NaN,
        NaN,
        NaN,
        NaN,
        NaN,
        NaN,
        NaN,
        NaN,
        NaN,
        NaN
    ],