{
    "run_n":13,
    "run_seed":0,
    "ndims":8,
    "nsamples":100000,
    "correlation":"corr",
    "nbijectors":5,
    "bijector":"CsplineN",
    "spline_knots":8,
    "range_min":-16,
    "hidden_layers":"128-128-128",
    "batch_size":512,
    "activation":"relu",
    "eps_regulariser":0,
    "regulariser":null,
    "dist_seed":0,
    "test_seed":0,
    "kl_divergence":-1,
    "ks_test_mean":0.45745077098950543,
    "ks_test_median":0.46102731943087827,
    "ad_test_mean":0.20666072247644546,
    "ad_test_median":0.20480660422434946,
    "Wasserstein_median":0.00736826981469035,
    "Wasserstein_mean":0.00736826981469035,
    "frob_norm":0.04926476613166145,
    "epochs_input":1000,
    "epochs_output":210,
    "time":4786.116140531376,
    "train_loss_history":[
        8.968514442443848,
        1.73497474193573,
        1.181589961051941,
        -0.1425940990447998,
        -0.12095043063163757,
        -0.43645891547203064,
        -0.7246153354644775,
        -0.6193706393241882,
        -0.5321828722953796,
        -0.7839469909667969,
        -0.7704758048057556,
        -1.0134228467941284,
        -0.6838619112968445,
        -0.8164594173431396,
        -1.049499750137329,
        -0.752693235874176,
        -1.0823513269424438,
        -1.017299771308899,
        -1.0626871585845947,
        -1.156719446182251,
        -0.8416717052459717,
        -1.1910364627838135,
        -1.0948652029037476,
        -1.1326286792755127,
        -1.3220714330673218,
        -1.2732874155044556,
        -1.1271666288375854,
        -1.3032933473587036,
        -1.1693161725997925,
        -1.2808881998062134,
        -1.1673450469970703,
        -1.3399215936660767,
        -1.2517080307006836,
        -1.2370713949203491,
        -1.206132411956787,
        -1.320064663887024,
        -1.4073740243911743,
        -1.088435411453247,
        -1.3946254253387451,
        -1.3383811712265015,
        -1.3022459745407104,
        -1.3986601829528809,
        -1.3168436288833618,
        -1.3893920183181763,
        -1.4011021852493286,
        -1.4762780666351318,
        -1.2047637701034546,
        -1.4355859756469727,
        -1.3452143669128418,
        -1.3840128183364868,
        -1.3605574369430542,
        -1.3974984884262085,
        -1.4385555982589722,
        -1.4162302017211914,
        -1.4511858224868774,
        -1.4206782579421997,
        -1.416695237159729,
        -1.3384678363800049,
        -1.4737987518310547,
        -1.4707775115966797,
        -1.4686675071716309,
        -1.4644185304641724,
        -1.5165643692016602,
        -1.4215105772018433,
        -1.5082319974899292,
        -1.5089926719665527,
        -1.4565352201461792,
        -1.5717380046844482,
        -1.5186448097229004,
        -1.481436848640442,
        -1.5387874841690063,
        -1.533057689666748,
        -1.5087140798568726,
        -1.466862678527832,
        -1.4847368001937866,
        -1.566635012626648,
        -1.422089695930481,
        -1.5270717144012451,
        -1.5018682479858398,
        -1.5233895778656006,
        -1.5318959951400757,
        -1.524147629737854,
        -1.5089764595031738,
        -1.5518240928649902,
        -1.5673309564590454,
        -1.5013210773468018,
        -1.5809489488601685,
        -1.5926865339279175,
        -1.440883994102478,
        -1.5281987190246582,
        -1.5721805095672607,
        -1.5617811679840088,
        -1.5436774492263794,
        -1.5672742128372192,
        -1.623388648033142,
        -1.4439383745193481,
        -1.6066230535507202,
        -1.6048762798309326,
        -1.557224154472351,
        -1.6128588914871216,
        -1.5748058557510376,
        -1.5937836170196533,
        -1.5819916725158691,
        -1.6086293458938599,
        -1.5536575317382812,
        -1.5404322147369385,
        -1.6366091966629028,
        -1.5744662284851074,
        -1.5994081497192383,
        -1.5814568996429443,
        -1.6252577304840088,
        -1.586369514465332,
        -1.5551862716674805,
        -1.6598739624023438,
        -1.5820965766906738,
        -1.6178585290908813,
        -1.583907961845398,
        -1.569565773010254,
        -1.5671366453170776,
        -1.5445573329925537,
        -1.6476744413375854,
        -1.6541762351989746,
        -1.607093334197998,
        -1.6307071447372437,
        -1.6339222192764282,
        -1.6099826097488403,
        -1.6112562417984009,
        -1.6454942226409912,
        -1.6415411233901978,
        -1.6142348051071167,
        -1.6432290077209473,
        -1.6417263746261597,
        -1.5914926528930664,
        -1.6474515199661255,
        -1.641295313835144,
        -1.6462212800979614,
        -1.6422995328903198,
        -1.6487693786621094,
        -1.627585768699646,
        -1.6058158874511719,
        -1.6433805227279663,
        -1.6495410203933716,
        -1.674515962600708,
        -1.7852411270141602,
        -1.8192310333251953,
        -1.8204339742660522,
        -1.827839732170105,
        -1.828111171722412,
        -1.8245859146118164,
        -1.8325177431106567,
        -1.8222808837890625,
        -1.827602505683899,
        -1.834254503250122,
        -1.83717942237854,
        -1.8422178030014038,
        -1.832159399986267,
        -1.8352694511413574,
        -1.8330941200256348,
        -1.8418362140655518,
        -1.8393067121505737,
        -1.8282155990600586,
        -1.8399449586868286,
        -1.8423659801483154,
        -1.843120813369751,
        -1.8405156135559082,
        -1.8446125984191895,
        -1.8173490762710571,
        -1.8482506275177002,
        -1.8501644134521484,
        -1.8506838083267212,
        -1.847662329673767,
        -1.8518028259277344,
        -1.8431377410888672,
        -1.8524271249771118,
        -1.8261454105377197,
        -1.851169466972351,
        -1.858831524848938,
        -1.8617323637008667,
        -1.8561813831329346,
        -1.8483734130859375,
        -1.6905561685562134,
        -1.8551708459854126,
        -1.8644288778305054,
        -1.8614616394042969,
        -1.8618642091751099,
        -1.8559304475784302,
        -1.8630661964416504,
        -1.8628493547439575,
        -1.858683466911316,
        -1.8673263788223267,
        -1.8539506196975708,
        -1.8643724918365479,
        -1.8443914651870728,
        -1.8706656694412231,
        -1.8727116584777832,
        -1.8632946014404297,
        -1.8684989213943481,
        -1.861192226409912,
        -1.8757821321487427,
        -1.8671387434005737,
        -1.9019980430603027,
        -1.905167818069458,
        -1.9078221321105957,
        -1.9068231582641602,
        -1.9086272716522217,
        -1.907603144645691,
        -1.9094252586364746,
        -1.9074287414550781,
        -1.9088294506072998,
        -1.909879207611084
    ],