{
    "run_n":1,
    "run_seed":0,
    "ndims":16,
    "nsamples":100000,
    "correlation":"corr",
    "nbijectors":10,
    "bijector":"RealNVPN",
    "spline_knots":8,
    "range_min":-5,
    "hidden_layers":"128-128-128",
    "batch_size":256,
    "activation":"relu",
    "eps_regulariser":0,
    "regulariser":null,
    "dist_seed":0,
    "test_seed":0,
    "kl_divergence":-1,
    "ks_test_mean":0.35843057679398693,
    "ks_test_median":0.40005976075793437,
    "ad_test_mean":0.17697396778101693,
    "ad_test_median":0.16426935034452825,
    "Wasserstein_median":0.03475896877198993,
    "Wasserstein_mean":0.03475896877198993,
    "frob_norm":0.42552615358321233,
    "epochs_input":1000,
    "epochs_output":138,
    "time":1589.1563663370907,
    "train_loss_history":[
        40.171897888183594,
        9.063302040100098,
        7.840358257293701,
        7.228000164031982,
        6.740142822265625,
        6.542784214019775,
        6.39506196975708,
        6.2617573738098145,
        6.157312393188477,
        6.119894504547119,
        6.064351558685303,
        6.003454685211182,
        5.988443851470947,
        5.970312118530273,
        5.907811641693115,
        5.912060260772705,
        5.929714202880859,
        5.879383087158203,
        5.859376907348633,
        5.8316969871521,
        5.805553913116455,
        5.794407367706299,
        5.74358606338501,
        5.741805076599121,
        5.748841285705566,
        5.733432769775391,
        5.667440891265869,
        5.663564205169678,
        5.6262006759643555,
        5.656068801879883,
        5.606431007385254,
        5.634079456329346,
        5.593508720397949,
        5.570994853973389,
        5.583395481109619,
        5.59345817565918,
        5.560812950134277,
        5.529916763305664,
        5.53143310546875,
        5.507838726043701,
        5.509626388549805,
        5.491552352905273,
        5.494717597961426,
        5.484981536865234,
        5.467469692230225,
        5.444449424743652,
        5.426865577697754,
        5.4119486808776855,
        5.417932987213135,
        5.39449405670166,
        5.360286235809326,
        5.3974385261535645,
        5.38873291015625,
        5.401439666748047,
        5.3790059089660645,
        5.341366291046143,
        5.360507965087891,
        5.345388412475586,
        5.345283031463623,
        5.284433841705322,
        5.312917232513428,
        5.329981803894043,
        5.286160945892334,
        5.3125410079956055,
        5.25526237487793,
        5.2844390869140625,
        5.278728485107422,
        5.258229732513428,
        5.256511211395264,
        5.2508697509765625,
        5.25504732131958,
        5.240278720855713,
        5.22396993637085,
        5.235719680786133,
        5.201725482940674,
        5.236182689666748,
        5.186290740966797,
        5.1965107917785645,
        5.165232181549072,
        5.1784281730651855,
        5.169008255004883,
        5.170004367828369,
        5.148217678070068,
        5.173239231109619,
        5.1495256423950195,
        5.143454074859619,
        5.136439800262451,
        5.116747856140137,
        5.116264820098877,
        5.098821640014648,
        5.076277732849121,
        5.10870361328125,
        5.07575798034668,
        5.100727081298828,
        5.095718860626221,
        5.073353290557861,
        5.061569690704346,
        5.479374408721924,
        5.278482437133789,
        5.161665439605713,
        5.119139671325684,
        5.069399356842041,
        5.057859897613525,
        5.0409770011901855,
        5.041465759277344,
        5.027914524078369,
        5.018625736236572,
        4.996570587158203,
        5.021414279937744,
        4.997824668884277,
        4.992773056030273,
        5.001007556915283,
        4.984131336212158,
        4.963140964508057,
        4.961783409118652,
        4.954313278198242,
        4.954920768737793,
        4.945613861083984,
        4.9298601150512695,
        4.927916049957275,
        4.924722671508789,
        4.925116062164307,
        4.910965919494629,
        4.89292573928833,
        4.892481327056885,
        4.889804840087891,
        4.895144939422607,
        4.86234188079834,
        4.616650581359863,
        4.570231914520264,
        4.5586256980896,
        4.552823066711426,
        4.548184871673584,
        4.539151668548584,
        4.534877300262451,
        4.529345512390137,
        4.5162858963012695,
        4.517658710479736
    ],