{
    "run_n":3,
    "run_seed":0,
    "ndims":16,
    "nsamples":100000,
    "correlation":"corr",
    "nbijectors":5,
    "bijector":"CsplineN",
    "spline_knots":8,
    "range_min":-16,
    "hidden_layers":"128-128-128",
    "batch_size":512,
    "activation":"relu",
    "eps_regulariser":0,
    "regulariser":null,
    "dist_seed":0,
    "test_seed":0,
    "kl_divergence":-1,
    "ks_test_mean":0.4189708564648268,
    "ks_test_median":0.4195446698814287,
    "ad_test_mean":0.2022413946218758,
    "ad_test_median":0.19909741480648435,
    "Wasserstein_median":0.07108181935834487,
    "Wasserstein_mean":0.07108181935834487,
    "frob_norm":0.18691662623354097,
    "epochs_input":1000,
    "epochs_output":262,
    "time":5525.410693924874,
    "train_loss_history":[
        51.52108383178711,
        19.125770568847656,
        16.59308624267578,
        15.53286075592041,
        14.682032585144043,
        14.286283493041992,
        13.75192642211914,
        13.516092300415039,
        13.26822280883789,
        13.000609397888184,
        12.69512939453125,
        12.695951461791992,
        12.557876586914062,
        12.308208465576172,
        12.270476341247559,
        12.025179862976074,
        12.01311206817627,
        12.015058517456055,
        11.677129745483398,
        11.904026985168457,
        11.691903114318848,
        11.645079612731934,
        11.687112808227539,
        11.478856086730957,
        11.378259658813477,
        11.341315269470215,
        11.356602668762207,
        11.247913360595703,
        11.172809600830078,
        11.146838188171387,
        11.02131462097168,
        11.077320098876953,
        10.887104034423828,
        10.943792343139648,
        10.782183647155762,
        10.799148559570312,
        10.705183029174805,
        10.75156307220459,
        10.727987289428711,
        10.61396312713623,
        10.657550811767578,
        10.608695983886719,
        10.642232894897461,
        10.39915657043457,
        10.475823402404785,
        10.40255069732666,
        10.373359680175781,
        10.344651222229004,
        10.441526412963867,
        10.317947387695312,
        10.380027770996094,
        10.1986665725708,
        10.236809730529785,
        10.32651138305664,
        10.24654769897461,
        10.220758438110352,
        10.154306411743164,
        10.148307800292969,
        10.036980628967285,
        10.18728256225586,
        10.080309867858887,
        10.048484802246094,
        10.045122146606445,
        9.953166961669922,
        10.095915794372559,
        9.931587219238281,
        10.064552307128906,
        9.98012638092041,
        9.850515365600586,
        9.97087287902832,
        9.847864151000977,
        9.965226173400879,
        9.832610130310059,
        9.824740409851074,
        9.8812837600708,
        9.854430198669434,
        9.812939643859863,
        9.729754447937012,
        9.709245681762695,
        9.761077880859375,
        9.664278984069824,
        9.672371864318848,
        9.664358139038086,
        9.639105796813965,
        9.778538703918457,
        9.658143997192383,
        9.677509307861328,
        9.652666091918945,
        9.624746322631836,
        9.589461326599121,
        9.584681510925293,
        9.489191055297852,
        9.49666690826416,
        9.580721855163574,
        9.50832462310791,
        9.584885597229004,
        9.580057144165039,
        9.462738990783691,
        9.515700340270996,
        9.491971015930176,
        9.4828519821167,
        9.469768524169922,
        9.428507804870605,
        9.497308731079102,
        9.434110641479492,
        9.447185516357422,
        9.404234886169434,
        9.350302696228027,
        9.373913764953613,
        9.448620796203613,
        9.414226531982422,
        9.338935852050781,
        9.375957489013672,
        9.348433494567871,
        9.343575477600098,
        9.402388572692871,
        9.300647735595703,
        9.291707992553711,
        9.236639022827148,
        9.279831886291504,
        9.230649948120117,
        9.322019577026367,
        9.240071296691895,
        9.270072937011719,
        9.239266395568848,
        9.177511215209961,
        9.226513862609863,
        9.151517868041992,
        9.173063278198242,
        9.200233459472656,
        9.121821403503418,
        9.237775802612305,
        9.165901184082031,
        9.074378967285156,
        9.177407264709473,
        9.187788963317871,
        9.102485656738281,
        9.125290870666504,
        9.139412879943848,
        9.138757705688477,
        9.093342781066895,
        9.074945449829102,
        9.080283164978027,
        9.071730613708496,
        9.027544975280762,
        8.996170043945312,
        9.058036804199219,
        9.056170463562012,
        8.999582290649414,
        8.996129989624023,
        9.060331344604492,
        8.996577262878418,
        9.00696849822998,
        8.979002952575684,
        9.012436866760254,
        8.992457389831543,
        9.023314476013184,
        8.965377807617188,
        8.9337158203125,
        8.972429275512695,
        8.89887523651123,
        8.989724159240723,
        8.897006034851074,
        8.882965087890625,
        8.881183624267578,
        8.890463829040527,
        8.914087295532227,
        8.941282272338867,
        8.941537857055664,
        8.861638069152832,
        8.950825691223145,
        8.827840805053711,
        8.862382888793945,
        8.81891918182373,
        8.857239723205566,
        8.875441551208496,
        8.834714889526367,
        8.898836135864258,
        8.826114654541016,
        8.781713485717773,
        8.786110877990723,
        8.831218719482422,
        8.825273513793945,
        8.79458236694336,
        8.81212043762207,
        8.807230949401855,
        8.7479248046875,
        8.774520874023438,
        8.791145324707031,
        8.752182006835938,
        8.816378593444824,
        8.739856719970703,
        8.770296096801758,
        8.733851432800293,
        8.704399108886719,
        8.726633071899414,
        8.755621910095215,
        8.774338722229004,
        8.770862579345703,
        8.780007362365723,
        8.249859809875488,
        8.156639099121094,
        8.110982894897461,
        8.102684020996094,
        8.09201717376709,
        8.095968246459961,
        8.077869415283203,
        8.078776359558105,
        8.070679664611816,
        8.076738357543945,
        8.082700729370117,
        8.059070587158203,
        8.052703857421875,
        8.050541877746582,
        8.04813289642334,
        8.051740646362305,
        8.050578117370605,
        8.051929473876953,
        8.02072811126709,
        8.00600528717041,
        8.050395965576172,
        8.021175384521484,
        7.999891757965088,
        8.007761001586914,
        8.001553535461426,
        8.004556655883789,
        7.991203784942627,
        8.002349853515625,
        7.99399995803833,
        7.976707935333252,
        7.98464298248291,
        7.975370407104492,
        7.982733726501465,
        7.9555134773254395,
        7.963191032409668,
        7.962530136108398,
        7.959096431732178,
        7.950506210327148,
        7.949565887451172,
        7.935404300689697,
        7.93847131729126,
        7.94301176071167,
        7.92730188369751,
        7.929424285888672,
        7.926835536956787,
        7.922010898590088,
        7.9255499839782715,
        7.9106831550598145,
        7.9063310623168945,
        7.913741111755371,
        7.90831184387207,
        7.907275199890137,
        7.758388519287109,
        7.736506462097168,
        7.732726097106934,
        7.7277069091796875,
        7.725024223327637,
        7.7225775718688965,
        7.723191261291504,
        7.720039367675781,
        7.724291801452637,
        7.72037410736084
    ],