{
    "run_n":36,
    "run_seed":0,
    "ndims":1000,
    "nsamples":100000,
    "correlation":"corr",
    "nbijectors":10,
    "bijector":"RealNVPN",
    "spline_knots":8,
    "range_min":-5,
    "hidden_layers":"256-256-256",
    "batch_size":256,
    "activation":"relu",
    "eps_regulariser":0,
    "regulariser":null,
    "dist_seed":0,
    "test_seed":0,
    "kl_divergence":-1,
    "ks_test_mean":0.007480211500777418,
    "ks_test_median":4.336161306552317e-16,
    "ad_test_mean":0.0010000000000000002,
    "ad_test_median":0.004409792554253957,
    "Wasserstein_median":0.6572967558500935,
    "Wasserstein_mean":0.6572967558500935,
    "frob_norm":7.774564191781785,
    "epochs_input":1000,
    "epochs_output":139,
    "time":1630.8469924298115,
    "train_loss_history":[
        6734789.0,
        2199.51171875,
        2144.986328125,
        2126.76171875,
        2100.787841796875,
        2081.314453125,
        2074.672119140625,
        2071.091796875,
        2068.544189453125,
        2066.50390625,
        2064.875,
        2063.39599609375,
        2062.09326171875,
        2060.8671875,
        2059.76318359375,
        2058.648681640625,
        2057.58056640625,
        2056.608642578125,
        2055.657958984375,
        2054.884765625,
        2054.0654296875,
        2053.345947265625,
        2052.73193359375,
        2052.1630859375,
        2051.636962890625,
        2051.087890625,
        2050.62646484375,
        2050.138671875,
        2049.63671875,
        2049.185302734375,
        2048.819091796875,
        2048.4267578125,
        2048.06103515625,
        2047.7047119140625,
        2047.325927734375,
        2046.87841796875,
        2046.502197265625,
        2046.1920166015625,
        2045.8973388671875,
        2045.5968017578125,
        2045.301513671875,
        2044.9945068359375,
        2044.7010498046875,
        2044.44140625,
        2044.1922607421875,
        2043.9049072265625,
        2043.612060546875,
        2043.4107666015625,
        2043.14697265625,
        2042.9501953125,
        2042.6783447265625,
        2042.4686279296875,
        2042.2391357421875,
        2042.0811767578125,
        2041.8148193359375,
        2041.5367431640625,
        2041.3812255859375,
        2040.821044921875,
        2039.619384765625,
        2038.7762451171875,
        2038.3360595703125,
        2037.86328125,
        2037.4390869140625,
        2037.1134033203125,
        2036.802734375,
        2036.250732421875,
        2036.0484619140625,
        2035.6441650390625,
        2035.0689697265625,
        2034.8585205078125,
        2034.2633056640625,
        2034.189453125,
        2033.255126953125,
        2033.3455810546875,
        2032.58447265625,
        2032.30078125,
        2031.8182373046875,
        2031.7479248046875,
        2030.882568359375,
        2031.13623046875,
        2029.8797607421875,
        2030.0843505859375,
        2029.6607666015625,
        2028.9169921875,
        2028.2578125,
        2027.946044921875,
        2028.1839599609375,
        2027.1812744140625,
        2026.509033203125,
        2026.7830810546875,
        2026.0859375,
        2025.1435546875,
        2024.4189453125,
        2024.2735595703125,
        2023.64794921875,
        2024.6767578125,
        2023.3741455078125,
        2022.9903564453125,
        2022.1961669921875,
        2022.0877685546875,
        2021.0443115234375,
        2022.2423095703125,
        2020.8223876953125,
        2019.9595947265625,
        2019.2205810546875,
        2018.906494140625,
        2019.0228271484375,
        2018.050048828125,
        2017.956787109375,
        2016.936279296875,
        2017.9835205078125,
        2016.7655029296875,
        2016.2269287109375,
        2015.1485595703125,
        2015.164794921875,
        2014.9884033203125,
        2014.698974609375,
        2013.9510498046875,
        2013.2340087890625,
        2012.9185791015625,
        2012.24658203125,
        2012.271484375,
        2011.4443359375,
        2011.5037841796875,
        2012.3487548828125,
        2013.623291015625,
        2010.8089599609375,
        2010.742431640625,
        2009.9166259765625,
        2004.1412353515625,
        2001.5714111328125,
        2000.2213134765625,
        1999.2464599609375,
        1998.415771484375,
        1997.699462890625,
        1997.111083984375,
        1996.5213623046875,
        1995.9541015625,
        1995.355224609375
    ],