{
    "run_n":7,
    "run_seed":721,
    "ndims":8,
    "nsamples":100000,
    "correlation":"corr",
    "nbijectors":2,
    "bijector":"MsplineN",
    "spline_knots":12,
    "range_min":-16,
    "hidden_layers":"128-128-128",
    "batch_size":512,
    "activation":"relu",
    "eps_regulariser":0,
    "regulariser":null,
    "dist_seed":0,
    "test_seed":0,
    "kl_divergence":-1,
    "ks_test_mean":0.47847000025537906,
    "ks_test_median":0.47271728642477495,
    "ad_test_mean":0.21073184084472563,
    "ad_test_median":0.20939472263887587,
    "Wasserstein_median":0.020240308657087987,
    "Wasserstein_mean":0.020240308657087987,
    "frob_norm":0.024490585190345263,
    "epochs_input":1000,
    "epochs_output":301,
    "time":1967.4029998900369,
    "train_loss_history":[
        26.272722244262695,
        6.239267349243164,
        5.2127156257629395,
        4.860134601593018,
        4.648980140686035,
        4.544678211212158,
        4.504746437072754,
        4.445064067840576,
        4.405285835266113,
        4.365316390991211,
        4.350566864013672,
        4.335257530212402,
        4.299132823944092,
        4.311288356781006,
        4.270936489105225,
        4.281465530395508,
        4.275081157684326,
        4.291725158691406,
        4.257084846496582,
        4.239266872406006,
        4.2302350997924805,
        4.241927146911621,
        4.222287654876709,
        4.223555088043213,
        4.224382400512695,
        4.229718208312988,
        4.194024562835693,
        4.211759567260742,
        4.218048572540283,
        4.195892810821533,
        4.207032203674316,
        4.18947172164917,
        4.193251609802246,
        4.191033363342285,
        4.20353364944458,
        4.196393966674805,
        4.177160263061523,
        4.187309265136719,
        4.188989162445068,
        4.178380966186523,
        4.1822357177734375,
        4.186210632324219,
        4.1736369132995605,
        4.192520618438721,
        4.157907009124756,
        4.180962085723877,
        4.191277027130127,
        4.223477363586426,
        4.161076068878174,
        4.165056228637695,
        4.166437149047852,
        4.184322357177734,
        4.161620616912842,
        4.177828788757324,
        4.16461181640625,
        4.152900695800781,
        4.177610874176025,
        4.1563920974731445,
        4.176758289337158,
        4.152837753295898,
        4.16967248916626,
        4.154602527618408,
        4.172025680541992,
        4.162338733673096,
        4.1595048904418945,
        4.151224613189697,
        4.144864082336426,
        4.1477460861206055,
        4.156507968902588,
        4.147624492645264,
        4.156126022338867,
        4.148942470550537,
        4.151679992675781,
        4.13432502746582,
        4.144028186798096,
        4.159107685089111,
        4.149898529052734,
        4.151740550994873,
        4.137970924377441,
        4.152114391326904,
        4.140750885009766,
        4.140301704406738,
        4.1575469970703125,
        4.139787197113037,
        4.138643264770508,
        4.1468987464904785,
        4.1321940422058105,
        4.142660617828369,
        4.152499198913574,
        4.147788047790527,
        4.140818119049072,
        4.137258529663086,
        4.141243934631348,
        4.142611026763916,
        4.142959117889404,
        4.154110431671143,
        4.14198637008667,
        4.141270160675049,
        4.143182754516602,
        4.134476184844971,
        4.14365816116333,
        4.14492654800415,
        4.133675575256348,
        4.14149284362793,
        4.13491678237915,
        4.1504011154174805,
        4.137031078338623,
        4.132229328155518,
        4.142438888549805,
        4.12542724609375,
        4.130451679229736,
        4.131475925445557,
        4.130795001983643,
        4.130557060241699,
        4.1372175216674805,
        4.12863826751709,
        4.137497901916504,
        4.141922950744629,
        4.12475061416626,
        4.126291751861572,
        4.126769065856934,
        4.145817756652832,
        4.117836952209473,
        4.135362148284912,
        4.123050212860107,
        4.1298909187316895,
        4.124738693237305,
        4.12233304977417,
        4.132695198059082,
        4.125146389007568,
        4.130101680755615,
        4.125268459320068,
        4.121446132659912,
        4.127184867858887,
        4.132908344268799,
        4.137679100036621,
        4.112743377685547,
        4.1225409507751465,
        4.11988639831543,
        4.113158702850342,
        4.115790843963623,
        4.14323091506958,
        4.117638111114502,
        4.116969585418701,
        4.121504783630371,
        4.1177778244018555,
        4.124986171722412,
        4.1325507164001465,
        4.109602928161621,
        4.113239288330078,
        4.115639686584473,
        4.11777925491333,
        4.123391151428223,
        4.117236137390137,
        4.112592697143555,
        4.111349582672119,
        4.121118068695068,
        4.110865116119385,
        4.117144584655762,
        4.12473726272583,
        4.119156360626221,
        4.1179351806640625,
        4.110823154449463,
        4.107210636138916,
        4.108328342437744,
        4.116191387176514,
        4.129456520080566,
        4.1053547859191895,
        4.118045806884766,
        4.110589981079102,
        4.1222920417785645,
        4.1167120933532715,
        4.1027607917785645,
        4.121297836303711,
        4.1111979484558105,
        4.109308242797852,
        4.115000247955322,
        4.136995792388916,
        4.104579448699951,
        4.108941555023193,
        4.113473892211914,
        4.106913089752197,
        4.110498905181885,
        4.10595178604126,
        4.105005741119385,
        4.102936267852783,
        4.100619316101074,
        4.099860668182373,
        4.09954309463501,
        4.105076789855957,
        4.103654861450195,
        4.109328746795654,
        4.10627555847168,
        4.104776382446289,
        4.101406097412109,
        4.107886791229248,
        4.116884708404541,
        4.095964431762695,
        4.102908134460449,
        4.112281322479248,
        4.102035999298096,
        4.094099521636963,
        4.100032329559326,
        4.0988616943359375,
        4.108762741088867,
        4.102406024932861,
        4.108641624450684,
        4.097898960113525,
        4.106462478637695,
        4.097584247589111,
        4.101429462432861,
        4.0938920974731445,
        4.1083879470825195,
        4.094263553619385,
        4.099379539489746,
        4.0962700843811035,
        4.1153411865234375,
        4.100279808044434,
        4.092270851135254,
        4.095794200897217,
        4.097969055175781,
        4.094693660736084,
        4.092138767242432,
        4.107565402984619,
        4.099708557128906,
        4.1003899574279785,
        4.092862606048584,
        4.0942702293396,
        4.094138145446777,
        4.126285076141357,
        4.090628623962402,
        4.095474720001221,
        4.096628665924072,
        4.090643405914307,
        4.090436935424805,
        4.091909408569336,
        4.092117786407471,
        4.086872577667236,
        4.058579921722412,
        4.05446720123291,
        4.054924964904785,
        4.054598808288574,
        4.0534749031066895,
        4.053893089294434,
        4.053044319152832,
        4.052872657775879,
        4.055333614349365,
        4.053066730499268,
        4.054988384246826,
        4.05401611328125,
        4.054842948913574,
        4.053879261016846,
        4.052095890045166,
        4.050868511199951,
        4.052833557128906,
        4.053098201751709,
        4.052749156951904,
        4.052590370178223,
        4.051573753356934,
        4.052338600158691,
        4.053353309631348,
        4.052343845367432,
        4.051485538482666,
        4.05092716217041,
        4.051928520202637,
        4.050909519195557,
        4.050296306610107,
