{
    "run_n":27,
    "run_seed":0,
    "ndims":200,
    "nsamples":100000,
    "correlation":"corr",
    "nbijectors":10,
    "bijector":"MAFN",
    "spline_knots":8,
    "range_min":-5,
    "hidden_layers":"128-128-128",
    "batch_size":512,
    "activation":"relu",
    "eps_regulariser":0,
    "regulariser":null,
    "dist_seed":0,
    "test_seed":0,
    "kl_divergence":-1,
    "ks_test_mean":0.010240685943793479,
    "ks_test_median":2.945579283300334e-11,
    "ad_test_mean":0.0010000000000000002,
    "ad_test_median":0.006099376424598644,
    "Wasserstein_median":0.5371811030316823,
    "Wasserstein_mean":0.5371811030316823,
    "frob_norm":2.0636743367319985,
    "epochs_input":1000,
    "epochs_output":157,
    "time":787.1563866734505,
    "train_loss_history":[
        660.2539672851562,
        411.4026184082031,
        409.32720947265625,
        408.56451416015625,
        408.0884094238281,
        407.6782531738281,
        407.21356201171875,
        406.5815124511719,
        405.5671691894531,
        404.64501953125,
        404.0466613769531,
        403.4971923828125,
        403.16131591796875,
        402.80609130859375,
        402.49737548828125,
        402.2136535644531,
        401.8450012207031,
        401.4481506347656,
        401.0566711425781,
        400.6641540527344,
        400.1883850097656,
        399.78204345703125,
        399.2686462402344,
        398.2697448730469,
        397.3077697753906,
        396.57281494140625,
        396.08636474609375,
        395.56903076171875,
        394.8451843261719,
        394.35345458984375,
        393.7367858886719,
        393.1071472167969,
        392.90155029296875,
        392.0655212402344,
        391.4814147949219,
        391.09405517578125,
        390.4725036621094,
        390.259765625,
        389.6078796386719,
        389.20489501953125,
        388.5737609863281,
        388.1472473144531,
        387.7255859375,
        387.246826171875,
        387.43756103515625,
        386.66778564453125,
        386.5625,
        386.15826416015625,
        386.1893615722656,
        385.5339660644531,
        385.0872497558594,
        385.16998291015625,
        384.8876647949219,
        384.55328369140625,
        384.3538818359375,
        383.92010498046875,
        384.1895446777344,
        383.9803466796875,
        384.19903564453125,
        382.91339111328125,
        382.9386291503906,
        382.73974609375,
        382.44976806640625,
        382.1800231933594,
        383.25836181640625,
        382.1636657714844,
        382.6546630859375,
        381.37603759765625,
        381.7192687988281,
        381.23333740234375,
        380.67401123046875,
        380.31915283203125,
        382.1139831542969,
        381.1014709472656,
        379.97906494140625,
        379.78570556640625,
        379.8501281738281,
        379.1397399902344,
        381.40509033203125,
        380.242431640625,
        378.862548828125,
        379.38238525390625,
        379.1012878417969,
        377.81866455078125,
        377.5047302246094,
        377.425048828125,
        377.1095275878906,
        377.0194091796875,
        376.4498596191406,
        376.1890869140625,
        376.2113037109375,
        375.6184997558594,
        375.6789855957031,
        375.38934326171875,
        374.75347900390625,
        374.73822021484375,
        374.50225830078125,
        NaN,
        NaN,
        NaN,
        NaN,
        NaN,
        NaN,
        NaN,
        NaN,
        NaN,
        NaN,
        NaN,
        NaN,
        NaN,
        NaN,
        NaN,
        NaN,
        NaN,
        NaN,
        NaN,
        NaN,
        NaN,
        NaN,
        NaN,
        NaN,
        NaN,
        NaN,
        NaN,
        NaN,
        NaN,
        NaN,
        NaN,
        NaN,
        NaN,
        NaN,
        NaN,
        NaN,
        NaN,
        NaN,
        NaN,
        NaN,
        NaN,
        NaN,
        NaN,
        NaN,
        NaN,
        NaN,
        NaN,
        NaN,
        NaN,
        NaN,
        NaN,
        NaN,
        NaN,
        NaN,
        NaN,
        NaN,
        NaN,
        NaN,
        NaN,
        NaN
    ],
    "val_loss_history":[
        414.2455749511719,
        409.977294921875,
        408.91412353515625,
        408.41815185546875,
        407.92352294921875,
        407.81524658203125,
        407.0532531738281,
        406.336669921875,
        405.338134765625,
        404.5145263671875,
        403.9266052246094,
        403.5480651855469,
        403.1732482910156,
        402.8048095703125,
        402.61834716796875,
        402.34503173828125,
        401.8750915527344,
        401.564697265625,
        401.0896911621094,
        400.65667724609375,
        400.5591735839844,
        400.0739440917969,
        399.30499267578125,
        398.2257080078125,
        397.23223876953125,
        396.7569580078125,
        396.5529479980469,
        395.787841796875,
        396.4132080078125,
        394.63018798828125,
        394.0534973144531,
        393.6600646972656,
        394.36138916015625,
        393.0158386230469,
        391.9668273925781,
        391.21282958984375,
        390.5611572265625,
        390.44891357421875,
        390.53302001953125,
        391.4331359863281,
        389.38092041015625,
        388.8582763671875,
        388.16015625,
        393.9683532714844,
        387.7471923828125,
        387.3046569824219,
        387.06201171875,
        387.25775146484375,
        386.8537292480469,
        386.2610778808594,
        386.5272216796875,
        386.3677062988281,
        385.6122741699219,
        385.582275390625,
        385.07659912109375,
        394.1332092285156,
        385.6705017089844,
        393.3078918457031,
        384.0842590332031,
        384.26812744140625,
        384.65447998046875,
        383.44769287109375,
        385.1707458496094,
        385.7604675292969,
        383.0587463378906,
        383.2519226074219,
        384.0909118652344,
        382.7088317871094,
        383.349609375,
        382.0178527832031,
        381.8813781738281,
        383.942626953125,
        382.78076171875,
        381.86285400390625,
        381.3316345214844,
        381.7691345214844,
        381.0526123046875,
        380.8580627441406,
        380.73797607421875,
        381.0539245605469,
        380.3122253417969,
        386.55780029296875,
        380.1606750488281,
        379.3633117675781,
        379.5354309082031,
        379.5458679199219,
        381.24310302734375,
        378.3856201171875,
        378.2572021484375,
        377.9186706542969,
        377.6572570800781,
        377.42974853515625,
        377.0181884765625,
        376.5115051269531,
        376.45281982421875,
        376.1659851074219,
        375.7863464355469,
        NaN,
        NaN,
        NaN,
        NaN,
        NaN,
        NaN,
        NaN,
        NaN,
        NaN,
        NaN,
        NaN,
        NaN,
        NaN,
        NaN,
        NaN,
        NaN,
        NaN,
        NaN,
        NaN,
        NaN,
        NaN,
        NaN,
        NaN,
        NaN,
        NaN,
        NaN,
        NaN,
        NaN,
        NaN,
        NaN,
        NaN,
        NaN,
        NaN,
        NaN,
        NaN,
        NaN,
        NaN,
        NaN,
        NaN,
        NaN,
        NaN,
        NaN,
        NaN,
        NaN,
        NaN,
        NaN,
        NaN,
        NaN,
        NaN,
        NaN,
        NaN,
        NaN,
        NaN,
        NaN,
        NaN,
        NaN,
        NaN,
        NaN,
        NaN,
        NaN
    ],
    "best_train_loss":[],
    "best_val_loss":NaN,
    "best_epoch":[]
}