{
    "run_n":9,
    "run_seed":926,
    "ndims":400,
    "nsamples":100000,
    "correlation":"corr",
    "nbijectors":5,
    "bijector":"MAFN",
    "spline_knots":8,
    "range_min":-5,
    "hidden_layers":"128-128-128",
    "batch_size":512,
    "activation":"relu",
    "eps_regulariser":0,
    "regulariser":null,
    "dist_seed":0,
    "test_seed":0,
    "kl_divergence":-1,
    "ks_test_mean":0.3325770962659708,
    "ks_test_median":0.3647177109551534,
    "ad_test_mean":0.17323890460241279,
    "ad_test_median":0.15246903354657146,
    "Wasserstein_median":0.09067488412449683,
    "Wasserstein_mean":0.09067488412449683,
    "frob_norm":37.75552138048291,
    "epochs_input":1000,
    "epochs_output":271,
    "time":719.5721826343797,
    "train_loss_history":[
        1295.4552001953125,
        330.6072082519531,
        268.147216796875,
        247.2569122314453,
        233.90711975097656,
        225.73870849609375,
        219.8917694091797,
        215.52587890625,
        212.02427673339844,
        209.84544372558594,
        206.8875732421875,
        206.32215881347656,
        203.86956787109375,
        202.5301055908203,
        202.21791076660156,
        200.22573852539062,
        199.48846435546875,
        198.47686767578125,
        197.55868530273438,
        197.4106903076172,
        196.35203552246094,
        195.9380340576172,
        195.42202758789062,
        195.51348876953125,
        196.02615356445312,
        194.32650756835938,
        194.3231964111328,
        194.0460205078125,
        193.1382293701172,
        192.7917938232422,
        193.93252563476562,
        193.79074096679688,
        192.41921997070312,
        192.6320037841797,
        192.53550720214844,
        191.73043823242188,
        191.35487365722656,
        191.23687744140625,
        191.32679748535156,
        191.77276611328125,
        191.0118408203125,
        192.0340576171875,
        190.62789916992188,
        190.65000915527344,
        190.80674743652344,
        190.5838165283203,
        191.43357849121094,
        189.9983367919922,
        189.96421813964844,
        190.11904907226562,
        190.3170623779297,
        190.13340759277344,
        190.0753173828125,
        190.62513732910156,
        189.1529083251953,
        189.80650329589844,
        189.6863250732422,
        189.9316864013672,
        189.09918212890625,
        191.37213134765625,
        188.92874145507812,
        189.034423828125,
        188.90956115722656,
        189.33203125,
        189.19009399414062,
        189.01412963867188,
        188.52420043945312,
        189.30238342285156,
        188.8253631591797,
        188.10459899902344,
        191.72996520996094,
        189.38528442382812,
        189.4484100341797,
        189.38804626464844,
        190.349609375,
        188.23252868652344,
        188.35598754882812,
        188.60562133789062,
        187.8862762451172,
        188.36215209960938,
        187.9462127685547,
        188.35379028320312,
        188.57650756835938,
        187.89566040039062,
        188.17311096191406,
        187.76145935058594,
        188.90235900878906,
        188.54908752441406,
        187.64663696289062,
        188.17098999023438,
        187.37965393066406,
        187.6983642578125,
        189.0630340576172,
        187.56576538085938,
        187.6712646484375,
        187.41485595703125,
        188.64418029785156,
        187.78147888183594,
        187.68040466308594,
        187.98171997070312,
        187.12857055664062,
        186.98272705078125,
        188.8809356689453,
        187.63909912109375,
        187.13839721679688,
        186.93370056152344,
        186.9326629638672,
        187.13465881347656,
        186.84352111816406,
        186.77842712402344,
        186.88528442382812,
        187.80210876464844,
        187.6237335205078,
        188.1863555908203,
        186.76625061035156,
        187.21812438964844,
        187.89389038085938,
        186.33392333984375,
        186.19175720214844,
        186.45643615722656,
        187.2243194580078,
        187.65264892578125,
        186.19651794433594,
        187.96646118164062,
        187.66683959960938,
        186.5892791748047,
        186.40602111816406,
        186.24688720703125,
        186.18130493164062,
        186.75729370117188,
        187.0540008544922,
        187.20651245117188,
        186.1761932373047,
        186.11013793945312,
        185.9747314453125,
        187.58900451660156,
        186.93946838378906,
        186.23141479492188,
        186.11740112304688,
        187.11990356445312,
        186.78004455566406,
        186.5557403564453,
        186.2721710205078,
        186.75021362304688,
        186.8234100341797,
        186.5440216064453,
        185.5648956298828,
        186.3284454345703,
        186.1063690185547,
        185.70748901367188,
        185.99790954589844,
        185.6487579345703,
        185.85128784179688,
        186.62393188476562,
        185.505126953125,
        186.1414031982422,
        186.32838439941406,
        185.7000732421875,
        185.56808471679688,
        185.8860321044922,
        186.92955017089844,
        185.99066162109375,
        185.5873260498047,
        185.869873046875,
        187.0939483642578,
        185.0945281982422,
        185.34996032714844,
        186.04409790039062,
        185.55067443847656,
        185.25729370117188,
        189.6285400390625,
        185.74826049804688,
        190.48448181152344,
        187.79185485839844,
        185.03797912597656,
        185.68930053710938,
        185.50830078125,
        187.59500122070312,
        187.32289123535156,
        185.00820922851562,
        185.4054718017578,
        185.47569274902344,
        185.82403564453125,
        185.36703491210938,
        185.5523681640625,
        185.74313354492188,
        185.4271240234375,
        184.87742614746094,
        187.22727966308594,
        185.08946228027344,
        185.5831298828125,
        186.26144409179688,
        184.75686645507812,
        185.70579528808594,
        185.14590454101562,
        186.7960968017578,
        184.86338806152344,
        186.0598602294922,
        184.9365234375,
        185.10719299316406,
        184.90646362304688,
        184.91835021972656,
        184.8516082763672,
        185.30992126464844,
        185.45236206054688,
        184.96009826660156,
        185.71475219726562,
        184.90943908691406,
        184.94432067871094,
        189.07313537597656,
        184.95059204101562,
        185.73765563964844,
        184.58262634277344,
        184.9684295654297,
        186.40386962890625,
        184.3566131591797,
        186.58053588867188,
        186.93467712402344,
        186.4635772705078,
        184.74075317382812,
        185.1829071044922,
        184.71925354003906,
        184.7195587158203,
        184.846923828125,
        185.16378784179688,
        329.6998596191406,
        605.7601318359375,
        308.2502136230469,
        269.26202392578125,
        248.14068603515625,
        234.44737243652344,
        224.71095275878906,
        218.1893310546875,
        213.33714294433594,
        209.60719299316406,
        206.37107849121094,
        203.95176696777344,
        201.61940002441406,
        199.9034423828125,
        198.4778289794922,
        196.8886260986328,
        195.89065551757812,
        195.1614532470703,
        194.446044921875,
        193.2434844970703,
        192.54739379882812,
        192.00885009765625,
        191.81350708007812,
        191.1958770751953,
        190.70423889160156,
        190.30325317382812,
        190.2625732421875,
        189.77627563476562,
        189.6280059814453,
        189.1323699951172,
        189.06692504882812,
        189.18017578125,
        188.69094848632812,
        189.03125,
        188.08958435058594,
        188.2549285888672,
        185.77381896972656,
