{
    "run_n":9,
    "run_seed":926,
    "ndims":16,
    "nsamples":100000,
    "correlation":"corr",
    "nbijectors":5,
    "bijector":"CsplineN",
    "spline_knots":12,
    "range_min":-16,
    "hidden_layers":"256-256-256",
    "batch_size":512,
    "activation":"relu",
    "eps_regulariser":0,
    "regulariser":null,
    "dist_seed":0,
    "test_seed":0,
    "ks_mean":0.15318666730440295,
    "ks_std":0.2549874513265914,
    "ad_mean":0.07473605057257794,
    "ad_std":0.10015191235371268,
    "wd_mean":0.043017753508614184,
    "wd_std":0.03378901309365826,
    "swd_mean":0.04844118882642563,
    "swd_std":0.023530328481258554,
    "fn_mean":0.8757447784507469,
    "fn_std":0.15358334189978382,
    "epochs_input":1000,
    "epochs_output":93,
    "time":3247.6282596330275,
    "train_loss_history":[
        18.17133331298828,
        8.37514877319336,
        6.947549343109131,
        6.405778884887695,
        6.1586833000183105,
        6.220800399780273,
        5.859615325927734,
        5.747997283935547,
        5.911872863769531,
        5.651835918426514,
        5.647767543792725,
        5.603610992431641,
        5.563925266265869,
        5.593087196350098,
        5.511401653289795,
        5.473851203918457,
        5.464374542236328,
        5.526235580444336,
        5.385749816894531,
        5.4163641929626465,
        5.383456707000732,
        5.399733543395996,
        5.354814529418945,
        5.463025093078613,
        5.328863143920898,
        5.34618616104126,
        5.324089050292969,
        5.346893787384033,
        5.322105407714844,
        5.2981486320495605,
        5.232887268066406,
        5.256439685821533,
        5.236823558807373,
        5.230801582336426,
        5.207573890686035,
        5.205031871795654,
        5.206272125244141,
        5.184553623199463,
        5.197211742401123,
        5.157301425933838,
        5.152890205383301,
        5.156963348388672,
        5.123351573944092,
        5.135049819946289,
        5.044088363647461,
        5.110848426818848,
        5.059263706207275,
        5.024220943450928,
        4.99638557434082,
        5.051726818084717,
        5.014316558837891,
        5.026791572570801,
        4.96579647064209,
        5.0000786781311035,
        4.9541850090026855,
        4.9560546875,
        4.950397491455078,
        4.905924320220947,
        4.870859622955322,
        4.907258033752441,
        4.8463850021362305,
        4.868701457977295,
        4.8127522468566895,
        4.819371223449707,
        4.781185626983643,
        4.790224552154541,
        4.767730236053467,
        4.755767822265625,
        4.730321884155273,
        4.759096145629883,
        4.674497127532959,
        4.659480571746826,
        4.663357734680176,
        4.702162265777588,
        4.6450724601745605,
        4.594161510467529,
        4.561529636383057,
        4.594150543212891,
        4.550111770629883,
        4.545413017272949,
        4.541423320770264,
        4.485442161560059,
        4.488016605377197,
        4.049962520599365,
        3.9135847091674805,
        3.8590638637542725,
        3.8195455074310303,
        3.799952268600464,
        3.7733240127563477,
        3.7453813552856445,
        3.7130637168884277,
        3.7001595497131348,
        3.6837103366851807
    ],
    "val_loss_history":[
        9.152254104614258,
        7.237912178039551,
        6.39694881439209,
        6.159749507904053,
        6.511629581451416,
        5.8892130851745605,
        5.749706745147705,
        5.813024044036865,
        5.790240287780762,
        5.758903503417969,
        5.877837657928467,
        5.695394039154053,
        5.870462417602539,
        5.7149834632873535,
        5.490926265716553,
        5.660991668701172,
        5.487674713134766,
        5.455946922302246,
        5.798572063446045,
        5.436055660247803,
        5.472541332244873,
        5.631357669830322,
        5.4971923828125,
        5.546390533447266,
        5.434169292449951,
        5.561794757843018,
        5.478410720825195,
        5.497949123382568,
        5.562399387359619,
        5.45542573928833,
        5.5152201652526855,
        5.464398384094238,
        5.392765998840332,
        5.3941545486450195,
        5.440741539001465,
        5.582805633544922,
        5.548740386962891,
        5.595422267913818,
        5.510593891143799,
        5.450859069824219,
        5.440108299255371,
        5.498732089996338,
        5.503742694854736,
        5.56333065032959,
        5.5730695724487305,
        5.588098526000977,
        5.518178462982178,
        5.549023628234863,
        5.589747428894043,
        5.602048873901367,
        5.743044376373291,
        5.478234767913818,
        5.685608863830566,
        5.600067615509033,
        5.623908996582031,
        5.588990688323975,
        5.711735248565674,
        5.623934745788574,
        5.798871040344238,
        5.628179550170898,
        5.618682384490967,
        5.711237907409668,
        5.731110572814941,
        5.767580032348633,
        5.681797981262207,
        5.805815696716309,
        5.814721584320068,
        5.778039455413818,
        5.866413116455078,
        6.002255439758301,
        6.0607733726501465,
        5.829113006591797,
        5.876949787139893,
        5.975339412689209,
        5.803137302398682,
        5.882678985595703,
        5.93325662612915,
        6.280959606170654,
        5.999300956726074,
        5.9454545974731445,
        6.012182712554932,
        6.029084205627441,
        5.972602367401123,
        6.240238666534424,
        6.430377006530762,
        6.517266750335693,
        6.649413108825684,
        6.719660758972168,
        6.708060264587402,
        6.865219593048096,
        6.955366134643555,
        7.022495746612549,
        7.054834842681885
    ],
    "best_train_loss":5.236823558807373,
    "best_val_loss":5.392765998840332,
    "best_epoch":32
}