{
    "run_n":4,
    "run_seed":440,
    "ndims":4,
    "nsamples":100000,
    "correlation":"corr",
    "nbijectors":5,
    "bijector":"RealNVPN",
    "spline_knots":8,
    "range_min":-5,
    "hidden_layers":"128-128-128",
    "batch_size":256,
    "activation":"relu",
    "eps_regulariser":0,
    "regulariser":null,
    "dist_seed":0,
    "test_seed":0,
    "kl_divergence":-1,
    "ks_test_mean":0.4789933151806842,
    "ks_test_median":0.48398797406391647,
    "ad_test_mean":0.21358314358478925,
    "ad_test_median":0.21489983756284187,
    "Wasserstein_median":0.020143596157177996,
    "Wasserstein_mean":0.020143596157177996,
    "frob_norm":0.019145852177251507,
    "epochs_input":1000,
    "epochs_output":311,
    "time":2110.599157048855,
    "train_loss_history":[
        6.669104099273682,
        3.7897257804870605,
        3.5380008220672607,
        3.3715033531188965,
        3.2937681674957275,
        3.2192137241363525,
        3.1534361839294434,
        3.1030678749084473,
        3.0633702278137207,
        3.006497859954834,
        3.006917715072632,
        2.9705615043640137,
        2.9455339908599854,
        2.9304771423339844,
        2.916203022003174,
        2.882014036178589,
        2.875558376312256,
        2.8964412212371826,
        2.8463218212127686,
        2.8392391204833984,
        2.8119940757751465,
        2.81534481048584,
        2.77636456489563,
        2.7854561805725098,
        2.9509036540985107,
        2.749448776245117,
        2.7555789947509766,
        2.7417118549346924,
        2.7426559925079346,
        2.7230846881866455,
        2.7272980213165283,
        2.7135589122772217,
        2.7022624015808105,
        2.685321569442749,
        2.695050001144409,
        2.714984893798828,
        2.680983543395996,
        2.685023546218872,
        2.6764049530029297,
        2.666030168533325,
        2.6872496604919434,
        2.6532537937164307,
        2.6531240940093994,
        2.6460087299346924,
        2.6284337043762207,
        2.618166923522949,
        2.633795738220215,
        2.626293182373047,
        2.6017401218414307,
        2.618032455444336,
        2.6052184104919434,
        2.624570846557617,
        2.583301305770874,
        2.604649782180786,
        2.6185107231140137,
        2.6004133224487305,
        2.580174207687378,
        2.5608246326446533,
        2.5986013412475586,
        2.61085844039917,
        2.579282760620117,
        2.568303108215332,
        2.5701897144317627,
        2.5670101642608643,
        2.591583490371704,
        2.5732171535491943,
        2.5567386150360107,
        2.5786848068237305,
        2.5644233226776123,
        2.550072431564331,
        2.587789535522461,
        2.5597898960113525,
        2.582052230834961,
        2.5596821308135986,
        2.5429508686065674,
        2.5793404579162598,
        2.5519919395446777,
        2.543092727661133,
        2.5370161533355713,
        2.575714588165283,
        2.5473082065582275,
        2.5310349464416504,
        2.5376369953155518,
        2.5513980388641357,
        2.5319645404815674,
        2.534123420715332,
        2.54083251953125,
        2.5461153984069824,
        2.5211284160614014,
        2.5511350631713867,
        2.5453858375549316,
        2.518523693084717,
        2.533336877822876,
        2.5524725914001465,
        2.529693841934204,
        2.536585569381714,
        2.547973155975342,
        2.5261306762695312,
        2.5185816287994385,
        2.521174669265747,
        2.532165050506592,
        2.521031379699707,
        2.5260653495788574,
        2.536742687225342,
        2.5333526134490967,
        2.5089852809906006,
        2.522287607192993,
        2.515634536743164,
        2.5212597846984863,
        2.517935037612915,
        2.5373620986938477,
        2.5255537033081055,
        2.5248119831085205,
        2.5187888145446777,
        2.5086002349853516,
        2.5235040187835693,
        2.508228063583374,
        2.5234010219573975,
        2.5135083198547363,
        2.4937098026275635,
        2.5003271102905273,
        2.5071568489074707,
        2.501965045928955,
        2.4989328384399414,
        2.5030157566070557,
        2.5039899349212646,
        2.5015623569488525,
        2.498901844024658,
        2.5341789722442627,
        2.494910955429077,
        2.4892351627349854,
        2.4961512088775635,
        2.4810218811035156,
        2.4973745346069336,
        2.5018324851989746,
        2.4948830604553223,
        2.4912378787994385,
        2.505739450454712,
        2.491929054260254,
        2.489819049835205,
        2.5040175914764404,
        2.4964420795440674,
        2.486517906188965,
        2.5019633769989014,
        2.500368356704712,
        2.4963037967681885,
        2.5003340244293213,
        2.4759361743927,
        2.5198569297790527,
        2.4787864685058594,
        2.4777443408966064,
        2.493614435195923,
        2.480351448059082,
        2.4828250408172607,
        2.479362726211548,
        2.40716814994812,
        2.4064817428588867,
        2.407158374786377,
        2.4052982330322266,
        2.4041624069213867,
        2.4020280838012695,
        2.404897689819336,
        2.405395269393921,
        2.407670259475708,
        2.40459942817688,
        2.4025590419769287,
        2.4034972190856934,
        2.404125690460205,
        2.4063949584960938,
        2.4011712074279785,
        2.405506134033203,
        2.4040842056274414,
        2.4051718711853027,
        2.404630661010742,
        2.403550624847412,
        2.4072463512420654,
        2.401352882385254,
        2.4038422107696533,
        2.401230573654175,
        2.4053332805633545,
        2.4068551063537598,
        2.401710271835327,
        2.4021058082580566,
        2.399157762527466,
        2.3985848426818848,
        2.4065093994140625,
        2.4032797813415527,
        2.399031639099121,
        2.39778208732605,
        2.399310350418091,
        2.405691623687744,
        2.3983583450317383,
        2.39864444732666,
        2.403001070022583,
        2.4019157886505127,
        2.397883892059326,
        2.40320086479187,
        2.402961254119873,
        2.3965158462524414,
        2.397947072982788,
        2.4011542797088623,
        2.400108814239502,
        2.401763916015625,
        2.397519826889038,
        2.401855230331421,
        2.4029910564422607,
        2.4019243717193604,
        2.400343894958496,
        2.3945555686950684,
        2.398745536804199,
        2.396798849105835,
        2.398681163787842,
        2.4033260345458984,
        2.3973281383514404,
        2.399649143218994,
        2.39512300491333,
        2.4010071754455566,
        2.3961288928985596,
        2.4013516902923584,
        2.403151512145996,
        2.3984341621398926,
        2.3993847370147705,
        2.398479700088501,
        2.3962907791137695,
        2.399907350540161,
        2.3965823650360107,
        2.3950860500335693,
        2.397458553314209,
        2.395632028579712,
        2.3955609798431396,
        2.398364305496216,
        2.4018712043762207,
        2.4029431343078613,
        2.395142078399658,
        2.398854970932007,
        2.395386219024658,
        2.3953678607940674,
        2.396613359451294,
        2.395103693008423,
        2.397261142730713,
        2.396758794784546,
        2.39432954788208,
        2.399768352508545,
        2.398719072341919,
        2.3763468265533447,
        2.3749709129333496,
        2.375478982925415,
        2.374896764755249,
        2.3768789768218994,
        2.375375747680664,
        2.3769371509552,
        2.375958204269409,
        2.375703811645508,
        2.375393867492676,
        2.3762619495391846,
        2.37515926361084,
        2.3766119480133057,
        2.375441551208496,
        2.3751139640808105,
        2.37410569190979,
        2.3766109943389893,
        2.3752243518829346,
