{
    "run_n":21,
    "run_seed":0,
    "ndims":8,
    "nsamples":100000,
    "correlation":"corr",
    "nbijectors":10,
    "bijector":"CsplineN",
    "spline_knots":8,
    "range_min":-16,
    "hidden_layers":"512-512-512",
    "batch_size":512,
    "activation":"relu",
    "eps_regulariser":0,
    "regulariser":null,
    "dist_seed":0,
    "test_seed":0,
    "kl_divergence":-1,
    "ks_test_mean":0.32104786928696677,
    "ks_test_median":0.3396936704022452,
    "ad_test_mean":0.15983469799323596,
    "ad_test_median":0.16111082789570622,
    "Wasserstein_median":0.06476563321953209,
    "Wasserstein_mean":0.06476563321953209,
    "frob_norm":0.0970752982572134,
    "epochs_input":1000,
    "epochs_output":139,
    "time":8608.74258287577,
    "train_loss_history":[
        21.529043197631836,
        10.343267440795898,
        6.871767997741699,
        6.256951332092285,
        5.989212989807129,
        5.250210285186768,
        5.272915840148926,
        4.914371490478516,
        4.921958923339844,
        4.873958587646484,
        4.71230936050415,
        4.72763204574585,
        4.755636215209961,
        4.620183944702148,
        4.605745315551758,
        4.579843997955322,
        4.503477573394775,
        4.503657817840576,
        4.500695705413818,
        4.4684247970581055,
        4.530929088592529,
        4.449688911437988,
        4.465556621551514,
        4.4305195808410645,
        4.4012885093688965,
        4.385997295379639,
        4.376430511474609,
        4.4270429611206055,
        4.389307975769043,
        4.361293792724609,
        4.409560203552246,
        4.408236026763916,
        4.352950572967529,
        4.339471817016602,
        4.342031478881836,
        4.309491157531738,
        4.321362018585205,
        4.3449578285217285,
        4.327817916870117,
        4.327644348144531,
        4.291731357574463,
        4.322507381439209,
        4.277276039123535,
        4.285037517547607,
        4.289337158203125,
        4.280160427093506,
        4.293310642242432,
        4.277801513671875,
        4.30414342880249,
        4.262260437011719,
        4.265332221984863,
        4.254988670349121,
        4.26348876953125,
        4.2367844581604,
        4.248112678527832,
        4.260916233062744,
        4.247045993804932,
        4.236319065093994,
        4.21319055557251,
        4.2272138595581055,
        4.238741874694824,
        4.234092712402344,
        4.214165210723877,
        4.225768566131592,
        4.199873447418213,
        4.209055423736572,
        4.209211826324463,
        4.228035926818848,
        4.195645332336426,
        4.19956636428833,
        4.1988325119018555,
        4.194228172302246,
        4.202918529510498,
        4.183768272399902,
        4.188037395477295,
        4.189462184906006,
        4.195785999298096,
        4.1700053215026855,
        4.161383152008057,
        4.173826217651367,
        4.187857627868652,
        4.1585798263549805,
        4.16738224029541,
        4.153177738189697,
        4.161275386810303,
        4.161327362060547,
        4.157533645629883,
        4.149595260620117,
        4.137482166290283,
        4.127842426300049,
        4.144868850708008,
        4.147981643676758,
        4.129255771636963,
        4.129569053649902,
        4.11982536315918,
        4.120244979858398,
        4.135998725891113,
        4.125162124633789,
        4.107509613037109,
        4.131206512451172,
        4.107943534851074,
        4.114333629608154,
        4.0904860496521,
        4.086638927459717,
        4.100864410400391,
        4.0732035636901855,
        4.08453893661499,
        4.078126430511475,
        4.080585956573486,
        4.112843990325928,
        4.077929973602295,
        4.054409027099609,
        4.05916166305542,
        4.061607360839844,
        4.05365514755249,
        4.060098171234131,
        4.040239334106445,
        4.05984354019165,
        4.036388874053955,
        4.046634674072266,
        4.052572727203369,
        4.038931846618652,
        4.020764350891113,
        4.014086723327637,
        4.017475128173828,
        4.017125129699707,
        3.9972522258758545,
        4.015998840332031,
        4.006710052490234,
        3.8460536003112793,
        3.7985329627990723,
        3.777493715286255,
        3.7641780376434326,
        3.7547285556793213,
        3.741243362426758,
        3.7336630821228027,
        3.727151870727539,
        3.715644121170044,
        3.7225728034973145
    ],