{
    "run_n":31,
    "run_seed":0,
    "ndims":16,
    "nsamples":100000,
    "correlation":"corr",
    "nbijectors":10,
    "bijector":"CsplineN",
    "spline_knots":8,
    "range_min":-16,
    "hidden_layers":"128-128-128",
    "batch_size":512,
    "activation":"relu",
    "eps_regulariser":0,
    "regulariser":null,
    "dist_seed":0,
    "test_seed":0,
    "kl_divergence":-1,
    "ks_test_mean":0.18190833100300446,
    "ks_test_median":0.15160957857231022,
    "ad_test_mean":0.10437374701599544,
    "ad_test_median":0.11594378839135731,
    "Wasserstein_median":0.07265291569418086,
    "Wasserstein_mean":0.07265291569418086,
    "frob_norm":0.3649449836230696,
    "epochs_input":1000,
    "epochs_output":160,
    "time":7539.9457143498585,
    "train_loss_history":[
        218.26625061035156,
        17.50981903076172,
        12.466647148132324,
        10.413691520690918,
        9.742659568786621,
        9.39268970489502,
        8.087621688842773,
        8.230621337890625,
        7.6172685623168945,
        7.858328342437744,
        7.70723819732666,
        7.779481410980225,
        7.0564703941345215,
        6.9597673416137695,
        6.964590072631836,
        6.7509589195251465,
        6.739495277404785,
        6.563800811767578,
        6.561437129974365,
        6.454854965209961,
        6.345181465148926,
        6.50304651260376,
        6.449721336364746,
        6.325802803039551,
        6.386661052703857,
        6.241276264190674,
        6.457460403442383,
        6.2191667556762695,
        6.089101791381836,
        6.302841663360596,
        6.111847400665283,
        6.178559303283691,
        6.180936813354492,
        5.994035243988037,
        6.078018665313721,
        6.116125106811523,
        5.998932838439941,
        5.972537994384766,
        6.044736385345459,
        5.932799339294434,
        5.828166961669922,
        5.865966320037842,
        5.896600246429443,
        5.84033203125,
        5.871086597442627,
        5.7833733558654785,
        5.873317718505859,
        5.732414722442627,
        5.816501140594482,
        5.698910713195801,
        5.765077114105225,
        5.676424026489258,
        5.797811508178711,
        5.695932388305664,
        5.7455549240112305,
        5.6802849769592285,
        5.637837886810303,
        5.678216457366943,
        5.589991569519043,
        5.714295387268066,
        5.684741973876953,
        5.5790114402771,
        5.589394569396973,
        5.605530738830566,
        5.630250930786133,
        5.6103715896606445,
        5.6043701171875,
        5.5102434158325195,
        5.494957447052002,
        5.5513081550598145,
        5.555145740509033,
        5.545138835906982,
        5.444705963134766,
        5.540096282958984,
        5.418684005737305,
        5.46061372756958,
        5.4228386878967285,
        5.519028186798096,
        5.438000679016113,
        5.442845821380615,
        5.440125465393066,
        5.44395637512207,
        5.403304576873779,
        5.38059663772583,
        5.406651020050049,
        5.345386981964111,
        5.400991439819336,
        5.3895158767700195,
        5.360836982727051,
        5.316666126251221,
        5.366631031036377,
        5.346553325653076,
        5.331560134887695,
        5.343475818634033,
        5.338198661804199,
        5.322829246520996,
        5.302404403686523,
        5.276889324188232,
        5.282986640930176,
        5.289387226104736,
        5.265793800354004,
        5.258531093597412,
        5.247823715209961,
        5.276401996612549,
        5.234525203704834,
        5.215888977050781,
        5.242587566375732,
        5.215625762939453,
        5.209123611450195,
        5.2121500968933105,
        5.17532205581665,
        5.247168064117432,
        5.183300495147705,
        5.15275239944458,
        5.167107105255127,
        5.178936004638672,
        5.156515598297119,
        5.17655611038208,
        5.1072001457214355,
        5.128180027008057,
        5.119792938232422,
        5.126348495483398,
        5.143974304199219,
        5.076904296875,
        5.093424320220947,
        5.074652671813965,
        5.068693161010742,
        5.052001953125,
        5.103091239929199,
        5.097649097442627,
        5.0386176109313965,
        5.070565223693848,
        5.030402660369873,
        5.03361177444458,
        4.996913909912109,
        5.003788471221924,
        5.07192850112915,
        5.0036845207214355,
        5.005789756774902,
        4.982908248901367,
        5.0169477462768555,
        4.977251052856445,
        4.980144023895264,
        4.9358391761779785,
        4.939228057861328,
        4.954530715942383,
        4.914926052093506,
        4.957148551940918,
        5.02818489074707,
        4.972320079803467,
        4.601890563964844,
        4.535808086395264,
        4.510354042053223,
        4.4872145652771,
        4.485722064971924,
        4.474377632141113,
        4.471949100494385,
        4.45476770401001,
        4.441409587860107,
        4.432285785675049
    ],