{
    "run_n":1,
    "run_seed":0,
    "ndims":200,
    "nsamples":100000,
    "correlation":"corr",
    "nbijectors":10,
    "bijector":"RealNVPN",
    "spline_knots":8,
    "range_min":-5,
    "hidden_layers":"256-256-256",
    "batch_size":256,
    "activation":"relu",
    "eps_regulariser":0,
    "regulariser":null,
    "dist_seed":0,
    "test_seed":0,
    "kl_divergence":-1,
    "ks_test_mean":0.3097277365039597,
    "ks_test_median":0.35350562069026126,
    "ad_test_mean":0.18003208924805617,
    "ad_test_median":0.15051094580794389,
    "Wasserstein_median":0.03962194700245532,
    "Wasserstein_mean":0.03962194700245532,
    "frob_norm":1.7103680638684955,
    "epochs_input":1000,
    "epochs_output":225,
    "time":2566.6319943009876,
    "train_loss_history":[
        43347.5625,
        218.98085021972656,
        183.237548828125,
        166.81529235839844,
        157.19786071777344,
        150.34519958496094,
        145.3201904296875,
        141.02085876464844,
        137.36691284179688,
        134.33016967773438,
        131.68397521972656,
        129.10055541992188,
        127.05362701416016,
        124.96932983398438,
        123.19215393066406,
        121.7539291381836,
        119.77558135986328,
        118.80817413330078,
        117.04979705810547,
        116.2663345336914,
        114.71142578125,
        113.57256317138672,
        112.83084106445312,
        111.62644958496094,
        110.84935760498047,
        110.04456329345703,
        109.18878936767578,
        108.76972198486328,
        108.3480224609375,
        107.21117401123047,
        106.91102600097656,
        106.76851654052734,
        105.8824691772461,
        105.14006805419922,
        104.90093231201172,
        104.6178207397461,
        104.87914276123047,
        103.71690368652344,
        103.46763610839844,
        102.97727966308594,
        102.32347106933594,
        102.71359252929688,
        105.25895690917969,
        101.76126861572266,
        101.64208221435547,
        103.29641723632812,
        100.33552551269531,
        100.98563385009766,
        100.58100891113281,
        102.76818084716797,
        99.68812561035156,
        99.55184173583984,
        214.28135681152344,
        179.94410705566406,
        115.87628173828125,
        108.6590805053711,
        105.31949615478516,
        102.80680847167969,
        101.50762176513672,
        100.3341064453125,
        100.0699462890625,
        98.8364028930664,
        98.1539306640625,
        97.76152038574219,
        97.7318115234375,
        97.92951965332031,
        97.64197540283203,
        96.07560729980469,
        95.94702911376953,
        96.07612609863281,
        358.13189697265625,
        115.82176971435547,
        107.04084014892578,
        103.405517578125,
        101.64104461669922,
        99.64107513427734,
        98.77838897705078,
        97.8984375,
        97.0731201171875,
        97.13619995117188,
        96.44554901123047,
        95.99047088623047,
        95.67010498046875,
        95.65465545654297,
        95.65264892578125,
        95.1113510131836,
        95.55533599853516,
        94.84477233886719,
        94.89124298095703,
        94.43414306640625,
        95.46154022216797,
        94.07465362548828,
        233.3269500732422,
        114.71544647216797,
        101.92462158203125,
        99.74967956542969,
        97.40884399414062,
        96.43152618408203,
        96.12220764160156,
        95.08091735839844,
        95.0762939453125,
        94.92826843261719,
        94.8005599975586,
        93.50538635253906,
        93.86692810058594,
        93.7195053100586,
        97.07933044433594,
        92.6493911743164,
        92.84161376953125,
        100.50953674316406,
        92.69038391113281,
        92.30804443359375,
        95.5047607421875,
        91.8095703125,
        92.94386291503906,
        92.25074005126953,
        92.38760375976562,
        92.28843688964844,
        91.92803192138672,
        180.1615447998047,
        100.461181640625,
        97.72432708740234,
        95.96646118164062,
        94.89276885986328,
        94.15013122558594,
        93.92877197265625,
        93.45968627929688,
        93.13278198242188,
        93.10823059082031,
        92.8509750366211,
        92.5377197265625,
        92.53460693359375,
        92.09526062011719,
        92.28596496582031,
        91.9861068725586,
        91.97127532958984,
        92.20858764648438,
        91.8725814819336,
        91.05303192138672,
        91.41411590576172,
        91.72756958007812,
        90.9305648803711,
        90.9935073852539,
        90.8671646118164,
        90.77324676513672,
        90.80718231201172,
        90.50782775878906,
        90.65019226074219,
        90.32306671142578,
        90.52580261230469,
        91.40319061279297,
        89.95861053466797,
        90.40789794921875,
        89.92777252197266,
        90.14083099365234,
        89.7577896118164,
        89.83119201660156,
        89.51542663574219,
        89.55615234375,
        89.56437683105469,
        89.84156036376953,
        89.04444885253906,
        89.1955337524414,
        89.16590881347656,
        89.10971069335938,
        279.4308776855469,
        102.96781158447266,
        98.7766342163086,
        96.25530242919922,
        95.42593383789062,
        94.4465103149414,
        114.3818359375,
        95.28233337402344,
        93.32140350341797,
        93.1777114868164,
        92.81014251708984,
        91.87065124511719,
        92.18367767333984,
        91.53996276855469,
        94.2263412475586,
        91.07587432861328,
        91.87174224853516,
        91.68034362792969,
        91.13680267333984,
        91.05940246582031,
        92.48577117919922,
        90.39424896240234,
        91.05359649658203,
        90.39270782470703,
        94.78746795654297,
        89.94757843017578,
        90.02510070800781,
        90.18184661865234,
        89.73064422607422,
        401.5270690917969,
        107.85301208496094,
        99.03076171875,
        96.29104614257812,
        94.99066162109375,
        94.18548583984375,
        92.97026062011719,
        93.6552734375,
        92.57298278808594,
        91.99703216552734,
        91.00692749023438,
        91.8702392578125,
        91.99944305419922,
        90.63386535644531,
        90.84211730957031,
        90.60237121582031,
        90.71902465820312,
        90.03047180175781,
        137.04039001464844,
        98.99759674072266,
        96.2779541015625,
        92.11225891113281,
        91.6026840209961,
        91.17194366455078,
        90.79899597167969,
        90.46067810058594,
        90.17369079589844,
        89.84200286865234,
        89.60558319091797,
        89.40692901611328,
        89.17057037353516
    ],