{
    "run_n":10,
    "run_seed":null,
    "ndims":100,
    "nsamples":100000,
    "correlation":"corr",
    "nbijectors":10,
    "bijector":"MAFN",
    "spline_knots":8,
    "range_min":-5,
    "hidden_layers":"256-256-256",
    "batch_size":512,
    "activation":"relu",
    "eps_regulariser":0,
    "regulariser":null,
    "dist_seed":0,
    "test_seed":0,
    "ks_mean":0.0507383924566979,
    "ks_std":0.12729431908005392,
    "ad_mean":0.03934255320772848,
    "ad_std":0.07060878240864703,
    "wd_mean":0.09593074677435308,
    "wd_std":0.05716088319283123,
    "swd_mean":0.09109322056363112,
    "swd_std":0.06129909522299381,
    "fn_mean":3.2296353239376776,
    "fn_std":0.7013543201007605,
    "epochs_input":1000,
    "epochs_output":343,
    "time":1792.970597928972,
    "train_loss_history":[
        295.95404052734375,
        91.18165588378906,
        73.99200439453125,
        66.87100982666016,
        63.184505462646484,
        60.02264404296875,
        57.257083892822266,
        56.056297302246094,
        53.74075698852539,
        53.331993103027344,
        52.24869155883789,
        51.06381607055664,
        50.712608337402344,
        49.805992126464844,
        49.514312744140625,
        49.25998306274414,
        49.074100494384766,
        48.04951477050781,
        48.44908905029297,
        48.44286346435547,
        47.54903030395508,
        48.0897102355957,
        47.05623245239258,
        47.13322830200195,
        47.24822235107422,
        46.85995864868164,
        46.46110153198242,
        46.50423049926758,
        46.19461441040039,
        46.234676361083984,
        46.01842498779297,
        46.3267707824707,
        45.8525505065918,
        45.74211883544922,
        46.94865798950195,
        46.11317443847656,
        45.58411407470703,
        45.2303581237793,
        45.6837272644043,
        45.2043571472168,
        45.1915168762207,
        45.57313537597656,
        45.873477935791016,
        45.09657669067383,
        47.33844757080078,
        44.75325393676758,
        45.4844970703125,
        45.05509567260742,
        44.606197357177734,
        44.932838439941406,
        44.74655532836914,
        45.02750015258789,
        44.226322174072266,
        46.7120246887207,
        44.25967025756836,
        44.27022933959961,
        44.606239318847656,
        43.94633102416992,
        44.65515899658203,
        44.15251541137695,
        44.657447814941406,
        43.91039276123047,
        43.98107147216797,
        44.577762603759766,
        44.32133102416992,
        44.0741081237793,
        44.0626106262207,
        43.895362854003906,
        44.20315170288086,
        44.90476608276367,
        43.45363235473633,
        44.041175842285156,
        43.73652267456055,
        43.509437561035156,
        45.98249816894531,
        43.621849060058594,
        44.18308639526367,
        43.76955032348633,
        43.301353454589844,
        43.841758728027344,
        50.09849166870117,
        44.93628692626953,
        43.63087463378906,
        43.94968032836914,
        43.74635696411133,
        43.570594787597656,
        43.58674621582031,
        43.466278076171875,
        43.472469329833984,
        43.81879806518555,
        43.31201171875,
        43.655487060546875,
        44.03755187988281,
        42.963008880615234,
        44.0499153137207,
        43.15821075439453,
        43.28745651245117,
        44.76420593261719,
        43.12474822998047,
        43.880531311035156,
        43.18784713745117,
        42.760337829589844,
        43.20942687988281,
        43.34772491455078,
        42.94545364379883,
        42.96674346923828,
        43.904563903808594,
        42.876976013183594,
        44.44782638549805,
        42.66679763793945,
        42.81782531738281,
        43.95769119262695,
        43.07632064819336,
        43.81383514404297,
        42.93191909790039,
        43.299400329589844,
        42.65980529785156,
        43.55622100830078,
        43.04889678955078,
        42.58966827392578,
        43.90089416503906,
        42.60900115966797,
        42.603755950927734,
        42.74721145629883,
        42.696311950683594,
        45.604618072509766,
        47.52803039550781,
        43.73704528808594,
        42.9505500793457,
        45.24036407470703,
        44.1970100402832,
        43.03608703613281,
        44.97760772705078,
        42.8075065612793,
        42.73867416381836,
        43.17570877075195,
        42.819583892822266,
        42.43013381958008,
        42.88381576538086,
        42.73298645019531,
        43.65999221801758,
        45.53847885131836,
        43.19593811035156,
        42.51337432861328,
        42.764705657958984,
        42.817012786865234,
        43.480037689208984,
        42.45478439331055,
        43.12080383300781,
        42.429771423339844,
        42.464473724365234,
        42.62928771972656,
        42.7319450378418,
        42.489349365234375,
        42.988128662109375,
        42.2700309753418,
        43.174957275390625,
        45.16700744628906,
        42.35063171386719,
        42.53480529785156,
        42.223472595214844,
        42.58476638793945,
        42.341312408447266,
        42.583045959472656,
        42.104225158691406,
        42.15863800048828,
        42.14860916137695,
        42.23561096191406,
        42.09337615966797,
        42.38658905029297,
        41.90174102783203,
        42.34946823120117,
        42.17206954956055,
        42.534061431884766,
        42.353981018066406,
        43.368289947509766,
        42.05793380737305,
        42.417259216308594,
        42.5670051574707,
        42.07765579223633,
        42.41617965698242,
        41.927181243896484,
        42.334327697753906,
        42.21754455566406,
        41.93993377685547,
        42.02479553222656,
        41.73895263671875,
        42.46244812011719,
        41.913631439208984,
        42.26029968261719,
        42.06798553466797,
        42.75444412231445,
        41.99283218383789,
        41.850887298583984,
        42.248291015625,
        42.22449493408203,
        41.83849334716797,
        42.400325775146484,
        42.86333465576172,
        41.99385070800781,
        41.843990325927734,
        41.583641052246094,
        41.80307388305664,
        42.57537078857422,
        41.631004333496094,
        42.06719207763672,
        42.084617614746094,
        42.04954528808594,
        41.65628433227539,
        41.810218811035156,
        41.72908401489258,
        42.31126403808594,
        41.60591125488281,
        41.868839263916016,
        41.83045959472656,
        42.037353515625,
        42.00691604614258,
        41.761348724365234,
        41.62733459472656,
        41.58483123779297,
        41.43972396850586,
        41.56743240356445,
        41.614295959472656,
        42.06296920776367,
        41.997100830078125,
        41.53486633300781,
        41.440834045410156,
        41.83861541748047,
        41.52431869506836,
        41.607383728027344,
        42.08589553833008,
        41.640838623046875,
        41.42215347290039,
        41.357032775878906,
        41.416133880615234,
        41.6292839050293,
        41.60520935058594,
        41.74542999267578,
        42.82419967651367,
        41.70103454589844,
        41.50078201293945,
        42.121097564697266,
        41.35710525512695,
        42.343379974365234,
        41.4640007019043,
        41.52080154418945,
        41.68104934692383,
        41.45071029663086,
        41.317588806152344,
        41.67352294921875,
        41.39791488647461,
        41.321224212646484,
        41.26296615600586,
        41.63778305053711,
        41.195709228515625,
        41.502872467041016,
        42.15925598144531,
        41.29857635498047,
        41.35353469848633,
        41.505062103271484,
        43.29681396484375,
        47.03487777709961,
        41.977874755859375,
        41.66448974609375,
