{
    "run_n":11,
    "run_seed":0,
    "ndims":16,
    "nsamples":100000,
    "correlation":"corr",
    "nbijectors":10,
    "bijector":"RealNVPN",
    "spline_knots":8,
    "range_min":-16,
    "hidden_layers":"128-128-128",
    "batch_size":256,
    "activation":"relu",
    "eps_regulariser":0,
    "regulariser":null,
    "dist_seed":0,
    "test_seed":0,
    "kl_divergence":-1,
    "ks_test_mean":0.2782733110865807,
    "ks_test_median":0.3400770498387174,
    "ad_test_mean":0.09678978796227908,
    "ad_test_median":0.10492863092844429,
    "Wasserstein_median":0.014036930617452412,
    "Wasserstein_mean":0.014036930617452412,
    "frob_norm":0.27607886094791584,
    "epochs_input":1000,
    "epochs_output":162,
    "time":1552.3412774205208,
    "train_loss_history":[
        28.357994079589844,
        6.78291130065918,
        5.234141826629639,
        4.056139945983887,
        3.8475093841552734,
        3.0061757564544678,
        3.060607433319092,
        2.956103801727295,
        2.984426736831665,
        2.4089198112487793,
        2.6241676807403564,
        2.282735586166382,
        2.2994935512542725,
        2.2105252742767334,
        2.1192784309387207,
        2.0640954971313477,
        1.9340527057647705,
        1.988542914390564,
        1.736533522605896,
        1.6006537675857544,
        1.4627882242202759,
        1.6781585216522217,
        1.388548493385315,
        1.3238701820373535,
        1.2370187044143677,
        1.549355149269104,
        1.37832772731781,
        1.2452564239501953,
        1.2356868982315063,
        0.801551878452301,
        0.8107927441596985,
        0.9197719097137451,
        0.9341786503791809,
        0.8310720920562744,
        0.6423537135124207,
        0.46263182163238525,
        0.7293959856033325,
        0.6190026998519897,
        0.5988024473190308,
        0.48945876955986023,
        0.6425633430480957,
        0.272299587726593,
        0.06560898572206497,
        0.11154163628816605,
        0.1365530788898468,
        0.21883675456047058,
        0.07773364335298538,
        -0.08917711675167084,
        -0.05167859047651291,
        0.12445217370986938,
        -0.06986039131879807,
        -0.10992870479822159,
        -0.026741277426481247,
        -0.2916274666786194,
        0.015136931091547012,
        -0.3482557237148285,
        0.11655756086111069,
        -0.2995353639125824,
        -0.4104628562927246,
        -0.27490392327308655,
        -0.31301257014274597,
        -0.3774731457233429,
        -0.3568938374519348,
        -0.478752464056015,
        -0.47298768162727356,
        -0.5254662036895752,
        -0.5865716338157654,
        -0.44332462549209595,
        -0.630784273147583,
        -0.611515998840332,
        -0.6037763357162476,
        -0.462333083152771,
        -0.6347380876541138,
        -0.6732616424560547,
        -0.5122383832931519,
        -0.7077295780181885,
        -0.6669525504112244,
        -0.6841020584106445,
        -0.6729403734207153,
        -0.6834006309509277,
        -0.6930469870567322,
        -0.6547877788543701,
        -0.7984308004379272,
        -0.7906852960586548,
        -0.802262544631958,
        -0.36270245909690857,
        -0.8259434103965759,
        -0.8104411363601685,
        -0.9074501395225525,
        -0.733429491519928,
        -0.7774537801742554,
        -0.8186565041542053,
        -0.8646023869514465,
        -0.9307204484939575,
        -0.8934752941131592,
        -0.9017839431762695,
        -0.8917490839958191,
        -0.98825603723526,
        -0.9431911706924438,
        -0.9727544784545898,
        -0.9508364796638489,
        -0.9141510725021362,
        -1.03047513961792,
        -0.9394129514694214,
        -0.9735279083251953,
        -1.017122507095337,
        -1.0280383825302124,
        -1.0019338130950928,
        -0.9960106015205383,
        -0.9980700612068176,
        -1.041544795036316,
        -0.9550057053565979,
        -1.0262346267700195,
        -1.103555679321289,
        -1.0644177198410034,
        -1.0398738384246826,
        -1.110076904296875,
        -1.022192120552063,
        -1.0794177055358887,
        -1.1289806365966797,
        -1.1375762224197388,
        -1.1158181428909302,
        -1.0718975067138672,
        -1.0602632761001587,
        -1.1739271879196167,
        -1.0715382099151611,
        -1.1518038511276245,
        -1.1242485046386719,
        -1.136922001838684,
        -1.1962103843688965,
        -1.1683388948440552,
        -1.1752406358718872,
        -1.134826898574829,
        -1.1968799829483032,
        -1.1859983205795288,
        -1.1466689109802246,
        -1.1877107620239258,
        -1.2510541677474976,
        -1.2273950576782227,
        -0.9916383028030396,
        -1.1706738471984863,
        -1.1688916683197021,
        -1.255744457244873,
        -1.1822315454483032,
        -1.2511348724365234,
        -1.2718579769134521,
        -1.2233612537384033,
        -1.2425177097320557,
        -1.2491233348846436,
        -1.2798185348510742,
        -1.21291184425354,
        -1.278825044631958,
        -1.7732821702957153,
        -1.8256992101669312,
        -1.8339424133300781,
        -1.8420970439910889,
        -1.8468413352966309,
        -1.8398422002792358,
        -1.8556984663009644,
        -1.8619933128356934,
        -1.8627798557281494,
        -1.8588650226593018
    ],