{
    "run_n":5,
    "run_seed":520,
    "ndims":1000,
    "nsamples":100000,
    "correlation":"corr",
    "nbijectors":10,
    "bijector":"RealNVPN",
    "spline_knots":8,
    "range_min":-5,
    "hidden_layers":"128-128-128",
    "batch_size":256,
    "activation":"relu",
    "eps_regulariser":0,
    "regulariser":null,
    "dist_seed":0,
    "test_seed":0,
    "kl_divergence":-1,
    "ks_test_mean":0.041220006259908355,
    "ks_test_median":0.005766036394970709,
    "ad_test_mean":0.007395508292214035,
    "ad_test_median":0.034367595263173414,
    "Wasserstein_median":0.2749033267906998,
    "Wasserstein_mean":0.2749033267906998,
    "frob_norm":56.867916076324974,
    "epochs_input":1000,
    "epochs_output":161,
    "time":1757.1541326451115,
    "train_loss_history":[
        596530.9375,
        1143.5830078125,
        943.83935546875,
        859.8538818359375,
        809.2200317382812,
        771.4885864257812,
        741.6661376953125,
        719.6585083007812,
        700.3798217773438,
        682.8075561523438,
        669.0081176757812,
        655.1863403320312,
        641.239990234375,
        629.8698120117188,
        619.1748657226562,
        608.9055786132812,
        599.96484375,
        593.6832885742188,
        585.702880859375,
        579.6646118164062,
        573.5808715820312,
        566.6021118164062,
        561.7030639648438,
        556.22900390625,
        551.9951171875,
        548.0723876953125,
        542.6707763671875,
        538.6964721679688,
        533.6286010742188,
        530.1044311523438,
        526.30224609375,
        523.3893432617188,
        518.2609252929688,
        515.5164794921875,
        512.1101684570312,
        507.4530944824219,
        505.700927734375,
        501.8059387207031,
        498.0705261230469,
        496.1573791503906,
        492.6015319824219,
        489.6589660644531,
        486.9478759765625,
        484.4187927246094,
        481.196044921875,
        479.9197692871094,
        478.2035217285156,
        474.40576171875,
        472.7199401855469,
        470.8350524902344,
        469.36932373046875,
        467.6311340332031,
        464.4858093261719,
        464.3530578613281,
        461.8382568359375,
        461.85919189453125,
        457.96331787109375,
        456.1963806152344,
        481.8873596191406,
        456.7593078613281,
        451.5472106933594,
        450.7159423828125,
        2089.455322265625,
        802.7192993164062,
        549.6382446289062,
        513.1700439453125,
        495.0998840332031,
        483.11920166015625,
        475.75128173828125,
        468.3112487792969,
        463.7633361816406,
        460.6329345703125,
        456.6003723144531,
        454.1318054199219,
        452.2536926269531,
        449.4334716796875,
        447.89404296875,
        446.9072570800781,
        445.8602294921875,
        444.5629577636719,
        442.588134765625,
        443.6826477050781,
        440.9907531738281,
        440.4742431640625,
        826.3400268554688,
        508.4912109375,
        471.95538330078125,
        460.2635498046875,
        453.4606628417969,
        452.5819396972656,
        445.1539306640625,
        442.8963317871094,
        442.6092224121094,
        440.87384033203125,
        438.3220520019531,
        439.0786437988281,
        435.2309265136719,
        437.87506103515625,
        433.9349365234375,
        434.48223876953125,
        434.21343994140625,
        746.2222900390625,
        1334.8349609375,
        499.7481689453125,
        474.3721008300781,
        463.7058410644531,
        456.5552978515625,
        452.801025390625,
        447.33026123046875,
        445.4618225097656,
        443.3347473144531,
        440.5581359863281,
        440.7220153808594,
        238005.65625,
        1192.541015625,
        1968.981689453125,
        1095.2923583984375,
        744.84130859375,
        656.6671142578125,
        610.8541259765625,
        584.9679565429688,
        564.2263793945312,
        549.7906494140625,
        538.0779418945312,
        527.0393676757812,
        520.2946166992188,
        514.7266845703125,
        508.7439880371094,
        503.4254150390625,
        499.03936767578125,
        493.5472106933594,
        491.9127502441406,
        1480.964599609375,
        636.6766967773438,
        549.608154296875,
        520.150146484375,
        504.9481201171875,
        493.3311462402344,
        486.0857238769531,
        479.63897705078125,
        475.2780456542969,
        471.0672912597656,
        468.31903076171875,
        465.62152099609375,
        463.8545227050781,
        461.3955383300781,
        458.74822998046875,
        458.1070861816406,
        455.5587463378906,
        455.0119934082031,
        452.3915100097656,
        438.728515625,
        437.98345947265625,
        437.5571594238281,
        437.1441345214844,
        436.7922058105469,
        436.4432373046875,
        436.2187805175781,
        435.87078857421875,
        435.4768371582031,
        434.9718017578125
    ],