{
    "run_n":21,
    "run_seed":0,
    "ndims":8,
    "nsamples":100000,
    "correlation":"corr",
    "nbijectors":10,
    "bijector":"CsplineN",
    "spline_knots":8,
    "range_min":-16,
    "hidden_layers":"512-512-512",
    "batch_size":512,
    "activation":"relu",
    "eps_regulariser":0,
    "regulariser":null,
    "dist_seed":0,
    "test_seed":0,
    "kl_divergence":-1,
    "ks_test_mean":0.29076078983519027,
    "ks_test_median":0.30829811961396125,
    "ad_test_mean":0.1652616896834865,
    "ad_test_median":0.16146080903186122,
    "Wasserstein_median":0.04419937407720786,
    "Wasserstein_mean":0.04419937407720786,
    "frob_norm":0.08246159512856291,
    "epochs_input":1000,
    "epochs_output":143,
    "time":6537.951397343073,
    "train_loss_history":[
        24.63282012939453,
        13.414846420288086,
        12.426962852478027,
        11.792122840881348,
        11.58932876586914,
        11.331192970275879,
        11.267510414123535,
        11.105741500854492,
        11.129447937011719,
        11.010647773742676,
        11.033405303955078,
        10.987510681152344,
        10.927095413208008,
        10.888689994812012,
        10.79375171661377,
        10.796426773071289,
        10.743520736694336,
        10.717629432678223,
        10.736044883728027,
        10.660694122314453,
        10.635941505432129,
        10.597929000854492,
        10.607632637023926,
        10.56510066986084,
        10.507585525512695,
        10.4638032913208,
        10.469738006591797,
        10.408181190490723,
        10.377764701843262,
        10.345115661621094,
        10.32747745513916,
        10.295063018798828,
        10.343033790588379,
        10.298014640808105,
        10.251703262329102,
        10.225981712341309,
        10.2453031539917,
        10.206660270690918,
        10.21884822845459,
        10.211335182189941,
        10.186366081237793,
        10.181098937988281,
        10.125727653503418,
        10.144441604614258,
        10.168614387512207,
        10.105504035949707,
        10.146224975585938,
        10.111727714538574,
        10.110185623168945,
        10.106453895568848,
        10.092924118041992,
        10.095017433166504,
        10.097375869750977,
        10.09943962097168,
        10.102838516235352,
        10.05141544342041,
        10.070590019226074,
        10.068995475769043,
        10.050454139709473,
        10.04654598236084,
        10.023577690124512,
        10.039077758789062,
        10.030556678771973,
        10.037540435791016,
        10.022435188293457,
        10.032462120056152,
        9.996249198913574,
        10.035888671875,
        9.998956680297852,
        10.006210327148438,
        10.00467586517334,
        9.991801261901855,
        10.00549030303955,
        10.003582000732422,
        9.971394538879395,
        9.984227180480957,
        9.96872615814209,
        9.962841987609863,
        9.97026252746582,
        9.96595287322998,
        9.9445219039917,
        9.936158180236816,
        9.952014923095703,
        9.944918632507324,
        9.977559089660645,
        9.92147159576416,
        9.906018257141113,
        9.926217079162598,
        9.908409118652344,
        9.923359870910645,
        9.933859825134277,
        9.905827522277832,
        9.889354705810547,
        9.906126022338867,
        9.883729934692383,
        9.875345230102539,
        9.885622024536133,
        9.854433059692383,
        9.878950119018555,
        9.859088897705078,
        9.859049797058105,
        9.869574546813965,
        9.839208602905273,
        9.832358360290527,
        9.822009086608887,
        9.820524215698242,
        9.809432983398438,
        9.822497367858887,
        9.810389518737793,
        9.846612930297852,
        9.78935718536377,
        9.801340103149414,
        9.787516593933105,
        9.787043571472168,
        9.764476776123047,
        9.770581245422363,
        9.777504920959473,
        9.758846282958984,
        9.772401809692383,
        9.755189895629883,
        9.738438606262207,
        9.746803283691406,
        9.744407653808594,
        9.73106861114502,
        9.703486442565918,
        9.731689453125,
        9.715868949890137,
        9.70179271697998,
        9.709386825561523,
        9.688855171203613,
        9.70768928527832,
        9.689966201782227,
        9.68591594696045,
        9.499265670776367,
        9.44349193572998,
        9.425636291503906,
        9.40543270111084,
        9.39420223236084,
        9.381936073303223,
        9.37513256072998,
        9.364790916442871,
        9.3565673828125,
        9.346999168395996
    ],