{
    "run_n":2,
    "run_seed":null,
    "ndims":100,
    "nsamples":100000,
    "correlation":"corr",
    "nbijectors":5,
    "bijector":"CsplineN",
    "spline_knots":8,
    "range_min":-16,
    "hidden_layers":"512-512-512",
    "batch_size":512,
    "activation":"relu",
    "eps_regulariser":0,
    "regulariser":null,
    "dist_seed":0,
    "test_seed":0,
    "ks_mean":0.002464839681860069,
    "ks_std":0.017079766491296316,
    "ad_mean":0.004971311079743435,
    "ad_std":0.02269127124274272,
    "wd_mean":0.13404902736938443,
    "wd_std":0.07702189282665675,
    "swd_mean":0.13104591607000032,
    "swd_std":0.08252080963451344,
    "fn_mean":2.9191026733209666,
    "fn_std":0.2925679627190839,
    "epochs_input":1000,
    "epochs_output":132,
    "time":3327.7701364440145,
    "train_loss_history":[
        1205.6055908203125,
        167.78607177734375,
        104.24288177490234,
        86.06745910644531,
        77.48494720458984,
        72.24420166015625,
        69.35102844238281,
        64.93733215332031,
        63.08747863769531,
        61.053062438964844,
        60.13828659057617,
        58.353694915771484,
        60.84679412841797,
        55.93909454345703,
        55.023651123046875,
        55.871219635009766,
        55.132625579833984,
        53.9129753112793,
        53.79013442993164,
        53.612091064453125,
        51.88801193237305,
        52.86830520629883,
        53.692344665527344,
        51.402381896972656,
        51.651573181152344,
        51.306724548339844,
        51.71013641357422,
        51.44823455810547,
        51.018028259277344,
        50.3134765625,
        49.90757369995117,
        50.87961959838867,
        49.83930969238281,
        50.17375183105469,
        49.11914825439453,
        49.12671661376953,
        49.401885986328125,
        49.83355712890625,
        48.74223709106445,
        49.29671096801758,
        48.418331146240234,
        48.14241409301758,
        48.17899703979492,
        48.25419998168945,
        48.34054183959961,
        47.817138671875,
        47.54191207885742,
        48.07755661010742,
        47.3424072265625,
        47.393226623535156,
        47.34227752685547,
        47.478145599365234,
        46.40447998046875,
        46.40565490722656,
        46.514183044433594,
        47.14212417602539,
        45.88169479370117,
        46.32810592651367,
        47.20526885986328,
        45.83348083496094,
        45.89257049560547,
        45.61415100097656,
        46.342098236083984,
        45.026241302490234,
        45.50907897949219,
        45.22811508178711,
        45.03709411621094,
        45.274078369140625,
        44.09680938720703,
        45.99644088745117,
        44.07358932495117,
        44.11269760131836,
        44.30378723144531,
        44.10858154296875,
        43.879913330078125,
        43.75443649291992,
        43.57016372680664,
        43.44493103027344,
        43.22358703613281,
        43.732521057128906,
        42.66978454589844,
        43.05715560913086,
        42.74839401245117,
        43.043941497802734,
        41.990135192871094,
        42.35414505004883,
        42.11980438232422,
        42.40389633178711,
        41.86280822753906,
        41.67219924926758,
        41.64447784423828,
        41.32271957397461,
        41.29605484008789,
        41.00859832763672,
        41.029396057128906,
        40.73347473144531,
        40.69858932495117,
        40.66802215576172,
        40.57149124145508,
        40.39562225341797,
        40.061676025390625,
        40.22888946533203,
        39.91020202636719,
        39.610252380371094,
        39.770626068115234,
        39.372676849365234,
        39.54567337036133,
        39.30224609375,
        39.032814025878906,
        39.105735778808594,
        38.825950622558594,
        38.94450378417969,
        38.66318130493164,
        38.51582336425781,
        38.37174606323242,
        38.276710510253906,
        38.29555892944336,
        37.76245880126953,
        37.83791732788086,
        37.81816864013672,
        37.626068115234375,
        37.64780044555664,
        33.763946533203125,
        32.86850357055664,
        32.537940979003906,
        32.30815505981445,
        32.141632080078125,
        31.985971450805664,
        31.860557556152344,
        31.79705047607422,
        31.751497268676758,
        31.57847785949707
    ],