{
    "run_n":10,
    "run_seed":933,
    "ndims":32,
    "nsamples":100000,
    "correlation":"corr",
    "nbijectors":2,
    "bijector":"MsplineN",
    "spline_knots":8,
    "range_min":-16,
    "hidden_layers":"128-128-128",
    "batch_size":512,
    "activation":"relu",
    "eps_regulariser":0,
    "regulariser":null,
    "dist_seed":0,
    "test_seed":0,
    "kl_divergence":-1,
    "ks_test_mean":0.48247930727254673,
    "ks_test_median":0.4844664296163458,
    "ad_test_mean":0.2142226734644143,
    "ad_test_median":0.21412104775632781,
    "Wasserstein_median":0.018038700318266647,
    "Wasserstein_mean":0.018038700318266647,
    "frob_norm":0.16958311594221157,
    "epochs_input":1000,
    "epochs_output":234,
    "time":1653.5019136629999,
    "train_loss_history":[
        70.92414855957031,
        23.005573272705078,
        19.721925735473633,
        18.7082576751709,
        18.309938430786133,
        17.987525939941406,
        17.826326370239258,
        17.71441078186035,
        17.578367233276367,
        17.512042999267578,
        17.39713478088379,
        17.361814498901367,
        17.363731384277344,
        17.308500289916992,
        17.274646759033203,
        17.279096603393555,
        17.20915412902832,
        17.152568817138672,
        17.179466247558594,
        17.1439151763916,
        17.1367244720459,
        17.089906692504883,
        17.118959426879883,
        17.08791160583496,
        17.107831954956055,
        17.02426528930664,
        17.06389045715332,
        17.039844512939453,
        17.000873565673828,
        17.006214141845703,
        17.026599884033203,
        16.96641731262207,
        17.023569107055664,
        16.972209930419922,
        16.96880531311035,
        16.92665672302246,
        16.920677185058594,
        16.978322982788086,
        16.927778244018555,
        16.906770706176758,
        16.897720336914062,
        16.895517349243164,
        16.887088775634766,
        16.904804229736328,
        16.875,
        16.890094757080078,
        16.852319717407227,
        16.904008865356445,
        16.88131332397461,
        16.844104766845703,
        16.836315155029297,
        16.83882713317871,
        16.841691970825195,
        16.824132919311523,
        16.82611846923828,
        16.844640731811523,
        16.808380126953125,
        16.834184646606445,
        16.809608459472656,
        16.833738327026367,
        16.821441650390625,
        16.786773681640625,
        16.79039192199707,
        16.817399978637695,
        16.784759521484375,
        16.798709869384766,
        16.794591903686523,
        16.805248260498047,
        16.776630401611328,
        16.79800033569336,
        16.76966094970703,
        16.778654098510742,
        16.751781463623047,
        16.759815216064453,
        16.76019287109375,
        16.745532989501953,
        16.756593704223633,
        16.77142333984375,
        16.745750427246094,
        16.763362884521484,
        16.747297286987305,
        16.72954559326172,
        16.733217239379883,
        16.72283935546875,
        16.743680953979492,
        16.716352462768555,
        16.73404312133789,
        16.719207763671875,
        16.748483657836914,
        16.72441291809082,
        16.733304977416992,
        16.73946189880371,
        16.7100830078125,
        16.693605422973633,
        16.724586486816406,
        16.688663482666016,
        16.720630645751953,
        16.706918716430664,
        16.69623565673828,
        16.697858810424805,
        16.707340240478516,
        16.689977645874023,
        16.695146560668945,
        16.71512794494629,
        16.712080001831055,
        16.67148780822754,
        16.685407638549805,
        16.71277618408203,
        16.69196128845215,
        16.678783416748047,
        16.70276641845703,
        16.681289672851562,
        16.668540954589844,
        16.682130813598633,
        16.664825439453125,
        16.67245864868164,
        16.68294334411621,
        16.679733276367188,
        16.677629470825195,
        16.68906021118164,
        16.649124145507812,
        16.665363311767578,
        16.663400650024414,
        16.648910522460938,
        16.67904281616211,
        16.64790916442871,
        16.6422061920166,
        16.639482498168945,
        16.665437698364258,
        16.651010513305664,
        16.661645889282227,
        16.652246475219727,
        16.645917892456055,
        16.637248992919922,
        16.63210678100586,
        16.649873733520508,
        16.627954483032227,
        16.635889053344727,
        16.627939224243164,
        16.650070190429688,
        16.657581329345703,
        16.627479553222656,
        16.622846603393555,
        16.628826141357422,
        16.613195419311523,
        16.626476287841797,
        16.62849998474121,
        16.619752883911133,
        16.634029388427734,
        16.616382598876953,
        16.63298797607422,
        16.608049392700195,
        16.601598739624023,
        16.608957290649414,
        16.6196346282959,
        16.617958068847656,
        16.60308074951172,
        16.612245559692383,
        16.594594955444336,
        16.596134185791016,
        16.61056900024414,
        16.620155334472656,
        16.59988784790039,
        16.611862182617188,
        16.602420806884766,
        16.598966598510742,
        16.60443878173828,
        16.578887939453125,
        16.587810516357422,
        16.609146118164062,
        16.44927406311035,
        16.43455696105957,
        16.433826446533203,
        16.431367874145508,
        16.432462692260742,
        16.43506622314453,
        16.434904098510742,
        16.43609046936035,
        16.434823989868164,
        16.43758201599121,
        16.433433532714844,
        16.43682289123535,
        16.43079948425293,
        16.43416404724121,
        16.430532455444336,
        16.43804359436035,
        16.430713653564453,
        16.438356399536133,
        16.434438705444336,
        16.42764663696289,
        16.430269241333008,
        16.431354522705078,
        16.437768936157227,
        16.42780113220215,
        16.42607307434082,
        16.427242279052734,
        16.4230899810791,
        16.423362731933594,
        16.420738220214844,
        16.430391311645508,
        16.42506980895996,
        16.425052642822266,
        16.426206588745117,
        16.42521095275879,
        16.420488357543945,
        16.420448303222656,
        16.428089141845703,
        16.42498779296875,
        16.420015335083008,
        16.42436408996582,
        16.423879623413086,
        16.41909408569336,
        16.421960830688477,
        16.427959442138672,
        16.419166564941406,
        16.41681480407715,
        16.42768669128418,
        16.419450759887695,
        16.41678237915039,
        16.41851806640625,
        16.41853141784668,
        16.42249298095703,
        16.420265197753906,
        16.41090965270996,
        16.37685775756836,
        16.37583351135254,
        16.375133514404297,
        16.374610900878906,
        16.375295639038086,
        16.375619888305664,
        16.373788833618164,
        16.37485694885254,
        16.374683380126953,
        16.37466812133789
    ],