{
    "run_n":51,
    "run_seed":0,
    "ndims":64,
    "nsamples":100000,
    "correlation":"corr",
    "nbijectors":5,
    "bijector":"CsplineN",
    "spline_knots":8,
    "range_min":-16,
    "hidden_layers":"512-512-512",
    "batch_size":512,
    "activation":"relu",
    "eps_regulariser":0,
    "regulariser":null,
    "dist_seed":0,
    "test_seed":0,
    "kl_divergence":-1,
    "ks_test_mean":0.10131815744866225,
    "ks_test_median":0.02604944139061382,
    "ad_test_mean":0.03221490552717452,
    "ad_test_median":0.0711065948719891,
    "Wasserstein_median":0.1503421461866636,
    "Wasserstein_mean":0.1503421461866636,
    "frob_norm":0.5350149918807935,
    "epochs_input":1000,
    "epochs_output":102,
    "time":2358.543764675036,
    "train_loss_history":[
        218.78317260742188,
        107.68622589111328,
        103.55899047851562,
        101.35063171386719,
        100.28035736083984,
        99.13716125488281,
        98.51438903808594,
        97.69781494140625,
        97.54502868652344,
        96.56893157958984,
        96.0126953125,
        95.67552947998047,
        95.26282501220703,
        95.4037094116211,
        94.63545989990234,
        94.3936767578125,
        94.10679626464844,
        93.65797424316406,
        93.56024932861328,
        93.3131103515625,
        93.00233459472656,
        92.70773315429688,
        92.73124694824219,
        92.56730651855469,
        92.15081787109375,
        92.17024993896484,
        91.85001373291016,
        91.97501373291016,
        91.93537139892578,
        91.43110656738281,
        91.48776245117188,
        91.32022094726562,
        91.18563079833984,
        91.11203002929688,
        91.03443908691406,
        91.0206527709961,
        90.9710693359375,
        90.61559295654297,
        90.33023834228516,
        90.29228210449219,
        90.27120208740234,
        90.19732666015625,
        90.09998321533203,
        89.98096466064453,
        89.72066497802734,
        89.62126159667969,
        89.71410369873047,
        89.29063415527344,
        89.01307678222656,
        89.14037322998047,
        88.86026000976562,
        88.48367309570312,
        88.42605590820312,
        88.39813232421875,
        88.12606811523438,
        88.14793395996094,
        87.83110046386719,
        87.63727569580078,
        87.37830352783203,
        87.35265350341797,
        87.2470703125,
        86.76786041259766,
        86.80644989013672,
        86.68183135986328,
        86.5309066772461,
        86.38212585449219,
        86.19051361083984,
        86.02447509765625,
        85.69102478027344,
        85.48088836669922,
        85.45516967773438,
        85.27532958984375,
        85.26113891601562,
        84.8324966430664,
        84.71588897705078,
        84.45403289794922,
        84.4215316772461,
        84.01727294921875,
        83.85087585449219,
        83.70652770996094,
        83.6341323852539,
        83.18882751464844,
        83.21600341796875,
        83.13339233398438,
        82.92877197265625,
        82.86119842529297,
        82.64988708496094,
        82.43475341796875,
        82.47637939453125,
        82.16242980957031,
        82.0678939819336,
        81.86363220214844,
        78.74053192138672,
        77.51996612548828,
        76.9819107055664,
        76.5810546875,
        76.27783966064453,
        76.01612091064453,
        75.85588836669922,
        75.54696655273438,
        75.35478210449219,
        75.24983215332031
    ],
    "val_loss_history":[
        112.06266784667969,
        104.58812713623047,
        102.0915756225586,
        101.13495635986328,
        101.00486755371094,
        98.49348449707031,
        98.19598388671875,
        97.37482452392578,
        96.93649291992188,
        96.06509399414062,
        96.26628112792969,
        97.53140258789062,
        98.3819580078125,
        95.29157257080078,
        95.03413391113281,
        94.01380157470703,
        93.36856842041016,
        95.43972778320312,
        94.0176010131836,
        93.77407836914062,
        92.54753875732422,
        92.22811126708984,
        94.08029174804688,
        93.70881652832031,
        92.68228149414062,
        93.31964874267578,
        91.54226684570312,
        93.86837768554688,
        92.14537811279297,
        92.88104248046875,
        93.58316040039062,
        92.07371520996094,
        93.17986297607422,
        92.69419860839844,
        92.76637268066406,
        91.79483795166016,
        91.76939392089844,
        92.33708953857422,
        93.78089141845703,
        91.27974700927734,
        91.22411346435547,
        90.80968475341797,
        92.64183044433594,
        92.12702178955078,
        91.5710678100586,
        91.73623657226562,
        92.35438537597656,
        91.95417022705078,
        91.71153259277344,
        92.15933990478516,
        91.6951904296875,
        92.0929183959961,
        91.34407806396484,
        92.98542022705078,
        91.94457244873047,
        91.81415557861328,
        91.87532806396484,
        92.60079956054688,
        92.48497772216797,
        93.25298309326172,
        91.64955139160156,
        91.6631851196289,
        91.58683013916016,
        92.19239807128906,
        92.12406921386719,
        92.3473892211914,
        92.57218170166016,
        93.49581909179688,
        92.3738784790039,
        93.44129180908203,
        94.66493225097656,
        93.16011810302734,
        93.02323913574219,
        93.54226684570312,
        92.94837188720703,
        93.61878967285156,
        93.46316528320312,
        94.30645751953125,
        93.94358825683594,
        94.71995544433594,
        94.2566146850586,
        94.37277221679688,
        94.59317016601562,
        95.76530456542969,
        95.44815826416016,
        95.43587493896484,
        95.2712631225586,
        94.9962158203125,
        95.77855682373047,
        96.16935729980469,
        95.73723602294922,
        95.53240203857422,
        97.62541961669922,
        98.7427749633789,
        99.7400131225586,
        100.8384017944336,
        101.1363754272461,
        102.1295394897461,
        102.61185455322266,
        103.21659851074219,
        103.64247131347656,
        104.08687591552734
    ],
    "best_train_loss":90.19732666015625,
    "best_val_loss":90.80968475341797,
    "best_epoch":41
}