{
    "run_n":31,
    "run_seed":0,
    "ndims":16,
    "nsamples":100000,
    "correlation":"corr",
    "nbijectors":10,
    "bijector":"CsplineN",
    "spline_knots":8,
    "range_min":-16,
    "hidden_layers":"128-128-128",
    "batch_size":512,
    "activation":"relu",
    "eps_regulariser":0,
    "regulariser":null,
    "dist_seed":0,
    "test_seed":0,
    "kl_divergence":-1,
    "ks_test_mean":0.20734148233118244,
    "ks_test_median":0.22005139100124976,
    "ad_test_mean":0.12817706038827897,
    "ad_test_median":0.11573472209780208,
    "Wasserstein_median":0.06941789350482863,
    "Wasserstein_mean":0.06941789350482863,
    "frob_norm":0.19722927091020762,
    "epochs_input":1000,
    "epochs_output":212,
    "time":9277.933170239441,
    "train_loss_history":[
        150.70245361328125,
        35.57787322998047,
        29.29876136779785,
        27.656396865844727,
        26.40871238708496,
        25.32667350769043,
        24.784027099609375,
        24.36671257019043,
        23.965627670288086,
        23.998882293701172,
        23.69693946838379,
        23.310508728027344,
        22.96172332763672,
        22.785968780517578,
        22.23478126525879,
        22.000839233398438,
        22.32644271850586,
        21.76997947692871,
        21.614933013916016,
        21.626262664794922,
        21.361398696899414,
        21.24583625793457,
        21.20444107055664,
        20.940303802490234,
        21.0786075592041,
        20.865652084350586,
        20.81475830078125,
        21.022626876831055,
        20.4730281829834,
        20.675569534301758,
        20.492624282836914,
        20.44536590576172,
        20.582059860229492,
        20.09212303161621,
        20.199535369873047,
        20.26719856262207,
        19.991188049316406,
        20.048444747924805,
        19.891639709472656,
        19.907381057739258,
        19.854961395263672,
        19.861684799194336,
        19.69159507751465,
        19.805967330932617,
        19.690950393676758,
        19.552406311035156,
        19.483489990234375,
        19.535564422607422,
        19.364517211914062,
        19.455684661865234,
        19.439102172851562,
        19.571868896484375,
        19.200210571289062,
        19.31540870666504,
        19.219392776489258,
        19.130821228027344,
        19.203895568847656,
        19.133281707763672,
        19.12487030029297,
        19.18073272705078,
        19.038097381591797,
        18.989990234375,
        18.95732307434082,
        18.957183837890625,
        18.922080993652344,
        19.490230560302734,
        19.094099044799805,
        18.846534729003906,
        19.005332946777344,
        18.876405715942383,
        18.770971298217773,
        18.708877563476562,
        18.747074127197266,
        18.725387573242188,
        18.64956283569336,
        18.692319869995117,
        18.89386749267578,
        18.881460189819336,
        18.757526397705078,
        18.60392189025879,
        18.566984176635742,
        18.485061645507812,
        18.54587745666504,
        18.47662925720215,
        18.456581115722656,
        18.515716552734375,
        18.437307357788086,
        18.4248104095459,
        18.392436981201172,
        18.37451171875,
        18.439416885375977,
        18.410940170288086,
        18.31484031677246,
        18.25816535949707,
        18.3072452545166,
        18.20860481262207,
        18.250436782836914,
        18.270998001098633,
        18.209692001342773,
        18.172353744506836,
        18.214763641357422,
        18.12727928161621,
        18.195146560668945,
        18.146615982055664,
        18.12347412109375,
        18.12941551208496,
        18.16771697998047,
        18.13758659362793,
        18.110061645507812,
        18.049283981323242,
        18.098621368408203,
        18.04731559753418,
        18.127431869506836,
        18.02353858947754,
        18.06228256225586,
        18.085002899169922,
        17.99277114868164,
        17.990764617919922,
        18.008546829223633,
        18.000938415527344,
        17.955610275268555,
        18.005722045898438,
        17.93321990966797,
        17.97510528564453,
        17.95840835571289,
        17.897188186645508,
        17.91950798034668,
        17.95099639892578,
        17.90647315979004,
        17.892635345458984,
        17.908658981323242,
        17.87087631225586,
        17.886125564575195,
        17.911226272583008,
        17.879297256469727,
        17.870275497436523,
        17.888986587524414,
        17.840293884277344,
        17.80896759033203,
        17.82416343688965,
        17.84947967529297,
        17.856565475463867,
        17.822824478149414,
        17.775392532348633,
        17.75965118408203,
        17.847896575927734,
        17.759923934936523,
        17.75844955444336,
        17.80105972290039,
        17.75815773010254,
        17.765443801879883,
        17.744657516479492,
        17.742050170898438,
        17.787450790405273,
        17.732595443725586,
        17.686756134033203,
        17.753381729125977,
        17.684038162231445,
        17.75568962097168,
        17.768230438232422,
        17.712379455566406,
        17.649160385131836,
        17.653127670288086,
        17.690763473510742,
        17.653453826904297,
        17.644481658935547,
        17.647192001342773,
        17.646080017089844,
        17.62625503540039,
        17.672744750976562,
        17.647409439086914,
        17.643287658691406,
        17.634763717651367,
        17.592544555664062,
        17.634057998657227,
        17.57387924194336,
        17.601261138916016,
        17.566476821899414,
        17.597412109375,
        17.584095001220703,
        17.61374282836914,
        17.59512710571289,
        17.59161376953125,
        17.590394973754883,
        17.604772567749023,
        17.557703018188477,
        17.56942367553711,
        17.516681671142578,
        17.55994415283203,
        17.54864501953125,
        17.52303123474121,
        17.49280548095703,
        17.485593795776367,
        17.53965187072754,
        17.506685256958008,
        17.4886474609375,
        17.535911560058594,
        17.486845016479492,
        17.479663848876953,
        17.513429641723633,
        17.483089447021484,
        17.462909698486328,
        17.12645721435547,
        17.04832649230957,
        17.029632568359375,
        17.021512985229492,
        17.0087890625,
        17.007434844970703,
        16.999347686767578,
        16.99883270263672,
        16.984004974365234,
        16.992128372192383
    ],