{
    "run_n":9,
    "run_seed":926,
    "ndims":16,
    "nsamples":100000,
    "correlation":"corr",
    "nbijectors":10,
    "bijector":"RealNVPN",
    "spline_knots":8,
    "range_min":-5,
    "hidden_layers":"128-128-128",
    "batch_size":256,
    "activation":"relu",
    "eps_regulariser":0,
    "regulariser":null,
    "dist_seed":0,
    "test_seed":0,
    "ks_mean":0.20349421404036488,
    "ks_std":0.2428059279746283,
    "ad_mean":0.11776011503595037,
    "ad_std":0.0993335986615693,
    "wd_mean":0.057657025099999794,
    "wd_std":0.026217159882241336,
    "swd_mean":0.05605961259649862,
    "swd_std":0.025616447242655452,
    "fn_mean":0.22473808960022362,
    "fn_std":0.03863619611911718,
    "epochs_input":1000,
    "epochs_output":199,
    "time":1925.9275948312134,
    "train_loss_history":[
        59.38266372680664,
        16.66558265686035,
        15.05167007446289,
        14.151678085327148,
        13.534348487854004,
        13.181960105895996,
        12.870150566101074,
        12.687932968139648,
        12.461260795593262,
        12.370960235595703,
        12.197829246520996,
        12.000188827514648,
        11.907087326049805,
        11.799711227416992,
        11.764936447143555,
        11.807299613952637,
        11.72457218170166,
        11.54529857635498,
        11.441327095031738,
        11.365952491760254,
        11.437178611755371,
        11.265227317810059,
        11.250407218933105,
        11.460270881652832,
        11.381475448608398,
        11.208144187927246,
        11.033892631530762,
        10.944058418273926,
        10.977054595947266,
        10.935099601745605,
        10.812562942504883,
        11.579551696777344,
        10.892477035522461,
        10.815048217773438,
        10.720518112182617,
        10.66927719116211,
        10.588912963867188,
        10.682337760925293,
        10.582847595214844,
        10.463805198669434,
        10.418704986572266,
        10.435269355773926,
        10.343757629394531,
        10.393794059753418,
        10.291230201721191,
        10.249811172485352,
        10.285293579101562,
        10.262470245361328,
        10.092801094055176,
        10.197175979614258,
        10.06391429901123,
        10.147346496582031,
        10.077077865600586,
        10.070679664611816,
        10.023080825805664,
        9.973710060119629,
        9.947442054748535,
        9.918397903442383,
        9.886100769042969,
        9.842432975769043,
        9.835213661193848,
        9.801175117492676,
        9.844554901123047,
        9.759634971618652,
        9.757245063781738,
        9.667210578918457,
        9.699597358703613,
        9.656943321228027,
        9.678471565246582,
        9.694112777709961,
        9.667441368103027,
        9.57520866394043,
        9.584312438964844,
        9.583481788635254,
        9.535745620727539,
        9.562926292419434,
        9.5389986038208,
        9.544811248779297,
        9.508430480957031,
        9.440669059753418,
        9.577432632446289,
        9.492653846740723,
        9.471280097961426,
        9.462708473205566,
        9.407179832458496,
        9.405467987060547,
        9.381345748901367,
        9.343170166015625,
        9.347381591796875,
        9.3319730758667,
        9.293828964233398,
        9.301827430725098,
        9.337065696716309,
        9.27701473236084,
        9.276119232177734,
        9.262845993041992,
        9.265962600708008,
        9.196335792541504,
        9.24422550201416,
        9.245841979980469,
        9.224626541137695,
        9.191659927368164,
        9.206947326660156,
        9.149456977844238,
        9.176905632019043,
        9.17369270324707,
        9.113297462463379,
        9.126063346862793,
        9.130343437194824,
        9.12402629852295,
        9.157679557800293,
        9.160614967346191,
        9.073287010192871,
        9.073901176452637,
        9.048184394836426,
        9.046005249023438,
        9.021903991699219,
        9.058753967285156,
        9.075960159301758,
        9.008291244506836,
        9.065672874450684,
        9.070555686950684,
        9.024166107177734,
        8.981165885925293,
        9.031785011291504,
        8.97082805633545,
        8.962359428405762,
        8.936600685119629,
        8.976499557495117,
        8.953965187072754,
        9.029407501220703,
        8.904348373413086,
        8.8944673538208,
        8.88160228729248,
        8.941884994506836,
        8.863073348999023,
        8.88775634765625,
        8.894474029541016,
        8.321765899658203,
        8.219911575317383,
        8.188015937805176,
        8.17087173461914,
        8.159539222717285,
        8.148749351501465,
        8.139283180236816,
        8.125897407531738,
        8.114913940429688,
        8.118796348571777,
        8.089278221130371,
        8.084837913513184,
        8.097939491271973,
        8.071710586547852,
        8.0740385055542,
        8.049530982971191,
        8.049654006958008,
        8.031756401062012,
        8.031695365905762,
        8.026832580566406,
        8.042810440063477,
        8.011676788330078,
        8.017998695373535,
        8.003031730651855,
        8.012558937072754,
        7.99550724029541,
        7.98599100112915,
        7.978240013122559,
        7.989230155944824,
        7.966580390930176,
        7.954257011413574,
        7.964376926422119,
        7.953916072845459,
        7.95236873626709,
        7.948706150054932,
        7.944348335266113,
        7.916346549987793,
        7.93703556060791,
        7.925573348999023,
        7.925940990447998,
        7.920691967010498,
        7.9120707511901855,
        7.902793884277344,
        7.91064977645874,
        7.922830581665039,
        7.8866143226623535,
        7.889149188995361,
        7.881502628326416,
        7.890847206115723,
        7.878066062927246,
        7.864004611968994,
        7.70454740524292,
        7.68267297744751,
        7.675741195678711,
        7.672967910766602,
        7.671850204467773,
        7.672155380249023,
        7.663097381591797,
        7.664512634277344,
        7.6673688888549805,
        7.659527778625488
    ],