{
    "run_n":188,
    "seed_train":440,
    "seed_test":441,
    "seed_dist":0,
    "seed_metrics":0,
    "ndims":16,
    "nsamples_train":100000,
    "nsamples_val":30000,
    "nsamples_test":100000,
    "correlation":null,
    "nbijectors":5,
    "bijector":"CsplineN",
    "spline_knots":12,
    "range_min":-16,
    "hidden_layers":"256-256-256",
    "trainable_parameters":1029240,
    "non_trainable_parameters":0,
    "batch_size":512,
    "activation":"relu",
    "regulariser":null,
    "eps_regulariser":0.0,
    "training_device":"NVIDIA A40",
    "epochs_input":1000,
    "epochs_output":136,
    "training_time":5964.836146258051,
    "prediction_time":95.22400184790604,
    "total_time":6060.060148105957,
    "best_train_loss":4.3997015953063965,
    "best_val_loss":5.326438903808594,
    "best_train_epoch":135,
    "best_val_epoch":35,
    "train_loss_history":[
        16.76812744140625,
        6.96790885925293,
        6.207975387573242,
        5.9378180503845215,
        5.835323810577393,
        5.7205963134765625,
        5.596831321716309,
        5.596733570098877,
        5.523221969604492,
        5.489353656768799,
        5.4587249755859375,
        5.438045024871826,
        5.4057512283325195,
        5.384453773498535,
        5.343116760253906,
        5.320322036743164,
        5.3454999923706055,
        5.304488182067871,
        5.294097423553467,
        5.262458801269531,
        5.241795063018799,
        5.243320465087891,
        5.217039108276367,
        5.217693328857422,
        5.203832149505615,
        5.174539566040039,
        5.184105396270752,
        5.161502361297607,
        5.1526641845703125,
        5.155681133270264,
        5.1399006843566895,
        5.124975204467773,
        5.12749719619751,
        5.109554290771484,
        5.110400199890137,
        5.090703964233398,
        5.075239181518555,
        5.093238353729248,
        5.0696306228637695,
        5.06403112411499,
        5.066826343536377,
        5.062515735626221,
        5.056924819946289,
        5.020466327667236,
        5.032164573669434,
        5.044818878173828,
        5.039295673370361,
        5.007367134094238,
        5.003981113433838,
        4.990212440490723,
        4.9955668449401855,
        4.99430513381958,
        4.981858730316162,
        4.962847709655762,
        4.968154430389404,
        4.957030296325684,
        4.961287975311279,
        4.931027412414551,
        4.946291923522949,
        4.939176559448242,
        4.923000812530518,
        4.917964458465576,
        4.927186012268066,
        4.909613609313965,
        4.924226760864258,
        4.89566707611084,
        4.891186714172363,
        4.883657455444336,
        4.869533538818359,
        4.862669467926025,
        4.854053497314453,
        4.838665962219238,
        4.850329875946045,
        4.853885173797607,
        4.850016117095947,
        4.856208324432373,
        4.828356742858887,
        4.828727722167969,
        4.820899486541748,
        4.820491313934326,
        4.818386077880859,
        4.801251411437988,
        4.789365291595459,
        4.792260646820068,
        4.777850151062012,
        4.77354621887207,
        4.632728576660156,
        4.610121726989746,
        4.600054740905762,
        4.599780082702637,
        4.589150428771973,
        4.577762603759766,
        4.583277225494385,
        4.573044300079346,
        4.568982124328613,
        4.559619903564453,
        4.557877063751221,
        4.555895805358887,
        4.547486305236816,
        4.546175479888916,
        4.536550521850586,
        4.537930488586426,
        4.5348005294799805,
        4.52178955078125,
        4.524974822998047,
        4.520862102508545,
        4.514748573303223,
        4.509118556976318,
        4.511683940887451,
        4.5008864402771,
        4.499608516693115,
        4.508772850036621,
        4.5086445808410645,
        4.485910415649414,
        4.4754767417907715,
        4.4779229164123535,
        4.474681377410889,
        4.471002101898193,
        4.458887100219727,
        4.457065582275391,
        4.454492092132568,
        4.445425033569336,
        4.451582908630371,
        4.451536655426025,
        4.453813552856445,
        4.447303295135498,
        4.425353050231934,
        4.431975364685059,
        4.431349277496338,
        4.412707328796387,
        4.4297685623168945,
        4.427783966064453,
        4.4235358238220215,
        4.407010555267334,
        4.428428649902344,
        4.3997015953063965
    ],