{
    "run_n":9,
    "run_seed":0,
    "ndims":4,
    "nsamples":100000,
    "correlation":"corr",
    "nbijectors":10,
    "bijector":"CsplineN",
    "spline_knots":8,
    "range_min":-16,
    "hidden_layers":"512-512-512",
    "batch_size":512,
    "activation":"relu",
    "eps_regulariser":0,
    "regulariser":null,
    "dist_seed":0,
    "test_seed":0,
    "kl_divergence":-1,
    "ks_test_mean":0.4544232825597794,
    "ks_test_median":0.45961403275168133,
    "ad_test_mean":0.21193818874249315,
    "ad_test_median":0.2087854795186267,
    "Wasserstein_median":0.024087136192034328,
    "Wasserstein_mean":0.024087136192034328,
    "frob_norm":0.03620824731196236,
    "epochs_input":1000,
    "epochs_output":322,
    "time":15777.569637890905,
    "train_loss_history":[
        9.06944465637207,
        4.624941349029541,
        4.203840255737305,
        4.0933403968811035,
        4.0540032386779785,
        3.9893486499786377,
        3.914905309677124,
        3.9527974128723145,
        3.8753550052642822,
        3.8259410858154297,
        3.8182790279388428,
        3.789457082748413,
        3.8006629943847656,
        3.7889838218688965,
        3.7329416275024414,
        3.7318661212921143,
        3.7437400817871094,
        3.7041378021240234,
        3.72200345993042,
        3.7133827209472656,
        3.6793391704559326,
        3.6782009601593018,
        3.716437339782715,
        3.681624412536621,
        3.685002326965332,
        3.690138339996338,
        3.6584415435791016,
        3.650536298751831,
        3.629969358444214,
        3.6546480655670166,
        3.6499452590942383,
        3.651318073272705,
        3.634154796600342,
        3.6498799324035645,
        3.6387836933135986,
        3.6190409660339355,
        3.6247353553771973,
        3.6208629608154297,
        3.601745367050171,
        3.5909976959228516,
        3.6074671745300293,
        3.5993258953094482,
        3.5939202308654785,
        3.611121416091919,
        3.579873561859131,
        3.592768907546997,
        3.608562707901001,
        3.591505289077759,
        3.5981273651123047,
        3.5941898822784424,
        3.581111431121826,
        3.5829432010650635,
        3.5940353870391846,
        3.5768890380859375,
        3.589940071105957,
        3.5763278007507324,
        3.5646297931671143,
        3.5643503665924072,
        3.550431489944458,
        3.569033145904541,
        3.558917999267578,
        3.56746768951416,
        3.5444884300231934,
        3.559628486633301,
        3.5635504722595215,
        3.553966522216797,
        3.552457094192505,
        3.5631496906280518,
        3.562079668045044,
        3.54105544090271,
        3.5406394004821777,
        3.5270204544067383,
        3.5470221042633057,
        3.5328781604766846,
        3.526123523712158,
        3.5448381900787354,
        3.533547878265381,
        3.547220468521118,
        3.5247786045074463,
        3.5239076614379883,
        3.5267419815063477,
        3.5355119705200195,
        3.525022268295288,
        3.530517339706421,
        3.5216290950775146,
        3.518666982650757,
        3.5352535247802734,
        3.512230634689331,
        3.5273618698120117,
        3.5106823444366455,
        3.5213708877563477,
        3.5021138191223145,
        3.5165963172912598,
        3.510692596435547,
        3.5285966396331787,
        3.5047249794006348,
        3.507143497467041,
        3.5020663738250732,
        3.497175693511963,
        3.5256173610687256,
        3.5111324787139893,
        3.490401268005371,
        3.5073304176330566,
        3.493009328842163,
        3.4989397525787354,
        3.5514917373657227,
        3.4868502616882324,
        3.493605852127075,
        3.4882633686065674,
        3.516911268234253,
        3.489163637161255,
        3.4789321422576904,
        3.4804253578186035,
        3.487415075302124,
        3.4849607944488525,
        3.4756929874420166,
        3.4855599403381348,
        3.477705478668213,
        3.477421522140503,
        3.4833216667175293,
        3.4726054668426514,
        3.479588031768799,
        3.46694278717041,
        3.4746389389038086,
        3.4824161529541016,
        3.4652724266052246,
        3.4647490978240967,
        3.4693796634674072,
        3.477254867553711,
        3.4679579734802246,
        3.4639744758605957,
        3.4701621532440186,
        3.4621081352233887,
        3.483050584793091,
        3.4620602130889893,
        3.4675989151000977,
        3.462451696395874,
        3.4654316902160645,
        3.458878517150879,
        3.4642820358276367,
        3.4673662185668945,
        3.4622905254364014,
        3.4596645832061768,
        3.469829797744751,
        3.49424147605896,
        3.4537224769592285,
        3.4567973613739014,
        3.474529981613159,
        3.461949110031128,
        3.4533443450927734,
        3.4697439670562744,
        3.4591829776763916,
        3.4714138507843018,
        3.471097469329834,
        3.44962739944458,
        3.4609086513519287,
        3.457782030105591,
        3.470440626144409,
        3.447688102722168,
        3.46354341506958,
        3.469761610031128,
        3.442779064178467,
        3.460432529449463,
        3.4651172161102295,
        3.446071147918701,
        3.4530270099639893,
        3.466719388961792,
        3.4718501567840576,
        3.449561834335327,
        3.4641025066375732,
        3.46479868888855,
        3.4399096965789795,
        3.4457950592041016,
        3.4588873386383057,
        3.464735269546509,
        3.4729738235473633,
        3.4479801654815674,
        3.4469375610351562,
        3.4486608505249023,
        3.459691047668457,
        3.4572465419769287,
        3.461383819580078,
        3.445863962173462,
        3.4522933959960938,
        3.450993299484253,
        3.4477975368499756,
        3.458462953567505,
        3.446103572845459,
        3.4630398750305176,
        3.4434995651245117,
        3.463122606277466,
        3.445753574371338,
        3.460157632827759,
        3.440190553665161,
        3.4418742656707764,
        3.4531939029693604,
        3.4475197792053223,
        3.4471426010131836,
        3.475847005844116,
        3.4347779750823975,
        3.3744163513183594,
        3.3686447143554688,
        3.3720178604125977,
        3.3626978397369385,
        3.364248275756836,
        3.3596384525299072,
        3.3611533641815186,
        3.3653438091278076,
        3.365741491317749,
        3.358928680419922,
        3.3637266159057617,
        3.3604366779327393,
        3.361748218536377,
        3.359269857406616,
        3.3586337566375732,
        3.35745906829834,
        3.3650388717651367,
        3.3593664169311523,
        3.3586111068725586,
        3.3606107234954834,
        3.363436460494995,
        3.359294891357422,
        3.368903398513794,
        3.355936050415039,
        3.360093593597412,
        3.359429359436035,
        3.356382131576538,
        3.354443311691284,
        3.357929229736328,
        3.360095500946045,
        3.3512163162231445,
        3.359901189804077,
        3.359360933303833,
        3.3574776649475098,
        3.3537611961364746,
        3.3578150272369385,
        3.3559420108795166,
        3.359086036682129,
        3.3474550247192383,
        3.361030101776123,
        3.3528130054473877,
        3.361065149307251,
        3.3531579971313477,
        3.3545961380004883,
        3.358436346054077,
        3.35852313041687,
        3.354689836502075,
        3.353571653366089,
        3.348396062850952,
        3.360527992248535,
        3.3504936695098877,
        3.350761890411377,
        3.3548178672790527,
        3.351987838745117,
        3.3593900203704834,
        3.3303258419036865,
        3.3290469646453857,
        3.3272814750671387,
        3.3269476890563965,
        3.325512647628784,
        3.3275821208953857,
        3.326777696609497,
