{
    "run_n":1,
    "run_seed":0,
    "ndims":8,
    "nsamples":100000,
    "correlation":"corr",
    "nbijectors":2,
    "bijector":"MsplineN",
    "spline_knots":8,
    "range_min":-5,
    "hidden_layers":"128-128-128",
    "batch_size":512,
    "activation":"relu",
    "eps_regulariser":0,
    "regulariser":null,
    "dist_seed":0,
    "test_seed":0,
    "kl_divergence":-1,
    "ks_test_mean":0.4699604612597426,
    "ks_test_median":0.4740305685678372,
    "ad_test_mean":0.20170836478583945,
    "ad_test_median":0.20565254355471374,
    "Wasserstein_median":0.01842245708398521,
    "Wasserstein_mean":0.01842245708398521,
    "frob_norm":0.05948173147474349,
    "epochs_input":1000,
    "epochs_output":78,
    "time":444.65365517977625,
    "train_loss_history":[
        10.688414573669434,
        9.649460792541504,
        9.611589431762695,
        9.596721649169922,
        9.588096618652344,
        9.57980728149414,
        9.575715065002441,
        9.568068504333496,
        9.567420959472656,
        9.570548057556152,
        9.56110954284668,
        9.559361457824707,
        9.55770492553711,
        9.5589599609375,
        9.5584135055542,
        9.5551176071167,
        9.552748680114746,
        9.553092002868652,
        9.548840522766113,
        9.5497465133667,
        9.547548294067383,
        9.54731559753418,
        9.541366577148438,
        9.546404838562012,
        9.541502952575684,
        9.544583320617676,
        9.540460586547852,
        9.542829513549805,
        9.539113998413086,
        9.54230785369873,
        9.538132667541504,
        9.53639030456543,
        9.537370681762695,
        9.534036636352539,
        9.53579044342041,
        9.532249450683594,
        9.535077095031738,
        9.531200408935547,
        9.530150413513184,
        9.53200912475586,
        9.527717590332031,
        9.525873184204102,
        9.52662181854248,
        9.525389671325684,
        9.525214195251465,
        9.52254867553711,
        9.518834114074707,
        9.52138900756836,
        9.517814636230469,
        9.51724910736084,
        9.515759468078613,
        9.515226364135742,
        9.514689445495605,
        9.511903762817383,
        9.513786315917969,
        9.509780883789062,
        9.510278701782227,
        9.51057243347168,
        9.508057594299316,
        9.507665634155273,
        9.50394344329834,
        9.501785278320312,
        9.503653526306152,
        9.507494926452637,
        9.499614715576172,
        9.499329566955566,
        9.500669479370117,
        9.496456146240234,
        9.474536895751953,
        9.46872329711914,
        9.467438697814941,
        9.465542793273926,
        9.465330123901367,
        9.465113639831543,
        9.46302318572998,
        9.464332580566406,
        9.462800979614258,
        9.462067604064941
    ],
    "val_loss_history":[
        9.685101509094238,
        9.623245239257812,
        9.626280784606934,
        9.588171005249023,
        9.584672927856445,
        9.606929779052734,
        9.567763328552246,
        9.57967472076416,
        9.569119453430176,
        9.573470115661621,
        9.577483177185059,
        9.576434135437012,
        9.561652183532715,
        9.566012382507324,
        9.580071449279785,
        9.581412315368652,
        9.554051399230957,
        9.552323341369629,
        9.559426307678223,
        9.561627388000488,
        9.558027267456055,
        9.561046600341797,
        9.556947708129883,
        9.56411075592041,
        9.586688995361328,
        9.56696891784668,
        9.57431697845459,
        9.55985164642334,
        9.557263374328613,
        9.566461563110352,
        9.557916641235352,
        9.559489250183105,
        9.563305854797363,
        9.558279991149902,
        9.566444396972656,
        9.558979988098145,
        9.564480781555176,
        9.564628601074219,
        9.568742752075195,
        9.57302188873291,
        9.566629409790039,
        9.566380500793457,
        9.574237823486328,
        9.569023132324219,
        9.584909439086914,
        9.568061828613281,
        9.568544387817383,
        9.566737174987793,
        9.572491645812988,
        9.575469970703125,
        9.575857162475586,
        9.575231552124023,
        9.57785415649414,
        9.574197769165039,
        9.573981285095215,
        9.575264930725098,
        9.586013793945312,
        9.582993507385254,
        9.578495979309082,
        9.577787399291992,
        9.591766357421875,
        9.5866060256958,
        9.599510192871094,
        9.585723876953125,
        9.590044975280762,
        9.581334114074707,
        9.58531665802002,
        9.592933654785156,
        9.586628913879395,
        9.588716506958008,
        9.598031997680664,
        9.596173286437988,
        9.593989372253418,
        9.599315643310547,
        9.609213829040527,
        9.606239318847656,
        9.607958793640137,
        9.607099533081055
    ],
    "best_train_loss":9.553092002868652,
    "best_val_loss":9.552323341369629,
    "best_epoch":17
}