{
    "run_n":69,
    "run_seed":0,
    "ndims":100,
    "nsamples":100000,
    "correlation":"corr",
    "nbijectors":10,
    "bijector":"CsplineN",
    "spline_knots":8,
    "range_min":-16,
    "hidden_layers":"512-512-512",
    "batch_size":512,
    "activation":"relu",
    "eps_regulariser":0,
    "regulariser":null,
    "dist_seed":0,
    "test_seed":0,
    "kl_divergence":-1,
    "ks_test_mean":0.03590606240178845,
    "ks_test_median":0.000658509213461131,
    "ad_test_mean":0.004775184833052526,
    "ad_test_median":0.03504538540328057,
    "Wasserstein_median":0.23967756098558146,
    "Wasserstein_mean":0.23967756098558146,
    "frob_norm":0.7806309850658403,
    "epochs_input":1000,
    "epochs_output":152,
    "time":7863.01518396195,
    "train_loss_history":[
        694.8291015625,
        209.35626220703125,
        195.95037841796875,
        188.50852966308594,
        184.2752685546875,
        180.67446899414062,
        177.64987182617188,
        175.47242736816406,
        174.18191528320312,
        172.35398864746094,
        170.7077178955078,
        169.86160278320312,
        169.3349609375,
        168.1680450439453,
        167.54183959960938,
        167.3030548095703,
        166.1361846923828,
        165.73416137695312,
        165.5282440185547,
        164.70484924316406,
        164.3982696533203,
        163.84141540527344,
        162.99842834472656,
        163.28262329101562,
        162.9688262939453,
        161.95968627929688,
        161.20834350585938,
        161.60914611816406,
        161.19903564453125,
        161.08358764648438,
        160.35842895507812,
        161.12274169921875,
        160.09234619140625,
        160.314208984375,
        159.908203125,
        158.51248168945312,
        160.75405883789062,
        159.27590942382812,
        158.91712951660156,
        158.73529052734375,
        158.39695739746094,
        158.0450439453125,
        157.98110961914062,
        158.03866577148438,
        157.50521850585938,
        157.36866760253906,
        157.27206420898438,
        157.23104858398438,
        156.56033325195312,
        156.15127563476562,
        156.0940399169922,
        156.18675231933594,
        155.8390655517578,
        155.51275634765625,
        155.2550811767578,
        155.042236328125,
        154.4957275390625,
        154.03408813476562,
        154.8960418701172,
        153.5114288330078,
        153.68817138671875,
        153.0576629638672,
        152.9040069580078,
        152.80697631835938,
        152.52249145507812,
        152.1701202392578,
        152.68576049804688,
        151.9073486328125,
        151.8916473388672,
        151.65394592285156,
        151.63201904296875,
        151.16531372070312,
        151.10890197753906,
        151.09535217285156,
        150.99710083007812,
        150.4698028564453,
        152.05043029785156,
        151.90565490722656,
        150.7880859375,
        150.38575744628906,
        149.73678588867188,
        149.7457733154297,
        149.80120849609375,
        150.7386016845703,
        149.05799865722656,
        148.7305145263672,
        148.83665466308594,
        148.82875061035156,
        148.5005340576172,
        148.46856689453125,
        147.9929962158203,
        147.73931884765625,
        147.88299560546875,
        147.6590118408203,
        148.0862274169922,
        147.39122009277344,
        147.28895568847656,
        147.08438110351562,
        147.13975524902344,
        147.148193359375,
        146.8085479736328,
        146.800537109375,
        146.72491455078125,
        146.70057678222656,
        146.66537475585938,
        146.29518127441406,
        146.2666778564453,
        146.2523193359375,
        147.0740509033203,
        146.08900451660156,
        145.65420532226562,
        145.75686645507812,
        145.5873565673828,
        145.47959899902344,
        145.03823852539062,
        145.20233154296875,
        145.16744995117188,
        145.00765991210938,
        144.9149169921875,
        144.71987915039062,
        144.66822814941406,
        144.49911499023438,
        144.55697631835938,
        144.43292236328125,
        144.2386932373047,
        144.20550537109375,
        144.11764526367188,
        144.1094207763672,
        144.1754913330078,
        143.72381591796875,
        143.84384155273438,
        143.5687713623047,
        143.7530059814453,
        143.54151916503906,
        143.46617126464844,
        143.16770935058594,
        143.48114013671875,
        143.2054901123047,
        142.98487854003906,
        143.13739013671875,
        143.0290069580078,
        142.69039916992188,
        140.38194274902344,
        139.65936279296875,
        139.4163360595703,
        139.2576446533203,
        139.1057891845703,
        139.00868225097656,
        138.9182891845703,
        138.81243896484375,
        138.76144409179688,
        138.67440795898438
    ],