{
    "run_n":29,
    "run_seed":0,
    "ndims":16,
    "nsamples":100000,
    "correlation":"corr",
    "nbijectors":5,
    "bijector":"CsplineN",
    "spline_knots":12,
    "range_min":-16,
    "hidden_layers":"256-256-256",
    "batch_size":512,
    "activation":"relu",
    "eps_regulariser":0,
    "regulariser":null,
    "dist_seed":0,
    "test_seed":0,
    "kl_divergence":-1,
    "ks_test_mean":0.2856508333253825,
    "ks_test_median":0.32815147903630815,
    "ad_test_mean":0.15111191998297774,
    "ad_test_median":0.12015646334021612,
    "Wasserstein_median":0.014307732738037038,
    "Wasserstein_mean":0.014307732738037038,
    "frob_norm":0.18931576747281256,
    "epochs_input":1000,
    "epochs_output":129,
    "time":3380.7102091964334,
    "train_loss_history":[
        25.84330940246582,
        6.878016948699951,
        5.541799545288086,
        5.12591552734375,
        4.837122440338135,
        3.424254894256592,
        3.567800998687744,
        3.2658045291900635,
        3.4956164360046387,
        3.0653984546661377,
        2.7208964824676514,
        3.033078908920288,
        1.6010749340057373,
        2.1273140907287598,
        0.7941548824310303,
        0.31576859951019287,
        0.20536139607429504,
        -0.003989602904766798,
        0.085140660405159,
        0.24493169784545898,
        0.2984783351421356,
        -0.22459270060062408,
        0.1543450504541397,
        -0.3993072509765625,
        -0.3334595859050751,
        -0.2819516360759735,
        -0.00845714844763279,
        -0.4635877311229706,
        -0.5520390272140503,
        -0.4509677588939667,
        -0.4402267336845398,
        0.11782866716384888,
        -0.24824626743793488,
        -0.5175578594207764,
        -0.7291533946990967,
        -0.5277299880981445,
        -0.5644708275794983,
        -0.6774260997772217,
        -0.620538592338562,
        -0.7146738767623901,
        -0.5746855139732361,
        -0.5373550653457642,
        -0.7749873399734497,
        -0.8509915471076965,
        -0.8397074937820435,
        -0.8641272187232971,
        -0.7962314486503601,
        -0.9323875308036804,
        -0.6457479596138,
        -0.9114760160446167,
        -0.9080526232719421,
        -0.8963841795921326,
        -0.940771758556366,
        -0.7134581804275513,
        -1.0236350297927856,
        -0.8649777770042419,
        -0.8453981876373291,
        -0.989945113658905,
        -0.8877431154251099,
        -1.0593559741973877,
        -1.0751821994781494,
        -1.037566065788269,
        -1.00974440574646,
        -1.0941632986068726,
        -1.0552247762680054,
        -1.1539506912231445,
        -1.0927401781082153,
        -1.0534921884536743,
        -1.1794100999832153,
        -1.088181972503662,
        -1.0912508964538574,
        -1.1817301511764526,
        -1.216549277305603,
        -1.0869964361190796,
        -1.1273047924041748,
        -1.189941644668579,
        -1.2175456285476685,
        -1.2718651294708252,
        -1.296871542930603,
        -1.3242486715316772,
        -1.2928340435028076,
        -1.3276054859161377,
        -1.238439679145813,
        -1.3635510206222534,
        -1.2849949598312378,
        -1.253880262374878,
        -1.3758854866027832,
        -1.300150990486145,
        -1.396667242050171,
        -1.336932897567749,
        -1.4626553058624268,
        -1.4328149557113647,
        -1.2999663352966309,
        -1.4185644388198853,
        -1.5266765356063843,
        -1.5351346731185913,
        -1.4621453285217285,
        -1.5393134355545044,
        -1.5247719287872314,
        -1.4912254810333252,
        -1.5823369026184082,
        -1.6140992641448975,
        -1.520337462425232,
        -1.6379221677780151,
        -1.5919629335403442,
        -1.6327075958251953,
        -1.5649142265319824,
        -1.717229962348938,
        -1.6325145959854126,
        -1.7209947109222412,
        -1.6965281963348389,
        -1.739190936088562,
        -1.7585527896881104,
        -1.7636679410934448,
        -1.7648130655288696,
        -1.7004398107528687,
        -1.754164695739746,
        -1.748138189315796,
        -1.8018308877944946,
        -2.322019338607788,
        -2.4226064682006836,
        -2.465501546859741,
        -2.4736692905426025,
        -2.5013232231140137,
        -2.51863694190979,
        -2.535397529602051,
        -2.5454628467559814,
        -2.5666823387145996,
        -2.5660040378570557
    ],