{
    "run_n":3,
    "run_seed":377,
    "ndims":200,
    "nsamples":100000,
    "correlation":"corr",
    "nbijectors":5,
    "bijector":"MAFN",
    "spline_knots":8,
    "range_min":-5,
    "hidden_layers":"256-256-256",
    "batch_size":512,
    "activation":"relu",
    "eps_regulariser":0,
    "regulariser":null,
    "dist_seed":0,
    "test_seed":0,
    "ks_mean":0.25306008181105744,
    "ks_std":0.25289393132962334,
    "ad_mean":0.1366951208966298,
    "ad_std":0.10306173632603112,
    "wd_mean":0.04407467674909247,
    "wd_std":0.0267973731451927,
    "swd_mean":0.043354442165982096,
    "swd_std":0.025789436256760088,
    "fn_mean":2.531090867260962,
    "fn_std":0.6438950982793038,
    "epochs_input":1000,
    "epochs_output":354,
    "time":934.7536063250154,
    "train_loss_history":[
        597.8279418945312,
        157.4510498046875,
        126.98675537109375,
        117.41607666015625,
        112.14163208007812,
        108.50841522216797,
        110.67391204833984,
        103.7472152709961,
        102.74579620361328,
        101.3188247680664,
        99.91132354736328,
        99.41911315917969,
        98.83550262451172,
        97.035400390625,
        95.84683227539062,
        98.40227508544922,
        95.36386108398438,
        95.77404022216797,
        94.95902252197266,
        93.88607788085938,
        95.2974853515625,
        94.5539321899414,
        94.14678192138672,
        92.49796295166016,
        92.02033996582031,
        92.81896209716797,
        93.35853576660156,
        91.95331573486328,
        92.56008911132812,
        92.16043853759766,
        91.27014923095703,
        91.59028625488281,
        91.61711120605469,
        90.74795532226562,
        91.52421569824219,
        91.03477478027344,
        91.46463012695312,
        89.60076904296875,
        95.07842254638672,
        89.42694091796875,
        91.78414916992188,
        90.03472900390625,
        89.16726684570312,
        89.32389068603516,
        90.82649230957031,
        90.27582550048828,
        89.64549255371094,
        89.4657974243164,
        89.23826599121094,
        90.21124267578125,
        88.48017120361328,
        88.97905731201172,
        89.35003662109375,
        89.3961410522461,
        88.61412048339844,
        88.48997497558594,
        88.76353454589844,
        88.90741729736328,
        90.07228088378906,
        88.87027740478516,
        89.79849243164062,
        89.76311492919922,
        87.94307708740234,
        88.5811996459961,
        87.71564483642578,
        88.1795425415039,
        87.90827178955078,
        89.80400848388672,
        87.69293975830078,
        88.62934112548828,
        89.08990478515625,
        87.96273040771484,
        87.7956771850586,
        88.54434204101562,
        88.53922271728516,
        87.5265884399414,
        87.5290756225586,
        87.10903930664062,
        89.3468246459961,
        87.60939025878906,
        87.8570785522461,
        88.70611572265625,
        87.24099731445312,
        90.12004852294922,
        86.88866424560547,
        86.91769409179688,
        87.79664611816406,
        86.82892608642578,
        86.68888854980469,
        87.79143524169922,
        86.9090347290039,
        87.71096801757812,
        87.08983612060547,
        86.34978485107422,
        86.74492645263672,
        86.39447021484375,
        87.6855239868164,
        86.1616439819336,
        86.44689178466797,
        87.37158966064453,
        86.3151626586914,
        88.04975128173828,
        86.95368194580078,
        86.22479248046875,
        86.19514465332031,
        87.03636932373047,
        85.84222412109375,
        90.06600952148438,
        87.05105590820312,
        86.54283142089844,
        85.96985626220703,
        86.992431640625,
        86.32345581054688,
        86.80883026123047,
        85.95284271240234,
        86.0334243774414,
        85.98391723632812,
        85.77608489990234,
        86.96177673339844,
        86.39230346679688,
        86.29103088378906,
        85.9386215209961,
        86.35597229003906,
        85.85545349121094,
        86.006103515625,
        85.84469604492188,
        85.84667205810547,
        86.80963897705078,
        85.43453216552734,
        85.89512634277344,
        85.2354965209961,
        85.71778106689453,
        86.21311950683594,
        85.8143310546875,
        85.99938201904297,
        88.521728515625,
        85.38774108886719,
        85.7671890258789,
        85.9880599975586,
        85.11703491210938,
        85.74076080322266,
        85.4585952758789,
        85.0212631225586,
        85.42500305175781,
        85.51017761230469,
        85.11003112792969,
        85.84087371826172,
        85.68072509765625,
        85.03291320800781,
        85.54478454589844,
        85.62552642822266,
        85.0315933227539,
        85.09131622314453,
        85.01049041748047,
        85.14813232421875,
        85.0131607055664,
        85.91202545166016,
        87.09001159667969,
        85.94004821777344,
        84.8546371459961,
        85.88544464111328,
        85.17776489257812,
        85.13558197021484,
        84.87398529052734,
        85.45821380615234,
        85.12418365478516,
        84.72647857666016,
        85.19985961914062,
        84.5474853515625,
        85.35726928710938,
        84.82801055908203,
        84.97859954833984,
        84.56976318359375,
        85.11943054199219,
        84.82867431640625,
        84.95706939697266,
        84.70976257324219,
        85.15457916259766,
        85.46440124511719,
        84.82151794433594,
        84.72635650634766,
        84.34744262695312,
        85.20032501220703,
        84.82481384277344,
        84.62218475341797,
        85.22671508789062,
        84.4178695678711,
        84.50540924072266,
        86.07672119140625,
        84.18460083007812,
        85.27013397216797,
        84.44679260253906,
        84.33080291748047,
        84.80239868164062,
        84.50479125976562,
        84.37018585205078,
        84.60040283203125,
        84.2835464477539,
        87.04743194580078,
        84.33258819580078,
        84.5230712890625,
        85.08045959472656,
        84.3854751586914,
        85.87854766845703,
        84.55087280273438,
        84.53166961669922,
        84.38452911376953,
        84.41026306152344,
        105.84395599365234,
        87.3809585571289,
        85.90837097167969,
        85.67738342285156,
        85.67472076416016,
        85.46654510498047,
        84.82661437988281,
        85.0958023071289,
        85.26570129394531,
        84.95402526855469,
        85.00502014160156,
        86.58167266845703,
        84.78813934326172,
        85.48686218261719,
        84.47003173828125,
        84.80093383789062,
        85.07023620605469,
        84.74207305908203,
        84.9301986694336,
        84.9415512084961,
        84.81229400634766,
        85.01951599121094,
        84.61487579345703,
        84.35725402832031,
        84.98670196533203,
        85.02021026611328,
        84.52979278564453,
        84.58824920654297,
        84.41412353515625,
        84.88814544677734,
        84.6501693725586,
        85.23616790771484,
        82.3302230834961,
        82.00716400146484,
        81.79987335205078,
        81.67010498046875,
        81.62505340576172,
        81.67430877685547,
        81.60713195800781,
        81.59750366210938,
        81.51736450195312,
        81.56604766845703,
        81.4460220336914,
        81.42971801757812,
        81.51628112792969,
        81.43701934814453,
        81.38003540039062,
        81.38324737548828,
        81.43264770507812,
        81.34825134277344,
        81.40443420410156,
        81.32263946533203,
        81.25936126708984,
        81.35147094726562,
        81.23997497558594,
        81.26245880126953,
        81.26380920410156,
        81.25361633300781,
        81.24356079101562,
