{
    "run_n":24,
    "run_seed":0,
    "ndims":8,
    "nsamples":100000,
    "correlation":"corr",
    "nbijectors":10,
    "bijector":"CsplineN",
    "spline_knots":12,
    "range_min":-16,
    "hidden_layers":"512-512-512",
    "batch_size":512,
    "activation":"relu",
    "eps_regulariser":0,
    "regulariser":null,
    "dist_seed":0,
    "test_seed":0,
    "kl_divergence":-1,
    "ks_test_mean":0.36054444948517494,
    "ks_test_median":0.39752216533513046,
    "ad_test_mean":0.19420659195446993,
    "ad_test_median":0.17903048072804073,
    "Wasserstein_median":0.03966617149560943,
    "Wasserstein_mean":0.03966617149560943,
    "frob_norm":0.0665850179648098,
    "epochs_input":1000,
    "epochs_output":129,
    "time":7423.457988178823,
    "train_loss_history":[
        19.53271484375,
        9.694966316223145,
        7.28143310546875,
        6.484675407409668,
        6.301607608795166,
        5.971492290496826,
        5.700566291809082,
        5.607710361480713,
        5.488437175750732,
        5.420321464538574,
        5.267289638519287,
        5.236577987670898,
        5.407893180847168,
        5.211248874664307,
        5.205483913421631,
        5.000255584716797,
        5.0998053550720215,
        4.888716697692871,
        4.8823957443237305,
        4.9189276695251465,
        4.7863383293151855,
        4.756824016571045,
        4.876877784729004,
        4.7887492179870605,
        4.706364154815674,
        4.724367618560791,
        4.676421642303467,
        4.7011823654174805,
        4.678112030029297,
        4.675100803375244,
        4.632645130157471,
        4.607551574707031,
        4.689056873321533,
        4.587760925292969,
        4.622128009796143,
        4.627121925354004,
        4.64082145690918,
        4.647580146789551,
        4.510738372802734,
        4.621657371520996,
        4.491630554199219,
        4.6525797843933105,
        4.503480434417725,
        4.545002460479736,
        4.464807987213135,
        4.458545207977295,
        4.4580769538879395,
        4.440068244934082,
        4.411750316619873,
        4.401536464691162,
        4.427675247192383,
        4.377859592437744,
        4.403273105621338,
        4.3597636222839355,
        4.4275617599487305,
        4.364838600158691,
        4.396789073944092,
        4.363575458526611,
        4.342798233032227,
        4.391312599182129,
        4.337172985076904,
        4.336957931518555,
        4.316089630126953,
        4.358346462249756,
        4.313566207885742,
        4.332133769989014,
        4.298026084899902,
        4.31951904296875,
        4.298830986022949,
        4.321163177490234,
        4.3344011306762695,
        4.309754848480225,
        4.306612968444824,
        4.25993013381958,
        4.2950215339660645,
        4.279559135437012,
        4.289816379547119,
        4.274049758911133,
        4.234041213989258,
        4.257950305938721,
        4.267335891723633,
        4.2528581619262695,
        4.227883815765381,
        4.228673458099365,
        4.221235752105713,
        4.251699924468994,
        4.219557762145996,
        4.213995933532715,
        4.2481279373168945,
        4.224893569946289,
        4.227309226989746,
        4.200741291046143,
        4.221101760864258,
        4.186638832092285,
        4.1747355461120605,
        4.208761215209961,
        4.182758808135986,
        4.204113006591797,
        4.133583068847656,
        4.183383464813232,
        4.208785533905029,
        4.188637733459473,
        4.163897514343262,
        4.143369674682617,
        4.162006378173828,
        4.201232433319092,
        4.150871753692627,
        4.152344226837158,
        4.128961563110352,
        4.170001983642578,
        4.140940189361572,
        4.132504463195801,
        4.135228157043457,
        4.118451118469238,
        4.099784851074219,
        4.0785064697265625,
        4.087038040161133,
        4.107868194580078,
        4.149438858032227,
        3.889599084854126,
        3.850982189178467,
        3.834007978439331,
        3.81545090675354,
        3.818298578262329,
        3.7999088764190674,
        3.7984213829040527,
        3.790820598602295,
        3.7832717895507812,
        3.7699451446533203
    ],
    "val_loss_history":[
        7.245522975921631,
        8.157417297363281,
        6.098593711853027,
        5.542471408843994,
        5.459558010101318,
        5.626685619354248,
        6.889389514923096,
        5.275851726531982,
        5.461625099182129,
        5.218991756439209,
        5.241139888763428,
        4.810801982879639,
        5.297030925750732,
        4.6989240646362305,
        5.0128936767578125,
        5.005451679229736,
        5.075577259063721,
        5.141199111938477,
        4.71608304977417,
        4.679464817047119,
        5.008321762084961,
        4.581533908843994,
        5.289740085601807,
        4.813331127166748,
        4.924741744995117,
        4.639736175537109,
        4.969101428985596,
        4.751951694488525,
        4.61223030090332,
        4.677763938903809,
        4.733921527862549,
        4.500188827514648,
        4.593001365661621,
        4.383607387542725,
        5.3415069580078125,
        4.5063910484313965,
        4.4029541015625,
        4.368229389190674,
        4.881011962890625,
        4.535102367401123,
        4.5854315757751465,
        4.67444372177124,
        4.619950294494629,
        4.671073913574219,
        4.537996768951416,
        4.677367210388184,
        4.5621747970581055,
        4.409121036529541,
        4.353944301605225,
        4.292115688323975,
        4.320608139038086,
        4.324026584625244,
        4.94866418838501,
        4.347618103027344,
        4.307279586791992,
        4.346912384033203,
        4.379432678222656,
        4.360269069671631,
        4.317712306976318,
        4.397030830383301,
        4.336028575897217,
        4.320491790771484,
        4.285552024841309,
        4.508335590362549,
        4.341404438018799,
        4.258009433746338,
        4.2646026611328125,
        4.313187599182129,
        4.223753452301025,
        4.4064435958862305,
        4.268332004547119,
        4.500065326690674,
        4.234713554382324,
        4.252725601196289,
        4.250333309173584,
        4.661099433898926,
        4.2781081199646,
        4.3565144538879395,
        4.419189929962158,
        4.3999128341674805,
        4.282800197601318,
        4.593696117401123,
        4.254632472991943,
        4.50993013381958,
        4.301580905914307,
        4.3316264152526855,
        4.249862194061279,
        4.471489906311035,
        4.380193710327148,
        4.399159908294678,
        4.276038646697998,
        4.270091533660889,
        4.2482147216796875,
        4.2773518562316895,
        4.486612796783447,
        4.285470485687256,
        4.2548980712890625,
        4.288952350616455,
        4.249359130859375,
        4.351562976837158,
        4.282907009124756,
        4.403422832489014,
        4.2506537437438965,
        4.340147018432617,
        4.292362689971924,
        4.2595343589782715,
        4.346907615661621,
        4.293633460998535,
        4.253721237182617,
        4.289654731750488,
        4.357923984527588,
        4.823617935180664,
        4.31077766418457,
        4.257504940032959,
        4.2727861404418945,
        4.296623706817627,
        4.302798748016357,
        4.338806629180908,
        4.311285018920898,
        4.267653465270996,
        4.2896623611450195,
        4.311290740966797,
        4.328399658203125,
        4.341850757598877,
        4.372494220733643,
        4.365860939025879,
        4.383467197418213,
        4.4045939445495605,
        4.423742771148682
    ],
    "best_train_loss":4.298830986022949,
    "best_val_loss":4.223753452301025,
    "best_epoch":68
}