{
    "run_n":14,
    "run_seed":0,
    "ndims":32,
    "nsamples":100000,
    "correlation":"corr",
    "nbijectors":2,
    "bijector":"MsplineN",
    "spline_knots":8,
    "range_min":-16,
    "hidden_layers":"256-256-256",
    "batch_size":512,
    "activation":"relu",
    "eps_regulariser":0,
    "regulariser":null,
    "dist_seed":0,
    "test_seed":0,
    "kl_divergence":-1,
    "ks_test_mean":0.31670760980791685,
    "ks_test_median":0.35480730678368777,
    "ad_test_mean":0.16815319049015656,
    "ad_test_median":0.13805586559573496,
    "Wasserstein_median":0.008756710985013471,
    "Wasserstein_mean":0.008756710985013471,
    "frob_norm":0.253672492580848,
    "epochs_input":1000,
    "epochs_output":171,
    "time":918.939649341628,
    "train_loss_history":[
        36.53004837036133,
        -6.2574381828308105,
        -8.02386474609375,
        -8.847498893737793,
        -9.675681114196777,
        -10.042201042175293,
        -10.376991271972656,
        -10.60473918914795,
        -10.809995651245117,
        -10.936691284179688,
        -10.981134414672852,
        -11.114982604980469,
        -11.400202751159668,
        -11.33584976196289,
        -11.238419532775879,
        -11.398741722106934,
        -11.458318710327148,
        -11.601256370544434,
        -11.4400053024292,
        -11.696859359741211,
        -11.658503532409668,
        -11.700531959533691,
        -11.842691421508789,
        -11.82207202911377,
        -11.732468605041504,
        -11.82129192352295,
        -11.92050552368164,
        -12.001872062683105,
        -11.980245590209961,
        -11.969682693481445,
        -12.017255783081055,
        -11.984380722045898,
        -11.991841316223145,
        -12.026987075805664,
        -12.037992477416992,
        -12.147034645080566,
        -12.18452262878418,
        -12.182538986206055,
        -12.126415252685547,
        -12.081870079040527,
        -12.170634269714355,
        -12.21786880493164,
        -12.074562072753906,
        -12.2535400390625,
        -12.280208587646484,
        -12.29980182647705,
        -12.223433494567871,
        -12.33017635345459,
        -12.171257972717285,
        -12.339205741882324,
        -12.2293119430542,
        -12.254438400268555,
        -12.301432609558105,
        -12.350595474243164,
        -12.34747314453125,
        -12.399762153625488,
        -12.403050422668457,
        -12.344094276428223,
        -12.45351505279541,
        -12.386932373046875,
        -12.429464340209961,
        -12.460771560668945,
        -12.493613243103027,
        -12.398963928222656,
        -12.587501525878906,
        -12.420149803161621,
        -12.537545204162598,
        -12.594090461730957,
        -12.613736152648926,
        -12.571197509765625,
        -12.57088851928711,
        -12.676587104797363,
        -12.626333236694336,
        -12.6854829788208,
        -12.693604469299316,
        -12.69222354888916,
        -12.704379081726074,
        -12.694060325622559,
        -12.651443481445312,
        -12.763062477111816,
        -12.773574829101562,
        -12.721145629882812,
        -12.803302764892578,
        -12.780304908752441,
        -12.802107810974121,
        -12.81054401397705,
        -12.790996551513672,
        -12.830400466918945,
        -12.856379508972168,
        -12.829896926879883,
        -12.903270721435547,
        -12.916905403137207,
        -12.845758438110352,
        -12.926363945007324,
        -12.911419868469238,
        -12.968711853027344,
        -12.956786155700684,
        -12.953186988830566,
        -12.942598342895508,
        -12.971842765808105,
        -12.991214752197266,
        -13.03287410736084,
        -13.005168914794922,
        -13.00806713104248,
        -13.068536758422852,
        -13.016499519348145,
        -13.03742504119873,
        -13.097579002380371,
        -13.037818908691406,
        -13.099007606506348,
        -13.07675552368164,
        -13.08044147491455,
        -13.052051544189453,
        -13.152738571166992,
        -13.08520221710205,
        -13.135432243347168,
        -13.076335906982422,
        -13.095383644104004,
        -13.113618850708008,
        -13.143961906433105,
        -13.157546997070312,
        -13.11695671081543,
        -13.231517791748047,
        -13.20715045928955,
        -13.200528144836426,
        -13.232525825500488,
        -13.21513843536377,
        -13.26538372039795,
        -13.208693504333496,
        -13.25465202331543,
        -13.225447654724121,
        -13.182074546813965,
        -13.261104583740234,
        -13.24532413482666,
        -13.259495735168457,
        -13.274759292602539,
        -13.321105003356934,
        -13.293364524841309,
        -13.307899475097656,
        -13.377971649169922,
        -13.328143119812012,
        -13.364412307739258,
        -13.363388061523438,
        -13.409541130065918,
        -13.362558364868164,
        -13.352066993713379,
        -13.36979866027832,
        -13.370345115661621,
        -13.392304420471191,
        -13.421669006347656,
        -13.448412895202637,
        -13.421358108520508,
        -13.230847358703613,
        -13.451420783996582,
        -13.470425605773926,
        -13.400566101074219,
        -13.408120155334473,
        -13.466800689697266,
        -13.442426681518555,
        -13.484760284423828,
        -13.46409797668457,
        -13.837921142578125,
        -13.882564544677734,
        -13.887084007263184,
        -13.892643928527832,
        -13.902884483337402,
        -13.904080390930176,
        -13.909296989440918,
        -13.907268524169922,
        -13.908651351928711,
        -13.918998718261719
    ],