{
    "run_n":7,
    "run_seed":721,
    "ndims":16,
    "nsamples":100000,
    "correlation":"corr",
    "nbijectors":5,
    "bijector":"CsplineN",
    "spline_knots":12,
    "range_min":-16,
    "hidden_layers":"256-256-256",
    "batch_size":512,
    "activation":"relu",
    "eps_regulariser":0,
    "regulariser":null,
    "dist_seed":0,
    "test_seed":0,
    "ks_mean":0.0742980074961888,
    "ks_std":0.1866546458572692,
    "ad_mean":0.041826729541264415,
    "ad_std":0.08680706707252765,
    "wd_mean":0.06054251537992429,
    "wd_std":0.0310018025609898,
    "swd_mean":0.060217461038904165,
    "swd_std":0.031643750911034135,
    "fn_mean":0.7379131403136311,
    "fn_std":0.14174222727381114,
    "epochs_input":1000,
    "epochs_output":88,
    "time":3010.760602051043,
    "train_loss_history":[
        27.176414489746094,
        8.982036590576172,
        7.372786521911621,
        6.906757354736328,
        6.46594762802124,
        6.433499336242676,
        6.1954545974731445,
        5.930891036987305,
        5.954836845397949,
        5.86197566986084,
        5.838134765625,
        5.869746685028076,
        5.618817329406738,
        5.685908794403076,
        5.680687427520752,
        5.577080249786377,
        5.556511402130127,
        5.479715824127197,
        5.448030471801758,
        5.560388088226318,
        5.428099632263184,
        5.494902610778809,
        5.378818988800049,
        5.427404880523682,
        5.400441646575928,
        5.350656032562256,
        5.344847202301025,
        5.352734088897705,
        5.3304595947265625,
        5.243945121765137,
        5.38353967666626,
        5.302581310272217,
        5.313480377197266,
        5.248964309692383,
        5.221938610076904,
        5.252891540527344,
        5.208859920501709,
        5.270791053771973,
        5.219943046569824,
        5.2152228355407715,
        5.168912887573242,
        5.16813325881958,
        5.14125394821167,
        5.165379524230957,
        5.144171714782715,
        5.097258567810059,
        5.125339984893799,
        5.100390434265137,
        5.069681167602539,
        5.0879693031311035,
        5.022052764892578,
        5.031315326690674,
        5.053481101989746,
        4.994192123413086,
        4.997810363769531,
        4.942541122436523,
        4.981555938720703,
        4.977351188659668,
        4.946532726287842,
        4.9425506591796875,
        4.931247234344482,
        4.892041206359863,
        4.952250957489014,
        4.865644931793213,
        4.871449947357178,
        4.835723876953125,
        4.80817985534668,
        4.789762496948242,
        4.8126540184021,
        4.791268348693848,
        4.77898645401001,
        4.738235950469971,
        4.785179138183594,
        4.744931221008301,
        4.708648681640625,
        4.738386631011963,
        4.681230545043945,
        4.655109882354736,
        4.25261926651001,
        4.142358779907227,
        4.0996599197387695,
        4.0756330490112305,
        4.048160552978516,
        4.026625633239746,
        3.9964277744293213,
        3.9767205715179443,
        3.953923225402832,
        3.9459168910980225
    ],
    "val_loss_history":[
        9.49578857421875,
        8.363688468933105,
        6.626633644104004,
        6.154438018798828,
        6.369348049163818,
        6.112405300140381,
        5.98874568939209,
        5.793246269226074,
        5.968732833862305,
        5.802123546600342,
        5.882862567901611,
        5.604593276977539,
        5.932852268218994,
        5.5209784507751465,
        5.838716983795166,
        5.461669445037842,
        5.759154319763184,
        6.261502742767334,
        5.4956464767456055,
        5.478725433349609,
        5.714494705200195,
        5.750777244567871,
        5.45667028427124,
        5.665065288543701,
        5.617087364196777,
        5.4433512687683105,
        5.73397970199585,
        5.378605842590332,
        5.519501209259033,
        5.568957805633545,
        5.705506801605225,
        5.581645488739014,
        5.421066761016846,
        5.586735725402832,
        5.5851593017578125,
        5.465755939483643,
        5.433496952056885,
        5.47661018371582,
        5.432398319244385,
        5.431286811828613,
        5.500673294067383,
        5.4733686447143555,
        5.50311279296875,
        5.524580001831055,
        5.472658634185791,
        5.426296234130859,
        5.586113452911377,
        5.468621253967285,
        5.45131254196167,
        5.464600086212158,
        5.519641876220703,
        5.642051696777344,
        5.559493064880371,
        5.5335283279418945,
        5.4785356521606445,
        5.541463851928711,
        5.5845232009887695,
        5.594666004180908,
        5.545353412628174,
        5.555667877197266,
        5.653732776641846,
        5.867086887359619,
        5.711394309997559,
        5.622134208679199,
        5.7712225914001465,
        5.592029571533203,
        5.694331169128418,
        5.678508758544922,
        5.797545909881592,
        5.740963935852051,
        5.850409507751465,
        5.705620765686035,
        5.802891254425049,
        5.688248634338379,
        5.780190944671631,
        5.830297470092773,
        5.811976909637451,
        5.789379119873047,
        5.930721282958984,
        6.031904220581055,
        6.091574668884277,
        6.192152976989746,
        6.238973140716553,
        6.302807331085205,
        6.36604118347168,
        6.369772434234619,
        6.413062572479248,
        6.4607319831848145
    ],
    "best_train_loss":5.352734088897705,
    "best_val_loss":5.378605842590332,
    "best_epoch":27
}