{
    "run_n":7,
    "run_seed":721,
    "ndims":16,
    "nsamples":100000,
    "correlation":"corr",
    "nbijectors":5,
    "bijector":"CsplineN",
    "spline_knots":8,
    "range_min":-16,
    "hidden_layers":"128-128-128",
    "batch_size":512,
    "activation":"relu",
    "eps_regulariser":0,
    "regulariser":null,
    "dist_seed":0,
    "test_seed":0,
    "kl_divergence":-1,
    "ks_test_mean":0.42944415941016395,
    "ks_test_median":0.4517433623813647,
    "ad_test_mean":0.2051959161565876,
    "ad_test_median":0.1963631350039211,
    "Wasserstein_median":0.018198312355805296,
    "Wasserstein_mean":0.018198312355805296,
    "frob_norm":0.19926340942693044,
    "epochs_input":1000,
    "epochs_output":147,
    "time":2947.1807242049836,
    "train_loss_history":[
        33.13282012939453,
        9.236335754394531,
        7.737515926361084,
        7.114391803741455,
        6.759603977203369,
        6.37526273727417,
        6.2952961921691895,
        6.1830291748046875,
        6.050740718841553,
        5.932847499847412,
        5.93105936050415,
        5.875117778778076,
        5.837292671203613,
        5.8465399742126465,
        5.858762741088867,
        5.729644298553467,
        5.672797203063965,
        5.649583339691162,
        5.670555591583252,
        5.641606330871582,
        5.657688140869141,
        5.558073043823242,
        5.568788528442383,
        5.531692028045654,
        5.57308292388916,
        5.5512895584106445,
        5.546726703643799,
        5.560864448547363,
        5.491540431976318,
        5.46804666519165,
        5.493208408355713,
        5.468274116516113,
        5.494010925292969,
        5.454206466674805,
        5.448084354400635,
        5.439591884613037,
        5.4202752113342285,
        5.393442153930664,
        5.3759589195251465,
        5.387786388397217,
        5.396952152252197,
        5.354849815368652,
        5.339841365814209,
        5.343640327453613,
        5.354578495025635,
        5.354089260101318,
        5.34177827835083,
        5.340856075286865,
        5.302168846130371,
        5.321436405181885,
        5.30338191986084,
        5.302585601806641,
        5.267132759094238,
        5.30212926864624,
        5.301069736480713,
        5.267513751983643,
        5.238051414489746,
        5.226370334625244,
        5.258435249328613,
        5.246346950531006,
        5.250232219696045,
        5.248448371887207,
        5.250570774078369,
        5.225827217102051,
        5.219808101654053,
        5.18993616104126,
        5.215006351470947,
        5.1967997550964355,
        5.213975429534912,
        5.216944694519043,
        5.181473255157471,
        5.175268173217773,
        5.169313430786133,
        5.1645050048828125,
        5.155909538269043,
        5.16364049911499,
        5.158507823944092,
        5.141930103302002,
        5.147734642028809,
        5.1801958084106445,
        5.163794994354248,
        5.087350368499756,
        5.104247093200684,
        5.117471218109131,
        5.133877754211426,
        5.100571155548096,
        4.854438781738281,
        4.828154563903809,
        4.817245960235596,
        4.8126540184021,
        4.8060221672058105,
        4.801969051361084,
        4.796599388122559,
        4.797642230987549,
        4.791240692138672,
        4.788724899291992,
        4.783904075622559,
        4.793354511260986,
        4.786563873291016,
        4.778181076049805,
        4.778014659881592,
        4.77388334274292,
        4.776234149932861,
        4.768649101257324,
        4.761908531188965,
        4.767152786254883,
        4.765817642211914,
        4.753480434417725,
        4.746771812438965,
        4.743541717529297,
        4.73496150970459,
        4.742953777313232,
        4.749998569488525,
        4.7297186851501465,
        4.733468532562256,
        4.722400665283203,
        4.7241034507751465,
        4.723834991455078,
        4.722311973571777,
        4.717816352844238,
        4.710524559020996,
        4.7081732749938965,
        4.701150894165039,
        4.704383850097656,
        4.708749294281006,
        4.692787170410156,
        4.690652847290039,
        4.697504997253418,
        4.685441970825195,
        4.682893753051758,
        4.6737165451049805,
        4.679825782775879,
        4.681903839111328,
        4.670971393585205,
        4.668216705322266,
        4.66904878616333,
        4.653080463409424,
        4.577528953552246,
        4.568039417266846,
        4.563816547393799,
        4.562902450561523,
        4.56263542175293,
        4.561502456665039,
        4.563239097595215,
        4.559584617614746,
        4.558028697967529,
        4.556821823120117
    ],