{
    "run_n":21,
    "run_seed":0,
    "ndims":100,
    "nsamples":100000,
    "correlation":"corr",
    "nbijectors":2,
    "bijector":"MsplineN",
    "spline_knots":8,
    "range_min":-16,
    "hidden_layers":"128-128-128",
    "batch_size":512,
    "activation":"relu",
    "eps_regulariser":0,
    "regulariser":null,
    "dist_seed":0,
    "test_seed":0,
    "kl_divergence":-1,
    "ks_test_mean":0.45219758870213,
    "ks_test_median":0.46688705059201197,
    "ad_test_mean":0.2044587427612059,
    "ad_test_median":0.2019271497173854,
    "Wasserstein_median":0.05211574786098625,
    "Wasserstein_mean":0.05211574786098625,
    "frob_norm":1.4983003358425129,
    "epochs_input":1000,
    "epochs_output":219,
    "time":1174.8416780666448,
    "train_loss_history":[
        200.6884765625,
        55.90547561645508,
        48.913246154785156,
        46.7645378112793,
        45.42903518676758,
        44.764976501464844,
        44.170372009277344,
        43.62443161010742,
        43.42072677612305,
        43.346736907958984,
        42.827842712402344,
        42.749900817871094,
        42.55430603027344,
        42.14547348022461,
        42.136375427246094,
        42.16598129272461,
        41.898860931396484,
        41.749534606933594,
        41.62168884277344,
        41.646846771240234,
        41.672237396240234,
        41.65110397338867,
        41.47613525390625,
        41.33750534057617,
        41.56856918334961,
        41.44856262207031,
        41.23587417602539,
        41.30030822753906,
        41.169952392578125,
        41.21687698364258,
        41.26607131958008,
        41.166259765625,
        41.07857131958008,
        41.14909362792969,
        41.06094741821289,
        41.04314422607422,
        41.0613899230957,
        41.03211975097656,
        41.07433319091797,
        40.904869079589844,
        40.95756912231445,
        40.94626998901367,
        40.96943283081055,
        40.90403747558594,
        40.90618896484375,
        40.85295867919922,
        40.83836364746094,
        40.8408203125,
        40.85861587524414,
        40.90129089355469,
        40.82417678833008,
        40.813758850097656,
        40.81689453125,
        40.769615173339844,
        40.772987365722656,
        40.77592086791992,
        40.74061965942383,
        40.7678108215332,
        40.769527435302734,
        40.68266296386719,
        40.72401428222656,
        40.712703704833984,
        40.76350021362305,
        40.64375686645508,
        40.69209289550781,
        40.66030502319336,
        40.62392807006836,
        40.630943298339844,
        40.685028076171875,
        40.5975341796875,
        40.630062103271484,
        40.62858581542969,
        40.60916519165039,
        40.6080207824707,
        40.563961029052734,
        40.51529312133789,
        40.62908172607422,
        40.543766021728516,
        40.605506896972656,
        40.57509994506836,
        40.56340789794922,
        40.56221389770508,
        40.518367767333984,
        40.515869140625,
        40.49479293823242,
        40.55188751220703,
        40.50519561767578,
        40.48515701293945,
        40.55252456665039,
        40.478485107421875,
        40.51039505004883,
        40.418983459472656,
        40.460941314697266,
        40.50108337402344,
        40.420413970947266,
        40.48451232910156,
        40.42927169799805,
        40.47356033325195,
        40.44700622558594,
        40.38623046875,
        40.399845123291016,
        40.41634750366211,
        40.44548416137695,
        40.395111083984375,
        40.41402053833008,
        40.364837646484375,
        40.38722229003906,
        40.38357162475586,
        40.345436096191406,
        40.33659362792969,
        40.34984588623047,
        40.37368392944336,
        40.32273483276367,
        40.32878875732422,
        40.37166213989258,
        40.327335357666016,
        40.345359802246094,
        40.30618667602539,
        40.29869842529297,
        40.35203170776367,
        40.32355499267578,
        40.298885345458984,
        40.29824447631836,
        40.30612564086914,
        40.308502197265625,
        40.2767219543457,
        40.272682189941406,
        40.291770935058594,
        40.261287689208984,
        40.26214599609375,
        40.27326583862305,
        40.24787902832031,
        40.23197937011719,
        40.254581451416016,
        40.23208236694336,
        40.2324333190918,
        40.256591796875,
        40.22550964355469,
        40.224857330322266,
        40.191253662109375,
        40.193660736083984,
        40.21273422241211,
        40.20054244995117,
        40.24324417114258,
        40.21846008300781,
        40.171363830566406,
        40.20258331298828,
        40.16567611694336,
        40.18777084350586,
        40.163143157958984,
        40.193756103515625,
        40.17245864868164,
        40.176422119140625,
        40.188819885253906,
        40.133819580078125,
        40.138919830322266,
        40.15054702758789,
        40.156795501708984,
        39.71289825439453,
        39.67451095581055,
        39.6778450012207,
        39.67891311645508,
        39.67885208129883,
        39.67216110229492,
        39.68397903442383,
        39.6773681640625,
        39.68400955200195,
        39.6819953918457,
        39.68387985229492,
        39.68524169921875,
        39.687320709228516,
        39.684913635253906,
        39.67611312866211,
        39.688720703125,
        39.689205169677734,
        39.675174713134766,
        39.688201904296875,
        39.68413162231445,
        39.678524017333984,
        39.676700592041016,
        39.67744064331055,
        39.68874740600586,
        39.67715072631836,
        39.6717529296875,
        39.680198669433594,
        39.68224334716797,
        39.670867919921875,
        39.67311477661133,
        39.66243362426758,
        39.66501998901367,
        39.667354583740234,
        39.67292785644531,
        39.664581298828125,
        39.67005157470703,
        39.6648063659668,
        39.665836334228516,
        39.67558670043945,
        39.67048263549805,
        39.66114044189453,
        39.670108795166016,
        39.65482711791992,
        39.665855407714844,
        39.663516998291016,
        39.65961456298828,
        39.655338287353516,
        39.654808044433594,
        39.657535552978516,
        39.65861511230469,
        39.647254943847656,
        39.54479217529297,
        39.53361129760742,
        39.53526306152344,
        39.53375244140625,
        39.53491973876953,
        39.53369140625,
        39.534297943115234,
        39.53118896484375,
        39.53577423095703,
        39.53139114379883
    ],