{
    "run_n":5,
    "run_seed":520,
    "ndims":400,
    "nsamples":100000,
    "correlation":"corr",
    "nbijectors":10,
    "bijector":"RealNVPN",
    "spline_knots":8,
    "range_min":-5,
    "hidden_layers":"128-128-128",
    "batch_size":256,
    "activation":"relu",
    "eps_regulariser":0,
    "regulariser":null,
    "dist_seed":0,
    "test_seed":0,
    "ks_mean":0.17314119006349188,
    "ks_std":0.22829433803145505,
    "ad_mean":0.08614335063287265,
    "ad_std":0.09746843119596829,
    "wd_mean":0.048777823694079805,
    "wd_std":0.032724576109810125,
    "swd_mean":0.048750506493291074,
    "swd_std":0.0257317693327584,
    "fn_mean":20.355170105996866,
    "fn_std":3.2071651780714587,
    "epochs_input":1000,
    "epochs_output":343,
    "time":4165.701273744984,
    "train_loss_history":[
        150483.671875,
        715.40283203125,
        479.7879943847656,
        413.9871520996094,
        384.2415466308594,
        365.4783020019531,
        352.1755676269531,
        341.2940979003906,
        332.0645751953125,
        324.2878723144531,
        317.6117858886719,
        311.55584716796875,
        306.38909912109375,
        301.3117370605469,
        296.6135559082031,
        292.1023254394531,
        288.1001281738281,
        284.25579833984375,
        280.7925109863281,
        277.1811218261719,
        274.03179931640625,
        271.0409851074219,
        267.90191650390625,
        264.70892333984375,
        262.375244140625,
        259.1972961425781,
        256.6289367675781,
        253.74148559570312,
        251.63482666015625,
        249.21266174316406,
        246.95172119140625,
        244.63832092285156,
        242.60028076171875,
        241.30426025390625,
        238.91690063476562,
        236.81947326660156,
        236.0065155029297,
        233.5030059814453,
        232.26742553710938,
        230.37631225585938,
        228.78721618652344,
        226.98428344726562,
        226.29502868652344,
        223.85089111328125,
        223.02340698242188,
        222.1724395751953,
        219.4312744140625,
        218.90496826171875,
        217.47952270507812,
        214.92848205566406,
        216.46214294433594,
        212.53170776367188,
        211.60421752929688,
        212.9586181640625,
        209.96156311035156,
        215.02235412597656,
        208.338623046875,
        206.6729736328125,
        206.97630310058594,
        205.73426818847656,
        449.392578125,
        289.9063720703125,
        234.52027893066406,
        223.37982177734375,
        216.99209594726562,
        213.01063537597656,
        210.13414001464844,
        207.6614532470703,
        205.97889709472656,
        204.3037872314453,
        203.03125,
        202.32772827148438,
        201.5705108642578,
        200.9597930908203,
        201.28854370117188,
        199.0724639892578,
        199.11289978027344,
        490.726806640625,
        238.95086669921875,
        221.50143432617188,
        214.06455993652344,
        209.6136474609375,
        206.59555053710938,
        204.44570922851562,
        203.02923583984375,
        201.5498504638672,
        200.59231567382812,
        199.64486694335938,
        198.42356872558594,
        198.4346466064453,
        197.45606994628906,
        198.11965942382812,
        196.08984375,
        196.72525024414062,
        230.80685424804688,
        196.76126098632812,
        195.72744750976562,
        195.93739318847656,
        194.43357849121094,
        194.0987091064453,
        194.67767333984375,
        198.06216430664062,
        192.9452667236328,
        193.62242126464844,
        192.78948974609375,
        404.0092468261719,
        217.15451049804688,
        207.5240020751953,
        203.6602783203125,
        200.26339721679688,
        199.03619384765625,
        197.60421752929688,
        197.00997924804688,
        196.1526641845703,
        195.46717834472656,
        195.1296844482422,
        196.791259765625,
        193.98353576660156,
        194.16744995117188,
        193.64840698242188,
        193.5389862060547,
        193.38426208496094,
        193.29725646972656,
        302.4043273925781,
        209.22328186035156,
        204.02725219726562,
        201.29254150390625,
        199.9966278076172,
        198.6238555908203,
        197.6106414794922,
        196.8663787841797,
        196.54995727539062,
        196.4561309814453,
        194.98016357421875,
        195.9776611328125,
        194.39862060546875,
        194.0770263671875,
        193.92361450195312,
        193.72816467285156,
        193.4431915283203,
        193.38735961914062,
        193.88543701171875,
        192.7147674560547,
        192.72177124023438,
        192.6502685546875,
        288.5244445800781,
        207.9601593017578,
        201.54055786132812,
        198.6697540283203,
        196.82484436035156,
        196.17750549316406,
        195.02749633789062,
        194.35568237304688,
        194.41812133789062,
        193.88719177246094,
        194.09523010253906,
        192.7978515625,
        193.02442932128906,
        192.4700469970703,
        192.18736267089844,
        191.68731689453125,
        211.63404846191406,
        196.25393676757812,
        192.1077880859375,
        191.87281799316406,
        191.6864013671875,
        191.10008239746094,
        191.0143280029297,
        192.5507354736328,
        190.205810546875,
        190.9651641845703,
        189.84422302246094,
        190.3448486328125,
        190.568603515625,
        189.01812744140625,
        192.26593017578125,
        188.48025512695312,
        188.74282836914062,
        189.2409210205078,
        188.38473510742188,
        188.4060516357422,
        188.15362548828125,
        314.32958984375,
        266.3065490722656,
        209.15750122070312,
        203.732421875,
        200.97665405273438,
        198.78726196289062,
        196.9639129638672,
        195.74574279785156,
        445.3320617675781,
        217.8972930908203,
        208.05624389648438,
        204.19345092773438,
        201.94027709960938,
        200.08326721191406,
        198.6602325439453,
        197.1223907470703,
        196.144287109375,
        195.93096923828125,
        198.93772888183594,
        193.69601440429688,
        193.8358154296875,
        194.55453491210938,
        193.2548065185547,
        193.3418426513672,
        192.58351135253906,
        192.45274353027344,
        192.01321411132812,
        192.15765380859375,
        191.98080444335938,
        264.4788513183594,
        201.42147827148438,
        196.63829040527344,
        194.400146484375,
        193.6810760498047,
        192.92953491210938,
        194.3551788330078,
        192.2749786376953,
        192.0015411376953,
        191.9379119873047,
        192.33676147460938,
        201.0583038330078,
        191.11659240722656,
        190.7932891845703,
        190.58900451660156,
        190.44464111328125,
        190.64585876464844,
        190.11119079589844,
        190.2910919189453,
        189.87522888183594,
        189.6258087158203,
        186.58859252929688,
        186.44293212890625,
        186.38641357421875,
        186.35952758789062,
        186.3056182861328,
        186.27703857421875,
        186.2055206298828,
        186.14732360839844,
        186.13429260253906,
        186.09811401367188,
        186.07550048828125,
        186.04116821289062,
        185.93353271484375,
        185.7698974609375,
        185.83645629882812,
        185.69483947753906,
        185.63186645507812,
        185.576416015625,
        185.7421417236328,
        185.3929443359375,
        185.31838989257812,
        185.2613525390625,
        185.204345703125,
        185.10848999023438,
        185.03643798828125,
        184.99002075195312,
        184.9326629638672,
        184.88369750976562,
        184.9755096435547,
        184.7196502685547,
