{
    "run_n":18,
    "run_seed":0,
    "ndims":64,
    "nsamples":100000,
    "correlation":"corr",
    "nbijectors":5,
    "bijector":"MAFN",
    "spline_knots":8,
    "range_min":-16,
    "hidden_layers":"256-256-256",
    "batch_size":512,
    "activation":"relu",
    "eps_regulariser":0,
    "regulariser":null,
    "dist_seed":0,
    "test_seed":0,
    "kl_divergence":-1,
    "ks_test_mean":0.040308890249473976,
    "ks_test_median":0.012325687436886373,
    "ad_test_mean":0.0015840260871187997,
    "ad_test_median":0.0068343888804811,
    "Wasserstein_median":0.030511886622230262,
    "Wasserstein_mean":0.030511886622230262,
    "frob_norm":1.402601100017493,
    "epochs_input":1000,
    "epochs_output":190,
    "time":474.6406558919698,
    "train_loss_history":[
        117.78643035888672,
        26.444013595581055,
        199.0807647705078,
        15.285118103027344,
        8.796256065368652,
        2.812251567840576,
        0.9154181480407715,
        1.9639497995376587,
        -0.2407756745815277,
        -1.1147243976593018,
        -2.577624797821045,
        -3.5189640522003174,
        -4.009334564208984,
        -2.672506093978882,
        -4.06796932220459,
        -2.656559944152832,
        -4.415657997131348,
        -4.609238624572754,
        -3.050809860229492,
        -4.882449150085449,
        -1.914070725440979,
        -4.854574203491211,
        -5.319940090179443,
        -4.8562092781066895,
        -5.172483444213867,
        -2.890678882598877,
        -5.752835750579834,
        -4.277566909790039,
        -5.647928714752197,
        -4.019047737121582,
        -6.0810866355896,
        -4.422635555267334,
        -4.867430686950684,
        -5.792652606964111,
        -4.828013896942139,
        -6.006674289703369,
        -3.818593740463257,
        -4.952487468719482,
        -5.805966854095459,
        -5.543248653411865,
        -5.994687080383301,
        -4.438960075378418,
        -4.25456428527832,
        -6.356627464294434,
        -6.17637825012207,
        -4.990196228027344,
        -5.889618396759033,
        -5.533014297485352,
        -5.022226333618164,
        -4.646846771240234,
        -6.273992538452148,
        -5.6316237449646,
        -6.007024765014648,
        -5.971593379974365,
        -5.933683395385742,
        -3.3515260219573975,
        -3.827051877975464,
        -6.79149866104126,
        -5.912501811981201,
        -4.956287860870361,
        -6.266199111938477,
        -5.492400646209717,
        -6.135857105255127,
        -3.9674344062805176,
        -5.845339298248291,
        -4.598162651062012,
        -5.255305767059326,
        -6.734076976776123,
        -5.103643894195557,
        -6.999310493469238,
        -6.334310054779053,
        -6.288923740386963,
        -6.275149345397949,
        -6.296777725219727,
        -5.607207775115967,
        -6.165769577026367,
        -6.0211100578308105,
        -5.047842025756836,
        -6.299133777618408,
        -7.151069164276123,
        -6.262988090515137,
        -6.543088436126709,
        -6.6822123527526855,
        -6.500314712524414,
        2.2855379581451416,
        -2.9922497272491455,
        -5.225345611572266,
        -6.300496578216553,
        -6.920058250427246,
        -6.336674690246582,
        -6.935553550720215,
        -5.992241859436035,
        -6.62650728225708,
        -6.449629783630371,
        -6.961024761199951,
        -5.28431510925293,
        -7.081146717071533,
        -7.392317295074463,
        -5.859517574310303,
        -7.362423896789551,
        -6.862919330596924,
        -6.564018249511719,
        -7.995993614196777,
        -7.574733257293701,
        -8.207066535949707,
        -7.0648417472839355,
        -7.66444206237793,
        -8.410943984985352,
        -5.309201717376709,
        -6.434528827667236,
        -7.410155296325684,
        -8.123202323913574,
        -8.336206436157227,
        -8.755522727966309,
        -7.988703727722168,
        -8.376240730285645,
        -7.471824645996094,
        -8.600042343139648,
        -8.752946853637695,
        -8.304020881652832,
        -8.263300895690918,
        -7.940343856811523,
        -7.298255920410156,
        -8.850631713867188,
        -9.174103736877441,
        -8.689409255981445,
        -8.013644218444824,
        -9.081710815429688,
        -8.465286254882812,
        -9.167325973510742,
        NaN,
        NaN,
        NaN,
        NaN,
        NaN,
        NaN,
        NaN,
        NaN,
        NaN,
        NaN,
        NaN,
        NaN,
        NaN,
        NaN,
        NaN,
        NaN,
        NaN,
        NaN,
        NaN,
        NaN,
        NaN,
        NaN,
        NaN,
        NaN,
        NaN,
        NaN,
        NaN,
        NaN,
        NaN,
        NaN,
        NaN,
        NaN,
        NaN,
        NaN,
        NaN,
        NaN,
        NaN,
        NaN,
        NaN,
        NaN,
        NaN,
        NaN,
        NaN,
        NaN,
        NaN,
        NaN,
        NaN,
        NaN,
        NaN,
        NaN,
        NaN,
        NaN,
        NaN,
        NaN,
        NaN,
        NaN,
        NaN,
        NaN,
        NaN,
        NaN
    ],