{
    "run_n":38,
    "run_seed":0,
    "ndims":32,
    "nsamples":100000,
    "correlation":"corr",
    "nbijectors":5,
    "bijector":"CsplineN",
    "spline_knots":8,
    "range_min":-16,
    "hidden_layers":"256-256-256",
    "batch_size":512,
    "activation":"relu",
    "eps_regulariser":0,
    "regulariser":null,
    "dist_seed":0,
    "test_seed":0,
    "kl_divergence":-1,
    "ks_test_mean":0.20950622462298282,
    "ks_test_median":0.20595006250847456,
    "ad_test_mean":0.0598035775579777,
    "ad_test_median":0.0831137852129915,
    "Wasserstein_median":0.015183694656237721,
    "Wasserstein_mean":0.015183694656237721,
    "frob_norm":0.5713143615596818,
    "epochs_input":1000,
    "epochs_output":193,
    "time":4395.997112458572,
    "train_loss_history":[
        452.1207275390625,
        45.93451690673828,
        26.617467880249023,
        16.429590225219727,
        8.343672752380371,
        8.174205780029297,
        3.685591697692871,
        0.2076425850391388,
        0.15383751690387726,
        -2.098478078842163,
        -1.9214390516281128,
        -2.5735268592834473,
        -3.13748836517334,
        -3.505617618560791,
        -3.358708381652832,
        -4.03787088394165,
        -4.3367486000061035,
        -4.654449939727783,
        -4.8412861824035645,
        -5.479156970977783,
        -5.6159348487854,
        -4.882532596588135,
        -5.951657772064209,
        -5.464390277862549,
        -5.168551445007324,
        -5.255300521850586,
        -6.245057106018066,
        -5.863165855407715,
        -5.103913307189941,
        -5.976297855377197,
        -6.430185794830322,
        -6.235325336456299,
        -6.874233245849609,
        -6.704570770263672,
        -7.228035926818848,
        -6.7819952964782715,
        -6.392572402954102,
        -6.0701775550842285,
        -7.433885097503662,
        -7.069479465484619,
        -7.72235107421875,
        -7.177133560180664,
        -6.776045322418213,
        -7.758214950561523,
        -7.938248157501221,
        -7.523220539093018,
        -7.801376819610596,
        -6.982855319976807,
        -8.02644157409668,
        -7.298725605010986,
        -7.391353130340576,
        -7.831323146820068,
        -7.156942367553711,
        -8.353320121765137,
        -7.987188339233398,
        -8.337334632873535,
        -8.721959114074707,
        -7.218505382537842,
        -8.86338996887207,
        -8.772042274475098,
        -7.424919128417969,
        -8.318181037902832,
        -8.230615615844727,
        -8.688435554504395,
        -8.97157096862793,
        -8.86841106414795,
        -8.914101600646973,
        -8.616724014282227,
        -8.965693473815918,
        -9.263640403747559,
        -9.446084976196289,
        -9.218144416809082,
        -8.322419166564941,
        -9.246146202087402,
        -9.564120292663574,
        -9.630051612854004,
        -9.432690620422363,
        -9.6517915725708,
        -9.495829582214355,
        -9.071998596191406,
        -9.885672569274902,
        -9.702341079711914,
        -9.757059097290039,
        -9.492715835571289,
        -9.736881256103516,
        -9.677276611328125,
        -9.397077560424805,
        -9.892788887023926,
        -9.856476783752441,
        -10.129701614379883,
        -9.842182159423828,
        -9.06623649597168,
        -9.704448699951172,
        -10.021323204040527,
        -10.356961250305176,
        -9.725658416748047,
        -10.041029930114746,
        -10.205035209655762,
        -10.416462898254395,
        -10.368513107299805,
        -10.114898681640625,
        -9.968128204345703,
        -10.323719024658203,
        -10.568037986755371,
        -9.506397247314453,
        -10.656951904296875,
        -10.262886047363281,
        -10.356075286865234,
        -10.641797065734863,
        -10.534762382507324,
        -10.578675270080566,
        -10.249125480651855,
        -10.781488418579102,
        -10.677762031555176,
        -10.328705787658691,
        -10.81769847869873,
        -10.675105094909668,
        -10.900797843933105,
        -10.692659378051758,
        -10.734953880310059,
        -10.871475219726562,
        -10.787525177001953,
        -10.751076698303223,
        -11.04588508605957,
        -10.44321060180664,
        -10.878695487976074,
        -11.145217895507812,
        -10.741411209106445,
        -11.044987678527832,
        -10.861481666564941,
        -11.208992004394531,
        -11.010354042053223,
        -10.977210998535156,
        -11.13916015625,
        -10.814740180969238,
        -11.03791618347168,
        -11.373991012573242,
        -11.380422592163086,
        -11.400452613830566,
        -11.188233375549316,
        -11.287036895751953,
        -11.411059379577637,
        -11.166962623596191,
        -11.516999244689941,
        -11.230742454528809,
        -11.458919525146484,
        -11.405829429626465,
        -11.322481155395508,
        -11.303497314453125,
        -11.401190757751465,
        -11.387078285217285,
        -11.665484428405762,
        -11.679478645324707,
        -11.606236457824707,
        -11.590861320495605,
        -11.742286682128906,
        -11.666873931884766,
        -11.663606643676758,
        -11.826263427734375,
        -11.649227142333984,
        -11.900189399719238,
        -11.571313858032227,
        -11.723382949829102,
        -11.73930835723877,
        -11.93631362915039,
        -11.749629020690918,
        -11.852039337158203,
        -11.5518217086792,
        -11.821531295776367,
        -11.93427562713623,
        -11.909955978393555,
        -11.972265243530273,
        -11.867157936096191,
        -12.050371170043945,
        -11.861800193786621,
        -11.883692741394043,
        -11.976766586303711,
        -12.094192504882812,
        -12.080763816833496,
        -12.039539337158203,
        -11.861621856689453,
        -12.063730239868164,
        -12.183685302734375,
        -13.409170150756836,
        -13.629286766052246,
        -13.6967191696167,
        -13.712536811828613,
        -13.743928909301758,
        -13.777095794677734,
        -13.776516914367676,
        -13.784469604492188,
        -13.811342239379883,
        -13.829021453857422
    ],