{
    "run_n":14,
    "run_seed":0,
    "ndims":8,
    "nsamples":100000,
    "correlation":"corr",
    "nbijectors":5,
    "bijector":"CsplineN",
    "spline_knots":8,
    "range_min":-16,
    "hidden_layers":"256-256-256",
    "batch_size":512,
    "activation":"relu",
    "eps_regulariser":0,
    "regulariser":null,
    "dist_seed":0,
    "test_seed":0,
    "kl_divergence":-1,
    "ks_test_mean":0.25804587936628653,
    "ks_test_median":0.25299036376996115,
    "ad_test_mean":0.14271350267783506,
    "ad_test_median":0.1372578848686123,
    "Wasserstein_median":0.07036612900392941,
    "Wasserstein_mean":0.07036612900392941,
    "frob_norm":0.12949495014873044,
    "epochs_input":1000,
    "epochs_output":205,
    "time":4555.4539638208225,
    "train_loss_history":[
        18.707651138305664,
        12.966462135314941,
        12.588857650756836,
        12.326045989990234,
        12.216196060180664,
        12.02908706665039,
        11.90125846862793,
        11.781659126281738,
        11.729032516479492,
        11.632061004638672,
        11.54883861541748,
        11.518342971801758,
        11.462666511535645,
        11.39427661895752,
        11.336288452148438,
        11.322151184082031,
        11.239028930664062,
        11.25314712524414,
        11.219685554504395,
        11.194746017456055,
        11.175888061523438,
        11.144200325012207,
        11.147553443908691,
        11.11251449584961,
        11.126541137695312,
        11.093287467956543,
        11.075273513793945,
        11.087376594543457,
        11.042272567749023,
        11.049731254577637,
        11.039108276367188,
        11.013067245483398,
        11.031702041625977,
        11.006553649902344,
        10.994139671325684,
        10.987979888916016,
        10.9617280960083,
        10.97493839263916,
        10.963772773742676,
        10.948206901550293,
        10.95487117767334,
        10.929823875427246,
        10.91814136505127,
        10.928674697875977,
        10.896028518676758,
        10.893712997436523,
        10.89071273803711,
        10.90038013458252,
        10.883697509765625,
        10.87933349609375,
        10.870467185974121,
        10.83731460571289,
        10.853372573852539,
        10.86512279510498,
        10.849030494689941,
        10.829493522644043,
        10.825736999511719,
        10.820603370666504,
        10.820377349853516,
        10.82956314086914,
        10.811539649963379,
        10.808493614196777,
        10.801915168762207,
        10.80273151397705,
        10.795340538024902,
        10.797016143798828,
        10.769582748413086,
        10.79161548614502,
        10.775809288024902,
        10.771526336669922,
        10.769858360290527,
        10.762205123901367,
        10.771708488464355,
        10.759556770324707,
        10.750104904174805,
        10.762754440307617,
        10.747113227844238,
        10.746335983276367,
        10.73131275177002,
        10.73323917388916,
        10.721586227416992,
        10.730264663696289,
        10.725903511047363,
        10.736506462097168,
        10.737577438354492,
        10.71626091003418,
        10.702580451965332,
        10.713095664978027,
        10.694008827209473,
        10.691376686096191,
        10.661840438842773,
        10.65401554107666,
        10.655346870422363,
        10.632914543151855,
        10.615643501281738,
        10.609182357788086,
        10.606870651245117,
        10.588896751403809,
        10.595664024353027,
        10.572265625,
        10.590414047241211,
        10.566411018371582,
        10.567999839782715,
        10.539517402648926,
        10.53111743927002,
        10.522979736328125,
        10.519169807434082,
        10.507911682128906,
        10.498851776123047,
        10.4888916015625,
        10.508696556091309,
        10.47319507598877,
        10.467118263244629,
        10.48218059539795,
        10.4592866897583,
        10.450440406799316,
        10.436631202697754,
        10.420660018920898,
        10.426910400390625,
        10.38930892944336,
        10.350083351135254,
        10.3343505859375,
        10.29339599609375,
        10.263413429260254,
        10.237253189086914,
        10.200726509094238,
        10.186805725097656,
        10.170004844665527,
        10.166825294494629,
        10.153414726257324,
        10.098392486572266,
        10.08383846282959,
        10.083186149597168,
        10.061726570129395,
        10.077285766601562,
        10.077418327331543,
        10.067943572998047,
        10.06029987335205,
        10.047834396362305,
        10.052136421203613,
        10.04963207244873,
        10.033140182495117,
        10.023298263549805,
        10.04411792755127,
        10.029720306396484,
        10.04656982421875,
        10.02170467376709,
        10.009608268737793,
        10.010725021362305,
        10.020197868347168,
        10.010171890258789,
        10.017313957214355,
        10.012567520141602,
        10.003045082092285,
        9.999984741210938,
        10.006564140319824,
        9.982409477233887,
        9.979999542236328,
        9.983850479125977,
        9.968981742858887,
        9.99079418182373,
        9.979565620422363,
        9.962879180908203,
        9.985173225402832,
        9.963324546813965,
        9.961115837097168,
        9.97279167175293,
        9.948322296142578,
        9.959030151367188,
        9.96634578704834,
        9.95081901550293,
        9.955296516418457,
        9.950654029846191,
        9.942595481872559,
        9.93508529663086,
        9.939043045043945,
        9.937623977661133,
        9.927468299865723,
        9.942142486572266,
        9.937333106994629,
        9.919204711914062,
        9.925850868225098,
        9.927863121032715,
        9.916934967041016,
        9.909156799316406,
        9.917214393615723,
        9.900896072387695,
        9.910953521728516,
        9.920795440673828,
        9.919357299804688,
        9.895285606384277,
        9.882993698120117,
        9.918856620788574,
        9.900842666625977,
        9.89865493774414,
        9.738162994384766,
        9.693212509155273,
        9.683328628540039,
        9.671126365661621,
        9.666119575500488,
        9.659127235412598,
        9.653158187866211,
        9.645790100097656,
        9.644092559814453,
        9.642244338989258
    ],