{
    "run_n":14,
    "run_seed":0,
    "ndims":32,
    "nsamples":100000,
    "correlation":"corr",
    "nbijectors":5,
    "bijector":"MAFN",
    "spline_knots":8,
    "range_min":-5,
    "hidden_layers":"256-256-256",
    "batch_size":512,
    "activation":"relu",
    "eps_regulariser":0,
    "regulariser":null,
    "dist_seed":0,
    "test_seed":0,
    "kl_divergence":-1,
    "ks_test_mean":0.045848122102842656,
    "ks_test_median":0.012291223641803892,
    "ad_test_mean":0.013343638040177495,
    "ad_test_median":0.02417251441474046,
    "Wasserstein_median":0.17174557511069938,
    "Wasserstein_mean":0.17174557511069938,
    "frob_norm":0.3816160504524267,
    "epochs_input":1000,
    "epochs_output":312,
    "time":803.6312430128455,
    "train_loss_history":[
        83.39244079589844,
        60.2274055480957,
        58.98289108276367,
        58.0283317565918,
        57.27665328979492,
        56.894290924072266,
        56.106689453125,
        55.46036148071289,
        54.85693359375,
        54.30430221557617,
        53.744972229003906,
        53.37423324584961,
        52.88121032714844,
        52.44203567504883,
        52.31281280517578,
        52.2967414855957,
        51.66786575317383,
        51.33235549926758,
        51.02718734741211,
        50.8489875793457,
        50.545501708984375,
        50.34284591674805,
        50.134883880615234,
        49.96195602416992,
        49.73160171508789,
        49.88728332519531,
        49.43307876586914,
        49.307899475097656,
        49.11741256713867,
        49.12324523925781,
        48.966243743896484,
        48.665428161621094,
        48.62060546875,
        48.37641525268555,
        48.561981201171875,
        48.230716705322266,
        48.46261978149414,
        50.131103515625,
        48.59226608276367,
        48.19200897216797,
        48.219051361083984,
        48.16980743408203,
        47.76271057128906,
        48.223960876464844,
        47.57170486450195,
        47.508094787597656,
        47.19248580932617,
        47.00669479370117,
        46.97965621948242,
        46.806827545166016,
        46.785369873046875,
        46.59209060668945,
        46.35999298095703,
        46.307167053222656,
        46.23810958862305,
        46.34743118286133,
        46.04235076904297,
        45.898841857910156,
        46.21233367919922,
        45.71747589111328,
        45.85481262207031,
        45.95622253417969,
        45.7739372253418,
        45.49512481689453,
        45.514835357666016,
        45.31144332885742,
        45.24333953857422,
        45.32231521606445,
        45.33479690551758,
        44.9661979675293,
        45.086830139160156,
        45.0516242980957,
        44.93282699584961,
        45.59889602661133,
        44.9909553527832,
        45.195980072021484,
        44.80379867553711,
        44.68974304199219,
        44.564857482910156,
        44.550235748291016,
        44.94441604614258,
        44.31175994873047,
        44.551673889160156,
        44.39259719848633,
        44.79766082763672,
        44.30933380126953,
        44.2264404296875,
        44.23569107055664,
        44.43366241455078,
        44.08612823486328,
        44.070533752441406,
        44.425697326660156,
        44.10417175292969,
        44.67274856567383,
        44.195045471191406,
        43.86600112915039,
        44.03444290161133,
        43.83005905151367,
        43.79304504394531,
        44.01105880737305,
        43.713111877441406,
        44.34739685058594,
        43.84114456176758,
        43.724178314208984,
        43.583473205566406,
        43.91992950439453,
        43.367916107177734,
        43.34345626831055,
        43.79692077636719,
        43.325843811035156,
        43.72771453857422,
        43.33076858520508,
        43.41386795043945,
        43.838016510009766,
        43.93802261352539,
        43.86621856689453,
        43.48076248168945,
        43.453128814697266,
        43.344688415527344,
        43.35519027709961,
        43.49589157104492,
        43.37822723388672,
        42.97798538208008,
        43.324180603027344,
        43.12986373901367,
        42.97311782836914,
        43.45687484741211,
        43.07939910888672,
        43.283233642578125,
        43.34064865112305,
        43.332183837890625,
        43.10306930541992,
        43.054256439208984,
        42.90544509887695,
        42.69175720214844,
        42.685367584228516,
        42.61378479003906,
        42.702579498291016,
        42.67131042480469,
        42.904685974121094,
        42.78200149536133,
        43.58802795410156,
        42.88135528564453,
        42.56492233276367,
        43.01481246948242,
        42.598175048828125,
        42.5134162902832,
        42.47908401489258,
        43.055641174316406,
        43.174503326416016,
        42.27008056640625,
        42.66770553588867,
        42.43999099731445,
        42.512794494628906,
        42.35887908935547,
        42.841217041015625,
        42.31142044067383,
        42.01456069946289,
        42.76898193359375,
        42.25794982910156,
        42.50909423828125,
        42.307891845703125,
        42.158905029296875,
        42.01191329956055,
        41.99089813232422,
        42.014190673828125,
        42.58207702636719,
        42.32197189331055,
        42.19575500488281,
        41.81326675415039,
        42.17683029174805,
        42.08527374267578,
        42.16390609741211,
        44.673458099365234,
        43.0338134765625,
        42.40998458862305,
        42.104103088378906,
        41.86798858642578,
        42.217796325683594,
        41.9157829284668,
        41.80617904663086,
        41.8838996887207,
        41.67204666137695,
        41.87980651855469,
        42.6649169921875,
        42.614078521728516,
        42.377418518066406,
        42.37473678588867,
        42.20171356201172,
        42.16178512573242,
        42.252986907958984,
        41.81843566894531,
        41.91474151611328,
        42.33072280883789,
        42.38127517700195,
        42.187660217285156,
        41.92079544067383,
        41.74263000488281,
        41.71731185913086,
        41.65364074707031,
        41.68734359741211,
        41.94032669067383,
        42.05577850341797,
        41.409820556640625,
        41.61884307861328,
        41.84186935424805,
        41.5237922668457,
        41.69412612915039,
        41.47333526611328,
        41.63089370727539,
        41.3741340637207,
        41.397979736328125,
        41.363548278808594,
        41.199424743652344,
        41.18451690673828,
        41.23127365112305,
        41.27321243286133,
        41.995784759521484,
        41.49992370605469,
        41.83367156982422,
        41.21974563598633,
        41.13066482543945,
        41.70332717895508,
        41.45804977416992,
        41.12677001953125,
        41.35106658935547,
        41.55801773071289,
        41.35579299926758,
        41.13639450073242,
        41.25132751464844,
        41.716617584228516,
        41.10942840576172,
        43.478214263916016,
        42.43214797973633,
        42.20942687988281,
        42.10942459106445,
        41.869529724121094,
        41.68355178833008,
        42.526397705078125,
        41.79643630981445,
        41.68671798706055,
        42.22499465942383,
        41.786563873291016,
        42.08924102783203,
        42.02890396118164,
        41.51179504394531,
        41.46157455444336,
        41.91797637939453,
        41.4187126159668,
        41.237735748291016,
        41.229679107666016,
        41.53801727294922,
        41.32903289794922,
        NaN,
        NaN,
        NaN,
        NaN,
        NaN,
        NaN,
        NaN,
        NaN,
        NaN,
        NaN,
        NaN,
        NaN,
        NaN,
        NaN,
        NaN,
        NaN,
        NaN,
        NaN,
        NaN,
        NaN,
        NaN,
        NaN,
        NaN,
        NaN,
        NaN,
        NaN,
