{
    "run_n":35,
    "run_seed":0,
    "ndims":16,
    "nsamples":100000,
    "correlation":"corr",
    "nbijectors":10,
    "bijector":"CsplineN",
    "spline_knots":12,
    "range_min":-16,
    "hidden_layers":"256-256-256",
    "batch_size":512,
    "activation":"relu",
    "eps_regulariser":0,
    "regulariser":null,
    "dist_seed":0,
    "test_seed":0,
    "kl_divergence":-1,
    "ks_test_mean":0.2858323992117916,
    "ks_test_median":0.2950820584779641,
    "ad_test_mean":0.11744335767042163,
    "ad_test_median":0.11653108585391479,
    "Wasserstein_median":0.01664765719082486,
    "Wasserstein_mean":0.01664765719082486,
    "frob_norm":0.20120075305245813,
    "epochs_input":1000,
    "epochs_output":116,
    "time":6031.340742904693,
    "train_loss_history":[
        38.20554733276367,
        8.664506912231445,
        6.1290130615234375,
        1.5897763967514038,
        0.34826722741127014,
        0.5224465131759644,
        0.05931903049349785,
        -0.060802992433309555,
        -0.13779579102993011,
        -0.2868044376373291,
        -0.4276675283908844,
        -0.35771432518959045,
        -0.5300876498222351,
        -0.5421163439750671,
        -0.5103188753128052,
        -0.49423906207084656,
        -0.479503333568573,
        -0.5507863759994507,
        -0.7882841229438782,
        -0.6131863594055176,
        -0.8580453991889954,
        -0.769216001033783,
        -0.7532599568367004,
        -0.7112091779708862,
        -0.8272842168807983,
        -0.7768046259880066,
        -0.798118531703949,
        -0.7274128794670105,
        -0.8448846340179443,
        -0.8589454293251038,
        -1.0056167840957642,
        -0.9270407557487488,
        -0.9388110637664795,
        -1.053795576095581,
        -0.9260015487670898,
        -0.9177073240280151,
        -0.968892514705658,
        -0.989037036895752,
        -0.9645249843597412,
        -1.087193489074707,
        -1.0872145891189575,
        -1.1731927394866943,
        -1.0986301898956299,
        -1.193770408630371,
        -1.1128963232040405,
        -1.225886583328247,
        -1.263277292251587,
        -1.0641753673553467,
        -1.1845659017562866,
        -1.2186429500579834,
        -1.2229806184768677,
        -1.2563642263412476,
        -1.2439574003219604,
        -1.2301098108291626,
        -1.2850104570388794,
        -1.5376267433166504,
        -1.398789644241333,
        -1.347408413887024,
        -1.4689258337020874,
        -1.4012218713760376,
        -1.4345089197158813,
        -1.4706988334655762,
        -1.4265457391738892,
        -1.4091869592666626,
        -1.490037202835083,
        -1.5482443571090698,
        -1.4853978157043457,
        -1.5161652565002441,
        -1.5655111074447632,
        -1.6477802991867065,
        -1.6203078031539917,
        -1.6827034950256348,
        -1.609603762626648,
        -1.7393629550933838,
        -1.6752386093139648,
        -1.755272626876831,
        -1.7934346199035645,
        -1.592720866203308,
        -1.8232002258300781,
        -1.825896978378296,
        -1.8632229566574097,
        -1.8480944633483887,
        -1.8937606811523438,
        -1.975806713104248,
        -1.923535704612732,
        -1.8923970460891724,
        -1.9476253986358643,
        -1.7110505104064941,
        -1.8977924585342407,
        -2.0709846019744873,
        -2.0862185955047607,
        -2.026336431503296,
        -2.1220476627349854,
        -2.070251941680908,
        -2.202363967895508,
        -1.9957352876663208,
        -2.2850277423858643,
        -2.1891028881073,
        -2.301539182662964,
        -2.288248062133789,
        -2.274324655532837,
        -2.2654874324798584,
        -2.2681503295898438,
        -2.4258975982666016,
        -2.4339494705200195,
        -2.390350580215454,
        -3.1247167587280273,
        -3.372206449508667,
        -3.4814085960388184,
        -3.554076671600342,
        -3.6069483757019043,
        -3.6609015464782715,
        -3.7147653102874756,
        -3.757056713104248,
        -3.800435781478882,
        -3.809788465499878
    ],
    "val_loss_history":[
        21.3276424407959,
        3.3617677688598633,
        1.4354934692382812,
        0.522041380405426,
        -0.07485079765319824,
        0.42171815037727356,
        0.24752041697502136,
        -0.5597501993179321,
        -0.3744850158691406,
        -0.6427298188209534,
        0.22774462401866913,
        -0.3643113374710083,
        -0.8004692196846008,
        -0.7524604201316833,
        -0.7273232340812683,
        1.4782309532165527,
        -0.6849145293235779,
        -0.7303057909011841,
        -0.9745174646377563,
        -0.6264104247093201,
        -0.4182024598121643,
        -0.17909179627895355,
        -0.8556182384490967,
        -0.5108310580253601,
        -0.8880613446235657,
        -0.9731261730194092,
        -0.4321291446685791,
        -1.0918954610824585,
        -0.9149668216705322,
        -0.5899143218994141,
        -0.3488767445087433,
        -1.1042234897613525,
        -0.7414082288742065,
        -0.7699525952339172,
        -1.1430810689926147,
        -0.3590176999568939,
        -0.6934614181518555,
        -1.1418324708938599,
        -0.9684171080589294,
        -1.0680426359176636,
        -0.6965658664703369,
        -1.1264814138412476,
        -1.1798062324523926,
        0.1308956891298294,
        -1.1825952529907227,
        -0.6229609251022339,
        -0.41141581535339355,
        -1.0501794815063477,
        -0.8180517554283142,
        -1.1898232698440552,
        -0.7793625593185425,
        -0.9660936594009399,
        -0.3277483284473419,
        -1.1782044172286987,
        -0.9639882445335388,
        -1.266186237335205,
        -1.189174771308899,
        -1.2496519088745117,
        -0.8587781190872192,
        -0.8702574968338013,
        -1.1583771705627441,
        -1.1960676908493042,
        -1.0373079776763916,
        -1.143994688987732,
        -0.48981863260269165,
        -0.8846266865730286,
        -1.0147053003311157,
        -1.1588006019592285,
        -0.8892051577568054,
        -0.8427985906600952,
        -0.7453848123550415,
        0.371776282787323,
        -1.058702826499939,
        -1.0435442924499512,
        -0.788261890411377,
        -0.9812604188919067,
        -0.9692481160163879,
        -0.7845267653465271,
        -0.6129809021949768,
        -0.644202470779419,
        -0.6341518759727478,
        -0.7405253648757935,
        -0.8024521470069885,
        -0.6154537796974182,
        -0.5858431458473206,
        -0.7664610743522644,
        -0.7777702212333679,
        -0.975581705570221,
        -0.6784284710884094,
        -0.8057188987731934,
        -0.8215416669845581,
        -0.8002548217773438,
        -0.71371990442276,
        -0.7532749176025391,
        -0.5853386521339417,
        -0.5105845928192139,
        0.029387982562184334,
        -0.37889164686203003,
        -0.5100509524345398,
        -0.5587220191955566,
        -0.46450501680374146,
        -0.6255964636802673,
        -0.50180983543396,
        -0.4398679733276367,
        -0.5491265058517456,
        -0.5149179697036743,
        0.09857358038425446,
        0.40459245443344116,
        0.7114315032958984,
        0.9102867841720581,
        1.2087851762771606,
        1.3120684623718262,
        1.5519568920135498,
        1.7961149215698242,
        2.0476698875427246,
        1.9462966918945312
    ],
    "best_train_loss":-1.5376267433166504,
    "best_val_loss":-1.266186237335205,
    "best_epoch":55
}