{
    "run_n":5,
    "run_seed":null,
    "ndims":100,
    "nsamples":100000,
    "correlation":"corr",
    "nbijectors":10,
    "bijector":"MAFN",
    "spline_knots":8,
    "range_min":-5,
    "hidden_layers":"256-256-256",
    "batch_size":512,
    "activation":"relu",
    "eps_regulariser":0,
    "regulariser":null,
    "dist_seed":0,
    "test_seed":0,
    "ks_mean":0.024886024282664884,
    "ks_std":0.08409326949125227,
    "ad_mean":0.019938629956867036,
    "ad_std":0.05174494491280244,
    "wd_mean":0.12331779338741924,
    "wd_std":0.06881891052835239,
    "swd_mean":0.11641208204144973,
    "swd_std":0.07529693799090516,
    "fn_mean":1.5934263120816072,
    "fn_std":0.2247908043263966,
    "epochs_input":1000,
    "epochs_output":349,
    "time":1904.4059859890258,
    "train_loss_history":[
        326.3106689453125,
        89.25296020507812,
        71.27648162841797,
        64.70355224609375,
        60.964393615722656,
        57.9766731262207,
        56.216896057128906,
        54.84099197387695,
        53.98653030395508,
        52.61281967163086,
        52.45645523071289,
        50.89841842651367,
        50.502044677734375,
        50.218265533447266,
        49.594482421875,
        49.337303161621094,
        48.72580337524414,
        48.507415771484375,
        48.13380813598633,
        47.74258804321289,
        48.302223205566406,
        47.625797271728516,
        47.555824279785156,
        47.26581573486328,
        47.676143646240234,
        46.880638122558594,
        47.65438461303711,
        46.92650604248047,
        46.50366973876953,
        46.20133972167969,
        46.255043029785156,
        46.1484260559082,
        46.17032241821289,
        46.69899368286133,
        46.053958892822266,
        45.58391189575195,
        45.92800521850586,
        45.7495231628418,
        45.772483825683594,
        45.635948181152344,
        46.143741607666016,
        45.19887161254883,
        45.512115478515625,
        45.194976806640625,
        44.886383056640625,
        45.15631866455078,
        45.81385040283203,
        45.27054214477539,
        45.59675216674805,
        45.01423645019531,
        44.7948112487793,
        45.835960388183594,
        44.928619384765625,
        44.556880950927734,
        44.662235260009766,
        44.80467224121094,
        44.47798156738281,
        44.69451141357422,
        44.3399543762207,
        44.43377685546875,
        44.32265853881836,
        44.685943603515625,
        44.23227310180664,
        44.311683654785156,
        43.93503952026367,
        45.99222183227539,
        44.177249908447266,
        44.42580032348633,
        43.99386215209961,
        44.57075119018555,
        44.25156784057617,
        46.533390045166016,
        44.67014694213867,
        43.61758804321289,
        43.56900405883789,
        43.9161491394043,
        43.813968658447266,
        43.53233337402344,
        43.695926666259766,
        44.38252258300781,
        43.81822204589844,
        43.705528259277344,
        43.83757019042969,
        43.642723083496094,
        44.013187408447266,
        44.117313385009766,
        44.09525680541992,
        43.59660339355469,
        43.28892135620117,
        43.48325729370117,
        43.252742767333984,
        43.138553619384766,
        43.823429107666016,
        43.474002838134766,
        43.83891677856445,
        43.052696228027344,
        43.36750793457031,
        43.158599853515625,
        43.19063186645508,
        43.0903205871582,
        43.43367385864258,
        43.18279266357422,
        42.99293518066406,
        43.43598937988281,
        42.9470100402832,
        44.21119689941406,
        43.396060943603516,
        42.79037094116211,
        43.09288024902344,
        43.65180206298828,
        42.859188079833984,
        43.314632415771484,
        42.98250961303711,
        42.660701751708984,
        42.72590255737305,
        42.741477966308594,
        42.850929260253906,
        43.775997161865234,
        43.271244049072266,
        42.691871643066406,
        42.78416442871094,
        42.839454650878906,
        42.84945297241211,
        43.28239822387695,
        42.527225494384766,
        43.498573303222656,
        42.52100372314453,
        43.2764892578125,
        43.10344314575195,
        42.62827682495117,
        43.2890739440918,
        42.58242416381836,
        43.277915954589844,
        42.3148193359375,
        42.6405029296875,
        42.677940368652344,
        42.42259979248047,
        42.7337760925293,
        42.26579666137695,
        42.67567443847656,
        42.563377380371094,
        42.32865905761719,
        42.53460693359375,
        43.00870895385742,
        42.57521438598633,
        42.28631591796875,
        42.37508010864258,
        43.54716491699219,
        42.223419189453125,
        42.33079147338867,
        42.71273422241211,
        43.089786529541016,
        42.4171257019043,
        42.27240753173828,
        42.92512512207031,
        42.63703918457031,
        42.16382598876953,
        43.135955810546875,
        42.55462646484375,
        42.025325775146484,
        42.110347747802734,
        42.528358459472656,
        42.150062561035156,
        42.25498962402344,
        42.351009368896484,
        42.370262145996094,
        42.59458923339844,
        42.20927810668945,
        42.37518310546875,
        42.06877517700195,
        41.9617919921875,
        42.17619323730469,
        41.98031997680664,
        42.11720275878906,
        44.2020378112793,
        42.06414031982422,
        43.318687438964844,
        42.29707717895508,
        42.00946044921875,
        43.3150634765625,
        41.754886627197266,
        42.0264892578125,
        42.31401824951172,
        42.15446472167969,
        42.039947509765625,
        43.77299118041992,
        41.965328216552734,
        41.99405288696289,
        41.86320877075195,
        41.84809112548828,
        41.90424346923828,
        41.678062438964844,
        41.947509765625,
        42.16807556152344,
        42.56885528564453,
        42.31171798706055,
        41.64869689941406,
        41.998382568359375,
        41.57831573486328,
        42.138492584228516,
        41.93516540527344,
        42.10747146606445,
        41.925838470458984,
        41.64708709716797,
        41.61836624145508,
        41.97021484375,
        41.51000213623047,
        42.03584289550781,
        41.82701110839844,
        42.392032623291016,
        41.77077865600586,
        41.804378509521484,
        41.696563720703125,
        41.50510025024414,
        42.027095794677734,
        41.63090896606445,
        44.90882110595703,
        42.64094543457031,
        42.06616973876953,
        42.856380462646484,
        41.824119567871094,
        41.67201614379883,
        41.811866760253906,
        42.33567428588867,
        42.113853454589844,
        41.674163818359375,
        41.65562438964844,
        42.89877700805664,
        41.58383560180664,
        41.61260223388672,
        41.98341369628906,
        42.04654312133789,
        43.54729461669922,
        42.10560607910156,
        41.77832794189453,
        41.6540641784668,
        41.772640228271484,
        42.54011535644531,
        41.73668670654297,
        41.66722106933594,
        41.65625,
        43.20921325683594,
        41.89801025390625,
        41.46296691894531,
        42.560142517089844,
        43.531700134277344,
        41.670780181884766,
        41.63165283203125,
        41.6207160949707,
        41.33510971069336,
        42.38966369628906,
        41.38017654418945,
        41.636287689208984,
        41.421539306640625,
        41.50270080566406,
        42.467864990234375,
        41.43464660644531,
        41.52800750732422,
        41.714820861816406,
        41.50656509399414,
        41.57658767700195,
        41.50145721435547,
        41.327919006347656,
        41.29381561279297,
