{
    "run_n":35,
    "run_seed":0,
    "ndims":16,
    "nsamples":100000,
    "correlation":"corr",
    "nbijectors":10,
    "bijector":"MsplineN",
    "spline_knots":12,
    "range_min":-16,
    "hidden_layers":"512-512-512",
    "batch_size":512,
    "activation":"relu",
    "eps_regulariser":0,
    "regulariser":null,
    "dist_seed":0,
    "test_seed":0,
    "kl_divergence":-1,
    "ks_test_mean":0.39352118735183195,
    "ks_test_median":0.39612537201975595,
    "ad_test_mean":0.19892522564139747,
    "ad_test_median":0.1945378698042398,
    "Wasserstein_median":0.0765710872503122,
    "Wasserstein_mean":0.0765710872503122,
    "frob_norm":0.19912659744296338,
    "epochs_input":1000,
    "epochs_output":92,
    "time":3055.0465183230117,
    "train_loss_history":[
        24.06441879272461,
        12.42370319366455,
        11.209005355834961,
        10.479740142822266,
        10.202192306518555,
        9.804986953735352,
        9.72086238861084,
        9.569853782653809,
        9.436333656311035,
        9.38745403289795,
        9.322755813598633,
        9.26046085357666,
        9.191948890686035,
        9.199676513671875,
        9.106157302856445,
        9.162191390991211,
        9.06843090057373,
        9.041080474853516,
        8.998113632202148,
        8.97286319732666,
        8.913583755493164,
        8.949552536010742,
        8.950081825256348,
        8.897561073303223,
        8.85932731628418,
        8.903288841247559,
        8.868428230285645,
        8.816941261291504,
        8.811737060546875,
        8.818629264831543,
        8.767431259155273,
        8.760577201843262,
        8.7559175491333,
        8.707188606262207,
        8.706783294677734,
        8.663516998291016,
        8.683515548706055,
        8.6952486038208,
        8.62066650390625,
        8.603570938110352,
        8.606130599975586,
        8.565282821655273,
        8.542634963989258,
        8.513102531433105,
        8.493162155151367,
        8.46286392211914,
        8.436793327331543,
        8.420808792114258,
        8.353014945983887,
        8.435136795043945,
        8.335101127624512,
        8.30911922454834,
        8.303583145141602,
        8.237334251403809,
        8.191493034362793,
        8.18494701385498,
        8.138642311096191,
        8.089344024658203,
        8.140859603881836,
        8.066996574401855,
        8.015053749084473,
        7.99464750289917,
        7.949421405792236,
        7.89890718460083,
        7.833868026733398,
        7.862455368041992,
        7.806619644165039,
        7.794521331787109,
        7.711945533752441,
        7.67264461517334,
        7.655961513519287,
        7.600253582000732,
        7.563500881195068,
        7.613917827606201,
        7.5256805419921875,
        7.525572299957275,
        7.410767078399658,
        7.404498100280762,
        7.400877952575684,
        7.3026628494262695,
        7.312086582183838,
        7.290526390075684,
        6.49249792098999,
        6.189356803894043,
        6.057354927062988,
        5.959841728210449,
        5.889453887939453,
        5.826113224029541,
        5.760666370391846,
        5.729422092437744,
        5.660630702972412,
        5.618178367614746
    ],
    "val_loss_history":[
        13.59733772277832,
        11.953017234802246,
        10.385054588317871,
        10.256194114685059,
        9.838611602783203,
        9.80151653289795,
        9.648283004760742,
        10.023082733154297,
        9.61946964263916,
        9.472681045532227,
        9.416486740112305,
        9.374902725219727,
        9.279916763305664,
        9.461163520812988,
        9.26071834564209,
        9.393888473510742,
        9.335021018981934,
        9.08779525756836,
        9.162631034851074,
        9.114273071289062,
        9.132600784301758,
        9.143346786499023,
        9.414386749267578,
        9.08275318145752,
        9.311540603637695,
        9.054977416992188,
        9.048583984375,
        9.084010124206543,
        9.208112716674805,
        9.082620620727539,
        9.089773178100586,
        9.031862258911133,
        9.109641075134277,
        9.057575225830078,
        9.145074844360352,
        9.095343589782715,
        9.0493745803833,
        9.21388053894043,
        9.195857048034668,
        9.131815910339355,
        9.180590629577637,
        9.259615898132324,
        9.090354919433594,
        9.238236427307129,
        9.328351974487305,
        9.18766975402832,
        9.24530029296875,
        9.253783226013184,
        9.378500938415527,
        9.30671501159668,
        9.472332000732422,
        9.374833106994629,
        9.478144645690918,
        9.585282325744629,
        9.432269096374512,
        9.428262710571289,
        9.588385581970215,
        9.549422264099121,
        9.625665664672852,
        9.550969123840332,
        9.720572471618652,
        9.654566764831543,
        9.689850807189941,
        9.822386741638184,
        9.816563606262207,
        9.804429054260254,
        10.063508987426758,
        10.0421781539917,
        10.072443962097168,
        10.11294174194336,
        10.001288414001465,
        10.251218795776367,
        10.30264663696289,
        10.1492280960083,
        10.462031364440918,
        10.38856315612793,
        10.467906951904297,
        10.589630126953125,
        10.534391403198242,
        10.61043930053711,
        10.63565444946289,
        10.767900466918945,
        11.488114356994629,
        11.933444023132324,
        12.464587211608887,
        12.891877174377441,
        13.151748657226562,
        13.588926315307617,
        13.733697891235352,
        13.923513412475586,
        14.451241493225098,
        14.632805824279785
    ],
    "best_train_loss":8.760577201843262,
    "best_val_loss":9.031862258911133,
    "best_epoch":31
}