{
    "run_n":7,
    "run_seed":0,
    "ndims":8,
    "nsamples":100000,
    "correlation":"corr",
    "nbijectors":10,
    "bijector":"MAFN",
    "spline_knots":8,
    "range_min":-5,
    "hidden_layers":"128-128-128",
    "batch_size":512,
    "activation":"relu",
    "eps_regulariser":0,
    "regulariser":null,
    "dist_seed":0,
    "test_seed":0,
    "kl_divergence":-1,
    "ks_test_mean":0.49334716505775544,
    "ks_test_median":0.49570795517841937,
    "ad_test_mean":0.21523294868355847,
    "ad_test_median":0.21414228692133366,
    "Wasserstein_median":0.02201227425445796,
    "Wasserstein_mean":0.02201227425445796,
    "frob_norm":0.05182316707780829,
    "epochs_input":1000,
    "epochs_output":296,
    "time":1794.2984203281812,
    "train_loss_history":[
        90.22167205810547,
        8.21786117553711,
        6.6273064613342285,
        6.332113265991211,
        5.8624725341796875,
        6.355490207672119,
        5.543592929840088,
        5.342047214508057,
        5.393178939819336,
        5.341548919677734,
        5.200538158416748,
        5.009592056274414,
        5.0674519538879395,
        5.266228675842285,
        5.2634124755859375,
        5.271022319793701,
        4.85161828994751,
        5.383479595184326,
        4.815081596374512,
        4.812808513641357,
        4.796771049499512,
        4.771789073944092,
        4.764764308929443,
        4.8436808586120605,
        4.805015563964844,
        4.742701530456543,
        4.669678211212158,
        4.846266746520996,
        4.96466588973999,
        4.668701648712158,
        4.7527642250061035,
        4.610703945159912,
        4.733145713806152,
        4.710572242736816,
        4.664773941040039,
        4.5776519775390625,
        4.944752216339111,
        4.622602462768555,
        4.58226203918457,
        4.619686126708984,
        4.717520713806152,
        4.694545269012451,
        4.881863117218018,
        4.558717727661133,
        4.715708255767822,
        4.631659030914307,
        4.569766521453857,
        4.507232189178467,
        4.830739974975586,
        4.75335693359375,
        4.4686079025268555,
        4.597799777984619,
        4.479535102844238,
        4.543515205383301,
        4.501508712768555,
        4.502920150756836,
        4.512958526611328,
        4.6521315574646,
        4.512286186218262,
        4.506776332855225,
        4.49935245513916,
        4.515422344207764,
        4.530965328216553,
        4.429409980773926,
        4.519855976104736,
        5.273695945739746,
        4.535107135772705,
        4.465793132781982,
        4.462064266204834,
        4.483639717102051,
        4.709670543670654,
        4.441368579864502,
        4.444026470184326,
        4.485093593597412,
        4.508056163787842,
        4.413027286529541,
        4.430680751800537,
        4.562856197357178,
        4.40049409866333,
        4.394530296325684,
        4.381541728973389,
        4.569584846496582,
        4.380352020263672,
        4.413304805755615,
        4.385845184326172,
        4.462756156921387,
        4.4045820236206055,
        4.380009651184082,
        4.352862358093262,
        4.4086408615112305,
        4.4258012771606445,
        4.446473121643066,
        4.71622896194458,
        4.406022071838379,
        4.345868110656738,
        4.350723743438721,
        4.40773344039917,
        4.456814765930176,
        4.343817234039307,
        4.37864351272583,
        4.420364856719971,
        4.347890377044678,
        4.331904411315918,
        4.323054790496826,
        4.3128662109375,
        4.338785648345947,
        4.312512397766113,
        4.3329925537109375,
        4.3419694900512695,
        4.354400634765625,
        4.360309600830078,
        4.298999786376953,
        4.334771156311035,
        4.318948268890381,
        4.3621697425842285,
        4.341827392578125,
        4.292545318603516,
        4.309972763061523,
        4.361751079559326,
        4.590283393859863,
        4.297936916351318,
        4.304268836975098,
        4.33687162399292,
        4.290918827056885,
        4.284849166870117,
        4.273838043212891,
        4.342707633972168,
        4.306677341461182,
        4.274855136871338,
        4.306302547454834,
        4.286725997924805,
        4.30938720703125,
        4.2786641120910645,
        4.36378288269043,
        4.29387092590332,
        4.272432327270508,
        4.281230449676514,
        4.242954254150391,
        4.368074417114258,
        4.247796058654785,
        4.263572692871094,
        4.32993745803833,
        4.243502140045166,
        4.353143692016602,
        4.257545471191406,
        4.309614181518555,
        4.278773307800293,
        4.24160099029541,
        4.239738464355469,
        4.282705307006836,
        4.2492289543151855,
        4.273593425750732,
        4.237680912017822,
        4.277779579162598,
        4.259344577789307,
        4.240803241729736,
        4.252223491668701,
        4.2461395263671875,
        4.259219169616699,
        4.2542314529418945,
        4.3210625648498535,
        4.233705520629883,
        4.256536483764648,
        4.275182247161865,
        4.222869873046875,
        4.225811958312988,
        4.2410359382629395,
        4.222376823425293,
        4.240609645843506,
        4.230377197265625,
        4.248415946960449,
        4.256698131561279,
        4.210752964019775,
        4.212052345275879,
        4.279903411865234,
        4.2119140625,
        4.236631393432617,
        4.221198081970215,
        4.210000514984131,
        4.262140274047852,
        4.215914249420166,
        4.205320358276367,
        4.211970329284668,
        4.23328161239624,
        4.20835542678833,
        4.205803394317627,
        4.20358943939209,
        4.2299041748046875,
        4.212027549743652,
        4.215297698974609,
        4.206722259521484,
        4.196482181549072,
        4.233307361602783,
        4.217705726623535,
        4.203813076019287,
        4.252053737640381,
        4.1926493644714355,
        4.188279151916504,
        4.207441806793213,
        4.217409133911133,
        4.201356410980225,
        4.189522743225098,
        4.198096752166748,
        4.191268444061279,
        4.176989555358887,
        4.208570957183838,
        4.216218948364258,
        4.220175266265869,
        4.180597305297852,
        4.192869663238525,
        4.200540065765381,
        4.189879417419434,
        4.196890830993652,
        4.190529823303223,
        4.205211639404297,
        4.193012714385986,
        4.208280563354492,
        4.183517932891846,
        4.196499824523926,
        4.183775901794434,
        4.166630744934082,
        4.17600154876709,
        4.1939005851745605,
        4.1743245124816895,
        4.187985897064209,
        4.1998820304870605,
        4.173751354217529,
        4.176857948303223,
        4.187302112579346,
        4.175878047943115,
        4.188358783721924,
        4.171319484710693,
        4.181777000427246,
        4.217372417449951,
        4.164577484130859,
        4.0560808181762695,
        4.049383640289307,
        4.047282695770264,
        4.045685768127441,
        4.051081657409668,
        4.051161289215088,
        4.051098346710205,
        4.046703338623047,
        4.04979133605957,
        4.048948764801025,
        4.044772624969482,
        4.048755645751953,
        4.049261093139648,
        4.052248477935791,
        4.053030967712402,
        4.048725128173828,
        4.052512168884277,
        4.052037715911865,
        4.052624702453613,
        4.0580244064331055,
        4.053745746612549,
        4.0538411140441895,
        4.0498576164245605,
        4.045040130615234,
        4.0469841957092285,
        4.05289888381958,
        4.042567253112793,
        4.053406715393066,
        4.053673267364502,
        4.043238162994385,
        4.050357341766357,
        4.056533336639404,
