{
    "run_n":5,
    "run_seed":0,
    "ndims":8,
    "nsamples":100000,
    "correlation":"corr",
    "nbijectors":2,
    "bijector":"MsplineN",
    "spline_knots":8,
    "range_min":-16,
    "hidden_layers":"128-128-128",
    "batch_size":512,
    "activation":"relu",
    "eps_regulariser":0,
    "regulariser":null,
    "dist_seed":0,
    "test_seed":0,
    "kl_divergence":-1,
    "ks_test_mean":0.5207725551175579,
    "ks_test_median":0.5385230687841689,
    "ad_test_mean":0.223509522540826,
    "ad_test_median":0.22166498331106468,
    "Wasserstein_median":0.023875277288022197,
    "Wasserstein_mean":0.023875277288022197,
    "frob_norm":0.04276255112439093,
    "epochs_input":1000,
    "epochs_output":222,
    "time":1177.691033339128,
    "train_loss_history":[
        22.660690307617188,
        6.112451076507568,
        5.29439640045166,
        5.015666961669922,
        4.828289031982422,
        4.726708889007568,
        4.589502334594727,
        4.549736022949219,
        4.47004508972168,
        4.452066421508789,
        4.417788505554199,
        4.368087291717529,
        4.361228942871094,
        4.36266565322876,
        4.327910423278809,
        4.3165717124938965,
        4.302861213684082,
        4.316019058227539,
        4.279592514038086,
        4.28785514831543,
        4.26919412612915,
        4.279556751251221,
        4.2428388595581055,
        4.240286350250244,
        4.2235636711120605,
        4.236504077911377,
        4.2385382652282715,
        4.239485740661621,
        4.231220722198486,
        4.227042198181152,
        4.217045783996582,
        4.206682205200195,
        4.218918800354004,
        4.217343807220459,
        4.225852012634277,
        4.2394232749938965,
        4.203413486480713,
        4.2057695388793945,
        4.195464134216309,
        4.198763370513916,
        4.1961822509765625,
        4.202203273773193,
        4.1881794929504395,
        4.204048156738281,
        4.195974349975586,
        4.191406726837158,
        4.20629358291626,
        4.178253173828125,
        4.195425033569336,
        4.1898932456970215,
        4.190534591674805,
        4.1977128982543945,
        4.184749126434326,
        4.173299789428711,
        4.186162948608398,
        4.195493698120117,
        4.19104528427124,
        4.185081481933594,
        4.1661176681518555,
        4.178710460662842,
        4.168329238891602,
        4.172861576080322,
        4.1776862144470215,
        4.177067756652832,
        4.176948547363281,
        4.183513164520264,
        4.177221775054932,
        4.17411470413208,
        4.170268535614014,
        4.165879249572754,
        4.176809787750244,
        4.1664323806762695,
        4.173351764678955,
        4.14898681640625,
        4.155210494995117,
        4.166566371917725,
        4.157525062561035,
        4.148933410644531,
        4.160580635070801,
        4.172242641448975,
        4.166426181793213,
        4.1559014320373535,
        4.158625602722168,
        4.171534061431885,
        4.1577534675598145,
        4.151396751403809,
        4.157567501068115,
        4.1512651443481445,
        4.150084972381592,
        4.156962871551514,
        4.151427268981934,
        4.152047634124756,
        4.152403354644775,
        4.155261516571045,
        4.1460185050964355,
        4.149702072143555,
        4.153611183166504,
        4.168280124664307,
        4.15585470199585,
        4.1465606689453125,
        4.146044731140137,
        4.149356365203857,
        4.147709369659424,
        4.138088703155518,
        4.148191452026367,
        4.151790618896484,
        4.1408514976501465,
        4.141768932342529,
        4.138694763183594,
        4.139898777008057,
        4.147824764251709,
        4.128310203552246,
        4.139463424682617,
        4.144906520843506,
        4.133419036865234,
        4.148457050323486,
        4.138253688812256,
        4.140618324279785,
        4.142641544342041,
        4.139872074127197,
        4.1493353843688965,
        4.13914680480957,
        4.142900466918945,
        4.148330211639404,
        4.137709140777588,
        4.139900207519531,
        4.142137050628662,
        4.13422155380249,
        4.127293586730957,
        4.129028797149658,
        4.130589485168457,
        4.131487846374512,
        4.130213260650635,
        4.134945392608643,
        4.129133701324463,
        4.1317572593688965,
        4.13578987121582,
        4.128277778625488,
        4.131703853607178,
        4.128462314605713,
        4.133676528930664,
        4.125030517578125,
        4.132349967956543,
        4.1300578117370605,
        4.127477645874023,
        4.121563911437988,
        4.1246256828308105,
        4.12570333480835,
        4.128569602966309,
        4.125269412994385,
        4.120728015899658,
        4.118092060089111,
        4.127299785614014,
        4.120504379272461,
        4.1288838386535645,
        4.120757102966309,
        4.120824337005615,
        4.128068923950195,
        4.122000217437744,
        4.125738620758057,
        4.114249229431152,
        4.085604667663574,
        4.080836296081543,
        4.07892370223999,
        4.078897953033447,
        4.077992916107178,
        4.077685356140137,
        4.07739782333374,
        4.078984260559082,
        4.079087734222412,
        4.076620101928711,
        4.079171657562256,
        4.077852725982666,
        4.077800750732422,
        4.077768325805664,
        4.078634262084961,
        4.076672554016113,
        4.076211452484131,
        4.076789379119873,
        4.078695297241211,
        4.078648567199707,
        4.076153755187988,
        4.076132774353027,
        4.0761823654174805,
        4.075301647186279,
        4.075681686401367,
        4.07503080368042,
        4.074776649475098,
        4.075589656829834,
        4.075314521789551,
        4.0741987228393555,
        4.073529243469238,
        4.075303077697754,
        4.075000762939453,
        4.076719760894775,
        4.074192047119141,
        4.072452068328857,
        4.072231292724609,
        4.073064804077148,
        4.075181484222412,
        4.072775840759277,
        4.073909759521484,
        4.069860935211182,
        4.071865558624268,
        4.072702407836914,
        4.07347297668457,
        4.071804523468018,
        4.070239543914795,
        4.070422172546387,
        4.069835186004639,
        4.072713375091553,
        4.07018518447876,
        4.060873508453369,
        4.059154510498047,
        4.059441089630127,
        4.06015157699585,
        4.058961868286133,
        4.058987140655518,
        4.0592122077941895,
        4.059632301330566,
        4.059854984283447,
        4.058790683746338
    ],