{
    "run_n":390,
    "seed_train":926,
    "seed_test":927,
    "seed_dist":0,
    "seed_metrics":0,
    "ndims":64,
    "nsamples_train":100000,
    "nsamples_val":30000,
    "nsamples_test":100000,
    "correlation":null,
    "nbijectors":10,
    "bijector":"CsplineN",
    "spline_knots":8,
    "range_min":-16,
    "hidden_layers":"256-256-256",
    "trainable_parameters":3291840,
    "non_trainable_parameters":0,
    "batch_size":512,
    "activation":"relu",
    "regulariser":null,
    "eps_regulariser":0.0,
    "training_device":"NVIDIA A40",
    "epochs_input":1000,
    "epochs_output":120,
    "training_time":8203.4197760229,
    "prediction_time":2.1093374569900334,
    "total_time":8205.52911347989,
    "best_train_loss":36.3322868347168,
    "best_val_loss":36.05652618408203,
    "best_train_epoch":18,
    "best_val_epoch":19,
    "train_loss_history":[
        42.228271484375,
        38.72952651977539,
        38.660953521728516,
        38.4287109375,
        38.23506164550781,
        38.203433990478516,
        37.9294319152832,
        37.50006866455078,
        37.347694396972656,
        36.95582580566406,
        41.20460510253906,
        37.47138214111328,
        37.727989196777344,
        37.31508255004883,
        37.06573486328125,
        36.8174934387207,
        36.79771041870117,
        36.906028747558594,
        36.3322868347168,
        36.92356872558594,
        36.34930419921875,
        37.06135940551758,
        48.9047966003418,
        146.1909942626953,
        105.2685317993164,
        95.73905181884766,
        91.58889770507812,
        84.58815002441406,
        81.58218383789062,
        79.77690887451172,
        78.56365966796875,
        77.67475128173828,
        76.91813659667969,
        79.71601867675781,
        75.9950180053711,
        75.40463256835938,
        74.95548248291016,
        74.64469909667969,
        74.32867431640625,
        74.07588958740234,
        73.82476043701172,
        73.64109802246094,
        73.36760711669922,
        73.17046356201172,
        72.98583221435547,
        72.7993392944336,
        72.61759948730469,
        72.47048950195312,
        72.32079315185547,
        72.1839828491211,
        72.04203796386719,
        71.97666931152344,
        71.78797149658203,
        71.6475830078125,
        71.5347900390625,
        71.42011260986328,
        71.33738708496094,
        71.2154312133789,
        71.12245178222656,
        89.81809997558594,
        88.90357971191406,
        75.42328643798828,
        73.18318176269531,
        72.25263214111328,
        71.79461669921875,
        71.50399780273438,
        71.28727722167969,
        71.1253433227539,
        70.93212127685547,
        70.86186218261719,
        70.63065338134766,
        70.55509185791016,
        70.49569702148438,
        70.44683837890625,
        70.38066864013672,
        70.35922241210938,
        70.34915161132812,
        70.27017211914062,
        70.20213317871094,
        70.16653442382812,
        70.12217712402344,
        70.07772064208984,
        70.03833770751953,
        70.00778198242188,
        69.96307373046875,
        69.91944122314453,
        69.88749694824219,
        69.8720703125,
        69.81585693359375,
        69.79641723632812,
        69.75203704833984,
        69.72969055175781,
        69.735107421875,
        69.66515350341797,
        69.62943267822266,
        69.59739685058594,
        69.56822204589844,
        69.52565002441406,
        69.50122833251953,
        69.48179626464844,
        69.43138122558594,
        69.41807556152344,
        69.40081787109375,
        69.35400390625,
        69.3380126953125,
        69.32473754882812,
        69.27200317382812,
        69.24971771240234,
        69.22398376464844,
        69.19734191894531,
        69.16596984863281,
        69.14029693603516,
        69.12516021728516,
        69.0898666381836,
        70.61712646484375,
        69.29362487792969,
        69.11530303955078,
        69.06912994384766,
        69.06147003173828,
        68.99604797363281
    ],
    "val_loss_history":[
        38.96825408935547,
        38.7557258605957,
        38.91957092285156,
        38.66992950439453,
        38.76809310913086,
        38.93764114379883,
        38.51386642456055,
        37.460166931152344,
        38.213016510009766,
        37.53190994262695,
        37.169769287109375,
        39.6563720703125,
        38.24416732788086,
        37.22848892211914,
        37.79251480102539,
        37.615787506103516,
        37.1689453125,
        37.13840866088867,
        36.641292572021484,
        36.05652618408203,
        36.67445755004883,
        36.21742248535156,
        47.695220947265625,
        111.8570785522461,
        102.52222442626953,
        91.86580657958984,
        86.98811340332031,
        82.96028900146484,
        80.8736801147461,
        79.39875793457031,
        78.21382141113281,
        77.41586303710938,
        76.81485748291016,
        76.65300750732422,
        75.83282470703125,
        75.26979064941406,
        74.95834350585938,
        74.59170532226562,
        74.35057830810547,
        74.09029388427734,
        73.83663940429688,
        73.66392517089844,
        73.54653930664062,
        73.29264068603516,
        73.0079574584961,
        72.85784149169922,
        72.70088195800781,
        72.61309814453125,
        72.458251953125,
        72.33299255371094,
        72.08280181884766,
        72.0290756225586,
        71.77294921875,
        71.76412963867188,
        71.78679656982422,
        71.66863250732422,
        71.57244110107422,
        71.23020935058594,
        71.25366973876953,
        147.4635009765625,
        77.23491668701172,
        74.38960266113281,
        72.89940643310547,
        72.367431640625,
        71.79248809814453,
        71.59661102294922,
        71.35153198242188,
        71.19108581542969,
        71.04451751708984,
        70.90193939208984,
        70.86640167236328,
        70.6904067993164,
        70.73823547363281,
        70.634521484375,
        70.53498840332031,
        70.51036834716797,
        70.49903869628906,
        70.41786193847656,
        70.387939453125,
        70.42460632324219,
        70.30261993408203,
        70.24608612060547,
        70.3421630859375,
        70.12944793701172,
        70.11958312988281,
        70.08655548095703,
        70.10765075683594,
        70.10033416748047,
        69.98240661621094,
        69.95061492919922,
        69.9621353149414,
        69.9183349609375,
        69.87227630615234,
        69.82470703125,
        69.81228637695312,
        69.8567886352539,
        69.74604034423828,
        69.72852325439453,
        69.64802551269531,
        69.67171478271484,
        69.63297271728516,
        69.59671020507812,
        69.7726821899414,
        69.56436157226562,
        69.55364227294922,
        69.52533721923828,
        69.5302963256836,
        69.50972747802734,
        69.4520034790039,
        69.4070816040039,
        69.34504699707031,
        69.33065032958984,
        69.3140640258789,
        69.25309753417969,
        69.78547668457031,
        69.47278594970703,
        69.24272155761719,
        69.30704498291016,
        69.55145263671875,
        69.28778839111328
    ],