{
    "run_n":26,
    "run_seed":0,
    "ndims":16,
    "nsamples":100000,
    "correlation":"corr",
    "nbijectors":5,
    "bijector":"CsplineN",
    "spline_knots":8,
    "range_min":-16,
    "hidden_layers":"256-256-256",
    "batch_size":512,
    "activation":"relu",
    "eps_regulariser":0,
    "regulariser":null,
    "dist_seed":0,
    "test_seed":0,
    "kl_divergence":-1,
    "ks_test_mean":0.29056636480417986,
    "ks_test_median":0.3314129650998213,
    "ad_test_mean":0.1338804459451595,
    "ad_test_median":0.12402957867799738,
    "Wasserstein_median":0.015103083008808901,
    "Wasserstein_mean":0.015103083008808901,
    "frob_norm":0.19013190321500895,
    "epochs_input":1000,
    "epochs_output":121,
    "time":2718.7360763754696,
    "train_loss_history":[
        28.46310806274414,
        5.228623390197754,
        2.679776668548584,
        1.8391075134277344,
        1.4026182889938354,
        1.3078057765960693,
        0.5062156915664673,
        0.6456969976425171,
        0.29405057430267334,
        0.1758805811405182,
        0.2721928358078003,
        0.025268644094467163,
        -0.0474090538918972,
        -0.2395012527704239,
        -0.2711125612258911,
        -0.14768175780773163,
        -0.30059221386909485,
        -0.2263634204864502,
        -0.3755011558532715,
        -0.3510105013847351,
        -0.5177226066589355,
        -0.4016931354999542,
        -0.39659765362739563,
        -0.41297104954719543,
        -0.5814183354377747,
        -0.5318611860275269,
        -0.6087601184844971,
        -0.6909558773040771,
        -0.3649943768978119,
        -0.6233704686164856,
        -0.7083597183227539,
        -0.7758890986442566,
        -0.6831697225570679,
        -0.7744050025939941,
        -0.9014254808425903,
        -0.769359290599823,
        -0.6600232124328613,
        -0.8242010474205017,
        -0.8043258190155029,
        -0.8759922385215759,
        -0.880118727684021,
        -0.912861168384552,
        -0.9391554594039917,
        -1.0251435041427612,
        -1.010745644569397,
        -1.0562039613723755,
        -1.0161828994750977,
        -1.0678942203521729,
        -1.0176528692245483,
        -1.1528725624084473,
        -1.069688081741333,
        -1.153877854347229,
        -0.9751189947128296,
        -1.1773526668548584,
        -1.1768712997436523,
        -1.0529260635375977,
        -1.22435462474823,
        -1.2027513980865479,
        -1.1257691383361816,
        -1.2557883262634277,
        -1.2404415607452393,
        -1.2866969108581543,
        -1.2473711967468262,
        -1.1226576566696167,
        -1.3235598802566528,
        -1.3061286211013794,
        -1.3264272212982178,
        -1.3749855756759644,
        -1.4060946702957153,
        -1.3483705520629883,
        -1.386372685432434,
        -1.4127326011657715,
        -1.3304359912872314,
        -1.4163436889648438,
        -1.3539907932281494,
        -1.4536464214324951,
        -1.412773847579956,
        -1.4857743978500366,
        -1.4834872484207153,
        -1.4714235067367554,
        -1.4840118885040283,
        -1.5248574018478394,
        -1.4050923585891724,
        -1.562954306602478,
        -1.5799461603164673,
        -1.553909420967102,
        -1.5988730192184448,
        -1.5875877141952515,
        -1.5811035633087158,
        -1.6483104228973389,
        -1.6236906051635742,
        -1.6086622476577759,
        -1.6689002513885498,
        -1.6961358785629272,
        -1.666637659072876,
        -1.6745307445526123,
        -1.7003123760223389,
        -1.6528708934783936,
        -1.7644566297531128,
        -1.7953429222106934,
        -1.7746309041976929,
        -1.7640392780303955,
        -1.7182611227035522,
        -1.7095736265182495,
        -1.8129148483276367,
        -1.8212460279464722,
        -1.7871942520141602,
        -1.8841321468353271,
        -1.9008196592330933,
        -1.895301103591919,
        -1.829345464706421,
        -2.2918319702148438,
        -2.3982748985290527,
        -2.4285287857055664,
        -2.4575037956237793,
        -2.4712889194488525,
        -2.483447551727295,
        -2.4963271617889404,
        -2.5123815536499023,
        -2.515920877456665,
        -2.5399274826049805
    ],
    "val_loss_history":[
        7.096042156219482,
        2.6310818195343018,
        1.570930004119873,
        1.0460658073425293,
        1.3894325494766235,
        0.5463871359825134,
        0.09032871574163437,
        0.07769028097391129,
        0.021405089646577835,
        0.08016694337129593,
        -0.09926176071166992,
        0.03225544095039368,
        -0.1198124811053276,
        -0.4389800429344177,
        0.13334612548351288,
        0.08213994652032852,
        0.20203088223934174,
        0.4872499406337738,
        0.24339532852172852,
        -0.04928379878401756,
        0.10492429882287979,
        -0.323409765958786,
        -0.3617270886898041,
        -0.6805219650268555,
        -0.5154751539230347,
        -0.5890283584594727,
        -0.45814546942710876,
        -0.7831757068634033,
        -0.8130368590354919,
        -0.3886648416519165,
        -0.6835980415344238,
        -0.7416112422943115,
        -0.8523361682891846,
        -0.6768727898597717,
        -0.7260796427726746,
        -0.8047028183937073,
        -0.5950180292129517,
        -0.8168979287147522,
        -0.43521976470947266,
        -1.0028705596923828,
        -1.1438125371932983,
        -0.8968743681907654,
        -0.7401233315467834,
        -0.7669446468353271,
        -0.991632878780365,
        -0.9807572364807129,
        -0.9964471459388733,
        -0.5730381011962891,
        -0.8769926428794861,
        -1.0105031728744507,
        -0.672292172908783,
        -0.9911519885063171,
        -0.5840677618980408,
        -0.7226094007492065,
        -0.5178431272506714,
        -0.9175650477409363,
        -1.001350998878479,
        -1.1815584897994995,
        -1.1156821250915527,
        -1.2010626792907715,
        -1.272326946258545,
        -1.0699338912963867,
        -1.2400845289230347,
        -1.0952110290527344,
        -1.2509301900863647,
        -1.147242546081543,
        -1.1127514839172363,
        -1.0256372690200806,
        -1.0644495487213135,
        -1.2075544595718384,
        -1.140251636505127,
        -1.0343708992004395,
        -0.9809491634368896,
        -1.1274629831314087,
        -1.18721342086792,
        -1.1523739099502563,
        -1.1260470151901245,
        -1.2035057544708252,
        -1.1389007568359375,
        -0.9957176446914673,
        -1.1885162591934204,
        -0.990838885307312,
        -1.1524614095687866,
        -0.9337878823280334,
        -1.0571290254592896,
        -1.0366835594177246,
        -1.0875532627105713,
        -1.0236992835998535,
        -1.1210640668869019,
        -0.8626246452331543,
        -1.0913230180740356,
        -1.0113940238952637,
        -1.052653193473816,
        -1.035301685333252,
        -0.9550731182098389,
        -1.0128079652786255,
        -0.9181419014930725,
        -1.0745229721069336,
        -0.5758832097053528,
        -1.0413049459457397,
        -1.0258430242538452,
        -0.9149222373962402,
        -0.816570520401001,
        -0.737895131111145,
        -0.9077249765396118,
        -0.51242595911026,
        -0.9050161838531494,
        -0.7906807065010071,
        -0.8757584691047668,
        -0.7059580683708191,
        -0.8820543885231018,
        -0.8294711112976074,
        -0.7144860625267029,
        -0.6697435975074768,
        -0.6100541949272156,
        -0.6219805479049683,
        -0.6131309270858765,
        -0.5358521938323975,
        -0.4320046603679657,
        -0.504146933555603,
        -0.38527897000312805
    ],
    "best_train_loss":-1.2404415607452393,
    "best_val_loss":-1.272326946258545,
    "best_epoch":60
}