{
    "run_n":2,
    "run_seed":187,
    "ndims":400,
    "nsamples":100000,
    "correlation":"corr",
    "nbijectors":10,
    "bijector":"RealNVPN",
    "spline_knots":8,
    "range_min":-5,
    "hidden_layers":"256-256-256",
    "batch_size":256,
    "activation":"relu",
    "eps_regulariser":0,
    "regulariser":null,
    "dist_seed":0,
    "test_seed":0,
    "kl_divergence":-1,
    "ks_test_mean":0.29162976371143035,
    "ks_test_median":0.33655048499172224,
    "ad_test_mean":0.15818001256764805,
    "ad_test_median":0.13594029091299428,
    "Wasserstein_median":0.06325403275478218,
    "Wasserstein_mean":0.06325403275478218,
    "frob_norm":37.518800681543304,
    "epochs_input":1000,
    "epochs_output":240,
    "time":2602.9438245259225,
    "train_loss_history":[
        634628.9375,
        479.421875,
        402.4388427734375,
        373.16705322265625,
        354.5823059082031,
        339.7762756347656,
        327.43914794921875,
        317.9816589355469,
        309.4418029785156,
        302.0250244140625,
        295.9281921386719,
        290.8581848144531,
        286.5611572265625,
        282.3054504394531,
        278.5015563964844,
        274.65576171875,
        271.23333740234375,
        268.0392761230469,
        265.22918701171875,
        262.625,
        260.164306640625,
        257.72479248046875,
        255.6636505126953,
        253.3716278076172,
        251.4239959716797,
        249.30026245117188,
        247.59237670898438,
        245.50885009765625,
        243.90162658691406,
        242.2233428955078,
        240.29934692382812,
        238.509033203125,
        236.88365173339844,
        235.0345001220703,
        233.61744689941406,
        232.13284301757812,
        230.59934997558594,
        229.49514770507812,
        227.65374755859375,
        226.3034210205078,
        225.5605926513672,
        223.77012634277344,
        222.92237854003906,
        221.54701232910156,
        220.53407287597656,
        219.3641815185547,
        218.6806182861328,
        217.02145385742188,
        216.58787536621094,
        215.31753540039062,
        215.59390258789062,
        213.85340881347656,
        212.91741943359375,
        212.19859313964844,
        211.15199279785156,
        211.3132781982422,
        209.93829345703125,
        209.33477783203125,
        208.79153442382812,
        208.15794372558594,
        207.3347625732422,
        207.35562133789062,
        205.99429321289062,
        5065.93115234375,
        321.14453125,
        263.3595886230469,
        245.04202270507812,
        235.89208984375,
        230.56365966796875,
        226.23602294921875,
        222.96566772460938,
        220.2882537841797,
        217.77389526367188,
        216.34068298339844,
        214.37696838378906,
        212.208251953125,
        210.98582458496094,
        210.04580688476562,
        208.4458770751953,
        211.2903289794922,
        206.1687774658203,
        205.81678771972656,
        204.677978515625,
        204.41261291503906,
        203.61390686035156,
        203.44239807128906,
        202.57069396972656,
        201.8602752685547,
        201.36215209960938,
        201.27879333496094,
        200.5717315673828,
        199.89932250976562,
        199.52664184570312,
        200.95877075195312,
        198.35987854003906,
        198.75880432128906,
        198.06124877929688,
        198.5037384033203,
        1007.7091674804688,
        233.10708618164062,
        219.44863891601562,
        212.91397094726562,
        208.88369750976562,
        206.11968994140625,
        203.9951171875,
        202.42262268066406,
        201.2570343017578,
        200.32493591308594,
        199.31651306152344,
        198.64955139160156,
        1140.171142578125,
        326.3082275390625,
        230.52732849121094,
        218.43496704101562,
        212.03997802734375,
        208.9893035888672,
        206.1648712158203,
        204.40464782714844,
        202.8551788330078,
        201.75836181640625,
        200.75160217285156,
        200.08453369140625,
        199.89151000976562,
        198.7454071044922,
        198.7896270751953,
        197.65621948242188,
        198.1964874267578,
        813.5093994140625,
        274.5835876464844,
        230.52767944335938,
        219.3707275390625,
        213.75955200195312,
        209.62686157226562,
        207.24473571777344,
        205.15989685058594,
        203.78485107421875,
        203.03370666503906,
        201.42324829101562,
        200.6558074951172,
        199.82122802734375,
        199.49557495117188,
        198.9387969970703,
        198.55618286132812,
        198.48565673828125,
        7830.35888671875,
        257.5329284667969,
        220.48631286621094,
        212.3465118408203,
        208.5346221923828,
        205.70559692382812,
        204.44178771972656,
        203.14779663085938,
        201.51011657714844,
        200.73007202148438,
        200.48570251464844,
        199.3105926513672,
        198.84507751464844,
        198.35964965820312,
        197.77529907226562,
        197.77005004882812,
        196.92193603515625,
        196.7864990234375,
        196.32257080078125,
        196.66665649414062,
        195.81533813476562,
        195.81016540527344,
        195.45262145996094,
        195.1534881591797,
        196.83905029296875,
        194.579833984375,
        194.69984436035156,
        194.47084045410156,
        194.5959014892578,
        194.37924194335938,
        194.4324493408203,
        195.28932189941406,
        193.2666015625,
        193.28463745117188,
        193.44873046875,
        193.36949157714844,
        193.55384826660156,
        193.31141662597656,
        192.98147583007812,
        192.97378540039062,
        193.01258850097656,
        1719.96240234375,
        451.94049072265625,
        316.26715087890625,
        252.75523376464844,
        239.47694396972656,
        230.55076599121094,
        224.70957946777344,
        220.20306396484375,
        431.6839904785156,
        262.49395751953125,
        238.2972869873047,
        228.4718475341797,
        223.00946044921875,
        219.52964782714844,
        216.93019104003906,
        403.3272705078125,
        298.3521423339844,
        219.33837890625,
        210.56118774414062,
        205.83767700195312,
        203.2115478515625,
        201.8852081298828,
        200.65882873535156,
        199.4533233642578,
        199.17832946777344,
        199.66416931152344,
        197.20675659179688,
        198.20347595214844,
        196.905517578125,
        349.85687255859375,
        221.20497131347656,
        210.38330078125,
        206.28082275390625,
        203.64083862304688,
        202.2223358154297,
        200.78573608398438,
        199.8833465576172,
        199.1176300048828,
        198.5193328857422,
        198.01214599609375,
        198.36363220214844,
        196.95870971679688,
        196.57359313964844,
        177634.390625,
        247.87425231933594,
        223.7421417236328,
        220.631591796875,
        218.10813903808594,
        216.02027893066406,
        214.23397827148438,
        212.62075805664062,
        211.1698455810547,
        209.78602600097656,
        208.41262817382812,
        207.2393798828125
    ],