{
    "run_n":48,
    "run_seed":0,
    "ndims":32,
    "nsamples":100000,
    "correlation":"corr",
    "nbijectors":10,
    "bijector":"CsplineN",
    "spline_knots":12,
    "range_min":-16,
    "hidden_layers":"512-512-512",
    "batch_size":512,
    "activation":"relu",
    "eps_regulariser":0,
    "regulariser":null,
    "dist_seed":0,
    "test_seed":0,
    "kl_divergence":-1,
    "ks_test_mean":0.14324521928129372,
    "ks_test_median":0.11054545401910229,
    "ad_test_mean":0.09615084898444046,
    "ad_test_median":0.09128266100368129,
    "Wasserstein_median":0.09202321582059282,
    "Wasserstein_mean":0.09202321582059282,
    "frob_norm":0.32882450598039525,
    "epochs_input":1000,
    "epochs_output":93,
    "time":5038.6922554615885,
    "train_loss_history":[
        113.37866973876953,
        49.4843864440918,
        47.01884841918945,
        45.42939376831055,
        44.2866325378418,
        44.01523208618164,
        43.30646514892578,
        42.805301666259766,
        42.49464416503906,
        41.980838775634766,
        41.700889587402344,
        41.29096603393555,
        41.36153030395508,
        40.86923599243164,
        40.903472900390625,
        40.548583984375,
        40.35340881347656,
        40.087646484375,
        39.99235916137695,
        39.82610321044922,
        39.64603042602539,
        39.292579650878906,
        39.24073028564453,
        39.03866958618164,
        38.88632583618164,
        38.97581100463867,
        38.69666290283203,
        38.561859130859375,
        38.30300521850586,
        38.27313995361328,
        38.141029357910156,
        37.810150146484375,
        37.70390319824219,
        37.5634880065918,
        37.284183502197266,
        37.23590850830078,
        37.03824996948242,
        37.1207160949707,
        36.79487228393555,
        36.744041442871094,
        36.2994270324707,
        36.478023529052734,
        36.17069625854492,
        35.88933181762695,
        35.81853103637695,
        35.71839904785156,
        35.48919677734375,
        35.458831787109375,
        35.19314193725586,
        35.014583587646484,
        34.83139419555664,
        34.69673538208008,
        34.77701187133789,
        34.52963638305664,
        34.29615020751953,
        34.177249908447266,
        33.95204162597656,
        33.947147369384766,
        33.76602554321289,
        33.739501953125,
        33.58919143676758,
        33.200191497802734,
        33.36225128173828,
        33.13435745239258,
        33.00901794433594,
        32.84013748168945,
        32.79173278808594,
        32.58222579956055,
        32.53214645385742,
        32.30133056640625,
        32.21891403198242,
        32.153076171875,
        32.02958297729492,
        31.93090057373047,
        31.757463455200195,
        31.74541473388672,
        31.494722366333008,
        31.379032135009766,
        31.27060317993164,
        31.129289627075195,
        31.049510955810547,
        30.982749938964844,
        30.83568572998047,
        28.269073486328125,
        26.53021812438965,
        25.694726943969727,
        25.14649772644043,
        24.72796058654785,
        24.41429328918457,
        24.17106819152832,
        23.785097122192383,
        23.50016975402832,
        23.28145980834961
    ],
    "val_loss_history":[
        50.7447624206543,
        47.6399040222168,
        46.43388366699219,
        45.5021858215332,
        43.47783660888672,
        44.6007080078125,
        43.09393310546875,
        45.75887680053711,
        42.78718185424805,
        42.36922073364258,
        41.626216888427734,
        42.19730758666992,
        42.44406509399414,
        40.94685745239258,
        41.84835433959961,
        40.52310562133789,
        40.97148895263672,
        41.581703186035156,
        40.395286560058594,
        40.035614013671875,
        41.24117660522461,
        41.372554779052734,
        40.552345275878906,
        40.80957794189453,
        41.78084182739258,
        39.58597946166992,
        39.75135803222656,
        39.975284576416016,
        39.74723815917969,
        39.6833381652832,
        39.66933822631836,
        40.161094665527344,
        39.560359954833984,
        40.11845016479492,
        40.105506896972656,
        39.75667190551758,
        40.92451477050781,
        40.325042724609375,
        40.56700134277344,
        40.47469711303711,
        40.09296798706055,
        40.429927825927734,
        40.30472183227539,
        40.03329849243164,
        40.65546417236328,
        40.88741683959961,
        40.80946731567383,
        41.21873092651367,
        40.759944915771484,
        41.21131896972656,
        41.12080764770508,
        41.04890441894531,
        41.658565521240234,
        41.304996490478516,
        41.66928482055664,
        41.740814208984375,
        41.92815399169922,
        41.808746337890625,
        42.21625518798828,
        42.27287673950195,
        42.3671875,
        42.118404388427734,
        42.48646545410156,
        43.42941665649414,
        43.277286529541016,
        43.20856857299805,
        43.37929916381836,
        43.29732894897461,
        43.23647689819336,
        43.53757858276367,
        43.66804885864258,
        44.16222381591797,
        44.24885559082031,
        44.401493072509766,
        44.49324035644531,
        44.25106430053711,
        44.5255126953125,
        44.480995178222656,
        45.1927490234375,
        45.699981689453125,
        44.93917465209961,
        45.77900314331055,
        45.417686462402344,
        49.1796760559082,
        51.875999450683594,
        54.14625549316406,
        55.78282928466797,
        57.58834457397461,
        58.40565490722656,
        59.91619873046875,
        61.132965087890625,
        62.374595642089844,
        63.705230712890625
    ],
    "best_train_loss":37.70390319824219,
    "best_val_loss":39.560359954833984,
    "best_epoch":32
}