{
    "run_n":16,
    "run_seed":0,
    "ndims":16,
    "nsamples":100000,
    "correlation":"corr",
    "nbijectors":5,
    "bijector":"CsplineN",
    "spline_knots":12,
    "range_min":-5,
    "hidden_layers":"256-256-256",
    "batch_size":512,
    "activation":"relu",
    "eps_regulariser":0,
    "regulariser":null,
    "dist_seed":0,
    "test_seed":0,
    "kl_divergence":-1,
    "ks_test_mean":0.40991913740702324,
    "ks_test_median":0.4186820543801584,
    "ad_test_mean":0.1976178085406229,
    "ad_test_median":0.18378262034261006,
    "Wasserstein_median":0.026866768078319718,
    "Wasserstein_mean":0.026866768078319718,
    "frob_norm":0.1695039133364853,
    "epochs_input":1000,
    "epochs_output":73,
    "time":1967.0958043793216,
    "train_loss_history":[
        20.616775512695312,
        19.00351905822754,
        18.829282760620117,
        18.726360321044922,
        18.676490783691406,
        18.634965896606445,
        18.604839324951172,
        18.564945220947266,
        18.550283432006836,
        18.531795501708984,
        18.514307022094727,
        18.4932804107666,
        18.478769302368164,
        18.465974807739258,
        18.450162887573242,
        18.43964385986328,
        18.39957618713379,
        18.38929557800293,
        18.366060256958008,
        18.342906951904297,
        18.319862365722656,
        18.302684783935547,
        18.27071762084961,
        18.259511947631836,
        18.22550392150879,
        18.197311401367188,
        18.158788681030273,
        18.148691177368164,
        18.1171932220459,
        18.074718475341797,
        18.03134536743164,
        18.006256103515625,
        17.97623634338379,
        17.94083595275879,
        17.904870986938477,
        17.868831634521484,
        17.849781036376953,
        17.787330627441406,
        17.758363723754883,
        17.707918167114258,
        17.667604446411133,
        17.650440216064453,
        17.61896324157715,
        17.577016830444336,
        17.529434204101562,
        17.521404266357422,
        17.476917266845703,
        17.430736541748047,
        17.396404266357422,
        17.36057472229004,
        17.32367515563965,
        17.29500961303711,
        17.27519416809082,
        17.216720581054688,
        17.20111083984375,
        17.14870834350586,
        17.10491943359375,
        17.094749450683594,
        17.060161590576172,
        17.02776336669922,
        16.983421325683594,
        16.961688995361328,
        16.93449592590332,
        16.51936912536621,
        16.319082260131836,
        16.232444763183594,
        16.175796508789062,
        16.129993438720703,
        16.089113235473633,
        16.053651809692383,
        16.01778221130371,
        15.979180335998535,
        15.949225425720215
    ],
    "val_loss_history":[
        19.210620880126953,
        18.935470581054688,
        18.80137062072754,
        18.73554039001465,
        18.749961853027344,
        18.680370330810547,
        18.68148422241211,
        18.71055030822754,
        18.73004722595215,
        18.667316436767578,
        18.64813995361328,
        18.653648376464844,
        18.641845703125,
        18.672561645507812,
        18.690433502197266,
        18.67347526550293,
        18.64314079284668,
        18.660993576049805,
        18.67926788330078,
        18.697998046875,
        18.709775924682617,
        18.70318031311035,
        18.78594970703125,
        18.765216827392578,
        18.85775375366211,
        18.777511596679688,
        18.819486618041992,
        18.863842010498047,
        18.834877014160156,
        18.846948623657227,
        18.89789390563965,
        18.9296875,
        18.96986198425293,
        18.96337127685547,
        18.976394653320312,
        19.077241897583008,
        19.04294204711914,
        19.090795516967773,
        19.12641716003418,
        19.12765884399414,
        19.17111587524414,
        19.181034088134766,
        19.192472457885742,
        19.264192581176758,
        19.310956954956055,
        19.30962562561035,
        19.349132537841797,
        19.343029022216797,
        19.421157836914062,
        19.43474769592285,
        19.493896484375,
        19.481414794921875,
        19.535682678222656,
        19.576763153076172,
        19.5704288482666,
        19.58152198791504,
        19.684070587158203,
        19.73543357849121,
        19.69519805908203,
        19.700332641601562,
        19.775104522705078,
        19.817399978637695,
        19.7917423248291,
        19.99612045288086,
        20.121875762939453,
        20.199199676513672,
        20.265888214111328,
        20.326372146606445,
        20.348546981811523,
        20.432085037231445,
        20.493919372558594,
        20.480449676513672,
        20.552978515625
    ],
    "best_train_loss":18.478769302368164,
    "best_val_loss":18.641845703125,
    "best_epoch":12
}