{
    "run_n":2,
    "run_seed":187,
    "ndims":16,
    "nsamples":100000,
    "correlation":"corr",
    "nbijectors":10,
    "bijector":"RealNVPN",
    "spline_knots":8,
    "range_min":-5,
    "hidden_layers":"128-128-128",
    "batch_size":256,
    "activation":"relu",
    "eps_regulariser":0,
    "regulariser":null,
    "dist_seed":0,
    "test_seed":0,
    "ks_mean":0.21697355173372745,
    "ks_std":0.25293933444600636,
    "ad_mean":0.1343885427913989,
    "ad_std":0.10582196491615743,
    "wd_mean":0.05926678014804132,
    "wd_std":0.02810555437336726,
    "swd_mean":0.06094565355425581,
    "swd_std":0.027866166607618436,
    "fn_mean":0.22347090818722587,
    "fn_std":0.018526967611486478,
    "epochs_input":1000,
    "epochs_output":211,
    "time":2831.962638429366,
    "train_loss_history":[
        303.4403381347656,
        17.985931396484375,
        16.149791717529297,
        15.07289981842041,
        14.333300590515137,
        13.669727325439453,
        13.231651306152344,
        12.845536231994629,
        12.60348129272461,
        12.432537078857422,
        12.188776969909668,
        12.132377624511719,
        11.961033821105957,
        11.81270694732666,
        11.788803100585938,
        11.683842658996582,
        11.681928634643555,
        11.568336486816406,
        11.532615661621094,
        11.46300220489502,
        11.382908821105957,
        11.36467170715332,
        11.46688175201416,
        11.285380363464355,
        11.343548774719238,
        11.244540214538574,
        11.280311584472656,
        11.284154891967773,
        11.17121410369873,
        11.129424095153809,
        11.045952796936035,
        11.053024291992188,
        11.162598609924316,
        11.031094551086426,
        10.909181594848633,
        10.966910362243652,
        11.01594066619873,
        10.920373916625977,
        10.913849830627441,
        10.925679206848145,
        10.848125457763672,
        10.746204376220703,
        10.72164249420166,
        10.830784797668457,
        10.831233978271484,
        10.632734298706055,
        10.720858573913574,
        10.627281188964844,
        10.546637535095215,
        10.492551803588867,
        10.47800064086914,
        10.460952758789062,
        10.399202346801758,
        10.3720121383667,
        10.36716079711914,
        10.337332725524902,
        10.379081726074219,
        10.209901809692383,
        10.233027458190918,
        10.175721168518066,
        10.166604042053223,
        10.119892120361328,
        10.106818199157715,
        10.055072784423828,
        9.960009574890137,
        9.979378700256348,
        9.96717357635498,
        9.949173927307129,
        9.91578483581543,
        9.825923919677734,
        9.934540748596191,
        9.887394905090332,
        9.867815971374512,
        9.74350357055664,
        9.767352104187012,
        9.695411682128906,
        9.752792358398438,
        9.70969009399414,
        9.651368141174316,
        9.694236755371094,
        9.661144256591797,
        9.618853569030762,
        9.590592384338379,
        9.574028968811035,
        9.58053970336914,
        9.524805068969727,
        9.579024314880371,
        9.528397560119629,
        9.436544418334961,
        9.532575607299805,
        9.444589614868164,
        9.451125144958496,
        9.455931663513184,
        9.420371055603027,
        9.347041130065918,
        9.41856575012207,
        9.365153312683105,
        9.357611656188965,
        9.3352632522583,
        9.329411506652832,
        9.3433837890625,
        9.289724349975586,
        9.30556869506836,
        9.278987884521484,
        9.275566101074219,
        9.278450012207031,
        9.276366233825684,
        9.213592529296875,
        9.212845802307129,
        9.229204177856445,
        9.206602096557617,
        9.183995246887207,
        9.16392707824707,
        9.163684844970703,
        9.198260307312012,
        9.13126277923584,
        9.111971855163574,
        9.131048202514648,
        9.130325317382812,
        9.093249320983887,
        9.086423873901367,
        9.148629188537598,
        9.108075141906738,
        9.030433654785156,
        9.045907974243164,
        9.039772987365723,
        9.035233497619629,
        9.035968780517578,
        9.003664016723633,
        9.02724838256836,
        9.039244651794434,
        9.021771430969238,
        9.004549980163574,
        8.960213661193848,
        8.945662498474121,
        8.957639694213867,
        8.957701683044434,
        8.99023151397705,
        8.926046371459961,
        8.929957389831543,
        9.019837379455566,
        8.995492935180664,
        8.944171905517578,
        8.913858413696289,
        8.863417625427246,
        8.90723705291748,
        8.897974014282227,
        8.877625465393066,
        8.898367881774902,
        8.852603912353516,
        8.332174301147461,
        8.261749267578125,
        8.24393081665039,
        8.24084186553955,
        8.227359771728516,
        8.22056770324707,
        8.213546752929688,
        8.211350440979004,
        8.210493087768555,
        8.185040473937988,
        8.190290451049805,
        8.169507026672363,
        8.165397644042969,
        8.152243614196777,
        8.156830787658691,
        8.155884742736816,
        8.152958869934082,
        8.133930206298828,
        8.133140563964844,
        8.111181259155273,
        8.116903305053711,
        8.112120628356934,
        8.114214897155762,
        8.113289833068848,
        8.091880798339844,
        8.098077774047852,
        8.073535919189453,
        8.093216896057129,
        8.079879760742188,
        8.062870025634766,
        8.068403244018555,
        8.064682960510254,
        8.060554504394531,
        8.051133155822754,
        8.055273056030273,
        8.035725593566895,
        8.033235549926758,
        8.023447036743164,
        8.031570434570312,
        8.043954849243164,
        8.004781723022461,
        8.022010803222656,
        8.004806518554688,
        8.012747764587402,
        8.009488105773926,
        8.005858421325684,
        7.9919819831848145,
        7.980088233947754,
        7.984536647796631,
        7.987491130828857,
        7.9893975257873535,
        7.825723171234131,
        7.805349826812744,
        7.802639961242676,
        7.797781467437744,
        7.7988715171813965,
        7.796731472015381,
        7.7934489250183105,
        7.790266990661621,
        7.793400764465332,
        7.788828372955322
    ],