{
    "run_n":51,
    "run_seed":0,
    "ndims":64,
    "nsamples":100000,
    "correlation":"corr",
    "nbijectors":5,
    "bijector":"CsplineN",
    "spline_knots":8,
    "range_min":-16,
    "hidden_layers":"512-512-512",
    "batch_size":512,
    "activation":"relu",
    "eps_regulariser":0,
    "regulariser":null,
    "dist_seed":0,
    "test_seed":0,
    "kl_divergence":-1,
    "ks_test_mean":0.2490628174569015,
    "ks_test_median":0.2696112819593433,
    "ad_test_mean":0.14863911261951335,
    "ad_test_median":0.1325271745350533,
    "Wasserstein_median":0.09358145123459517,
    "Wasserstein_mean":0.09358145123459517,
    "frob_norm":0.8435734539984946,
    "epochs_input":1000,
    "epochs_output":109,
    "time":2482.5421577496454,
    "train_loss_history":[
        229.05319213867188,
        50.42831802368164,
        45.00581359863281,
        41.630210876464844,
        39.493743896484375,
        38.16666793823242,
        37.471920013427734,
        36.39183044433594,
        36.15224075317383,
        35.58344650268555,
        35.15057373046875,
        34.830169677734375,
        34.40067672729492,
        33.74074172973633,
        33.87078857421875,
        33.867637634277344,
        33.80631637573242,
        32.84014129638672,
        32.72182846069336,
        32.915706634521484,
        32.901390075683594,
        32.176170349121094,
        32.32431411743164,
        32.24173355102539,
        31.883899688720703,
        32.78717041015625,
        31.49919319152832,
        31.44271469116211,
        31.362592697143555,
        31.52461814880371,
        31.408435821533203,
        31.243589401245117,
        31.106849670410156,
        30.921497344970703,
        30.80872917175293,
        30.810949325561523,
        30.50145721435547,
        30.607078552246094,
        30.527427673339844,
        30.470956802368164,
        30.387449264526367,
        30.49591064453125,
        30.07290267944336,
        29.84607696533203,
        29.967308044433594,
        30.110246658325195,
        29.555349349975586,
        29.57179832458496,
        29.521570205688477,
        29.395917892456055,
        29.31111717224121,
        28.904752731323242,
        29.066055297851562,
        28.726465225219727,
        28.64279556274414,
        28.536575317382812,
        28.563493728637695,
        28.279390335083008,
        29.041526794433594,
        28.049158096313477,
        27.893449783325195,
        28.053438186645508,
        27.788848876953125,
        27.521011352539062,
        27.328571319580078,
        27.249542236328125,
        26.991424560546875,
        26.995574951171875,
        26.957778930664062,
        26.77507972717285,
        26.575376510620117,
        26.44310760498047,
        26.15634536743164,
        25.845378875732422,
        25.869842529296875,
        25.759878158569336,
        25.86180877685547,
        25.548580169677734,
        25.182777404785156,
        25.060367584228516,
        24.884557723999023,
        24.926095962524414,
        24.472349166870117,
        24.527250289916992,
        24.160011291503906,
        24.137727737426758,
        23.97995948791504,
        23.79874038696289,
        23.5760498046875,
        23.6245059967041,
        23.392892837524414,
        23.179424285888672,
        22.964004516601562,
        22.905473709106445,
        22.63547134399414,
        22.615497589111328,
        22.540672302246094,
        22.393157958984375,
        22.349895477294922,
        18.962753295898438,
        17.67053985595703,
        17.104751586914062,
        16.71137237548828,
        16.36945915222168,
        16.13197898864746,
        15.887784004211426,
        15.67530345916748,
        15.505346298217773,
        15.310664176940918
    ],
    "val_loss_history":[
        57.008087158203125,
        45.802703857421875,
        42.42543029785156,
        39.736019134521484,
        39.098365783691406,
        44.76315689086914,
        37.89036560058594,
        36.73414993286133,
        34.981910705566406,
        35.16364669799805,
        37.12857437133789,
        36.855159759521484,
        34.36436080932617,
        34.905521392822266,
        35.407596588134766,
        34.255001068115234,
        34.087615966796875,
        31.889158248901367,
        32.67435073852539,
        34.88763427734375,
        32.014400482177734,
        31.665172576904297,
        32.25235366821289,
        31.981414794921875,
        33.05925369262695,
        32.60547637939453,
        31.601085662841797,
        32.14196014404297,
        31.3905029296875,
        32.05073165893555,
        33.66623306274414,
        32.84415054321289,
        32.49312973022461,
        31.113752365112305,
        30.7557315826416,
        31.360544204711914,
        31.54520034790039,
        30.765710830688477,
        30.8866024017334,
        32.10273361206055,
        31.067543029785156,
        30.692081451416016,
        32.64366912841797,
        31.47617530822754,
        32.213844299316406,
        31.029266357421875,
        30.83257484436035,
        32.06252670288086,
        30.432790756225586,
        32.651611328125,
        30.690044403076172,
        32.35519790649414,
        31.557144165039062,
        30.89592170715332,
        30.93036460876465,
        30.85113525390625,
        31.626283645629883,
        31.404821395874023,
        31.421602249145508,
        31.917444229125977,
        30.999765396118164,
        32.041847229003906,
        31.463695526123047,
        32.61479187011719,
        31.725271224975586,
        31.427806854248047,
        31.582111358642578,
        31.717592239379883,
        31.68794822692871,
        32.3532600402832,
        32.255348205566406,
        32.35428237915039,
        32.93781280517578,
        32.894386291503906,
        32.737281799316406,
        32.92105484008789,
        33.28097152709961,
        33.74300003051758,
        33.821067810058594,
        33.401817321777344,
        33.89026641845703,
        34.01644515991211,
        34.00276184082031,
        34.37797927856445,
        36.97993087768555,
        35.148624420166016,
        37.015689849853516,
        34.993377685546875,
        35.44245910644531,
        35.60697937011719,
        36.633182525634766,
        36.218116760253906,
        36.14253234863281,
        36.79579544067383,
        37.16621780395508,
        37.10011672973633,
        37.70125961303711,
        37.552467346191406,
        37.544857025146484,
        40.672725677490234,
        42.34184265136719,
        43.42171096801758,
        44.57692337036133,
        45.82080841064453,
        46.71672821044922,
        47.385009765625,
        48.32502746582031,
        48.94824981689453,
        49.85610580444336
    ],
    "best_train_loss":29.521570205688477,
    "best_val_loss":30.432790756225586,
    "best_epoch":48
}