{
    "run_n":3,
    "run_seed":377,
    "ndims":1000,
    "nsamples":100000,
    "correlation":"corr",
    "nbijectors":5,
    "bijector":"MAFN",
    "spline_knots":8,
    "range_min":-5,
    "hidden_layers":"128-128-128",
    "batch_size":512,
    "activation":"relu",
    "eps_regulariser":0,
    "regulariser":null,
    "dist_seed":0,
    "test_seed":0,
    "kl_divergence":-1,
    "ks_test_mean":0.26041600963625267,
    "ks_test_median":0.27553516094568153,
    "ad_test_mean":0.157737404066768,
    "ad_test_median":0.14395666870908164,
    "Wasserstein_median":0.10120868377379287,
    "Wasserstein_mean":0.10120868377379287,
    "frob_norm":17.24626054618947,
    "epochs_input":1000,
    "epochs_output":242,
    "time":654.3172923326492,
    "train_loss_history":[
        3070.09228515625,
        814.3121948242188,
        626.9972534179688,
        566.7344970703125,
        534.9020385742188,
        515.058837890625,
        503.823486328125,
        493.3492126464844,
        487.125244140625,
        478.2356872558594,
        477.3076477050781,
        472.54888916015625,
        465.0266418457031,
        462.0501403808594,
        462.4801330566406,
        457.7574462890625,
        456.853271484375,
        454.9525146484375,
        451.0428771972656,
        451.3356628417969,
        447.74359130859375,
        446.8831481933594,
        445.3155517578125,
        447.4905090332031,
        443.5683898925781,
        440.95452880859375,
        440.562255859375,
        440.1166076660156,
        442.8284606933594,
        437.0677185058594,
        436.73590087890625,
        435.9335021972656,
        435.3951416015625,
        433.9114074707031,
        432.1672668457031,
        432.1324157714844,
        436.8233337402344,
        431.7222595214844,
        431.8124694824219,
        430.61578369140625,
        429.37872314453125,
        428.1979675292969,
        429.1293029785156,
        429.4884338378906,
        427.60833740234375,
        425.9517822265625,
        428.2746887207031,
        427.515625,
        425.658203125,
        424.6990051269531,
        425.7762756347656,
        438.67266845703125,
        422.52587890625,
        423.6020202636719,
        422.0346374511719,
        421.914306640625,
        421.5205383300781,
        471.79437255859375,
        429.2831726074219,
        425.8271484375,
        424.42718505859375,
        422.2905578613281,
        420.27886962890625,
        420.6346130371094,
        420.9938049316406,
        466.20867919921875,
        421.7818908691406,
        420.162353515625,
        418.8207092285156,
        420.9588623046875,
        418.7366027832031,
        421.0843811035156,
        418.59075927734375,
        417.4642639160156,
        416.8138122558594,
        418.9335632324219,
        417.3279724121094,
        419.6968994140625,
        417.2441101074219,
        546.6761474609375,
        432.2376708984375,
        424.81463623046875,
        427.1154479980469,
        418.7427673339844,
        417.92840576171875,
        419.0319519042969,
        417.0696105957031,
        417.6845703125,
        415.00726318359375,
        415.5899353027344,
        419.57867431640625,
        421.2015075683594,
        414.2436218261719,
        414.5523376464844,
        415.60003662109375,
        414.943359375,
        485.9886779785156,
        419.94647216796875,
        418.1365966796875,
        416.3711853027344,
        412.8623352050781,
        413.9527282714844,
        419.0194091796875,
        413.4594421386719,
        413.2949523925781,
        413.596923828125,
        413.7560729980469,
        413.91876220703125,
        411.763916015625,
        416.8946228027344,
        413.3464660644531,
        411.62274169921875,
        410.2713623046875,
        415.51300048828125,
        411.4859313964844,
        434.19061279296875,
        410.9109191894531,
        411.978271484375,
        410.48291015625,
        409.76654052734375,
        410.35211181640625,
        412.79986572265625,
        412.6612854003906,
        408.96002197265625,
        422.1883850097656,
        413.9474182128906,
        409.72900390625,
        409.0526428222656,
        409.12701416015625,
        411.2273254394531,
        407.89398193359375,
        409.96368408203125,
        410.1114501953125,
        408.4978942871094,
        409.21844482421875,
        497.3157653808594,
        421.25689697265625,
        414.6322326660156,
        413.53240966796875,
        411.5195007324219,
        411.34564208984375,
        417.47021484375,
        408.31781005859375,
        408.7103576660156,
        408.8444519042969,
        409.80279541015625,
        408.53900146484375,
        408.8901672363281,
        410.11676025390625,
        407.47088623046875,
        408.51495361328125,
        408.272705078125,
        407.8564453125,
        407.20489501953125,
        408.5260009765625,
        408.28131103515625,
        409.03204345703125,
        407.1259460449219,
        407.00732421875,
        407.2765808105469,
        408.2151794433594,
        406.3128662109375,
        407.7453918457031,
        406.1745300292969,
        408.5635986328125,
        408.5566101074219,
        406.42840576171875,
        406.458251953125,
        406.2955322265625,
        411.33038330078125,
        406.4045715332031,
        407.55328369140625,
        407.0923156738281,
        407.1946716308594,
        406.4278869628906,
        405.94329833984375,
        406.3526306152344,
        406.6995544433594,
        406.96527099609375,
        418.76531982421875,
        405.50714111328125,
        405.0099792480469,
        414.18792724609375,
        404.9308776855469,
        405.84796142578125,
        404.7792663574219,
        405.25439453125,
        405.3193664550781,
        409.54962158203125,
        406.65997314453125,
        404.3775329589844,
        404.9542236328125,
        406.6441650390625,
        407.3247985839844,
        405.4394226074219,
        404.1248474121094,
        NaN,
        NaN,
        NaN,
        NaN,
        NaN,
        NaN,
        NaN,
        NaN,
        NaN,
        NaN,
        NaN,
        NaN,
        NaN,
        NaN,
        NaN,
        NaN,
        NaN,
        NaN,
        NaN,
        NaN,
        NaN,
        NaN,
        NaN,
        NaN,
        NaN,
        NaN,
        NaN,
        NaN,
        NaN,
        NaN,
        NaN,
        NaN,
        NaN,
        NaN,
        NaN,
        NaN,
        NaN,
        NaN,
        NaN,
        NaN,
        NaN,
        NaN,
        NaN,
        NaN,
        NaN,
        NaN
    ],