{
    "run_n":4,
    "run_seed":0,
    "ndims":4,
    "nsamples":100000,
    "correlation":"corr",
    "nbijectors":2,
    "bijector":"MsplineN",
    "spline_knots":12,
    "range_min":-16,
    "hidden_layers":"256-256-256",
    "batch_size":512,
    "activation":"relu",
    "eps_regulariser":0,
    "regulariser":null,
    "dist_seed":0,
    "test_seed":0,
    "kl_divergence":-1,
    "ks_test_mean":0.47947180529203404,
    "ks_test_median":0.4712809937849365,
    "ad_test_mean":0.20966476799269002,
    "ad_test_median":0.21264051212572574,
    "Wasserstein_median":0.014930514557604854,
    "Wasserstein_mean":0.014930514557604854,
    "frob_norm":0.021019125924697176,
    "epochs_input":1000,
    "epochs_output":237,
    "time":1297.4489617031068,
    "train_loss_history":[
        8.117622375488281,
        3.380851984024048,
        2.953089475631714,
        2.8630731105804443,
        2.711418628692627,
        2.6834731101989746,
        2.6811842918395996,
        2.5936660766601562,
        2.610138177871704,
        2.566988706588745,
        2.581181764602661,
        2.5271143913269043,
        2.525029182434082,
        2.515662431716919,
        2.5418601036071777,
        2.4934945106506348,
        2.517838954925537,
        2.5041043758392334,
        2.4952821731567383,
        2.5008292198181152,
        2.489501714706421,
        2.4573538303375244,
        2.4758782386779785,
        2.460834264755249,
        2.4780831336975098,
        2.4842100143432617,
        2.462449073791504,
        2.465822458267212,
        2.456561803817749,
        2.4507198333740234,
        2.4582860469818115,
        2.457869052886963,
        2.4640183448791504,
        2.445737838745117,
        2.4467737674713135,
        2.4626595973968506,
        2.4533348083496094,
        2.445009469985962,
        2.4424896240234375,
        2.4360806941986084,
        2.4320666790008545,
        2.437316656112671,
        2.4490926265716553,
        2.433687448501587,
        2.436784267425537,
        2.4495224952697754,
        2.4428412914276123,
        2.454023599624634,
        2.426736831665039,
        2.4355552196502686,
        2.440347671508789,
        2.4210052490234375,
        2.428703784942627,
        2.4194092750549316,
        2.4473559856414795,
        2.438420295715332,
        2.4339418411254883,
        2.4272513389587402,
        2.422010898590088,
        2.448413610458374,
        2.4256815910339355,
        2.4062328338623047,
        2.4109694957733154,
        2.4324817657470703,
        2.4276928901672363,
        2.426462411880493,
        2.4186851978302,
        2.4210715293884277,
        2.4279375076293945,
        2.428253650665283,
        2.4203298091888428,
        2.424428701400757,
        2.4179651737213135,
        2.409233331680298,
        2.4137511253356934,
        2.415114402770996,
        2.4141416549682617,
        2.4164199829101562,
        2.4060568809509277,
        2.415837049484253,
        2.406259298324585,
        2.4259192943573,
        2.416905641555786,
        2.4157443046569824,
        2.4083521366119385,
        2.4088971614837646,
        2.405225992202759,
        2.4194748401641846,
        2.4136459827423096,
        2.406961441040039,
        2.416455030441284,
        2.397620677947998,
        2.4100568294525146,
        2.416444778442383,
        2.4102799892425537,
        2.411648750305176,
        2.40741229057312,
        2.4097657203674316,
        2.4121603965759277,
        2.4210638999938965,
        2.4167559146881104,
        2.4031457901000977,
        2.4081273078918457,
        2.409492254257202,
        2.4147849082946777,
        2.4015018939971924,
        2.4051952362060547,
        2.4018118381500244,
        2.402724266052246,
        2.404853582382202,
        2.3991594314575195,
        2.3922278881073,
        2.401179552078247,
        2.392956256866455,
        2.3956284523010254,
        2.4136486053466797,
        2.3924336433410645,
        2.405104160308838,
        2.401567220687866,
        2.4055984020233154,
        2.398266553878784,
        2.4073784351348877,
        2.4025752544403076,
        2.3969907760620117,
        2.408271551132202,
        2.39420223236084,
        2.39909029006958,
        2.406583309173584,
        2.402951240539551,
        2.395202875137329,
        2.403087615966797,
        2.3983027935028076,
        2.40504789352417,
        2.3921546936035156,
        2.3886194229125977,
        2.401402711868286,
        2.3991153240203857,
        2.4007787704467773,
        2.401036500930786,
        2.390801191329956,
        2.3894073963165283,
        2.3973021507263184,
        2.3948349952697754,
        2.395061731338501,
        2.3887226581573486,
        2.3962388038635254,
        2.390446186065674,
        2.3901541233062744,
        2.392587900161743,
        2.4008779525756836,
        2.39392352104187,
        2.3933732509613037,
        2.4011788368225098,
        2.3940939903259277,
        2.3955535888671875,
        2.388124942779541,
        2.3926379680633545,
        2.3927500247955322,
        2.394062042236328,
        2.3936069011688232,
        2.3945400714874268,
        2.3948137760162354,
        2.386620044708252,
        2.385427474975586,
        2.3873984813690186,
        2.392216682434082,
        2.388296127319336,
        2.3950648307800293,
        2.3990161418914795,
        2.3849213123321533,
        2.3941848278045654,
        2.3939743041992188,
        2.3930504322052,
        2.393080711364746,
        2.3958561420440674,
        2.3606338500976562,
        2.359661817550659,
        2.3603625297546387,
        2.3589608669281006,
        2.3590338230133057,
        2.359968900680542,
        2.3595128059387207,
        2.3579185009002686,
        2.359419345855713,
        2.358746290206909,
        2.3607096672058105,
        2.3577613830566406,
        2.3608334064483643,
        2.3600475788116455,
        2.3585104942321777,
        2.360839366912842,
        2.3619630336761475,
        2.359787702560425,
        2.3586390018463135,
        2.361442804336548,
        2.3589768409729004,
        2.3617148399353027,
        2.359241485595703,
        2.3611350059509277,
        2.3566455841064453,
        2.358806610107422,
        2.3585996627807617,
        2.3582828044891357,
        2.3600006103515625,
        2.35798978805542,
        2.3577475547790527,
        2.3577969074249268,
        2.357285737991333,
        2.3589706420898438,
        2.358203172683716,
        2.360447883605957,
        2.358246088027954,
        2.3583216667175293,
        2.3591678142547607,
        2.3591575622558594,
        2.356248140335083,
        2.3577966690063477,
        2.359398126602173,
        2.358933448791504,
        2.3588337898254395,
        2.3582403659820557,
        2.3576838970184326,
        2.357264518737793,
        2.3560116291046143,
        2.3577523231506348,
        2.357053518295288,
        2.357149839401245,
        2.349975109100342,
        2.3497490882873535,
        2.348966121673584,
        2.3495261669158936,
        2.3496756553649902,
        2.349515199661255,
        2.3492002487182617,
        2.3501288890838623,
        2.3495872020721436,
        2.3493242263793945
    ],