{
    "run_n":20,
    "run_seed":0,
    "ndims":100,
    "nsamples":100000,
    "correlation":"corr",
    "nbijectors":2,
    "bijector":"MsplineN",
    "spline_knots":32,
    "range_min":-16,
    "hidden_layers":"512-512-512",
    "batch_size":512,
    "activation":"relu",
    "eps_regulariser":0,
    "regulariser":null,
    "dist_seed":0,
    "test_seed":0,
    "kl_divergence":-1,
    "ks_test_mean":0.3883067071881801,
    "ks_test_median":0.40510771563018627,
    "ad_test_mean":0.1977703335374532,
    "ad_test_median":0.18912760458475814,
    "Wasserstein_median":0.05257402245939073,
    "Wasserstein_mean":0.05257402245939073,
    "frob_norm":0.9998380354470574,
    "epochs_input":1000,
    "epochs_output":95,
    "time":637.5094875311479,
    "train_loss_history":[
        167.86099243164062,
        62.9411506652832,
        56.294803619384766,
        53.316001892089844,
        51.082027435302734,
        50.083290100097656,
        49.44850540161133,
        48.442352294921875,
        48.08213806152344,
        47.614498138427734,
        47.525062561035156,
        47.036903381347656,
        46.764739990234375,
        46.37873458862305,
        46.34238815307617,
        45.87239456176758,
        45.9430046081543,
        45.588417053222656,
        45.32231521606445,
        45.47443771362305,
        45.26115798950195,
        45.007781982421875,
        45.19761276245117,
        44.94363021850586,
        44.857242584228516,
        44.77515411376953,
        44.75312423706055,
        44.72955322265625,
        44.64357376098633,
        44.90940475463867,
        44.597469329833984,
        44.45248031616211,
        44.359657287597656,
        44.36675262451172,
        44.36479949951172,
        44.152740478515625,
        44.22916793823242,
        44.06135559082031,
        44.0037956237793,
        43.90327453613281,
        44.0087890625,
        43.96428680419922,
        43.91623306274414,
        43.734779357910156,
        43.70679473876953,
        43.63050842285156,
        43.490970611572266,
        43.60447692871094,
        43.56481170654297,
        43.31858825683594,
        43.382118225097656,
        43.23479461669922,
        43.31248474121094,
        43.36214828491211,
        43.063777923583984,
        42.92522048950195,
        42.95427703857422,
        42.882774353027344,
        42.83008575439453,
        42.909175872802734,
        42.725040435791016,
        42.56954574584961,
        42.72108459472656,
        42.567169189453125,
        42.47035217285156,
        42.32744598388672,
        42.26626968383789,
        42.21321487426758,
        42.19094467163086,
        42.03433609008789,
        42.158992767333984,
        41.95166778564453,
        41.8723030090332,
        41.92353439331055,
        41.81559753417969,
        41.72764205932617,
        41.632755279541016,
        41.44974136352539,
        41.594112396240234,
        41.407310485839844,
        41.46005630493164,
        41.31930160522461,
        41.25371551513672,
        41.148380279541016,
        41.21364974975586,
        39.171451568603516,
        38.899009704589844,
        38.82060623168945,
        38.8171501159668,
        38.61836242675781,
        38.720123291015625,
        38.495025634765625,
        38.58279800415039,
        38.39189529418945,
        38.45433044433594
    ],
    "val_loss_history":[
        71.41366577148438,
        58.06278610229492,
        62.8612060546875,
        51.146636962890625,
        50.270816802978516,
        51.12271499633789,
        48.57749557495117,
        48.12509536743164,
        48.04335021972656,
        48.05467224121094,
        47.187374114990234,
        46.596580505371094,
        46.596893310546875,
        47.0506591796875,
        47.40187454223633,
        45.79269027709961,
        46.22892761230469,
        45.97621154785156,
        45.939266204833984,
        45.71477127075195,
        45.61431121826172,
        45.127708435058594,
        45.74123764038086,
        45.42866134643555,
        45.01707077026367,
        45.12265396118164,
        44.89479064941406,
        45.07457733154297,
        44.740150451660156,
        45.36369705200195,
        45.692996978759766,
        44.79983901977539,
        44.78593826293945,
        45.43353271484375,
        44.41669845581055,
        44.99507522583008,
        44.71665954589844,
        44.61310958862305,
        44.63435745239258,
        44.50410079956055,
        44.68367385864258,
        45.83254623413086,
        45.38109588623047,
        45.253421783447266,
        44.88241958618164,
        44.584529876708984,
        45.71943664550781,
        44.65214157104492,
        44.9965705871582,
        44.697364807128906,
        45.0172119140625,
        45.33606719970703,
        45.06454086303711,
        45.09968566894531,
        45.029457092285156,
        44.816890716552734,
        45.23696517944336,
        45.306671142578125,
        44.84051513671875,
        46.07085037231445,
        45.44967269897461,
        45.49607849121094,
        45.10255432128906,
        45.38338851928711,
        45.56789016723633,
        45.23212432861328,
        45.59053039550781,
        45.5128173828125,
        45.574913024902344,
        45.6068115234375,
        45.9517822265625,
        45.75227737426758,
        45.88835906982422,
        45.56755447387695,
        45.39693832397461,
        45.922027587890625,
        45.73318099975586,
        45.99625778198242,
        45.83829879760742,
        46.317474365234375,
        46.21318435668945,
        45.968597412109375,
        46.117408752441406,
        46.38465118408203,
        46.269222259521484,
        45.69632339477539,
        45.92626190185547,
        46.301551818847656,
        46.037559509277344,
        46.114418029785156,
        46.406517028808594,
        46.313297271728516,
        46.42069625854492,
        46.78662872314453,
        46.69321823120117
    ],
    "best_train_loss":44.36479949951172,
    "best_val_loss":44.41669845581055,
    "best_epoch":34
}