{
    "run_n":5,
    "run_seed":0,
    "ndims":16,
    "nsamples":100000,
    "correlation":"corr",
    "nbijectors":5,
    "bijector":"MAFN",
    "spline_knots":8,
    "range_min":-16,
    "hidden_layers":"128-128-128",
    "batch_size":512,
    "activation":"relu",
    "eps_regulariser":0,
    "regulariser":null,
    "dist_seed":0,
    "test_seed":0,
    "kl_divergence":-1,
    "ks_test_mean":0.3715634825426531,
    "ks_test_median":0.4146534675717429,
    "ad_test_mean":0.18919470128071963,
    "ad_test_median":0.16321627132701425,
    "Wasserstein_median":0.03896901728282716,
    "Wasserstein_mean":0.03896901728282716,
    "frob_norm":0.14041149819904647,
    "epochs_input":1000,
    "epochs_output":125,
    "time":325.0808923114091,
    "train_loss_history":[
        23.036964416503906,
        21.659557342529297,
        21.401254653930664,
        20.998477935791016,
        20.24825096130371,
        19.86690330505371,
        19.695913314819336,
        19.591833114624023,
        19.512292861938477,
        19.44115447998047,
        19.37642478942871,
        19.320907592773438,
        19.28743553161621,
        19.243724822998047,
        19.235488891601562,
        19.20406723022461,
        19.17625617980957,
        19.156177520751953,
        19.139663696289062,
        19.13139533996582,
        19.095243453979492,
        19.101423263549805,
        19.085391998291016,
        19.074302673339844,
        19.060609817504883,
        19.046356201171875,
        19.033737182617188,
        19.023759841918945,
        19.0229549407959,
        19.009458541870117,
        18.99086570739746,
        18.98174285888672,
        18.97626304626465,
        18.994728088378906,
        18.9552001953125,
        18.942771911621094,
        18.93157386779785,
        18.941709518432617,
        18.92291831970215,
        18.896303176879883,
        18.88749885559082,
        18.892229080200195,
        18.872615814208984,
        18.864700317382812,
        18.89402198791504,
        18.84746551513672,
        18.842180252075195,
        18.81888771057129,
        18.82685089111328,
        18.832895278930664,
        18.79464340209961,
        18.79498863220215,
        18.787431716918945,
        18.789615631103516,
        18.771808624267578,
        18.77155876159668,
        18.762672424316406,
        18.763687133789062,
        18.74812889099121,
        18.755605697631836,
        18.759593963623047,
        18.743772506713867,
        18.735576629638672,
        18.725139617919922,
        18.731645584106445,
        18.765918731689453,
        18.72897720336914,
        18.712932586669922,
        18.691020965576172,
        18.716672897338867,
        18.698535919189453,
        18.692886352539062,
        18.684499740600586,
        18.686845779418945,
        18.67725372314453,
        18.667909622192383,
        18.679058074951172,
        18.667085647583008,
        18.66745948791504,
        18.666536331176758,
        18.645923614501953,
        18.646635055541992,
        18.656124114990234,
        18.64730453491211,
        18.659456253051758,
        18.656675338745117,
        18.637662887573242,
        18.628816604614258,
        18.63800621032715,
        18.626068115234375,
        18.620285034179688,
        18.61614227294922,
        18.61758804321289,
        18.61886978149414,
        18.604740142822266,
        18.624202728271484,
        18.61081314086914,
        18.61745834350586,
        18.62639808654785,
        18.582563400268555,
        18.58969497680664,
        18.592004776000977,
        18.57737159729004,
        18.57863426208496,
        18.569021224975586,
        18.594247817993164,
        18.569129943847656,
        18.560585021972656,
        18.563159942626953,
        18.56204605102539,
        18.566551208496094,
        18.555646896362305,
        18.58350944519043,
        18.54106330871582,
        18.548545837402344,
        18.425804138183594,
        18.400497436523438,
        18.39665985107422,
        18.39388084411621,
        18.38907241821289,
        18.387104034423828,
        18.386314392089844,
        18.381526947021484,
        18.380945205688477,
        18.379844665527344
    ],
    "val_loss_history":[
        21.728059768676758,
        21.567537307739258,
        21.27774429321289,
        20.57265853881836,
        20.106101989746094,
        19.821847915649414,
        19.672130584716797,
        19.602697372436523,
        19.509727478027344,
        19.47658348083496,
        19.405113220214844,
        19.364883422851562,
        19.33257484436035,
        19.31462860107422,
        19.261754989624023,
        19.269590377807617,
        19.25739097595215,
        19.259645462036133,
        19.243425369262695,
        19.183738708496094,
        19.183143615722656,
        19.178564071655273,
        19.195741653442383,
        19.23089027404785,
        19.14474105834961,
        19.181894302368164,
        19.14337730407715,
        19.156719207763672,
        19.17665672302246,
        19.151220321655273,
        19.125228881835938,
        19.164827346801758,
        19.10300636291504,
        19.124710083007812,
        19.09477996826172,
        19.105300903320312,
        19.089061737060547,
        19.137775421142578,
        19.082551956176758,
        19.098182678222656,
        19.097015380859375,
        19.079004287719727,
        19.04935073852539,
        19.052379608154297,
        19.04574966430664,
        19.09549331665039,
        19.123844146728516,
        19.05649757385254,
        19.062698364257812,
        19.121536254882812,
        19.029224395751953,
        19.081201553344727,
        19.08742904663086,
        19.043231964111328,
        19.094318389892578,
        19.026689529418945,
        19.047271728515625,
        19.04423713684082,
        19.023727416992188,
        19.070375442504883,
        19.03118133544922,
        19.02871322631836,
        19.031904220581055,
        19.017316818237305,
        19.007638931274414,
        19.05092430114746,
        19.022470474243164,
        19.014997482299805,
        19.103416442871094,
        19.115711212158203,
        19.062532424926758,
        19.04845428466797,
        19.019512176513672,
        19.092668533325195,
        19.069835662841797,
        19.052318572998047,
        19.075000762939453,
        19.11834716796875,
        19.079227447509766,
        19.102270126342773,
        19.107458114624023,
        19.055068969726562,
        19.070613861083984,
        19.113040924072266,
        19.080307006835938,
        19.074621200561523,
        19.12349510192871,
        19.12859344482422,
        19.09917449951172,
        19.116098403930664,
        19.063425064086914,
        19.106773376464844,
        19.086992263793945,
        19.121274948120117,
        19.096729278564453,
        19.107336044311523,
        19.160661697387695,
        19.083524703979492,
        19.110271453857422,
        19.13395118713379,
        19.11492156982422,
        19.15019989013672,
        19.15913963317871,
        19.123699188232422,
        19.25090980529785,
        19.233261108398438,
        19.205520629882812,
        19.253942489624023,
        19.41060447692871,
        19.494426727294922,
        19.24857521057129,
        19.37531280517578,
        20.102426528930664,
        21.40489959716797,
        22.483882904052734,
        6681.404296875,
        151500.0,
        8669841.0,
        9872949.0,
        12444822.0,
        60491052.0,
        1463180.125,
        930232384.0,
        3948835.0,
        8485948358656.0
    ],
    "best_train_loss":18.731645584106445,
    "best_val_loss":19.007638931274414,
    "best_epoch":64
}