{
    "run_n":5,
    "run_seed":0,
    "ndims":8,
    "nsamples":100000,
    "correlation":"corr",
    "nbijectors":5,
    "bijector":"MAFN",
    "spline_knots":8,
    "range_min":-16,
    "hidden_layers":"128-128-128",
    "batch_size":512,
    "activation":"relu",
    "eps_regulariser":0,
    "regulariser":null,
    "dist_seed":0,
    "test_seed":0,
    "kl_divergence":-1,
    "ks_test_mean":0.2910208409215774,
    "ks_test_median":0.34419037062339386,
    "ad_test_mean":0.14408847027121396,
    "ad_test_median":0.11292989834537391,
    "Wasserstein_median":0.008708776243408937,
    "Wasserstein_mean":0.008708776243408937,
    "frob_norm":0.09784507879420008,
    "epochs_input":1000,
    "epochs_output":190,
    "time":457.4674267526716,
    "train_loss_history":[
        24.29828453063965,
        2.8308520317077637,
        1.1377995014190674,
        1.0609289407730103,
        0.7682660222053528,
        0.2529498338699341,
        0.1271032989025116,
        0.0034578547347337008,
        -0.10407590866088867,
        0.6493214964866638,
        -0.09612096846103668,
        -0.3614283800125122,
        -0.39077264070510864,
        0.02303650788962841,
        -0.5025431513786316,
        -0.6011312007904053,
        -0.49905630946159363,
        -0.5878968834877014,
        -0.686234712600708,
        -0.752007246017456,
        -0.7112496495246887,
        -0.5031464695930481,
        -0.8464787006378174,
        -0.7793961763381958,
        -0.856458306312561,
        -0.8394681215286255,
        -0.682348906993866,
        -0.8313199281692505,
        -0.6290435791015625,
        -0.9195734858512878,
        -0.90006422996521,
        -0.8014144897460938,
        -0.9093751311302185,
        -0.9604995250701904,
        -0.936612606048584,
        -0.9673324823379517,
        -0.9315409064292908,
        -1.0022724866867065,
        -1.0239312648773193,
        -0.8299475312232971,
        -0.9715737700462341,
        -1.0019350051879883,
        -0.8476738929748535,
        -1.041390299797058,
        -1.0753602981567383,
        -0.9542455077171326,
        -1.0414118766784668,
        -1.0091081857681274,
        -1.0384923219680786,
        -1.0716575384140015,
        -1.0557156801223755,
        -1.0129761695861816,
        -1.0701888799667358,
        -0.9739916324615479,
        -1.0866979360580444,
        -1.1028374433517456,
        -1.0834805965423584,
        -0.9483805894851685,
        -0.9810886979103088,
        -1.033739686012268,
        -1.1249109506607056,
        -1.084583044052124,
        -1.0664654970169067,
        -1.0617932081222534,
        -1.087419033050537,
        -1.1110275983810425,
        -1.069704294204712,
        -1.0821318626403809,
        -1.1818668842315674,
        -0.7967435717582703,
        -1.1193690299987793,
        -1.159101963043213,
        -1.0651179552078247,
        -1.1340306997299194,
        -1.1947107315063477,
        -1.0758367776870728,
        -1.1220558881759644,
        -1.1548125743865967,
        -1.1486316919326782,
        -1.1543275117874146,
        -1.211631417274475,
        -1.0921825170516968,
        -1.1022032499313354,
        -1.148781180381775,
        -1.1940999031066895,
        -1.143051266670227,
        -1.1994727849960327,
        -1.1994229555130005,
        -1.1429071426391602,
        -1.1644848585128784,
        -1.2361198663711548,
        -1.1471314430236816,
        -1.193876028060913,
        -1.2098393440246582,
        -1.2407357692718506,
        -1.233301043510437,
        -1.2100653648376465,
        -1.0243011713027954,
        -1.2279435396194458,
        -1.1840991973876953,
        -1.2197575569152832,
        -1.2132019996643066,
        -1.231755256652832,
        -1.2311121225357056,
        -1.272428035736084,
        -1.231957197189331,
        -1.235827922821045,
        -1.2729008197784424,
        -1.3014942407608032,
        -1.0877071619033813,
        -1.1969735622406006,
        -1.263442873954773,
        -1.1971397399902344,
        -1.2982826232910156,
        -1.2465541362762451,
        -1.2818853855133057,
        -1.2606947422027588,
        -1.2485905885696411,
        -1.280115008354187,
        -1.2597712278366089,
        -1.3383517265319824,
        -1.2789026498794556,
        -1.2687246799468994,
        -1.2705422639846802,
        -1.1109758615493774,
        -1.3458093404769897,
        -1.1772825717926025,
        -1.315138816833496,
        -1.319022536277771,
        -1.3071069717407227,
        -1.3248794078826904,
        -1.280487298965454,
        -1.2699661254882812,
        -1.0934871435165405,
        -1.3710001707077026,
        -1.2983148097991943,
        -1.3039575815200806,
        -1.28001868724823,
        -1.3548529148101807,
        -1.3380491733551025,
        -1.252755880355835,
        -1.3403685092926025,
        -1.2864151000976562,
        -1.317997694015503,
        -1.3404313325881958,
        -1.3753345012664795,
        -1.3519827127456665,
        -1.3619534969329834,
        -1.2833150625228882,
        -1.318586826324463,
        -1.3482753038406372,
        -1.3134500980377197,
        -1.3594187498092651,
        NaN,
        NaN,
        NaN,
        NaN,
        NaN,
        NaN,
        NaN,
        NaN,
        NaN,
        NaN,
        NaN,
        NaN,
        NaN,
        NaN,
        NaN,
        NaN,
        NaN,
        NaN,
        NaN,
        NaN,
        NaN,
        NaN,
        NaN,
        NaN,
        NaN,
        NaN,
        NaN,
        NaN,
        NaN,
        NaN,
        NaN,
        NaN,
        NaN,
        NaN,
        NaN,
        NaN,
        NaN
    ],