{
    "run_n":4,
    "run_seed":440,
    "ndims":200,
    "nsamples":100000,
    "correlation":"corr",
    "nbijectors":10,
    "bijector":"RealNVPN",
    "spline_knots":8,
    "range_min":-5,
    "hidden_layers":"128-128-128",
    "batch_size":256,
    "activation":"relu",
    "eps_regulariser":0,
    "regulariser":null,
    "dist_seed":0,
    "test_seed":0,
    "ks_mean":0.10828455101124143,
    "ks_std":0.18188631551023035,
    "ad_mean":0.07178774273055626,
    "ad_std":0.0915861259111128,
    "wd_mean":0.06615002346568498,
    "wd_std":0.038212768688583296,
    "swd_mean":0.06230419119944252,
    "swd_std":0.039765547344348055,
    "fn_mean":2.452728530355826,
    "fn_std":0.4594350232103725,
    "epochs_input":1000,
    "epochs_output":307,
    "time":3597.098134474014,
    "train_loss_history":[
        144385.125,
        361.37396240234375,
        273.0710144042969,
        238.4334259033203,
        218.76638793945312,
        203.604736328125,
        190.7305908203125,
        180.8490753173828,
        173.74148559570312,
        168.3362579345703,
        163.53419494628906,
        159.3349151611328,
        155.8308868408203,
        152.59588623046875,
        149.65020751953125,
        147.0007781982422,
        144.6092071533203,
        142.45118713378906,
        140.4138641357422,
        138.3151092529297,
        136.64698791503906,
        134.97076416015625,
        133.24928283691406,
        132.0249786376953,
        130.4495086669922,
        129.5010223388672,
        127.95032501220703,
        126.68921661376953,
        154.97805786132812,
        128.83111572265625,
        126.4416732788086,
        124.75248718261719,
        123.60725402832031,
        122.39415740966797,
        120.74127197265625,
        119.58119201660156,
        118.52320861816406,
        117.05744171142578,
        115.98015594482422,
        115.0280990600586,
        113.50492095947266,
        112.45196533203125,
        111.68515014648438,
        110.68155670166016,
        109.97309112548828,
        109.24192810058594,
        268.2972717285156,
        137.9989013671875,
        125.1211166381836,
        118.95382690429688,
        115.01336669921875,
        112.18605041503906,
        110.0360107421875,
        107.927978515625,
        106.48193359375,
        105.16695404052734,
        104.09261322021484,
        103.05792236328125,
        102.14016723632812,
        101.44058990478516,
        100.68370056152344,
        100.2231216430664,
        99.5926284790039,
        98.98358917236328,
        98.65423583984375,
        98.04127502441406,
        97.86298370361328,
        97.66881561279297,
        97.09919738769531,
        96.7240982055664,
        96.46482849121094,
        130.7142791748047,
        175.15664672851562,
        110.83026885986328,
        104.8570327758789,
        101.9203872680664,
        99.93675231933594,
        98.50760650634766,
        97.2650375366211,
        96.96371459960938,
        95.8888931274414,
        106.5843734741211,
        95.64240264892578,
        94.70166778564453,
        94.56389617919922,
        94.11737060546875,
        93.85454559326172,
        93.41605377197266,
        93.34774017333984,
        133.6433868408203,
        99.0980453491211,
        96.12379455566406,
        94.76101684570312,
        93.99384307861328,
        93.7524642944336,
        93.21520233154297,
        92.35429382324219,
        91.99835205078125,
        97.5541000366211,
        91.50131225585938,
        91.11527252197266,
        92.27494812011719,
        90.52226257324219,
        90.45894622802734,
        90.53971099853516,
        89.96802520751953,
        122.46846008300781,
        95.98796081542969,
        93.23230743408203,
        92.28437805175781,
        91.9531478881836,
        91.62313079833984,
        91.39305114746094,
        90.54210662841797,
        90.54312133789062,
        90.83631896972656,
        89.8642349243164,
        90.91117095947266,
        89.6666259765625,
        89.61988067626953,
        93.4903793334961,
        89.57918548583984,
        89.31615447998047,
        89.72671508789062,
        88.7079849243164,
        88.67880249023438,
        88.55974578857422,
        88.33682250976562,
        89.10005950927734,
        88.10985565185547,
        88.18091583251953,
        87.99437713623047,
        88.27705383300781,
        87.75362396240234,
        87.78036499023438,
        88.09950256347656,
        87.98284912109375,
        87.61510467529297,
        87.64163970947266,
        87.4524917602539,
        87.58509063720703,
        87.17093658447266,
        87.31991577148438,
        87.79470825195312,
        87.17868041992188,
        87.07046508789062,
        87.0900650024414,
        154.70249938964844,
        97.17108154296875,
        93.16511535644531,
        91.51252746582031,
        90.76213073730469,
        90.23149108886719,
        89.83523559570312,
        89.60250854492188,
        89.39740753173828,
        89.00601959228516,
        89.10462188720703,
        88.65530395507812,
        88.60737609863281,
        88.92041778564453,
        88.29752349853516,
        88.31356048583984,
        88.1806640625,
        88.29852294921875,
        88.03630065917969,
        87.9388656616211,
        87.95849609375,
        87.7857437133789,
        88.04399108886719,
        87.71189880371094,
        88.3321762084961,
        87.42778778076172,
        87.38691711425781,
        87.49990844726562,
        87.46202850341797,
        87.57156372070312,
        87.31083679199219,
        87.34233093261719,
        87.48358917236328,
        87.15299987792969,
        87.04635620117188,
        87.41314697265625,
        86.99858093261719,
        87.02904510498047,
        87.68650817871094,
        87.43678283691406,
        86.68866729736328,
        84.95814514160156,
        84.75086975097656,
        84.67134857177734,
        84.6043701171875,
        84.60523986816406,
        84.53170776367188,
        84.52883911132812,
        84.4754409790039,
        84.48246765136719,
        84.39661407470703,
        84.37550354003906,
        84.31058502197266,
        84.26527404785156,
        84.23456573486328,
        84.21829986572266,
        84.19278717041016,
        84.1283187866211,
        84.11383056640625,
        84.06499481201172,
        84.05474090576172,
        84.01083374023438,
        84.02745056152344,
        83.92214965820312,
        84.01373291015625,
        83.87537384033203,
        83.91294860839844,
        83.84965515136719,
        83.86039733886719,
        83.84010314941406,
        83.77005767822266,
        83.76339721679688,
        83.73332977294922,
        83.7041244506836,
        83.66922760009766,
        83.66078186035156,
        83.63319396972656,
        83.6502685546875,
        83.55786895751953,
        83.54586791992188,
        83.59380340576172,
        83.50880432128906,
        83.49445343017578,
        83.64629364013672,
        83.41130828857422,
        83.51876068115234,
        83.44829559326172,
        83.40966796875,
        83.36863708496094,
        83.37720489501953,
        83.29560089111328,
        83.34034729003906,
        83.32469940185547,
        83.2357177734375,
        83.30400848388672,
        83.2587661743164,
        83.29259490966797,
        83.11519622802734,
        83.16845703125,
        83.1307373046875,
        83.16448974609375,
        83.13499450683594,
        83.16385650634766,
        83.11631774902344,
        83.090087890625,
        83.04029083251953,
        83.08551788330078,
        83.09660339355469,
        82.99036407470703,
        83.02531433105469,
        83.1116943359375,
        82.91720581054688,
        83.1711654663086,
        82.8314437866211,
        82.95513916015625,
        82.91580200195312,
        82.98521423339844,
        82.8773422241211,
        82.87396240234375,
