{
    "run_n":3,
    "seed_train":0,
    "seed_test":1,
    "ndims":4,
    "nsamples":100000,
    "correlation":null,
    "nbijectors":10,
    "bijector":"MAFN",
    "spline_knots":8,
    "range_min":-5,
    "hidden_layers":"128-128-128",
    "batch_size":512,
    "activation":"relu",
    "eps_regulariser":0,
    "regulariser":null,
    "dist_seed":0,
    "test_seed":1,
    "training_device":"NVIDIA A40",
    "ks_mean":[
        0.0,
        0.0,
        0.0,
        0.0,
        0.0,
        0.0,
        0.0,
        0.0,
        0.0,
        0.0
    ],
    "ks_std":[
        0.0,
        0.0,
        0.0,
        0.0,
        0.0,
        0.0,
        0.0,
        0.0,
        0.0,
        0.0
    ],
    "ks_list":[
        [
            0.0,
            0.0,
            0.0,
            0.0
        ],
        [
            0.0,
            0.0,
            0.0,
            0.0
        ],
        [
            0.0,
            0.0,
            0.0,
            0.0
        ],
        [
            0.0,
            0.0,
            0.0,
            0.0
        ],
        [
            0.0,
            0.0,
            0.0,
            0.0
        ],
        [
            0.0,
            0.0,
            0.0,
            0.0
        ],
        [
            0.0,
            0.0,
            0.0,
            0.0
        ],
        [
            0.0,
            0.0,
            0.0,
            0.0
        ],
        [
            0.0,
            0.0,
            0.0,
            0.0
        ],
        [
            0.0,
            0.0,
            0.0,
            0.0
        ]
    ],
    "ad_mean":[],
    "ad_std":[],
    "ad_list":[],
    "wd_mean":[],
    "wd_std":[],
    "wd_list":[],
    "swd_mean":[
        0.6884572641517575,
        0.7096592252593903,
        0.5796875403551559,
        0.6320581737375611,
        0.610062685756078,
        0.5203171101185728,
        0.6326014489896769,
        0.6571957180183707,
        0.6057468240008688,
        0.5386571003916267
    ],
    "swd_std":[
        0.2265778620395469,
        0.3793674519504706,
        0.2697139361348942,
        0.26455503185237966,
        0.20028247718750142,
        0.20221473557669556,
        0.23633816624866832,
        0.17756892874374589,
        0.20910487559010132,
        0.10226024787643291
    ],
    "swd_list":[
        [
            0.659419138818891,
            0.6678668399044686,
            1.0103699868752247,
            0.7994346211584589,
            0.9098391669073189,
            0.25336525047771896,
            0.7465108552869549,
            0.4608522537850236
        ],
        [
            0.7133354911120715,
            0.0759553594181354,
            1.1800444819077287,
            0.9678980534684307,
            1.0415788333725011,
            0.9001719601223945,
            0.15164785043305495,
            0.6466417722408054
        ],
        [
            0.38080106408246855,
            0.26344205428372763,
            1.1059066585331985,
            0.4525038876078789,
            0.7674870347878003,
            0.7475085213695556,
            0.6290367261655169,
            0.29081437601110083
        ],
        [
            1.0770439364516387,
            0.30672037825417015,
            0.6938983242019742,
            0.7761414689058314,
            0.8943791830116263,
            0.40176541542321775,
            0.6044004644478905,
            0.30211621920414006
        ],
        [
            0.5396958933966652,
            0.620447126562968,
            0.6208894264183639,
            0.25023516392409884,
            0.43324330702354874,
            0.940722171235189,
            0.6566946855155275,
            0.8185737119722629
        ],
        [
            0.21756178356878839,
            0.5102634260495187,
            0.5649588290071804,
            0.6188093239659703,
            0.8304839838620924,
            0.7570010487819874,
            0.34432660284487787,
            0.319131882868167
        ],
        [
            0.9431061510263726,
            0.16244935683780226,
            0.8784155687272077,
            0.4086471279301448,
            0.6687976503262227,
            0.755624240173596,
            0.5892121592440904,
            0.6545593376519785
        ],
        [
            0.5313414148437752,
            0.48798231103548473,
            0.9163216864997447,
            0.9627663572780514,
            0.6737897397659032,
            0.6762422762643684,
            0.5013384116635143,
            0.5077835467961238
        ],
        [
            0.7918564976369132,
            0.503694797622203,
            0.4201467435498739,
            0.6650641666203473,
            0.529968762275107,
            0.8117483417054688,
            0.8894141120917574,
            0.23408117050527927
        ],
        [
            0.5914832076049509,
            0.5165309768016764,
            0.45126227773876093,
            0.4501767542193957,
            0.7746866173917522,
            0.5730620002586981,
            0.48529865340086376,
            0.46675631571691567
        ]
    ],
    "fn_mean":[
        1.0029131893529823,
        0.9849883746680986,
        1.0117404900317974,
        1.000395686950004,
        1.0061903749723586,
        1.0057673830913791,
        0.9927357953693615,
        0.9935371214351391,
        1.007393181330976,
        0.9976257765094486
    ],
    "fn_std":[
        1.0029131893529823,
        0.9849883746680986,
        1.0117404900317974,
        1.000395686950004,
        1.0061903749723586,
        1.0057673830913791,
        0.9927357953693615,
        0.9935371214351391,
        1.007393181330976,
        0.9976257765094486
    ],
    "fn_list":[
        1.0029131893529823,
        0.9849883746680986,
        1.0117404900317974,
        1.000395686950004,
        1.0061903749723586,
        1.0057673830913791,
        0.9927357953693615,
        0.9935371214351391,
        1.007393181330976,
        0.9976257765094486
    ],
    "epochs_input":1000,
    "epochs_output":24,
    "training_time":139.34563568400335,
    "prediction_time":5.360033965669572,
    "total_time":144.70566964967293,
    "train_loss_history":[
        10.581640243530273,
        15.471660614013672,
        7.103216171264648,
        6.481110572814941,
        5.534089088439941,
        5.52636194229126,
        7.190019607543945,
        7.809222221374512,
        6.290360927581787,
        5.6751389503479,
        5.415462970733643,
        5.231473445892334,
        5.091372013092041,
        4.987204074859619,
        4.888821601867676,
        4.7530517578125,
        4.633330345153809,
        5.066657543182373,
        5.296321392059326,
        4.443641662597656,
        4.252535343170166,
        4.197439193725586,
        4.112483978271484,
        NaN
    ],
    "val_loss_history":[
        5.556076526641846,
        9.317723274230957,
        5.626714706420898,
        5.756352424621582,
        5.411316871643066,
        5.308677673339844,
        9.068592071533203,
        6.861024856567383,
        6.05614709854126,
        5.540020942687988,
        5.344332695007324,
        5.179910182952881,
        5.042108535766602,
        4.9617462158203125,
        4.845924377441406,
        4.758618354797363,
        4.652806758880615,
        4.518508434295654,
        4.5912299156188965,
        4.405413627624512,
        4.213229179382324,
        4.060027122497559,
        4.332295894622803,
        NaN
    ],