{
    "run_n":7,
    "run_seed":0,
    "ndims":8,
    "nsamples":100000,
    "correlation":"corr",
    "nbijectors":10,
    "bijector":"RealNVPN",
    "spline_knots":8,
    "range_min":-16,
    "hidden_layers":"128-128-128",
    "batch_size":256,
    "activation":"relu",
    "eps_regulariser":0,
    "regulariser":null,
    "dist_seed":0,
    "test_seed":0,
    "kl_divergence":-1,
    "ks_test_mean":0.4171345712603521,
    "ks_test_median":0.45382530864664294,
    "ad_test_mean":0.19522138205237993,
    "ad_test_median":0.17734452650760668,
    "Wasserstein_median":0.004098451196876544,
    "Wasserstein_mean":0.004098451196876544,
    "frob_norm":0.06646999526268811,
    "epochs_input":1000,
    "epochs_output":208,
    "time":2166.3358754795045,
    "train_loss_history":[
        6.739089488983154,
        3.0470664501190186,
        1.3786325454711914,
        1.1190189123153687,
        0.8706749677658081,
        0.7498947978019714,
        0.32678937911987305,
        0.07685711979866028,
        0.17676079273223877,
        -0.24170365929603577,
        -0.2819380462169647,
        -0.6458635330200195,
        -0.6981969475746155,
        -0.7860938906669617,
        -0.8496703505516052,
        -0.7952213883399963,
        -0.894003689289093,
        -0.9771159887313843,
        -1.003073811531067,
        -0.9596264362335205,
        -0.9761455655097961,
        -0.987917423248291,
        -0.9744419455528259,
        -1.1004878282546997,
        -1.0283360481262207,
        -1.0344940423965454,
        -1.0824910402297974,
        -1.1446936130523682,
        -1.109445333480835,
        -1.1246875524520874,
        -1.1853398084640503,
        -1.1807767152786255,
        -1.187437653541565,
        -1.1480865478515625,
        -1.2339797019958496,
        -1.0551131963729858,
        -1.1815547943115234,
        -1.2199232578277588,
        -1.1898601055145264,
        -1.239013433456421,
        -1.2480584383010864,
        -1.2295893430709839,
        -1.2287404537200928,
        -1.1997253894805908,
        -1.2752372026443481,
        -1.2110625505447388,
        -1.2483357191085815,
        -1.2664363384246826,
        -1.176962971687317,
        -1.3260895013809204,
        -1.2725861072540283,
        -1.272473931312561,
        -1.310910701751709,
        -1.306043028831482,
        -1.3121840953826904,
        -1.3167239427566528,
        -1.2941948175430298,
        -1.3039110898971558,
        -1.3612314462661743,
        -1.3499319553375244,
        -1.3192721605300903,
        -1.403581976890564,
        -1.3347103595733643,
        -1.3265702724456787,
        -1.3832300901412964,
        -1.4210840463638306,
        -1.4295547008514404,
        -1.3611390590667725,
        -1.3990592956542969,
        -1.3582781553268433,
        -1.3729358911514282,
        -1.2805743217468262,
        -1.4259388446807861,
        -1.4015642404556274,
        -1.4053645133972168,
        -1.4060362577438354,
        -1.4121296405792236,
        -1.4334378242492676,
        -1.4315053224563599,
        -1.4039918184280396,
        -1.4128172397613525,
        -1.4197512865066528,
        -1.3808293342590332,
        -1.438917875289917,
        -1.4048758745193481,
        -1.419319987297058,
        -1.4782462120056152,
        -1.4612748622894287,
        -1.396355152130127,
        -1.3523653745651245,
        -1.4770246744155884,
        -1.439872145652771,
        -1.445962905883789,
        -1.4758650064468384,
        -1.4650415182113647,
        -1.420573353767395,
        -1.3183790445327759,
        -1.4551656246185303,
        -1.5073649883270264,
        -1.4650168418884277,
        -1.4948540925979614,
        -1.503376841545105,
        -1.4840303659439087,
        -1.4838595390319824,
        -1.5093374252319336,
        -1.3951936960220337,
        -1.4834996461868286,
        -1.5040314197540283,
        -1.4907931089401245,
        -1.4195293188095093,
        -1.5291355848312378,
        -1.4669339656829834,
        -1.5254641771316528,
        -1.429363489151001,
        -1.5002343654632568,
        -1.5102208852767944,
        -1.552808403968811,
        -1.5227872133255005,
        -1.459010362625122,
        -1.5696353912353516,
        -1.4695340394973755,
        -1.5037362575531006,
        -1.558759093284607,
        -1.5267212390899658,
        -1.502408742904663,
        -1.5354074239730835,
        -1.5290355682373047,
        -1.5279892683029175,
        -1.5406602621078491,
        -1.5409538745880127,
        -1.5348987579345703,
        -1.5568788051605225,
        -1.5470571517944336,
        -1.523892879486084,
        -1.4708247184753418,
        -1.5380226373672485,
        -1.5682841539382935,
        -1.547291874885559,
        -1.5856229066848755,
        -1.5676848888397217,
        -1.4598937034606934,
        -1.5079445838928223,
        -1.5988267660140991,
        -1.5319445133209229,
        -1.5041346549987793,
        -1.7567787170410156,
        -1.7831363677978516,
        -1.7872370481491089,
        -1.7855628728866577,
        -1.7890703678131104,
        -1.7903077602386475,
        -1.794351577758789,
        -1.7879502773284912,
        -1.7912999391555786,
        -1.7867530584335327,
        -1.7958097457885742,
        -1.7921490669250488,
        -1.806143045425415,
        -1.797982096672058,
        -1.8015755414962769,
        -1.8026362657546997,
        -1.80812406539917,
        -1.8024506568908691,
        -1.802528738975525,
        -1.80390202999115,
        -1.806899905204773,
        -1.818824291229248,
        -1.8079581260681152,
        -1.8144170045852661,
        -1.8133571147918701,
        -1.815664291381836,
        -1.823623538017273,
        -1.817224144935608,
        -1.8178409337997437,
        -1.8066561222076416,
        -1.8260829448699951,
        -1.826320767402649,
        -1.8295162916183472,
        -1.8243550062179565,
        -1.8226358890533447,
        -1.8254481554031372,
        -1.8261773586273193,
        -1.8355193138122559,
        -1.8326950073242188,
        -1.8266587257385254,
        -1.8218852281570435,
        -1.8319586515426636,
        -1.8422614336013794,
        -1.8322724103927612,
        -1.8320903778076172,
        -1.832265853881836,
        -1.8361369371414185,
        -1.8378382921218872,
        -1.8342028856277466,
        -1.8471132516860962,
        -1.827958106994629,
        -1.8379446268081665,
        -1.8326739072799683,
        -1.8920584917068481,
        -1.8970470428466797,
        -1.898180603981018,
        -1.8960696458816528,
        -1.897018551826477,
        -1.8943769931793213,
        -1.8973808288574219,
        -1.9005722999572754,
        -1.9001009464263916,
        -1.8979759216308594
    ],