{
    "run_n":20,
    "run_seed":0,
    "ndims":64,
    "nsamples":100000,
    "correlation":"corr",
    "nbijectors":10,
    "bijector":"MAFN",
    "spline_knots":8,
    "range_min":-5,
    "hidden_layers":"256-256-256",
    "batch_size":512,
    "activation":"relu",
    "eps_regulariser":0,
    "regulariser":null,
    "dist_seed":0,
    "test_seed":0,
    "kl_divergence":-1,
    "ks_test_mean":0.022463901330172658,
    "ks_test_median":0.00015220836562366153,
    "ad_test_mean":0.0010091496619393085,
    "ad_test_median":0.01269185091262286,
    "Wasserstein_median":0.2428908092260545,
    "Wasserstein_mean":0.2428908092260545,
    "frob_norm":1.5633891951257222,
    "epochs_input":1000,
    "epochs_output":210,
    "time":1015.9724727645516,
    "train_loss_history":[
        176.46810913085938,
        129.01600646972656,
        128.33602905273438,
        127.71588897705078,
        126.35567474365234,
        124.57327270507812,
        123.55501556396484,
        121.75975799560547,
        120.66010284423828,
        119.63851928710938,
        119.17965698242188,
        118.09002685546875,
        117.44396209716797,
        116.90408325195312,
        115.81424713134766,
        130.7458953857422,
        124.0234146118164,
        119.94602966308594,
        117.2200698852539,
        116.1196060180664,
        114.70626831054688,
        114.12310028076172,
        113.68497467041016,
        113.21421813964844,
        112.21436309814453,
        111.68736267089844,
        111.49691009521484,
        111.09671020507812,
        110.8835678100586,
        109.93883514404297,
        109.94406127929688,
        109.52182006835938,
        108.98804473876953,
        108.73400115966797,
        108.12860870361328,
        108.70317077636719,
        108.30056762695312,
        108.02664947509766,
        107.57564544677734,
        107.43533325195312,
        107.41515350341797,
        106.86845397949219,
        107.699462890625,
        106.86919403076172,
        106.9260482788086,
        125.12100219726562,
        116.17232513427734,
        112.14724731445312,
        110.25287628173828,
        109.1456069946289,
        108.16439056396484,
        108.77816772460938,
        107.93258666992188,
        107.87640380859375,
        106.87939453125,
        106.46952819824219,
        105.9851303100586,
        105.7875747680664,
        106.09111785888672,
        105.10140228271484,
        105.43380737304688,
        104.91736602783203,
        106.10912322998047,
        104.75434875488281,
        104.08432006835938,
        103.78936767578125,
        104.09915924072266,
        102.85623931884766,
        103.10405731201172,
        102.84883880615234,
        102.21910858154297,
        102.76268768310547,
        101.62731170654297,
        102.4141616821289,
        101.87213897705078,
        101.26153564453125,
        101.19404602050781,
        100.83577728271484,
        101.15946960449219,
        100.87076568603516,
        110.8482894897461,
        106.12710571289062,
        103.08682250976562,
        102.45401763916016,
        101.78427124023438,
        101.14073181152344,
        101.13088989257812,
        101.09268188476562,
        101.08550262451172,
        100.70378112792969,
        100.20216369628906,
        100.21443939208984,
        100.8650894165039,
        100.0130844116211,
        99.79816436767578,
        99.98994445800781,
        100.15882110595703,
        99.75950622558594,
        99.20783233642578,
        99.49900817871094,
        99.20825958251953,
        98.77680206298828,
        98.93914031982422,
        98.5855712890625,
        99.01371002197266,
        98.79163360595703,
        98.59516143798828,
        98.9425277709961,
        99.24151611328125,
        98.73802947998047,
        98.20587158203125,
        98.8305435180664,
        98.0839614868164,
        98.78582763671875,
        99.28031158447266,
        99.74341583251953,
        98.51903533935547,
        98.41717529296875,
        98.20738983154297,
        98.9455795288086,
        98.00398254394531,
        97.86714172363281,
        97.53894805908203,
        98.44400787353516,
        97.95246887207031,
        97.42011260986328,
        97.53790283203125,
        97.80464172363281,
        97.38538360595703,
        97.79774475097656,
        98.28792572021484,
        97.79603576660156,
        97.7367935180664,
        98.50314331054688,
        99.68809509277344,
        98.65908813476562,
        97.66912078857422,
        97.7874526977539,
        97.61582946777344,
        97.52571105957031,
        97.42585754394531,
        96.9013900756836,
        96.88325500488281,
        97.82836151123047,
        96.9726333618164,
        97.219970703125,
        97.3740463256836,
        97.3396987915039,
        96.51018524169922,
        96.58786010742188,
        98.5174560546875,
        NaN,
        NaN,
        NaN,
        NaN,
        NaN,
        NaN,
        NaN,
        NaN,
        NaN,
        NaN,
        NaN,
        NaN,
        NaN,
        NaN,
        NaN,
        NaN,
        NaN,
        NaN,
        NaN,
        NaN,
        NaN,
        NaN,
        NaN,
        NaN,
        NaN,
        NaN,
        NaN,
        NaN,
        NaN,
        NaN,
        NaN,
        NaN,
        NaN,
        NaN,
        NaN,
        NaN,
        NaN,
        NaN,
        NaN,
        NaN,
        NaN,
        NaN,
        NaN,
        NaN,
        NaN,
        NaN,
        NaN,
        NaN,
        NaN,
        NaN,
        NaN,
        NaN,
        NaN,
        NaN,
        NaN,
        NaN,
        NaN,
        NaN,
        NaN
    ],