{
    "run_n":2,
    "run_seed":187,
    "ndims":32,
    "nsamples":100000,
    "correlation":"corr",
    "nbijectors":5,
    "bijector":"CsplineN",
    "spline_knots":8,
    "range_min":-16,
    "hidden_layers":"128-128-128",
    "batch_size":512,
    "activation":"relu",
    "eps_regulariser":0,
    "regulariser":null,
    "dist_seed":0,
    "test_seed":0,
    "ks_mean":0.2360857532441262,
    "ks_std":0.2674427199209941,
    "ad_mean":0.11693341311659027,
    "ad_std":0.10051887226409027,
    "wd_mean":0.03476710947711657,
    "wd_std":0.01642718056186698,
    "swd_mean":0.03383851540269888,
    "swd_std":0.01603561426048516,
    "fn_mean":0.49916906620406687,
    "fn_std":0.09203810770657678,
    "epochs_input":1000,
    "epochs_output":207,
    "time":5678.969649381994,
    "train_loss_history":[
        150.97166442871094,
        33.96831130981445,
        27.874267578125,
        25.686586380004883,
        24.071563720703125,
        23.232479095458984,
        23.35097885131836,
        22.088293075561523,
        21.699209213256836,
        21.237831115722656,
        21.311420440673828,
        21.086755752563477,
        20.90296173095703,
        20.696361541748047,
        20.23177146911621,
        19.90043830871582,
        19.689014434814453,
        19.726205825805664,
        19.528518676757812,
        19.63699722290039,
        19.55243682861328,
        19.3367919921875,
        19.261024475097656,
        19.355236053466797,
        19.155969619750977,
        19.1903076171875,
        18.994171142578125,
        19.005172729492188,
        19.119487762451172,
        18.8526611328125,
        18.907466888427734,
        18.756656646728516,
        18.86031723022461,
        18.70816421508789,
        18.73595428466797,
        18.611072540283203,
        18.67055320739746,
        18.550657272338867,
        18.377355575561523,
        18.447954177856445,
        18.74649429321289,
        18.428443908691406,
        18.765533447265625,
        18.37318992614746,
        18.24898910522461,
        18.269611358642578,
        18.20638084411621,
        18.139062881469727,
        18.127958297729492,
        18.055240631103516,
        18.073516845703125,
        18.04700469970703,
        18.09480094909668,
        17.96369171142578,
        17.90689468383789,
        17.825246810913086,
        17.896427154541016,
        17.79566192626953,
        17.844261169433594,
        17.78947639465332,
        17.90810203552246,
        17.674055099487305,
        17.712196350097656,
        17.723861694335938,
        17.69028663635254,
        17.632699966430664,
        17.59037971496582,
        17.669668197631836,
        17.62440299987793,
        17.6635684967041,
        17.68177604675293,
        17.555381774902344,
        17.52255630493164,
        17.524850845336914,
        17.45315170288086,
        17.485797882080078,
        17.444568634033203,
        17.436185836791992,
        17.420310974121094,
        17.47084617614746,
        17.377201080322266,
        17.4515323638916,
        17.35791778564453,
        17.343955993652344,
        17.296926498413086,
        17.412900924682617,
        17.29045295715332,
        17.25712776184082,
        17.27887725830078,
        17.245698928833008,
        17.231239318847656,
        17.311166763305664,
        17.28148651123047,
        17.17432975769043,
        17.16778564453125,
        17.178932189941406,
        17.216943740844727,
        17.159271240234375,
        17.22219467163086,
        17.1088924407959,
        17.07608413696289,
        17.170541763305664,
        17.103811264038086,
        17.1190185546875,
        17.050296783447266,
        17.134857177734375,
        17.096426010131836,
        17.069984436035156,
        17.010066986083984,
        16.969085693359375,
        17.064563751220703,
        16.972009658813477,
        16.974266052246094,
        16.945302963256836,
        17.024703979492188,
        16.966495513916016,
        16.97478485107422,
        16.881011962890625,
        16.92738151550293,
        16.942642211914062,
        16.914892196655273,
        16.927066802978516,
        16.938432693481445,
        16.805349349975586,
        16.923582077026367,
        16.873106002807617,
        16.907228469848633,
        16.939102172851562,
        16.82394027709961,
        16.782188415527344,
        16.773820877075195,
        16.866422653198242,
        16.771955490112305,
        16.812822341918945,
        16.7772274017334,
        16.787919998168945,
        16.66326332092285,
        16.732484817504883,
        16.68903160095215,
        16.74815559387207,
        16.73243522644043,
        16.682924270629883,
        16.72830581665039,
        16.629974365234375,
        16.63833236694336,
        16.595752716064453,
        16.136913299560547,
        16.051025390625,
        16.030492782592773,
        16.030826568603516,
        16.02044105529785,
        16.018348693847656,
        16.014488220214844,
        16.012805938720703,
        16.025665283203125,
        15.999349594116211,
        15.977910995483398,
        15.987212181091309,
        15.974005699157715,
        15.9700288772583,
        15.959064483642578,
        15.960687637329102,
        15.95147705078125,
        15.949358940124512,
        15.941362380981445,
        15.985490798950195,
        15.930268287658691,
        15.938026428222656,
        15.943055152893066,
        15.930276870727539,
        16.198467254638672,
        15.923912048339844,
        15.913817405700684,
        15.918135643005371,
        15.91484260559082,
        15.940028190612793,
        15.917205810546875,
        15.885880470275879,
        15.894957542419434,
        15.88344955444336,
        15.876373291015625,
        15.877799987792969,
        15.876678466796875,
        15.858251571655273,
        15.861335754394531,
        15.849769592285156,
        15.850894927978516,
        15.85822868347168,
        15.852192878723145,
        15.855207443237305,
        15.83049488067627,
        15.840096473693848,
        15.848807334899902,
        15.826725006103516,
        15.801278114318848,
        15.82689094543457,
        15.807888984680176,
        15.671181678771973,
        15.651139259338379,
        15.64794635772705,
        15.64699649810791,
        15.647170066833496,
        15.645692825317383,
        15.64210319519043,
        15.645439147949219,
        15.646696090698242,
        15.638260841369629
    ],