{
    "run_n":2,
    "run_seed":187,
    "ndims":4,
    "nsamples":100000,
    "correlation":"corr",
    "nbijectors":2,
    "bijector":"MsplineN",
    "spline_knots":12,
    "range_min":-16,
    "hidden_layers":"256-256-256",
    "batch_size":512,
    "activation":"relu",
    "eps_regulariser":0,
    "regulariser":null,
    "dist_seed":0,
    "test_seed":0,
    "kl_divergence":-1,
    "ks_test_mean":0.5038938285605469,
    "ks_test_median":0.5304108986305465,
    "ad_test_mean":0.22609480815651434,
    "ad_test_median":0.22080543716243312,
    "Wasserstein_median":0.01582614638691264,
    "Wasserstein_mean":0.01582614638691264,
    "frob_norm":0.008829835610061027,
    "epochs_input":1000,
    "epochs_output":262,
    "time":1663.759745275136,
    "train_loss_history":[
        8.287890434265137,
        3.6093621253967285,
        3.0562098026275635,
        2.9243342876434326,
        2.7860922813415527,
        2.704442262649536,
        2.6480844020843506,
        2.6412596702575684,
        2.6049818992614746,
        2.5686516761779785,
        2.5719857215881348,
        2.5398356914520264,
        2.5420522689819336,
        2.533658266067505,
        2.485844135284424,
        2.501037836074829,
        2.510589599609375,
        2.4650893211364746,
        2.4791147708892822,
        2.486727714538574,
        2.471708297729492,
        2.469414472579956,
        2.4862210750579834,
        2.4767754077911377,
        2.459867238998413,
        2.4380693435668945,
        2.47794508934021,
        2.454120635986328,
        2.4340426921844482,
        2.4533400535583496,
        2.452969551086426,
        2.443950891494751,
        2.43721866607666,
        2.437947988510132,
        2.4266793727874756,
        2.4293458461761475,
        2.4157724380493164,
        2.4439592361450195,
        2.4491806030273438,
        2.437896251678467,
        2.433466672897339,
        2.4250130653381348,
        2.4415485858917236,
        2.4419822692871094,
        2.4433681964874268,
        2.4255478382110596,
        2.416860342025757,
        2.4187586307525635,
        2.4163177013397217,
        2.4305920600891113,
        2.428025245666504,
        2.4075357913970947,
        2.421842575073242,
        2.4293739795684814,
        2.4125375747680664,
        2.4257373809814453,
        2.396354913711548,
        2.4129698276519775,
        2.4369451999664307,
        2.410681962966919,
        2.4138200283050537,
        2.4157862663269043,
        2.4152612686157227,
        2.392176866531372,
        2.4060444831848145,
        2.405388116836548,
        2.3989641666412354,
        2.3943448066711426,
        2.3871405124664307,
        2.3930671215057373,
        2.3891360759735107,
        2.408515214920044,
        2.398650646209717,
        2.4047067165374756,
        2.40628719329834,
        2.4074597358703613,
        2.3944873809814453,
        2.3986053466796875,
        2.3933486938476562,
        2.3945090770721436,
        2.404263496398926,
        2.3836395740509033,
        2.4092886447906494,
        2.387789011001587,
        2.3878986835479736,
        2.38450026512146,
        2.3848373889923096,
        2.395678997039795,
        2.388031244277954,
        2.380565881729126,
        2.3961143493652344,
        2.378805160522461,
        2.3843331336975098,
        2.3917925357818604,
        2.3852450847625732,
        2.388704776763916,
        2.380997896194458,
        2.3898797035217285,
        2.384963274002075,
        2.3823177814483643,
        2.3901562690734863,
        2.3831212520599365,
        2.3865549564361572,
        2.3830745220184326,
        2.3729467391967773,
        2.383136034011841,
        2.3746089935302734,
        2.368582248687744,
        2.383016586303711,
        2.3807661533355713,
        2.37915301322937,
        2.372572660446167,
        2.3765604496002197,
        2.375267267227173,
        2.3760969638824463,
        2.370788335800171,
        2.3678929805755615,
        2.3848252296447754,
        2.3739006519317627,
        2.37831449508667,
        2.3837244510650635,
        2.3849780559539795,
        2.372987985610962,
        2.3702046871185303,
        2.37335467338562,
        2.3731465339660645,
        2.37532377243042,
        2.3671281337738037,
        2.3671536445617676,
        2.3858630657196045,
        2.376912832260132,
        2.367814064025879,
        2.3402762413024902,
        2.337297201156616,
        2.3397350311279297,
        2.33770751953125,
        2.337965965270996,
        2.3386290073394775,
        2.3371500968933105,
        2.339827060699463,
        2.3417720794677734,
        2.337484836578369,
        2.3384881019592285,
        2.337963581085205,
        2.338043689727783,
        2.3382186889648438,
        2.339625120162964,
        2.337769031524658,
        2.3371927738189697,
        2.339275598526001,
        2.338419198989868,
        2.3385050296783447,
        2.337287425994873,
        2.337766408920288,
        2.339477062225342,
        2.336486339569092,
        2.3419506549835205,
        2.3417775630950928,
        2.33925461769104,
        2.3398449420928955,
        2.336585283279419,
        2.3379805088043213,
        2.33992600440979,
        2.3369367122650146,
        2.339993953704834,
        2.3360493183135986,
        2.337387800216675,
        2.3394007682800293,
        2.336703300476074,
        2.3376898765563965,
        2.33996844291687,
        2.337038993835449,
        2.340144157409668,
        2.3349287509918213,
        2.3372693061828613,
        2.3368334770202637,
        2.334773302078247,
        2.3353700637817383,
        2.336479425430298,
        2.3389322757720947,
        2.337702751159668,
        2.3391711711883545,
        2.335894823074341,
        2.334171772003174,
        2.338620185852051,
        2.336446523666382,
        2.3345062732696533,
        2.336115837097168,
        2.3368475437164307,
        2.334831714630127,
        2.339094638824463,
        2.3356516361236572,
        2.328125238418579,
        2.326969623565674,
        2.3271355628967285,
        2.3270130157470703,
        2.3275814056396484,
        2.326559543609619,
        2.326613426208496,
        2.327519416809082,
        2.327190399169922,
        2.3270671367645264,
        2.327021598815918,
        2.3272366523742676,
        2.3273448944091797,
        2.3266985416412354,
        2.326965093612671,
        2.326711893081665,
        2.3272104263305664,
        2.3272347450256348,
        2.3269941806793213,
        2.326998472213745,
        2.3274924755096436,
        2.3264012336730957,
        2.3271353244781494,
        2.326408624649048,
        2.3282995223999023,
        2.3264949321746826,
        2.3264553546905518,
        2.326500654220581,
        2.3266243934631348,
        2.3267245292663574,
        2.326066493988037,
        2.3259284496307373,
        2.3264896869659424,
        2.327040433883667,
        2.326777458190918,
        2.3265113830566406,
        2.3269286155700684,
        2.3264966011047363,
        2.328277349472046,
        2.3260209560394287,
        2.326629400253296,
        2.3271353244781494,
        2.326460599899292,
        2.326315402984619,
        2.3266472816467285,
        2.3269898891448975,
        2.3265511989593506,
        2.3264286518096924,
        2.3261680603027344,
        2.3261101245880127,
        2.3264150619506836,
        2.326843738555908,
        2.3255157470703125,
        2.326021194458008,
        2.3263659477233887,
        2.326251268386841,
        2.3270936012268066,
        2.3261921405792236,
        2.3264331817626953,
        2.3261353969573975,
        2.323988676071167,
        2.323850393295288,
        2.323974370956421,
        2.323767900466919,
        2.3238043785095215,
        2.3236942291259766,
        2.32377552986145,
        2.3239333629608154,
        2.323725700378418,
        2.3237271308898926
    ],