{
    "run_n":10,
    "run_seed":933,
    "ndims":32,
    "nsamples":100000,
    "correlation":"corr",
    "nbijectors":5,
    "bijector":"MAFN",
    "spline_knots":8,
    "range_min":-5,
    "hidden_layers":"256-256-256",
    "batch_size":512,
    "activation":"relu",
    "eps_regulariser":0,
    "regulariser":null,
    "dist_seed":0,
    "test_seed":0,
    "kl_divergence":-1,
    "ks_test_mean":0.43421303765703895,
    "ks_test_median":0.4339877888649156,
    "ad_test_mean":0.20234115550686443,
    "ad_test_median":0.20360373162989837,
    "Wasserstein_median":0.03397673164671525,
    "Wasserstein_mean":0.03397673164671525,
    "frob_norm":0.17505062430338117,
    "epochs_input":1000,
    "epochs_output":295,
    "time":3604.812313692004,
    "train_loss_history":[
        83.37451171875,
        28.36296844482422,
        23.130964279174805,
        21.76588249206543,
        20.759279251098633,
        20.656824111938477,
        20.01982879638672,
        19.84141731262207,
        19.41301155090332,
        19.275020599365234,
        19.30992317199707,
        19.221885681152344,
        18.8757266998291,
        18.880281448364258,
        18.769392013549805,
        18.70050811767578,
        18.559123992919922,
        18.52352523803711,
        18.51096534729004,
        18.44525909423828,
        18.357715606689453,
        18.256126403808594,
        18.164108276367188,
        18.210102081298828,
        18.30137825012207,
        18.168928146362305,
        18.141939163208008,
        18.065227508544922,
        18.117694854736328,
        18.111112594604492,
        18.08664321899414,
        17.942058563232422,
        18.15270233154297,
        17.889728546142578,
        17.912668228149414,
        18.106168746948242,
        17.841672897338867,
        17.922883987426758,
        17.98895835876465,
        17.86680793762207,
        17.752582550048828,
        17.852638244628906,
        17.789291381835938,
        17.788991928100586,
        17.80166244506836,
        17.708328247070312,
        17.656288146972656,
        17.79060935974121,
        17.671552658081055,
        17.717960357666016,
        17.944721221923828,
        17.618507385253906,
        17.644201278686523,
        17.72113609313965,
        17.719833374023438,
        17.851938247680664,
        17.902441024780273,
        17.567106246948242,
        17.511499404907227,
        17.554290771484375,
        17.51542091369629,
        17.465791702270508,
        17.5116024017334,
        18.631425857543945,
        17.663043975830078,
        17.46573829650879,
        17.494007110595703,
        17.48988914489746,
        19.822261810302734,
        17.997774124145508,
        17.692995071411133,
        17.573766708374023,
        17.506555557250977,
        17.515701293945312,
        17.691518783569336,
        17.4495792388916,
        17.405498504638672,
        17.6039981842041,
        17.603187561035156,
        17.36690902709961,
        17.50617790222168,
        17.381383895874023,
        17.380556106567383,
        17.439476013183594,
        17.315185546875,
        17.442150115966797,
        17.31597137451172,
        17.475656509399414,
        17.28654670715332,
        17.390647888183594,
        17.293502807617188,
        17.235088348388672,
        17.267053604125977,
        17.266897201538086,
        17.511157989501953,
        17.408903121948242,
        17.25477409362793,
        17.259029388427734,
        17.184415817260742,
        17.246826171875,
        17.259004592895508,
        17.232364654541016,
        17.352785110473633,
        17.32149314880371,
        17.212953567504883,
        17.187969207763672,
        17.232450485229492,
        18.611825942993164,
        17.482196807861328,
        17.289552688598633,
        17.36109733581543,
        17.22786521911621,
        17.34838104248047,
        17.273103713989258,
        17.164430618286133,
        17.25679588317871,
        17.145902633666992,
        17.32337188720703,
        17.22043228149414,
        17.144559860229492,
        17.181411743164062,
        17.100933074951172,
        17.211034774780273,
        17.17787742614746,
        17.136791229248047,
        17.100631713867188,
        17.220502853393555,
        17.10289764404297,
        17.06910514831543,
        17.059871673583984,
        17.141462326049805,
        17.20740509033203,
        17.114126205444336,
        17.051918029785156,
        17.115036010742188,
        17.047636032104492,
        17.12177848815918,
        17.05207633972168,
        17.02277183532715,
        17.93708610534668,
        17.03733253479004,
        17.000429153442383,
        17.00234031677246,
        17.008358001708984,
        17.01397705078125,
        16.998754501342773,
        17.06932830810547,
        17.052413940429688,
        17.007789611816406,
        17.07332420349121,
        17.022443771362305,
        16.971296310424805,
        17.02509880065918,
        17.027652740478516,
        16.94940185546875,
        17.289569854736328,
        16.997692108154297,
        16.952728271484375,
        16.962608337402344,
        17.01555061340332,
        16.99629020690918,
        16.984336853027344,
        16.91790199279785,
        16.9312744140625,
        16.950071334838867,
        17.100797653198242,
        16.9178524017334,
        17.033056259155273,
        16.943809509277344,
        16.88856315612793,
        16.95702362060547,
        16.900033950805664,
        16.885709762573242,
        16.943729400634766,
        16.9356632232666,
        17.000102996826172,
        16.888648986816406,
        16.915363311767578,
        16.983030319213867,
        16.927114486694336,
        16.885955810546875,
        16.903705596923828,
        16.894756317138672,
        16.898029327392578,
        16.899642944335938,
        16.92826271057129,
        16.907997131347656,
        16.83838653564453,
        16.91392707824707,
        16.887022018432617,
        16.805450439453125,
        16.87288475036621,
        16.830617904663086,
        16.88982391357422,
        16.82419204711914,
        16.870346069335938,
        16.83990478515625,
        16.857643127441406,
        16.86029052734375,
        16.81052589416504,
        16.835060119628906,
        16.918363571166992,
        16.801984786987305,
        16.933534622192383,
        16.832927703857422,
        16.93733787536621,
        16.745786666870117,
        16.817626953125,
        16.91677474975586,
        16.783044815063477,
        16.782882690429688,
        16.81451416015625,
        16.814334869384766,
        16.846826553344727,
        16.826770782470703,
        16.742198944091797,
        16.773550033569336,
        16.800355911254883,
        16.79613494873047,
        16.76759910583496,
        16.746585845947266,
        16.773685455322266,
        16.756900787353516,
        16.752723693847656,
        16.781190872192383,
        16.767255783081055,
        17.235593795776367,
        16.881908416748047,
        16.749479293823242,
        16.750654220581055,
        16.75775718688965,
        16.7442626953125,
        16.364078521728516,
        16.332229614257812,
        16.31414031982422,
        16.30354881286621,
        16.31232452392578,
        16.308164596557617,
        16.304332733154297,
        16.304786682128906,
        16.309921264648438,
        16.29694366455078,
        16.31131935119629,
        16.31154441833496,
        16.31904411315918,
        16.307218551635742,
        16.307697296142578,
        16.306852340698242,
        16.309545516967773,
        16.30059051513672,
        16.296585083007812,
        16.31273651123047,
        16.319379806518555,
        16.299217224121094,
        16.307172775268555,
        16.280353546142578,
        16.282106399536133,
        16.287750244140625,
        16.28404998779297,
        16.297536849975586,
        16.294992446899414,
