{
    "run_n":3,
    "run_seed":377,
    "ndims":64,
    "nsamples":100000,
    "correlation":"corr",
    "nbijectors":5,
    "bijector":"RealNVPN",
    "spline_knots":8,
    "range_min":-5,
    "hidden_layers":"128-128-128",
    "batch_size":256,
    "activation":"relu",
    "eps_regulariser":0,
    "regulariser":null,
    "dist_seed":0,
    "test_seed":0,
    "ks_mean":0.07536366558182055,
    "ks_std":0.12578650576517567,
    "ad_mean":0.06189845054449672,
    "ad_std":0.08061346561986713,
    "wd_mean":0.0742063343233282,
    "wd_std":0.027417427770793854,
    "swd_mean":0.07313910056063366,
    "swd_std":0.03218706816802776,
    "fn_mean":1.5614948674874065,
    "fn_std":0.14246539612310988,
    "epochs_input":1000,
    "epochs_output":317,
    "time":1992.669534153305,
    "train_loss_history":[
        339.2127990722656,
        71.73411560058594,
        61.75055694580078,
        57.00994873046875,
        53.03574752807617,
        50.03165054321289,
        47.6895637512207,
        46.109127044677734,
        44.749229431152344,
        43.61977005004883,
        42.8675537109375,
        41.90766143798828,
        41.26171112060547,
        40.70028305053711,
        40.32164764404297,
        39.523101806640625,
        39.274593353271484,
        39.022743225097656,
        38.83143997192383,
        38.38653564453125,
        37.94440841674805,
        37.633670806884766,
        37.4676628112793,
        37.15581130981445,
        37.313446044921875,
        36.75631332397461,
        36.743858337402344,
        36.24095153808594,
        36.05230712890625,
        35.841278076171875,
        36.081974029541016,
        35.49817657470703,
        35.319610595703125,
        35.27138137817383,
        35.57736587524414,
        34.938758850097656,
        34.89289855957031,
        34.84626007080078,
        34.5006217956543,
        34.77470016479492,
        34.360050201416016,
        34.16050720214844,
        34.03445053100586,
        34.267051696777344,
        33.87214279174805,
        33.88263702392578,
        33.58702087402344,
        33.63515853881836,
        33.35838317871094,
        33.31809616088867,
        33.388980865478516,
        33.29477310180664,
        33.26441955566406,
        32.97371292114258,
        32.763668060302734,
        33.031272888183594,
        32.835670471191406,
        32.86505889892578,
        32.63197708129883,
        32.45970153808594,
        32.500057220458984,
        32.64329147338867,
        32.229698181152344,
        32.53497314453125,
        32.09919738769531,
        32.19328308105469,
        32.058658599853516,
        32.09324264526367,
        32.038002014160156,
        31.861289978027344,
        32.03077697753906,
        31.663936614990234,
        31.711877822875977,
        31.792442321777344,
        31.77842903137207,
        31.53580665588379,
        31.65475082397461,
        31.672103881835938,
        31.511215209960938,
        31.389204025268555,
        31.441635131835938,
        31.585329055786133,
        31.428449630737305,
        31.137554168701172,
        31.093942642211914,
        31.402070999145508,
        30.882246017456055,
        31.15806770324707,
        30.98592185974121,
        31.008792877197266,
        31.139711380004883,
        30.88050651550293,
        31.122020721435547,
        30.880292892456055,
        31.583770751953125,
        30.599700927734375,
        30.746639251708984,
        31.23267936706543,
        30.7155818939209,
        30.7136287689209,
        30.739593505859375,
        30.834321975708008,
        30.58155632019043,
        30.526639938354492,
        30.575864791870117,
        30.8140926361084,
        30.379220962524414,
        30.468259811401367,
        30.76273536682129,
        30.406909942626953,
        30.468921661376953,
        30.44594955444336,
        30.3922061920166,
        30.526721954345703,
        30.369539260864258,
        30.198535919189453,
        30.3054141998291,
        30.264192581176758,
        30.236225128173828,
        30.214893341064453,
        30.716928482055664,
        30.20464324951172,
        30.17774200439453,
        30.06664276123047,
        30.300046920776367,
        30.65945053100586,
        30.306711196899414,
        30.095849990844727,
        30.30103874206543,
        29.917482376098633,
        30.05471420288086,
        30.06064224243164,
        30.31597900390625,
        29.961957931518555,
        29.95051383972168,
        30.100934982299805,
        29.768186569213867,
        29.819047927856445,
        29.65464210510254,
        29.822980880737305,
        29.981481552124023,
        30.136049270629883,
        29.77607536315918,
        29.985795974731445,
        29.884302139282227,
        29.77722930908203,
        29.7788143157959,
        29.694194793701172,
        29.73952293395996,
        29.675643920898438,
        29.68686294555664,
        29.556663513183594,
        29.717498779296875,
        31.488914489746094,
        29.92513656616211,
        29.76881980895996,
        30.049482345581055,
        29.770343780517578,
        29.6197566986084,
        29.678258895874023,
        29.365304946899414,
        29.967788696289062,
        29.75321388244629,
        29.39103889465332,
        29.378629684448242,
        29.70843505859375,
        29.692991256713867,
        29.302616119384766,
        29.412250518798828,
        29.357215881347656,
        29.433250427246094,
        29.461023330688477,
        29.443002700805664,
        29.66958236694336,
        29.74779510498047,
        29.43914031982422,
        29.4585018157959,
        29.353919982910156,
        29.41777801513672,
        29.621166229248047,
        29.094087600708008,
        29.499252319335938,
        29.197874069213867,
        29.12265396118164,
        29.162120819091797,
        29.14266014099121,
        29.57917594909668,
        29.23808479309082,
        29.236705780029297,
        29.087366104125977,
        29.033267974853516,
        29.353357315063477,
        29.058679580688477,
        29.126819610595703,
        29.156347274780273,
        29.034774780273438,
        30.515146255493164,
        29.24652671813965,
        29.125917434692383,
        29.18379020690918,
        29.547630310058594,
        29.1878662109375,
        28.920616149902344,
        29.158483505249023,
        28.944379806518555,
        29.1672306060791,
        28.932981491088867,
        28.960973739624023,
        29.10977554321289,
        29.236461639404297,
        29.33424949645996,
        29.725370407104492,
        28.926973342895508,
        28.955846786499023,
        28.82958984375,
        28.81418228149414,
        28.88503074645996,
        29.174835205078125,
        29.174549102783203,
        28.84978485107422,
        28.885345458984375,
        28.898386001586914,
        28.8060359954834,
        28.815937042236328,
        28.8030948638916,
        28.687877655029297,
        28.919431686401367,
        28.653667449951172,
        29.13312339782715,
        29.05135726928711,
        28.750200271606445,
        28.913846969604492,
        29.189443588256836,
        29.01151466369629,
        28.801132202148438,
        28.866466522216797,
        28.70595359802246,
        28.84348487854004,
        28.65401840209961,
        28.642210006713867,
        28.533689498901367,
        28.542478561401367,
        28.832000732421875,
        28.5312557220459,
        28.80953598022461,
        28.562604904174805,
        28.862306594848633,
        28.92105484008789,
        28.505027770996094,
        28.446020126342773,
        28.679214477539062,
        28.694990158081055,
        28.67403221130371,
        28.460182189941406,
        28.723257064819336,
        27.509414672851562,
        27.017169952392578,
        26.951061248779297,
        26.878862380981445,
        26.949344635009766,
        26.826644897460938,
