{
    "run_n": 9,
    "run_seed": 0,
    "ndims": 16,
    "nsamples": 100000,
    "correlation": "corr",
    "nbijectors": 2,
    "bijector": "MsplineN",
    "spline_knots": 8,
    "range_min": -16,
    "hidden_layers": "128-128-128",
    "batch_size": 512,
    "activation": "relu",
    "eps_regulariser": 0,
    "regulariser": null,
    "dist_seed": 0,
    "test_seed": 0,
    "kl_divergence": -1,
    "ks_test_mean": 0.34144353862807897,
    "ks_test_median": 0.3604049960176632,
    "ad_test_mean": 0.18592024263653845,
    "ad_test_median": 0.17601594826234554,
    "Wasserstein_median": 0.05929691840427363,
    "Wasserstein_mean": 0.05929691840427363,
    "frob_norm": 0.11377412424456715,
    "epochs_input": 1000,
    "epochs_output": 169,
    "time": 936.5964127741754,
    "train_loss_history": [
        46.00950241088867,
        21.125730514526367,
        19.38341522216797,
        18.872352600097656,
        18.472393035888672,
        18.417842864990234,
        18.31586456298828,
        18.219497680664062,
        18.201873779296875,
        18.15457534790039,
        18.077484130859375,
        17.993392944335938,
        18.044231414794922,
        18.089038848876953,
        17.99713897705078,
        17.9720516204834,
        17.97255516052246,
        17.941974639892578,
        17.930191040039062,
        17.832929611206055,
        17.82982635498047,
        17.85141944885254,
        17.819822311401367,
        17.81688690185547,
        17.889062881469727,
        17.942916870117188,
        17.79823875427246,
        17.80266761779785,
        17.71417999267578,
        17.755516052246094,
        17.7259521484375,
        17.823055267333984,
        17.726974487304688,
        17.724557876586914,
        17.715694427490234,
        17.758337020874023,
        17.927127838134766,
        17.77303123474121,
        17.793777465820312,
        17.655359268188477,
        17.679550170898438,
        17.60978126525879,
        17.682703018188477,
        17.617794036865234,
        17.65534210205078,
        17.662349700927734,
        17.583120346069336,
        17.616451263427734,
        17.594266891479492,
        17.547365188598633,
        17.57102394104004,
        17.618398666381836,
        17.544700622558594,
        17.57941246032715,
        17.534154891967773,
        17.579936981201172,
        17.6546688079834,
        17.57130241394043,
        17.581214904785156,
        17.53400421142578,
        17.564714431762695,
        17.536863327026367,
        17.558732986450195,
        17.51064682006836,
        17.566476821899414,
        17.548564910888672,
        17.526147842407227,
        17.414390563964844,
        17.3306941986084,
        17.30651092529297,
        17.333606719970703,
        17.34450340270996,
        17.320470809936523,
        17.308706283569336,
        17.283979415893555,
        17.372623443603516,
        17.345712661743164,
        17.27021598815918,
        17.29556655883789,
        17.25322914123535,
        17.33038902282715,
        17.262601852416992,
        17.257505416870117,
        17.33917236328125,
        17.252384185791016,
        17.249835968017578,
        17.260021209716797,
        17.228893280029297,
        17.256025314331055,
        17.34364891052246,
        17.239625930786133,
        17.280424118041992,
        17.24057388305664,
        17.45509910583496,
        17.21773338317871,
        17.260255813598633,
        17.21743392944336,
        17.24127197265625,
        17.2542781829834,
        17.20975112915039,
        17.254850387573242,
        17.215438842773438,
        17.226238250732422,
        17.183740615844727,
        17.196481704711914,
        17.192840576171875,
        17.22165298461914,
        17.22674560546875,
        17.193988800048828,
        17.169147491455078,
        17.19254493713379,
        17.22290802001953,
        17.183324813842773,
        17.18691635131836,
        17.198209762573242,
        17.257936477661133,
        17.228931427001953,
        17.189407348632812,
        17.174633026123047,
        17.157426834106445,
        17.176557540893555,
        17.22483253479004,
        17.18946075439453,
        17.203895568847656,
        17.20076560974121,
        17.192150115966797,
        17.160348892211914,
        17.2340030670166,
        17.197114944458008,
        17.19054412841797,
        17.14106559753418,
        17.14994239807129,
        17.158214569091797,
        17.16176986694336,
        17.19009780883789,
        17.13243865966797,
        17.1573486328125,
        17.149240493774414,
        17.140796661376953,
        17.13686180114746,
        17.18050765991211,
        17.14276695251465,
        17.146621704101562,
        17.174205780029297,
        17.12596893310547,
        17.16014862060547,
        17.140169143676758,
        17.160818099975586,
        17.14358901977539,
        17.123138427734375,
        17.123178482055664,
        17.100120544433594,
        17.179241180419922,
        17.12554359436035,
        17.11545753479004,
        17.12602424621582,
        17.11968421936035,
        17.152400970458984,
        17.104467391967773,
        17.01970863342285,
        16.993350982666016,
        16.98910140991211,
        16.996259689331055,
        16.982398986816406,
        16.977710723876953,
        16.98611068725586,
        16.975799560546875,
        16.984188079833984,
        16.985679626464844
    ],