{
    "run_n":33,
    "run_seed":0,
    "ndims":1000,
    "nsamples":100000,
    "correlation":"corr",
    "nbijectors":5,
    "bijector":"MAFN",
    "spline_knots":8,
    "range_min":-5,
    "hidden_layers":"128-128-128",
    "batch_size":512,
    "activation":"relu",
    "eps_regulariser":0,
    "regulariser":null,
    "dist_seed":0,
    "test_seed":0,
    "kl_divergence":-1,
    "ks_test_mean":0.008755618309469098,
    "ks_test_median":3.021850368254212e-05,
    "ad_test_mean":0.0010062944817912892,
    "ad_test_median":0.008276350250223235,
    "Wasserstein_median":0.3958960084947189,
    "Wasserstein_mean":0.3958960084947189,
    "frob_norm":56.709639761928564,
    "epochs_input":1000,
    "epochs_output":133,
    "time":502.93320710305125,
    "train_loss_history":[
        2561.048828125,
        765.0384521484375,
        592.5639038085938,
        543.946533203125,
        537.6129760742188,
        508.12994384765625,
        493.2002258300781,
        493.2870178222656,
        474.82684326171875,
        473.532470703125,
        473.9749450683594,
        466.2036437988281,
        463.8742980957031,
        460.0369567871094,
        452.3252868652344,
        452.2630310058594,
        460.9523010253906,
        450.1693420410156,
        902.8123168945312,
        562.8909301757812,
        473.44012451171875,
        462.7039794921875,
        453.4134521484375,
        449.365234375,
        445.762939453125,
        443.8025207519531,
        441.2008972167969,
        439.6911315917969,
        440.3909606933594,
        438.13885498046875,
        437.9063415527344,
        434.7496643066406,
        435.1358947753906,
        435.5527648925781,
        431.6138916015625,
        432.391357421875,
        433.38751220703125,
        435.59405517578125,
        430.96185302734375,
        431.9756164550781,
        433.0484619140625,
        430.3163146972656,
        433.8632507324219,
        426.5888671875,
        426.05657958984375,
        540.35693359375,
        434.5696716308594,
        427.3059997558594,
        428.3873596191406,
        426.0385437011719,
        425.23138427734375,
        428.4688720703125,
        423.9352111816406,
        424.5428466796875,
        423.05517578125,
        425.72021484375,
        426.26275634765625,
        421.5960998535156,
        427.3385314941406,
        423.3462219238281,
        420.50286865234375,
        430.668212890625,
        428.10223388671875,
        419.11956787109375,
        423.4146728515625,
        427.2354736328125,
        419.2259521484375,
        419.8124694824219,
        418.183349609375,
        416.491455078125,
        418.5511169433594,
        417.724609375,
        418.4944152832031,
        NaN,
        NaN,
        NaN,
        NaN,
        NaN,
        NaN,
        NaN,
        NaN,
        NaN,
        NaN,
        NaN,
        NaN,
        NaN,
        NaN,
        NaN,
        NaN,
        NaN,
        NaN,
        NaN,
        NaN,
        NaN,
        NaN,
        NaN,
        NaN,
        NaN,
        NaN,
        NaN,
        NaN,
        NaN,
        NaN,
        NaN,
        NaN,
        NaN,
        NaN,
        NaN,
        NaN,
        NaN,
        NaN,
        NaN,
        NaN,
        NaN,
        NaN,
        NaN,
        NaN,
        NaN,
        NaN,
        NaN,
        NaN,
        NaN,
        NaN,
        NaN,
        NaN,
        NaN,
        NaN,
        NaN,
        NaN,
        NaN,
        NaN,
        NaN,
        NaN
    ],
    "val_loss_history":[
        1193.9945068359375,
        611.7660522460938,
        568.6697998046875,
        545.0831298828125,
        505.5562744140625,
        534.4876098632812,
        483.21563720703125,
        478.3161926269531,
        467.0034484863281,
        541.1322631835938,
        462.9613037109375,
        521.5200805664062,
        459.7803649902344,
        444.5294189453125,
        445.0397033691406,
        449.98382568359375,
        437.711669921875,
        448.7027893066406,
        649.980712890625,
        492.7443542480469,
        466.2951354980469,
        451.9761047363281,
        447.2291564941406,
        442.7988586425781,
        443.8788146972656,
        439.614013671875,
        437.30206298828125,
        437.21881103515625,
        434.1810302734375,
        435.1319885253906,
        437.1758728027344,
        438.4674072265625,
        430.8280944824219,
        430.68359375,
        437.9688415527344,
        434.15704345703125,
        488.01708984375,
        425.1095275878906,
        441.9384460449219,
        432.9454650878906,
        444.4518127441406,
        436.6597595214844,
        421.7009582519531,
        434.8266906738281,
        420.06109619140625,
        440.3021545410156,
        432.9875183105469,
        423.2991943359375,
        425.43853759765625,
        442.2206726074219,
        448.5018615722656,
        427.7416076660156,
        420.8493957519531,
        419.4214782714844,
        418.7485656738281,
        426.4231262207031,
        427.6706848144531,
        419.0041198730469,
        426.41717529296875,
        419.9927062988281,
        429.5677185058594,
        418.50732421875,
        424.1515197753906,
        414.5693054199219,
        457.5845642089844,
        427.2989807128906,
        433.5386962890625,
        415.6033935546875,
        420.3512268066406,
        412.37255859375,
        417.5430603027344,
        415.45965576171875,
        412.0074768066406,
        NaN,
        NaN,
        NaN,
        NaN,
        NaN,
        NaN,
        NaN,
        NaN,
        NaN,
        NaN,
        NaN,
        NaN,
        NaN,
        NaN,
        NaN,
        NaN,
        NaN,
        NaN,
        NaN,
        NaN,
        NaN,
        NaN,
        NaN,
        NaN,
        NaN,
        NaN,
        NaN,
        NaN,
        NaN,
        NaN,
        NaN,
        NaN,
        NaN,
        NaN,
        NaN,
        NaN,
        NaN,
        NaN,
        NaN,
        NaN,
        NaN,
        NaN,
        NaN,
        NaN,
        NaN,
        NaN,
        NaN,
        NaN,
        NaN,
        NaN,
        NaN,
        NaN,
        NaN,
        NaN,
        NaN,
        NaN,
        NaN,
        NaN,
        NaN,
        NaN
    ],
    "best_train_loss":[],
    "best_val_loss":NaN,
    "best_epoch":[]
}