{
    "run_n":6,
    "run_seed":541,
    "ndims":200,
    "nsamples":100000,
    "correlation":"corr",
    "nbijectors":2,
    "bijector":"MsplineN",
    "spline_knots":12,
    "range_min":-16,
    "hidden_layers":"128-128-128",
    "batch_size":512,
    "activation":"relu",
    "eps_regulariser":0,
    "regulariser":null,
    "dist_seed":0,
    "test_seed":0,
    "kl_divergence":-1,
    "ks_test_mean":0.5020043959167646,
    "ks_test_median":0.5026348151521645,
    "ad_test_mean":0.21612075816160758,
    "ad_test_median":0.21607504511113765,
    "Wasserstein_median":0.025217699056109537,
    "Wasserstein_mean":0.025217699056109537,
    "frob_norm":1.386817759879389,
    "epochs_input":1000,
    "epochs_output":333,
    "time":2547.036416257266,
    "train_loss_history":[
        408.7688903808594,
        117.93208312988281,
        102.29212188720703,
        96.18081665039062,
        93.9439926147461,
        92.4816665649414,
        91.19940185546875,
        89.9354476928711,
        89.28202819824219,
        88.9486083984375,
        88.21419525146484,
        88.12588500976562,
        87.90396118164062,
        87.34918212890625,
        86.84562683105469,
        86.65142059326172,
        86.73029327392578,
        86.24722290039062,
        86.36982727050781,
        86.28690338134766,
        85.8685302734375,
        86.21422576904297,
        85.85892486572266,
        85.70851135253906,
        85.76081085205078,
        85.56573486328125,
        85.615478515625,
        85.40792083740234,
        85.16378021240234,
        85.25121307373047,
        85.20094299316406,
        85.26205444335938,
        84.97733306884766,
        85.1002197265625,
        84.8116683959961,
        84.82721710205078,
        85.08673858642578,
        84.42376708984375,
        84.65254211425781,
        84.68614959716797,
        84.7060546875,
        85.02207946777344,
        84.69701385498047,
        84.3144760131836,
        84.81380462646484,
        84.9833984375,
        84.39094543457031,
        84.768310546875,
        84.49517822265625,
        84.39901733398438,
        84.26789093017578,
        84.20632934570312,
        84.25825500488281,
        84.13307189941406,
        84.31394958496094,
        84.03202819824219,
        84.10325622558594,
        83.87440490722656,
        83.91387939453125,
        83.89616394042969,
        83.65296936035156,
        84.14835357666016,
        83.90995025634766,
        83.97227478027344,
        83.62257385253906,
        83.84318542480469,
        83.92108917236328,
        83.5743179321289,
        83.94550323486328,
        83.557861328125,
        83.84121704101562,
        83.53816986083984,
        83.63687133789062,
        83.56986999511719,
        83.59280395507812,
        83.3794174194336,
        83.2348861694336,
        83.44166564941406,
        83.3951644897461,
        83.5670166015625,
        83.57380676269531,
        83.29840087890625,
        83.85635375976562,
        83.49461364746094,
        83.22819519042969,
        83.38861846923828,
        83.08760833740234,
        83.13265991210938,
        83.180908203125,
        83.18230438232422,
        83.11822509765625,
        83.4895248413086,
        83.2342758178711,
        82.83675384521484,
        83.18023681640625,
        83.02323913574219,
        82.81707000732422,
        83.52690887451172,
        83.17884063720703,
        82.78319549560547,
        82.87427520751953,
        83.13748168945312,
        82.9734115600586,
        83.0734634399414,
        82.83187103271484,
        82.97909545898438,
        82.7421646118164,
        82.63155364990234,
        82.84434509277344,
        83.25616455078125,
        82.89545440673828,
        82.75050354003906,
        82.6397705078125,
        82.71980285644531,
        83.49456024169922,
        82.65055084228516,
        82.64437103271484,
        82.77422332763672,
        82.64449310302734,
        82.77496337890625,
        82.79936981201172,
        82.69522857666016,
        82.4697036743164,
        82.52225494384766,
        82.63172912597656,
        82.66239929199219,
        82.53459930419922,
        82.6917953491211,
        82.94083404541016,
        82.407958984375,
        82.56342315673828,
        82.62773132324219,
        82.55441284179688,
        82.40192413330078,
        82.46240234375,
        82.55870819091797,
        83.3143539428711,
        82.37117767333984,
        82.59786224365234,
        82.66593933105469,
        82.53990173339844,
        82.31526947021484,
        82.59703063964844,
        82.69476318359375,
        82.47480010986328,
        82.54205322265625,
        82.73542022705078,
        82.39759063720703,
        82.6744613647461,
        82.35929107666016,
        82.44855499267578,
        82.27052307128906,
        82.37620544433594,
        82.41641235351562,
        82.48438262939453,
        82.42786407470703,
        82.2928237915039,
        82.435546875,
        82.08802032470703,
        82.51758575439453,
        82.19214630126953,
        82.25518035888672,
        82.23844146728516,
        82.1151123046875,
        82.41326141357422,
        82.144775390625,
        82.39173126220703,
        82.25298309326172,
        82.09051513671875,
        82.0584487915039,
        82.2017822265625,
        82.4419937133789,
        82.44168090820312,
        81.99465942382812,
        82.193603515625,
        82.13141632080078,
        82.27533721923828,
        82.01207733154297,
        82.1018295288086,
        82.06729125976562,
        82.03634643554688,
        82.2926025390625,
        82.30445098876953,
        82.1181640625,
        81.98802947998047,
        81.98558807373047,
        81.96735382080078,
        82.01618194580078,
        82.07052612304688,
        82.14009094238281,
        82.1217041015625,
        81.86774444580078,
        82.06597137451172,
        82.06224822998047,
        81.85577392578125,
        82.01858520507812,
        81.97187042236328,
        82.0477294921875,
        81.88031005859375,
        81.85073852539062,
        82.2795639038086,
        81.77104187011719,
        82.0418930053711,
        81.91820526123047,
        81.90775299072266,
        81.96009826660156,
        81.76307678222656,
        81.87671661376953,
        81.84166717529297,
        81.8649673461914,
        81.7344970703125,
        81.99031066894531,
        81.86572265625,
        81.73271179199219,
        82.07281494140625,
        81.87093353271484,
        81.69144439697266,
        81.82662200927734,
        81.72660827636719,
        81.7569351196289,
        81.73713684082031,
        81.82948303222656,
        81.77997589111328,
        82.25054931640625,
        81.76519012451172,
        81.80171203613281,
        81.78652954101562,
        81.71234130859375,
        81.85169219970703,
        81.63256072998047,
        82.06210327148438,
        82.07201385498047,
        81.65641021728516,
        81.69326782226562,
        81.71992492675781,
        81.70491027832031,
        81.72810363769531,
        81.55023193359375,
        81.6865234375,
        81.69297790527344,
        81.68344116210938,
        81.61253356933594,
        81.53187561035156,
        81.55684661865234,
        81.70634460449219,
        82.04997253417969,
        81.70750427246094,
        81.67878723144531,
        81.56114959716797,
        81.61519622802734,
        81.64852142333984,
        81.55929565429688,
        81.54670715332031,
        81.75218200683594,
        81.75396728515625,
        81.64962768554688,
        81.58574676513672,
        81.62179565429688,
        81.68695068359375,
        81.68933868408203,
        81.65515899658203,
        81.82928466796875,
        81.70968627929688,
        81.65946197509766,
        81.55973052978516,
        81.72909545898438,
        80.43962097167969,
        80.281005859375,
        80.22588348388672,
        80.21098327636719,
