{
    "run_n": 14,
    "run_seed": 0,
    "ndims": 32,
    "nsamples": 100000,
    "correlation": "corr",
    "nbijectors": 2,
    "bijector": "MsplineN",
    "spline_knots": 8,
    "range_min": -16,
    "hidden_layers": "256-256-256",
    "batch_size": 512,
    "activation": "relu",
    "eps_regulariser": 0,
    "regulariser": null,
    "dist_seed": 0,
    "test_seed": 0,
    "kl_divergence": -1,
    "ks_test_mean": 0.26878799957606864,
    "ks_test_median": 0.2986433125552339,
    "ad_test_mean": 0.15018614856611717,
    "ad_test_median": 0.13252968266244902,
    "Wasserstein_median": 0.07833891623096254,
    "Wasserstein_mean": 0.07833891623096254,
    "frob_norm": 0.247647285742589,
    "epochs_input": 1000,
    "epochs_output": 116,
    "time": 652.3714815261774,
    "train_loss_history": [
        74.21302032470703,
        44.66153335571289,
        42.7743034362793,
        41.96455383300781,
        41.6241569519043,
        41.34540557861328,
        40.854583740234375,
        40.684791564941406,
        40.294803619384766,
        40.04875183105469,
        39.82464599609375,
        39.56389617919922,
        39.285011291503906,
        39.279197692871094,
        39.03710174560547,
        39.11394500732422,
        38.78007507324219,
        38.62485122680664,
        38.891868591308594,
        38.795867919921875,
        38.543983459472656,
        38.409523010253906,
        38.28976058959961,
        38.555912017822266,
        38.06451416015625,
        38.1850700378418,
        38.3387565612793,
        38.190242767333984,
        38.209529876708984,
        38.25502395629883,
        37.95427322387695,
        37.96613693237305,
        37.99860763549805,
        37.75529098510742,
        37.82000732421875,
        37.85772705078125,
        37.85368728637695,
        37.9232177734375,
        37.75922393798828,
        37.735530853271484,
        37.86082077026367,
        37.68162536621094,
        37.801998138427734,
        37.59606170654297,
        37.50849533081055,
        37.61256790161133,
        37.48994445800781,
        37.645992279052734,
        37.482765197753906,
        37.572364807128906,
        37.50989532470703,
        37.35762405395508,
        37.689697265625,
        37.409454345703125,
        37.45780563354492,
        37.547401428222656,
        37.50872039794922,
        37.50016784667969,
        37.35399627685547,
        37.42508316040039,
        37.25505828857422,
        37.52001953125,
        37.433467864990234,
        37.504276275634766,
        37.20445251464844,
        37.409637451171875,
        37.365482330322266,
        37.507041931152344,
        37.320220947265625,
        37.378536224365234,
        37.2421989440918,
        37.23434829711914,
        37.36850357055664,
        36.980018615722656,
        37.51701354980469,
        37.944854736328125,
        37.02705383300781,
        37.11398696899414,
        37.235801696777344,
        37.52375411987305,
        37.13417434692383,
        37.76497268676758,
        37.28850555419922,
        37.07725524902344,
        37.08855438232422,
        37.011409759521484,
        37.16242980957031,
        36.9799690246582,
        37.193668365478516,
        36.93896484375,
        37.011077880859375,
        36.907745361328125,
        36.859344482421875,
        37.05559539794922,
        37.11061477661133,
        36.932777404785156,
        36.95255661010742,
        36.912269592285156,
        36.79972839355469,
        37.06228256225586,
        36.85101318359375,
        36.964622497558594,
        36.906822204589844,
        36.70774459838867,
        37.18303298950195,
        38.23423385620117,
        36.63004684448242,
        36.170230865478516,
        36.154117584228516,
        36.154598236083984,
        36.11989974975586,
        36.153526306152344,
        36.123573303222656,
        36.07634735107422,
        36.07487487792969,
        36.103824615478516
    ],
    "val_loss_history": [
        46.38461685180664,
        43.118289947509766,
        42.91024398803711,
        41.69242477416992,
        41.86101531982422,
        40.5300407409668,
        41.17013931274414,
        40.76374053955078,
        40.25468826293945,
        40.47993087768555,
        39.87251281738281,
        39.390724182128906,
        39.48426818847656,
        38.95924758911133,
        38.60752868652344,
        38.38420867919922,
        38.237876892089844,
        38.66159439086914,
        39.639251708984375,
        38.88859176635742,
        38.456905364990234,
        37.95446014404297,
        38.01432800292969,
        38.78926086425781,
        38.504798889160156,
        38.060020446777344,
        37.791107177734375,
        37.9623908996582,
        38.05931854248047,
        37.672603607177734,
        38.00958251953125,
        37.99595260620117,
        38.09971618652344,
        37.8140869140625,
        37.93337631225586,
        38.15476608276367,
        37.6014404296875,
        37.85628890991211,
        37.69392395019531,
        38.40495300292969,
        38.0657958984375,
        37.87062454223633,
        38.070953369140625,
        37.99103927612305,
        38.165679931640625,
        37.90872573852539,
        38.12485122680664,
        38.12049102783203,
        38.08469772338867,
        38.72537612915039,
        37.81416320800781,
        37.68741226196289,
        38.138668060302734,
        37.7633171081543,
        37.87580108642578,
        37.59048843383789,
        38.51412582397461,
        38.36216735839844,
        37.854393005371094,
        37.649627685546875,
        38.90553283691406,
        38.27121353149414,
        38.45183181762695,
        37.82514190673828,
        37.76900863647461,
        37.85865020751953,
        37.76093292236328,
        38.36082077026367,
        38.000545501708984,
        38.35717010498047,
        37.99592971801758,
        38.138702392578125,
        37.85845184326172,
        38.307701110839844,
        38.179256439208984,
        37.753623962402344,
        37.621238708496094,
        37.597503662109375,
        37.987640380859375,
        38.112178802490234,
        38.326290130615234,
        38.687625885009766,
        37.95622634887695,
        38.4271240234375,
        38.11945343017578,
        38.00334167480469,
        38.018821716308594,
        38.29286193847656,
        38.534454345703125,
        38.90262985229492,
        38.062992095947266,
        37.818138122558594,
        37.8707275390625,
        38.49574279785156,
        38.742557525634766,
        38.059444427490234,
        38.141029357910156,
        39.36103820800781,
        38.627193450927734,
        38.408714294433594,
        38.01860809326172,
        38.26057815551758,
        37.952091217041016,
        38.78205108642578,
        39.66735076904297,
        39.58955001831055,
        37.82735061645508,
        37.966983795166016,
        37.96366500854492,
        38.064125061035156,
        38.06632995605469,
        38.008880615234375,
        38.12185287475586,
        38.14958572387695,
        38.14914321899414,
        38.118751525878906
    ],
    "best_train_loss": 37.547401428222656,
    "best_val_loss": 37.59048843383789,
    "best_epoch": 55
}