{
    "run_n":5,
    "run_seed":0,
    "ndims":4,
    "nsamples":100000,
    "correlation":"corr",
    "nbijectors":5,
    "bijector":"CsplineN",
    "spline_knots":12,
    "range_min":-16,
    "hidden_layers":"256-256-256",
    "batch_size":512,
    "activation":"relu",
    "eps_regulariser":0,
    "regulariser":null,
    "dist_seed":0,
    "test_seed":0,
    "kl_divergence":-1,
    "ks_test_mean":0.4751802950579754,
    "ks_test_median":0.4934645161620955,
    "ad_test_mean":0.21428138734946617,
    "ad_test_median":0.21274466023688698,
    "Wasserstein_median":0.02233944853919259,
    "Wasserstein_mean":0.02233944853919259,
    "frob_norm":0.02802172036787203,
    "epochs_input":1000,
    "epochs_output":213,
    "time":6390.129636884201,
    "train_loss_history":[
        8.352607727050781,
        4.736379146575928,
        4.837611675262451,
        4.080233573913574,
        3.5020172595977783,
        3.26312255859375,
        3.037242889404297,
        2.880404233932495,
        2.7254397869110107,
        2.699505090713501,
        2.6481258869171143,
        2.6470513343811035,
        2.6089437007904053,
        2.5778391361236572,
        2.5949008464813232,
        2.5807504653930664,
        2.6661245822906494,
        2.5693376064300537,
        2.5792195796966553,
        2.5500333309173584,
        2.538879871368408,
        2.502089500427246,
        2.7055418491363525,
        2.501434564590454,
        2.5087571144104004,
        2.4950404167175293,
        2.4792869091033936,
        2.498058557510376,
        2.516421318054199,
        2.518934488296509,
        2.4755842685699463,
        2.4980061054229736,
        2.510812759399414,
        2.4777674674987793,
        2.481679677963257,
        2.500852108001709,
        2.462111234664917,
        2.486522674560547,
        2.4658920764923096,
        2.462045431137085,
        2.452468156814575,
        2.4654345512390137,
        2.488847017288208,
        2.4575557708740234,
        2.46517276763916,
        2.4728195667266846,
        2.5525753498077393,
        2.49341082572937,
        2.437450408935547,
        2.4481844902038574,
        2.4576172828674316,
        2.4358463287353516,
        2.460413932800293,
        2.4504666328430176,
        2.4532697200775146,
        2.4548704624176025,
        2.466277599334717,
        2.4468789100646973,
        2.443938970565796,
        2.4691615104675293,
        2.4452052116394043,
        2.425619125366211,
        2.4268624782562256,
        2.456746816635132,
        2.449718475341797,
        2.43379545211792,
        2.4337375164031982,
        2.4400882720947266,
        2.4419538974761963,
        2.4430925846099854,
        2.438823938369751,
        2.4402098655700684,
        2.484318494796753,
        2.4578583240509033,
        2.4315993785858154,
        2.440422773361206,
        2.423645496368408,
        2.447723865509033,
        2.498769521713257,
        2.433748960494995,
        2.4270517826080322,
        2.437548875808716,
        2.451531410217285,
        2.4314393997192383,
        2.423793315887451,
        2.4245450496673584,
        2.4203219413757324,
        2.432889223098755,
        2.4229023456573486,
        2.4091594219207764,
        2.427536964416504,
        2.4224441051483154,
        2.4303717613220215,
        2.4361839294433594,
        2.4198827743530273,
        2.4221584796905518,
        2.443373203277588,
        2.418065071105957,
        2.413630247116089,
        2.41849946975708,
        2.4302806854248047,
        2.41007399559021,
        2.414799213409424,
        2.4255030155181885,
        2.4155755043029785,
        2.4066274166107178,
        2.423776149749756,
        2.4192628860473633,
        2.430375576019287,
        2.4087650775909424,
        2.403409004211426,
        2.4117417335510254,
        2.4141886234283447,
        2.416703462600708,
        2.4122564792633057,
        2.406850814819336,
        2.4245269298553467,
        2.444659471511841,
        2.4157962799072266,
        2.412269115447998,
        2.415587902069092,
        2.419589042663574,
        2.412720203399658,
        2.404221296310425,
        2.426266670227051,
        2.4081358909606934,
        2.4081263542175293,
        2.4095239639282227,
        2.4163661003112793,
        2.4168126583099365,
        2.4183502197265625,
        2.4224987030029297,
        2.4080402851104736,
        2.3994624614715576,
        2.399848222732544,
        2.409059762954712,
        2.369763135910034,
        2.3645124435424805,
        2.3651084899902344,
        2.365208387374878,
        2.3643195629119873,
        2.3645238876342773,
        2.366182327270508,
        2.3638525009155273,
        2.362413167953491,
        2.362459182739258,
        2.3633475303649902,
        2.3638651371002197,
        2.3623239994049072,
        2.3624069690704346,
        2.3621628284454346,
        2.3656973838806152,
        2.361516237258911,
        2.363572120666504,
        2.3629462718963623,
        2.3616039752960205,
        2.3648369312286377,
        2.3647730350494385,
        2.3631691932678223,
        2.3665049076080322,
        2.3629350662231445,
        2.3642804622650146,
        2.3608782291412354,
        2.363738536834717,
        2.3605995178222656,
        2.360861301422119,
        2.36262845993042,
        2.3605217933654785,
        2.3585870265960693,
        2.362467050552368,
        2.360412120819092,
        2.3641717433929443,
        2.3603553771972656,
        2.360670566558838,
        2.362164258956909,
        2.3597323894500732,
        2.3615922927856445,
        2.3605539798736572,
        2.3599693775177,
        2.3637211322784424,
        2.3628129959106445,
        2.358792304992676,
        2.3599255084991455,
        2.358849287033081,
        2.3609678745269775,
        2.3594884872436523,
        2.3580515384674072,
        2.364194869995117,
        2.3593316078186035,
        2.3582777976989746,
        2.3603715896606445,
        2.3580517768859863,
        2.362051010131836,
        2.357043743133545,
        2.3595972061157227,
        2.3619725704193115,
        2.3645076751708984,
        2.3573975563049316,
        2.364927053451538,
        2.35835599899292,
        2.35978364944458,
        2.3580775260925293,
        2.361732006072998,
        2.349748373031616,
        2.3475513458251953,
        2.347611427307129,
        2.346719980239868,
        2.3460748195648193,
        2.3465170860290527,
        2.345834970474243,
        2.3464601039886475,
        2.346374034881592,
        2.3460748195648193
    ],