{
    "run_n":2,
    "run_seed":187,
    "ndims":100,
    "nsamples":100000,
    "correlation":"corr",
    "nbijectors":2,
    "bijector":"MsplineN",
    "spline_knots":12,
    "range_min":-16,
    "hidden_layers":"256-256-256",
    "batch_size":512,
    "activation":"relu",
    "eps_regulariser":0,
    "regulariser":null,
    "dist_seed":0,
    "test_seed":0,
    "kl_divergence":-1,
    "ks_test_mean":0.39555372698373553,
    "ks_test_median":0.4254607434852955,
    "ad_test_mean":0.20396492294360413,
    "ad_test_median":0.18527118397963896,
    "Wasserstein_median":0.06169784571766992,
    "Wasserstein_mean":0.06169784571766992,
    "frob_norm":0.820049891717834,
    "epochs_input":1000,
    "epochs_output":135,
    "time":610.8382888417691,
    "train_loss_history":[
        178.4011688232422,
        56.108734130859375,
        49.42658233642578,
        46.8880729675293,
        45.535648345947266,
        44.6806640625,
        43.91818618774414,
        43.850990295410156,
        43.62823486328125,
        43.10886764526367,
        42.75640106201172,
        42.558006286621094,
        42.29880905151367,
        42.11350631713867,
        42.01839065551758,
        42.0279655456543,
        42.07176971435547,
        41.710792541503906,
        41.733699798583984,
        41.61136245727539,
        41.75583267211914,
        41.45121383666992,
        41.41135025024414,
        41.400856018066406,
        41.34077453613281,
        41.270347595214844,
        41.2129020690918,
        41.22301483154297,
        41.120357513427734,
        41.067596435546875,
        40.96000289916992,
        40.93388748168945,
        41.038631439208984,
        41.042701721191406,
        40.95269012451172,
        40.84355163574219,
        40.846580505371094,
        40.891448974609375,
        40.83140182495117,
        40.73763656616211,
        40.739952087402344,
        40.768714904785156,
        40.78193283081055,
        40.72406768798828,
        40.68336868286133,
        40.679325103759766,
        40.721458435058594,
        40.65092468261719,
        40.6092643737793,
        40.6707649230957,
        40.61319351196289,
        40.57118225097656,
        40.64684295654297,
        40.5552864074707,
        40.551727294921875,
        40.53860092163086,
        40.59111404418945,
        40.55375671386719,
        40.49056625366211,
        40.466758728027344,
        40.56032943725586,
        40.493534088134766,
        40.44159698486328,
        40.478214263916016,
        40.389930725097656,
        40.466705322265625,
        40.4473991394043,
        40.399417877197266,
        40.428627014160156,
        40.40129470825195,
        40.34191131591797,
        40.37327194213867,
        40.36096954345703,
        40.324012756347656,
        40.34684753417969,
        40.340087890625,
        40.30440902709961,
        40.38224411010742,
        40.2783088684082,
        40.267051696777344,
        40.2757682800293,
        40.24555969238281,
        40.25717544555664,
        40.241615295410156,
        40.249637603759766,
        40.19406509399414,
        40.212432861328125,
        40.19339370727539,
        40.1956672668457,
        40.18405532836914,
        40.19272232055664,
        40.126800537109375,
        40.13077163696289,
        40.080772399902344,
        40.12998580932617,
        40.096092224121094,
        40.111392974853516,
        40.06517791748047,
        40.100921630859375,
        40.093040466308594,
        40.05388259887695,
        40.02972412109375,
        40.02418899536133,
        40.046119689941406,
        40.015987396240234,
        40.00288009643555,
        39.962738037109375,
        39.99456024169922,
        39.978485107421875,
        39.9901008605957,
        39.98401641845703,
        39.961673736572266,
        39.94361114501953,
        39.94553756713867,
        39.93980407714844,
        39.88033676147461,
        39.899696350097656,
        39.934410095214844,
        39.86097717285156,
        39.8631706237793,
        39.865989685058594,
        39.868492126464844,
        39.85385513305664,
        39.83481216430664,
        39.81333923339844,
        39.28242111206055,
        39.22114944458008,
        39.21501922607422,
        39.211387634277344,
        39.209896087646484,
        39.20225143432617,
        39.20684051513672,
        39.199012756347656,
        39.20225524902344,
        39.197086334228516
    ],