{
    "run_n":2,
    "run_seed":187,
    "ndims":100,
    "nsamples":100000,
    "correlation":"corr",
    "nbijectors":2,
    "bijector":"MsplineN",
    "spline_knots":12,
    "range_min":-16,
    "hidden_layers":"128-128-128",
    "batch_size":512,
    "activation":"relu",
    "eps_regulariser":0,
    "regulariser":null,
    "dist_seed":0,
    "test_seed":0,
    "ks_mean":0.2563786302629952,
    "ks_std":0.2671536782089243,
    "ad_mean":0.13777636612147293,
    "ad_std":0.10304643812650525,
    "wd_mean":0.05177760935041236,
    "wd_std":0.031890279634963326,
    "swd_mean":0.051253190157568684,
    "swd_std":0.033704793123686516,
    "fn_mean":1.4320163534298902,
    "fn_std":0.421573059460918,
    "epochs_input":1000,
    "epochs_output":249,
    "time":1920.3448743470944,
    "train_loss_history":[
        218.5525360107422,
        59.84758377075195,
        51.357906341552734,
        48.011775970458984,
        46.32612609863281,
        45.044437408447266,
        44.41075897216797,
        43.70359420776367,
        43.12609100341797,
        43.03223419189453,
        42.7109489440918,
        42.458770751953125,
        42.615360260009766,
        42.51972579956055,
        42.51837158203125,
        42.35198974609375,
        42.06031036376953,
        41.85795593261719,
        42.06134033203125,
        41.85717010498047,
        41.833351135253906,
        41.78877639770508,
        41.72554397583008,
        41.53562545776367,
        41.51415252685547,
        41.39028549194336,
        41.385009765625,
        41.410186767578125,
        41.2149772644043,
        41.232574462890625,
        41.277748107910156,
        41.225215911865234,
        41.27992630004883,
        41.06247329711914,
        40.94683837890625,
        40.99061965942383,
        40.92456817626953,
        40.97220230102539,
        40.95292663574219,
        40.85398483276367,
        40.92982864379883,
        41.0489616394043,
        40.89788055419922,
        40.84495544433594,
        40.89816665649414,
        40.80194854736328,
        40.8299674987793,
        40.841182708740234,
        40.771610260009766,
        40.76822280883789,
        40.77018356323242,
        40.76929473876953,
        40.76461410522461,
        40.73876190185547,
        40.71617889404297,
        40.75433349609375,
        40.707130432128906,
        40.742820739746094,
        40.67821502685547,
        40.64808654785156,
        40.605464935302734,
        40.65592956542969,
        40.644954681396484,
        40.704349517822266,
        40.62751770019531,
        40.62355041503906,
        40.65922546386719,
        40.57741928100586,
        40.622562408447266,
        40.5897216796875,
        40.57900619506836,
        40.56532287597656,
        40.62452697753906,
        40.580326080322266,
        40.5560417175293,
        40.55110549926758,
        40.55433654785156,
        40.50580596923828,
        40.547645568847656,
        40.535858154296875,
        40.53818130493164,
        40.523433685302734,
        40.47404098510742,
        40.48301696777344,
        40.540767669677734,
        40.47286605834961,
        40.521602630615234,
        40.49379348754883,
        40.48602294921875,
        40.49445343017578,
        40.478965759277344,
        40.439849853515625,
        40.47682571411133,
        40.44675827026367,
        40.43696975708008,
        40.459197998046875,
        40.44388198852539,
        40.423885345458984,
        40.437679290771484,
        40.44856262207031,
        40.393226623535156,
        40.46257781982422,
        40.41324234008789,
        40.44844055175781,
        40.41746139526367,
        40.4033317565918,
        40.47232437133789,
        40.40806579589844,
        40.37234115600586,
        40.443824768066406,
        40.3843994140625,
        40.33805847167969,
        40.371273040771484,
        40.40780258178711,
        40.35318374633789,
        40.32284927368164,
        40.3519172668457,
        40.30653762817383,
        40.379974365234375,
        40.362979888916016,
        40.34809112548828,
        40.319061279296875,
        40.3237419128418,
        40.29840087890625,
        40.30919647216797,
        40.36336898803711,
        40.26091766357422,
        40.324058532714844,
        40.31196975708008,
        40.273582458496094,
        40.27965545654297,
        40.28888702392578,
        40.286617279052734,
        40.295291900634766,
        40.32032775878906,
        40.277774810791016,
        40.23600387573242,
        40.327266693115234,
        40.2856559753418,
        40.24927520751953,
        40.2672119140625,
        40.2437744140625,
        40.28091812133789,
        40.24774169921875,
        40.27891159057617,
        40.225704193115234,
        40.317935943603516,
        40.25526428222656,
        40.25677490234375,
        40.190773010253906,
        40.29555130004883,
        40.18052291870117,
        40.199344635009766,
        40.19845962524414,
        40.18955993652344,
        40.213069915771484,
        40.17903137207031,
        40.2518196105957,
        40.15447998046875,
        40.213314056396484,
        40.1854133605957,
        40.208133697509766,
        40.16926956176758,
        40.15963363647461,
        40.219608306884766,
        40.16696548461914,
        40.14228820800781,
        40.145957946777344,
        40.18795394897461,
        40.13566970825195,
        40.14816665649414,
        40.141475677490234,
        40.12313461303711,
        40.17107009887695,
        40.19410705566406,
        40.18414306640625,
        40.1531867980957,
        40.12714385986328,
        40.126914978027344,
        40.19807052612305,
        40.134849548339844,
        40.1391716003418,
        40.120792388916016,
        40.106346130371094,
        40.0978889465332,
        40.11604690551758,
        40.22272491455078,
        39.74616622924805,
        39.69071960449219,
        39.681129455566406,
        39.676109313964844,
        39.68306350708008,
        39.67597198486328,
        39.66535186767578,
        39.66798400878906,
        39.670257568359375,
        39.66859436035156,
        39.66897201538086,
        39.67023849487305,
        39.6736946105957,
        39.67528533935547,
        39.67008972167969,
        39.66179656982422,
        39.6671028137207,
        39.66291046142578,
        39.678062438964844,
        39.655487060546875,
        39.6671142578125,
        39.67816162109375,
        39.66204833984375,
        39.65860366821289,
        39.65959167480469,
        39.655399322509766,
        39.6658935546875,
        39.66326141357422,
        39.66457748413086,
        39.652442932128906,
        39.659324645996094,
        39.646995544433594,
        39.663238525390625,
        39.655452728271484,
        39.64688491821289,
        39.662384033203125,
        39.65306091308594,
        39.66011428833008,
        39.64503479003906,
        39.65031433105469,
        39.64937973022461,
        39.64977264404297,
        39.65729904174805,
        39.64876937866211,
        39.64740753173828,
        39.649600982666016,
        39.6455078125,
        39.6438102722168,
        39.641273498535156,
        39.64834213256836,
        39.63616180419922,
        39.639583587646484,
        39.540672302246094,
        39.53311538696289,
        39.53297424316406,
        39.533180236816406,
        39.5327033996582,
        39.53411102294922,
        39.53234100341797,
        39.53468322753906,
        39.534149169921875,
        39.532264709472656
    ],