{
    "run_n":1,
    "run_seed":0,
    "ndims":4,
    "nsamples":100000,
    "correlation":"corr",
    "nbijectors":5,
    "bijector":"CsplineN",
    "spline_knots":8,
    "range_min":-16,
    "hidden_layers":"128-128-128",
    "batch_size":512,
    "activation":"relu",
    "eps_regulariser":0,
    "regulariser":null,
    "dist_seed":0,
    "test_seed":0,
    "kl_divergence":-1,
    "ks_test_mean":0.5237382309019194,
    "ks_test_median":0.5236288447094628,
    "ad_test_mean":0.21829195044535668,
    "ad_test_median":0.2196789968056247,
    "Wasserstein_median":0.011817864798060967,
    "Wasserstein_mean":0.011817864798060967,
    "frob_norm":0.011713972203432507,
    "epochs_input":1000,
    "epochs_output":310,
    "time":8690.510488428175,
    "train_loss_history":[
        8.791831970214844,
        4.785489082336426,
        4.36005163192749,
        4.341491222381592,
        4.005987167358398,
        3.9965522289276123,
        3.8724477291107178,
        3.6568117141723633,
        3.5839085578918457,
        3.4659125804901123,
        3.304866313934326,
        3.271235227584839,
        3.216264247894287,
        3.040956497192383,
        3.000704050064087,
        2.95841908454895,
        2.7892980575561523,
        2.8640856742858887,
        2.768615961074829,
        2.7405476570129395,
        2.797091484069824,
        2.6692051887512207,
        2.685298204421997,
        2.5839200019836426,
        2.597834825515747,
        2.58025860786438,
        2.6224780082702637,
        2.594391107559204,
        2.5494673252105713,
        2.5459916591644287,
        2.534254312515259,
        2.5784049034118652,
        2.5460476875305176,
        2.532088279724121,
        2.502774715423584,
        2.5163567066192627,
        2.527343988418579,
        2.506882667541504,
        2.502804756164551,
        2.498208999633789,
        2.478222370147705,
        2.489574909210205,
        2.4898276329040527,
        2.4923183917999268,
        2.5053248405456543,
        2.482027053833008,
        2.4888393878936768,
        2.5274643898010254,
        2.4746251106262207,
        2.498893976211548,
        2.482907295227051,
        2.4499759674072266,
        2.4866254329681396,
        2.4721662998199463,
        2.4590539932250977,
        2.47651743888855,
        2.4900736808776855,
        2.4949309825897217,
        2.4545443058013916,
        2.4593873023986816,
        2.481677770614624,
        2.4488401412963867,
        2.4568471908569336,
        2.4644062519073486,
        2.459808826446533,
        2.456904411315918,
        2.458994150161743,
        2.454874277114868,
        2.4391345977783203,
        2.4707748889923096,
        2.4551568031311035,
        2.464498996734619,
        2.4464030265808105,
        2.4566690921783447,
        2.4470419883728027,
        2.456362009048462,
        2.448169231414795,
        2.6078786849975586,
        2.4453284740448,
        2.4541001319885254,
        2.4347498416900635,
        2.4427707195281982,
        2.455491304397583,
        2.4382760524749756,
        2.438169240951538,
        2.4443373680114746,
        2.433342695236206,
        2.4310567378997803,
        2.424745798110962,
        2.4481868743896484,
        2.437082290649414,
        2.428992748260498,
        2.44071626663208,
        2.429699659347534,
        2.435833215713501,
        2.4296822547912598,
        2.4510316848754883,
        2.4438886642456055,
        2.440915584564209,
        2.4241504669189453,
        2.448129415512085,
        2.4279990196228027,
        2.438408374786377,
        2.429018259048462,
        2.444120407104492,
        2.4233577251434326,
        2.441509485244751,
        2.4411966800689697,
        2.431488275527954,
        2.438506603240967,
        2.4272749423980713,
        2.4179880619049072,
        2.4238009452819824,
        2.4319849014282227,
        2.4221670627593994,
        2.4334943294525146,
        2.4186604022979736,
        2.441779851913452,
        2.420106887817383,
        2.4343318939208984,
        2.4217913150787354,
        2.4248688220977783,
        2.4213428497314453,
        2.421597719192505,
        2.433445930480957,
        2.415289878845215,
        2.406618118286133,
        2.4148948192596436,
        2.42360782623291,
        2.4164328575134277,
        2.425002098083496,
        2.4116897583007812,
        2.4122579097747803,
        2.4210546016693115,
        2.424417734146118,
        2.4354090690612793,
        2.4236555099487305,
        2.4255590438842773,
        2.4254236221313477,
        2.414429187774658,
        2.422699451446533,
        2.4158074855804443,
        2.413923978805542,
        2.414536237716675,
        2.399972915649414,
        2.4167003631591797,
        2.40548038482666,
        2.4081084728240967,
        2.4102468490600586,
        2.4180550575256348,
        2.4204208850860596,
        2.410038709640503,
        2.4177193641662598,
        2.411113739013672,
        2.418748140335083,
        2.4059410095214844,
        2.4043657779693604,
        2.413827896118164,
        2.4167840480804443,
        2.4290478229522705,
        2.4089083671569824,
        2.4164302349090576,
        2.400773048400879,
        2.4195456504821777,
        2.4143226146698,
        2.4060370922088623,
        2.407219409942627,
        2.4100241661071777,
        2.414538621902466,
        2.414428234100342,
        2.4032061100006104,
        2.401926279067993,
        2.411865711212158,
        2.40519380569458,
        2.400398015975952,
        2.4058072566986084,
        2.400960683822632,
        2.4165101051330566,
        2.4155969619750977,
        2.410972833633423,
        2.3997182846069336,
        2.3950109481811523,
        2.401963949203491,
        2.4098708629608154,
        2.4021337032318115,
        2.3982162475585938,
        2.4062306880950928,
        2.405843496322632,
        2.4003539085388184,
        2.4042577743530273,
        2.416374683380127,
        2.405797004699707,
        2.4070162773132324,
        2.401676893234253,
        2.4103517532348633,
        2.4000911712646484,
        2.371135711669922,
        2.3670244216918945,
        2.365281820297241,
        2.362600564956665,
        2.3651669025421143,
        2.36246395111084,
        2.365126848220825,
        2.364790916442871,
        2.363370418548584,
        2.3626599311828613,
        2.3649983406066895,
        2.3632771968841553,
        2.3638768196105957,
        2.365114450454712,
        2.363565444946289,
        2.363316297531128,
        2.3638360500335693,
        2.364910125732422,
        2.365260601043701,
        2.3636271953582764,
        2.364004373550415,
        2.365463972091675,
        2.368074655532837,
        2.3629119396209717,
        2.36702299118042,
        2.3642609119415283,
        2.364297866821289,
        2.3655359745025635,
        2.3657889366149902,
        2.364198684692383,
        2.3615450859069824,
        2.3635971546173096,
        2.3615543842315674,
        2.3623974323272705,
        2.361415386199951,
        2.3631057739257812,
        2.361125946044922,
        2.367614984512329,
        2.362257719039917,
        2.363572835922241,
        2.363724946975708,
        2.3620269298553467,
        2.362220525741577,
        2.360400915145874,
        2.3665757179260254,
        2.3618648052215576,
        2.36038875579834,
        2.362760305404663,
        2.363161325454712,
        2.3624703884124756,
        2.3646984100341797,
        2.3630759716033936,
        2.3602375984191895,
        2.352391242980957,
        2.3514785766601562,
        2.3514583110809326,
        2.3516247272491455,
        2.351240873336792,
        2.351198196411133,
        2.351482391357422,
        2.3515610694885254,
        2.3516201972961426,
        2.3519375324249268,
        2.351046085357666,
        2.3514792919158936,
        2.3523430824279785,
