{
    "run_n":17,
    "run_seed":0,
    "ndims":64,
    "nsamples":100000,
    "correlation":"corr",
    "nbijectors":2,
    "bijector":"MsplineN",
    "spline_knots":8,
    "range_min":-16,
    "hidden_layers":"128-128-128",
    "batch_size":512,
    "activation":"relu",
    "eps_regulariser":0,
    "regulariser":null,
    "dist_seed":0,
    "test_seed":0,
    "kl_divergence":-1,
    "ks_test_mean":0.4484410587338092,
    "ks_test_median":0.46144484683737297,
    "ad_test_mean":0.20345275481783134,
    "ad_test_median":0.2014838051732146,
    "Wasserstein_median":0.017485452861417644,
    "Wasserstein_mean":0.017485452861417644,
    "frob_norm":0.2701708562667358,
    "epochs_input":1000,
    "epochs_output":189,
    "time":999.5255199987441,
    "train_loss_history":[
        132.43055725097656,
        37.33986282348633,
        33.16041946411133,
        31.410715103149414,
        30.430593490600586,
        30.077838897705078,
        29.908573150634766,
        29.349048614501953,
        29.308713912963867,
        29.014753341674805,
        28.753976821899414,
        28.644237518310547,
        28.59393310546875,
        28.601688385009766,
        28.53440284729004,
        28.358135223388672,
        28.375078201293945,
        28.297805786132812,
        28.2176456451416,
        28.210725784301758,
        28.217710494995117,
        28.160701751708984,
        28.116487503051758,
        28.091293334960938,
        28.07518768310547,
        28.096614837646484,
        28.08091163635254,
        28.038654327392578,
        28.06715965270996,
        28.004552841186523,
        27.980649948120117,
        28.009733200073242,
        28.001808166503906,
        27.97329330444336,
        27.957233428955078,
        27.983060836791992,
        27.947147369384766,
        27.911096572875977,
        27.905458450317383,
        27.91291046142578,
        27.899850845336914,
        27.906217575073242,
        27.894927978515625,
        27.904953002929688,
        27.874691009521484,
        27.855552673339844,
        27.835649490356445,
        27.838117599487305,
        27.85514259338379,
        27.8419246673584,
        27.835079193115234,
        27.833297729492188,
        27.845476150512695,
        27.846200942993164,
        27.822193145751953,
        27.790346145629883,
        27.780925750732422,
        27.78255271911621,
        27.794485092163086,
        27.801984786987305,
        27.753904342651367,
        27.770343780517578,
        27.746877670288086,
        27.777265548706055,
        27.776212692260742,
        27.731918334960938,
        27.746261596679688,
        27.7286376953125,
        27.73105812072754,
        27.727657318115234,
        27.754106521606445,
        27.72001075744629,
        27.704021453857422,
        27.699934005737305,
        27.727008819580078,
        27.69161605834961,
        27.713043212890625,
        27.672574996948242,
        27.70630645751953,
        27.68490982055664,
        27.684627532958984,
        27.67707061767578,
        27.66110610961914,
        27.68170166015625,
        27.67165184020996,
        27.66640853881836,
        27.66232681274414,
        27.664104461669922,
        27.63896942138672,
        27.648889541625977,
        27.660484313964844,
        27.646133422851562,
        27.637840270996094,
        27.63587760925293,
        27.66877555847168,
        27.627826690673828,
        27.634984970092773,
        27.619447708129883,
        27.597423553466797,
        27.59331512451172,
        27.6325740814209,
        27.60549545288086,
        27.608596801757812,
        27.58482551574707,
        27.590482711791992,
        27.596925735473633,
        27.58676528930664,
        27.581295013427734,
        27.569520950317383,
        27.576976776123047,
        27.577360153198242,
        27.548452377319336,
        27.56523323059082,
        27.559415817260742,
        27.558778762817383,
        27.54420280456543,
        27.555917739868164,
        27.550676345825195,
        27.550247192382812,
        27.55274200439453,
        27.52851676940918,
        27.541004180908203,
        27.526493072509766,
        27.539085388183594,
        27.51542854309082,
        27.53293228149414,
        27.51911163330078,
        27.521831512451172,
        27.253122329711914,
        27.23151397705078,
        27.228286743164062,
        27.22974967956543,
        27.230093002319336,
        27.227554321289062,
        27.231281280517578,
        27.228191375732422,
        27.22250747680664,
        27.228759765625,
        27.22595977783203,
        27.22151756286621,
        27.2294979095459,
        27.226520538330078,
        27.2248592376709,
        27.219398498535156,
        27.223712921142578,
        27.222339630126953,
        27.22397232055664,
        27.216880798339844,
        27.216753005981445,
        27.215869903564453,
        27.221818923950195,
        27.21345329284668,
        27.218082427978516,
        27.216035842895508,
        27.209543228149414,
        27.20982551574707,
        27.213459014892578,
        27.204959869384766,
        27.21303367614746,
        27.20143699645996,
        27.214574813842773,
        27.21078872680664,
        27.204015731811523,
        27.202289581298828,
        27.19911766052246,
        27.210451126098633,
        27.205963134765625,
        27.2014102935791,
        27.19892120361328,
        27.196290969848633,
        27.19854736328125,
        27.196365356445312,
        27.195064544677734,
        27.19622802734375,
        27.191314697265625,
        27.194477081298828,
        27.19443130493164,
        27.193889617919922,
        27.190919876098633,
        27.12198829650879,
        27.1138858795166,
        27.115360260009766,
        27.113332748413086,
        27.114471435546875,
        27.11225128173828,
        27.114242553710938,
        27.113122940063477,
        27.113441467285156,
        27.111846923828125
    ],