{
    "run_n":37,
    "run_seed":0,
    "ndims":32,
    "nsamples":100000,
    "correlation":"corr",
    "nbijectors":5,
    "bijector":"CsplineN",
    "spline_knots":8,
    "range_min":-16,
    "hidden_layers":"128-128-128",
    "batch_size":512,
    "activation":"relu",
    "eps_regulariser":0,
    "regulariser":null,
    "dist_seed":0,
    "test_seed":0,
    "kl_divergence":-1,
    "ks_test_mean":0.24735050607079137,
    "ks_test_median":0.2706399172964219,
    "ad_test_mean":0.17363221324461034,
    "ad_test_median":0.1459112160509868,
    "Wasserstein_median":0.07098646959135503,
    "Wasserstein_mean":0.07098646959135503,
    "frob_norm":0.2684921176395874,
    "epochs_input":1000,
    "epochs_output":341,
    "time":7247.5465366658755,
    "train_loss_history":[
        198.69586181640625,
        62.85313034057617,
        56.75141906738281,
        54.02315902709961,
        52.43138885498047,
        51.191402435302734,
        50.5012321472168,
        50.080230712890625,
        49.48894119262695,
        49.41762161254883,
        49.12614822387695,
        48.40213394165039,
        48.300209045410156,
        47.937862396240234,
        47.16447830200195,
        47.318782806396484,
        46.89247512817383,
        47.13983917236328,
        46.65544509887695,
        46.795806884765625,
        45.913177490234375,
        46.090362548828125,
        45.89647674560547,
        45.40901565551758,
        45.39866256713867,
        45.30388641357422,
        45.1087646484375,
        44.96149826049805,
        44.60915756225586,
        44.57062911987305,
        44.42753601074219,
        44.33848190307617,
        44.39071273803711,
        44.336341857910156,
        43.99266052246094,
        43.82724380493164,
        43.86978530883789,
        44.02801513671875,
        43.41444778442383,
        43.317195892333984,
        43.39883041381836,
        43.253021240234375,
        43.159690856933594,
        43.42931365966797,
        43.23106384277344,
        42.93543243408203,
        43.163509368896484,
        42.559898376464844,
        42.74156951904297,
        43.00944137573242,
        43.07137680053711,
        42.869415283203125,
        42.5450553894043,
        42.55007553100586,
        42.46420669555664,
        42.3050422668457,
        42.76530075073242,
        42.174095153808594,
        42.28847122192383,
        42.21061325073242,
        42.122100830078125,
        42.28492736816406,
        41.726226806640625,
        41.995357513427734,
        41.640037536621094,
        42.04873275756836,
        41.71925735473633,
        41.450435638427734,
        41.46271514892578,
        41.52833938598633,
        41.428096771240234,
        41.54234313964844,
        41.349056243896484,
        41.59469223022461,
        41.36601257324219,
        41.736392974853516,
        41.39006805419922,
        41.305450439453125,
        41.0838737487793,
        41.40833282470703,
        41.371219635009766,
        40.996253967285156,
        41.0842399597168,
        41.38505935668945,
        40.98201370239258,
        41.2501335144043,
        41.03402328491211,
        40.96464157104492,
        40.85358810424805,
        40.77714920043945,
        40.542030334472656,
        40.60130310058594,
        40.55137634277344,
        40.69239044189453,
        40.59906768798828,
        40.61418151855469,
        40.45659637451172,
        40.43994903564453,
        40.274024963378906,
        40.54146194458008,
        40.28578567504883,
        40.35406494140625,
        40.223445892333984,
        40.20764923095703,
        40.16925048828125,
        40.22732162475586,
        40.208045959472656,
        39.92418670654297,
        39.926666259765625,
        40.04302215576172,
        40.08078384399414,
        40.03679656982422,
        39.76136779785156,
        39.82733154296875,
        40.012699127197266,
        40.01161575317383,
        39.77163314819336,
        39.65620040893555,
        39.696895599365234,
        39.70607376098633,
        39.998592376708984,
        39.79728698730469,
        39.524959564208984,
        39.868980407714844,
        39.576656341552734,
        39.61966323852539,
        39.774078369140625,
        39.63650894165039,
        39.746009826660156,
        39.616947174072266,
        39.5820426940918,
        39.51926040649414,
        39.46036911010742,
        39.49232864379883,
        39.318687438964844,
        39.561893463134766,
        39.129878997802734,
        39.41694259643555,
        39.27226638793945,
        39.533721923828125,
        39.21307373046875,
        39.425262451171875,
        39.32402420043945,
        39.27690505981445,
        39.09053421020508,
        39.38991165161133,
        39.19944763183594,
        39.21564865112305,
        39.217559814453125,
        38.9901008605957,
        39.38168716430664,
        39.215972900390625,
        39.12496566772461,
        39.20866394042969,
        39.20432662963867,
        39.0677375793457,
        38.98705291748047,
        39.2651481628418,
        38.96175003051758,
        38.90689468383789,
        39.02495574951172,
        38.887062072753906,
        38.98463821411133,
        38.899173736572266,
        39.13768005371094,
        38.97206115722656,
        38.99406051635742,
        38.863319396972656,
        39.1295166015625,
        38.80342483520508,
        38.85830307006836,
        38.898868560791016,
        38.79918670654297,
        38.857444763183594,
        38.83843994140625,
        38.97304153442383,
        38.830074310302734,
        38.84540939331055,
        38.80029296875,
        38.823734283447266,
        38.67145538330078,
        38.84964370727539,
        38.944095611572266,
        38.75514221191406,
        38.545326232910156,
        38.71661376953125,
        38.68868637084961,
        38.73777389526367,
        38.63081741333008,
        38.651084899902344,
        38.645050048828125,
        38.78339767456055,
        38.63234329223633,
        38.699588775634766,
        38.62541961669922,
        38.68896484375,
        38.49018859863281,
        38.75582504272461,
        38.71966552734375,
        38.50686264038086,
        38.573158264160156,
        38.471107482910156,
        38.551002502441406,
        38.67951583862305,
        38.43527603149414,
        38.60562515258789,
        38.445533752441406,
        38.477630615234375,
        38.645240783691406,
        38.414241790771484,
        38.55104446411133,
        38.480567932128906,
        38.45052719116211,
        38.40253829956055,
        38.396339416503906,
        38.392295837402344,
        38.48084259033203,
        38.40338134765625,
        38.3295783996582,
        38.529258728027344,
        38.37523651123047,
        38.34133529663086,
        38.27054977416992,
        38.38139343261719,
        38.30428695678711,
        38.28148651123047,
        38.357398986816406,
        38.232177734375,
        38.33897018432617,
        38.31278991699219,
        38.31660079956055,
        38.34346389770508,
        38.30894088745117,
        38.22785186767578,
        38.23524475097656,
        38.27374267578125,
        38.270606994628906,
        38.28786849975586,
        38.25954818725586,
        38.17032241821289,
        38.23079299926758,
        38.2132568359375,
        38.21174621582031,
        38.39313507080078,
        38.18793487548828,
        38.22333526611328,
        38.15163040161133,
        38.18581008911133,
        38.11563491821289,
        38.13623046875,
        38.24909591674805,
        38.1396484375,
        38.12588119506836,
        38.20798110961914,
        38.119651794433594,
        38.18893814086914,
        38.18784713745117,
        38.15556716918945,
        38.10039520263672,
        38.17945861816406,
        38.086421966552734,
        38.146034240722656,
        38.039093017578125,
        38.16504669189453,
        38.04784393310547,
