{
    "run_n":1,
    "run_seed":0,
    "ndims":4,
    "nsamples":100000,
    "correlation":"corr",
    "nbijectors":2,
    "bijector":"MsplineN",
    "spline_knots":4,
    "range_min":-16,
    "hidden_layers":"128-128-128",
    "batch_size":512,
    "activation":"relu",
    "eps_regulariser":0,
    "regulariser":null,
    "dist_seed":0,
    "test_seed":0,
    "kl_divergence":-1,
    "ks_test_mean":0.2192677862174891,
    "ks_test_median":0.21473397927512797,
    "ad_test_mean":0.08017936359228339,
    "ad_test_median":0.08966786775128202,
    "Wasserstein_median":0.0050061902013316915,
    "Wasserstein_mean":0.0050061902013316915,
    "frob_norm":0.02096690916072535,
    "epochs_input":100,
    "epochs_output":100,
    "time":174.205140811,
    "train_loss_history":[
        5.5479655265808105,
        0.7428911328315735,
        -1.7315373420715332,
        -3.2050795555114746,
        -3.413827657699585,
        -3.7878496646881104,
        -3.9064414501190186,
        -3.936950922012329,
        -3.97762131690979,
        -3.9594545364379883,
        -3.963758945465088,
        -4.000026702880859,
        -3.9527392387390137,
        -4.006838798522949,
        -4.045499801635742,
        -3.91129994392395,
        -4.0166015625,
        -4.0875654220581055,
        -4.0339226722717285,
        -4.028968334197998,
        -4.082845211029053,
        -4.024197101593018,
        -4.032791614532471,
        -3.997454881668091,
        -3.9130492210388184,
        -4.0747270584106445,
        -4.072241306304932,
        -4.141854286193848,
        -4.1011505126953125,
        -4.048629283905029,
        -4.100360870361328,
        -4.116814136505127,
        -4.143187046051025,
        -4.104772567749023,
        -4.116669178009033,
        -4.122260093688965,
        -4.110750675201416,
        -4.157800197601318,
        -4.144089698791504,
        -4.1260857582092285,
        -4.07274055480957,
        -4.087656021118164,
        -4.135311126708984,
        -4.154153347015381,
        -4.174635887145996,
        -4.141496658325195,
        -4.17155647277832,
        -4.150058746337891,
        -4.155418872833252,
        -4.1074934005737305,
        -4.202043533325195,
        -4.145371913909912,
        -4.17423152923584,
        -4.146748065948486,
        -4.180403709411621,
        -4.139327049255371,
        -4.174454689025879,
        -4.13356351852417,
        -4.220508575439453,
        -4.203449249267578,
        -4.1555094718933105,
        -4.195484638214111,
        -4.144372463226318,
        -4.225888729095459,
        -4.167803764343262,
        -4.171646595001221,
        -4.183778285980225,
        -4.234973907470703,
        -4.207729339599609,
        -4.21602725982666,
        -4.180649280548096,
        -4.200605869293213,
        -4.112668991088867,
        -4.236240863800049,
        -4.164496421813965,
        -4.167966842651367,
        -4.227519512176514,
        -4.230158805847168,
        -4.236112117767334,
        -4.195058345794678,
        -4.2180681228637695,
        -4.2003068923950195,
        -4.209500312805176,
        -4.2456746101379395,
        -4.15627384185791,
        -4.205888271331787,
        -4.245728015899658,
        -4.219727993011475,
        -4.212050437927246,
        -4.216635704040527,
        -4.2475104331970215,
        -4.195139408111572,
        -4.257001876831055,
        -4.279172420501709,
        -4.213162899017334,
        -4.242492198944092,
        -4.223860263824463,
        -4.185891151428223,
        -4.180285453796387,
        -4.27946662902832
    ],
    "val_loss_history":[
        -0.4958530366420746,
        -0.6156768798828125,
        -1.5426509380340576,
        -3.6206166744232178,
        -3.8619649410247803,
        -4.0011491775512695,
        -3.97040057182312,
        -3.6883771419525146,
        -3.915755271911621,
        -3.778258800506592,
        -4.139592170715332,
        -3.8826568126678467,
        -3.842708110809326,
        -4.068789482116699,
        -4.076201915740967,
        -4.1415276527404785,
        -4.11154317855835,
        -3.8203413486480713,
        -4.136266231536865,
        -3.961897611618042,
        -3.709153175354004,
        -4.086048603057861,
        -3.659271717071533,
        -3.878150224685669,
        -3.533627510070801,
        -4.168614864349365,
        -4.044520378112793,
        -4.167057991027832,
        -3.9024977684020996,
        -4.0711517333984375,
        -4.114152908325195,
        -4.1377153396606445,
        -3.629136800765991,
        -4.204518795013428,
        -3.214510202407837,
        -4.184304714202881,
        -3.825629234313965,
        -4.057667255401611,
        -4.153297424316406,
        -4.213832378387451,
        -4.241489410400391,
        -4.153549671173096,
        -4.182214260101318,
        -3.9419147968292236,
        -4.243456840515137,
        -4.198918342590332,
        -4.269309043884277,
        -4.245861053466797,
        -3.9491288661956787,
        -4.147434234619141,
        -4.2416534423828125,
        -4.226204872131348,
        -4.167651653289795,
        -3.9721500873565674,
        -3.961367607116699,
        -4.171122074127197,
        -4.076703071594238,
        -4.154977321624756,
        -4.0743184089660645,
        -4.231980800628662,
        -4.256928443908691,
        -4.107550621032715,
        -4.134368419647217,
        -4.109478950500488,
        -4.241282939910889,
        -4.232909202575684,
        -4.1107563972473145,
        -4.111266613006592,
        -4.282362461090088,
        -3.88950514793396,
        -4.262622833251953,
        -4.0365777015686035,
        -4.043390274047852,
        -4.2897748947143555,
        -4.174536228179932,
        -4.197891712188721,
        -4.2091193199157715,
        -4.251799583435059,
        -4.249349117279053,
        -4.240960121154785,
        -4.232512950897217,
        -4.19718599319458,
        -4.114055156707764,
        -3.57122540473938,
        -4.16975736618042,
        -4.290104389190674,
        -4.163928508758545,
        -4.290163516998291,
        -4.232394218444824,
        -4.23912239074707,
        -4.2866597175598145,
        -4.18167781829834,
        -4.160454273223877,
        -4.231731414794922,
        -4.206545352935791,
        -4.244071006774902,
        -4.2541117668151855,
        -4.234050750732422,
        -4.2758893966674805,
        -4.288265705108643
    ],
    "best_train_loss":-4.219727993011475,
    "best_val_loss":-4.290163516998291,
    "best_epoch":87
}