{
    "run_n":4,
    "run_seed":440,
    "ndims":4,
    "nsamples":100000,
    "correlation":"corr",
    "nbijectors":5,
    "bijector":"MAFN",
    "spline_knots":8,
    "range_min":-5,
    "hidden_layers":"256-256-256",
    "batch_size":512,
    "activation":"relu",
    "eps_regulariser":0,
    "regulariser":null,
    "dist_seed":0,
    "test_seed":0,
    "ks_mean":0.0002573181300584102,
    "ks_std":0.0013032312172115022,
    "ad_mean":0.001033101608349396,
    "ad_std":0.00020671947788574596,
    "wd_mean":0.11902107059709113,
    "wd_std":0.04767592388190627,
    "swd_mean":0.12440216115805106,
    "swd_std":0.036749121973528164,
    "fn_mean":0.10409192982976256,
    "fn_std":0.010568971513204893,
    "epochs_input":1000,
    "epochs_output":311,
    "time":931.9400326180039,
    "train_loss_history":[
        11.824825286865234,
        7.270400047302246,
        6.891359806060791,
        6.248464584350586,
        6.119304656982422,
        5.800952434539795,
        5.611888885498047,
        5.286399841308594,
        5.333143711090088,
        5.0755414962768555,
        4.896995544433594,
        4.872883319854736,
        4.800258636474609,
        4.601454734802246,
        4.597654819488525,
        4.517720699310303,
        4.7514824867248535,
        4.435847759246826,
        4.541694641113281,
        4.306920051574707,
        4.2938337326049805,
        4.168651103973389,
        4.161943435668945,
        4.149267196655273,
        4.167053699493408,
        4.071897983551025,
        4.095247745513916,
        4.062469959259033,
        4.021964073181152,
        3.95945405960083,
        3.9833929538726807,
        3.9564208984375,
        3.921332597732544,
        3.9273414611816406,
        3.9626598358154297,
        3.891514778137207,
        3.8728981018066406,
        3.8592112064361572,
        3.818784713745117,
        3.85355544090271,
        3.8482236862182617,
        3.9215991497039795,
        3.7677865028381348,
        3.7867178916931152,
        3.755965232849121,
        3.7737786769866943,
        3.7610535621643066,
        3.7481272220611572,
        3.728881359100342,
        3.7510201930999756,
        3.6742897033691406,
        3.653934955596924,
        3.6787588596343994,
        3.677091598510742,
        3.626258611679077,
        3.630662679672241,
        3.736284017562866,
        5.352110862731934,
        6.1570048332214355,
        4.713766098022461,
        4.429294109344482,
        4.281896114349365,
        4.098870754241943,
        4.0389485359191895,
        4.021180152893066,
        3.926297426223755,
        3.8652992248535156,
        3.8485116958618164,
        3.833667755126953,
        3.7400715351104736,
        3.755310297012329,
        3.735374927520752,
        3.741034507751465,
        3.7245848178863525,
        3.7533504962921143,
        3.663738250732422,
        3.677615165710449,
        3.6853692531585693,
        3.622982978820801,
        3.6156015396118164,
        3.6131014823913574,
        3.580519676208496,
        3.603440761566162,
        3.5855088233947754,
        3.5352766513824463,
        3.542422294616699,
        3.6065452098846436,
        3.587010383605957,
        3.546659231185913,
        3.544290542602539,
        3.508478879928589,
        3.5209875106811523,
        3.4784598350524902,
        3.5143771171569824,
        3.511227607727051,
        3.5010550022125244,
        3.4231748580932617,
        3.4575676918029785,
        3.5058646202087402,
        3.4610354900360107,
        3.4428436756134033,
        3.4370598793029785,
        3.4537432193756104,
        3.4016122817993164,
        3.4301862716674805,
        3.402963638305664,
        3.4128975868225098,
        3.382349729537964,
        3.398176670074463,
        3.380333185195923,
        3.378898859024048,
        3.396460771560669,
        3.364058017730713,
        3.4111969470977783,
        3.4292240142822266,
        3.3854494094848633,
        3.3902065753936768,
        3.344182014465332,
        3.3866817951202393,
        3.3409652709960938,
        3.3239877223968506,
        3.3321597576141357,
        3.334261417388916,
        3.3604378700256348,
        3.3511605262756348,
        3.3106162548065186,
        3.3605663776397705,
        3.285952568054199,
        3.2969908714294434,
        3.293006658554077,
        3.3118999004364014,
        3.2778480052948,
        3.3327412605285645,
        3.3102166652679443,
        3.3533012866973877,
        3.40643572807312,
        3.2798116207122803,
        3.2739219665527344,
        3.253359794616699,
        3.3244988918304443,
        3.2969372272491455,
        3.2999868392944336,
        3.286994695663452,
        3.25065279006958,
        3.2674856185913086,
        3.2459189891815186,
        3.4789342880249023,
        3.3140320777893066,
        3.2398033142089844,
        3.28001070022583,
        3.2309558391571045,
        3.2950644493103027,
        3.244406223297119,
        3.268723249435425,
        3.23999285697937,
        3.294586181640625,
        3.2226457595825195,
        3.2094147205352783,
        3.2590973377227783,
        3.282606363296509,
        3.264563798904419,
        3.1939401626586914,
        3.2196872234344482,
        3.212489128112793,
        3.2102251052856445,
        3.237701654434204,
        3.1903624534606934,
        3.181820869445801,
        3.2478713989257812,
        3.207163095474243,
        3.203214645385742,
        3.207994222640991,
        3.2038846015930176,
        3.1781468391418457,
        3.2440173625946045,
        3.1757724285125732,
        3.1974823474884033,
        3.16595721244812,
        3.9914188385009766,
        4.212621688842773,
        4.1585516929626465,
        3.5472071170806885,
        3.4033215045928955,
        3.319038152694702,
        3.3370087146759033,
        3.2657158374786377,
        3.249866247177124,
        3.2564339637756348,
        3.230421781539917,
        3.219689130783081,
        3.2333316802978516,
        3.2150187492370605,
        3.2494916915893555,
        3.1963043212890625,
        3.2120983600616455,
        3.1947567462921143,
        3.1697847843170166,
        3.155040740966797,
        3.1905224323272705,
        3.1629130840301514,
        3.1635072231292725,
        3.2120559215545654,
        3.208580255508423,
        3.15901780128479,
        3.1634483337402344,
        3.180292844772339,
        3.216418981552124,
        3.219041347503662,
        3.337414503097534,
        3.166102647781372,
        3.1657464504241943,
        3.164613962173462,
        3.213334083557129,
        3.1674916744232178,
        3.1175200939178467,
        3.1448514461517334,
        3.1441152095794678,
        3.138593912124634,
        3.146592378616333,
        3.1870431900024414,
        3.1262900829315186,
        3.122331142425537,
        3.118457317352295,
        3.1311395168304443,
        3.1551461219787598,
        3.123455762863159,
        3.1108596324920654,
        3.115696668624878,
        3.113624095916748,
        3.108231782913208,
        3.1312005519866943,
        3.291254997253418,
        3.1196789741516113,
        3.1232452392578125,
        3.115380048751831,
        3.1120636463165283,
        3.1219890117645264,
        3.1190426349639893,
        3.1008334159851074,
        3.1641948223114014,
        3.148277997970581,
        3.108685255050659,
        3.091803550720215,
        3.1228904724121094,
        3.1012747287750244,
        3.1078529357910156,
        3.0900187492370605,
        3.113220691680908,
        3.1129729747772217,
        3.162111282348633,
        3.1019365787506104,
        3.0712738037109375,
        3.086280584335327,
        3.087895631790161,
        6.641159534454346,
        5.119850158691406,
        4.5401482582092285,
        4.279442310333252,
        4.136392116546631,
        4.069301605224609,
        3.9523353576660156,
