{
    "run_n":6,
    "run_seed":541,
    "ndims":200,
    "nsamples":100000,
    "correlation":"corr",
    "nbijectors":10,
    "bijector":"RealNVPN",
    "spline_knots":8,
    "range_min":-5,
    "hidden_layers":"128-128-128",
    "batch_size":256,
    "activation":"relu",
    "eps_regulariser":0,
    "regulariser":null,
    "dist_seed":0,
    "test_seed":0,
    "ks_mean":0.018648938738008134,
    "ks_std":0.09683128897883822,
    "ad_mean":0.012502268496338634,
    "ad_std":0.04508335179264035,
    "wd_mean":0.14510803532284713,
    "wd_std":0.09225947801100663,
    "swd_mean":0.14706730877163818,
    "swd_std":0.10343504231255206,
    "fn_mean":4.036115851375915,
    "fn_std":0.32107784046747195,
    "epochs_input":1000,
    "epochs_output":346,
    "time":3854.585829660995,
    "train_loss_history":[
        50208.87109375,
        460.82843017578125,
        303.94549560546875,
        256.41729736328125,
        229.2222137451172,
        208.4220428466797,
        194.4329376220703,
        185.1880645751953,
        178.0106201171875,
        172.40640258789062,
        167.57293701171875,
        162.88722229003906,
        158.84532165527344,
        155.22950744628906,
        151.91754150390625,
        148.80442810058594,
        145.8414764404297,
        143.23129272460938,
        140.6997833251953,
        138.25929260253906,
        136.0449676513672,
        133.9178466796875,
        131.99496459960938,
        130.13206481933594,
        128.283935546875,
        126.57911682128906,
        124.78569793701172,
        123.217529296875,
        121.60448455810547,
        120.18262481689453,
        118.62720489501953,
        117.3998794555664,
        116.06299591064453,
        114.69111633300781,
        113.68629455566406,
        112.28764343261719,
        111.40725708007812,
        110.05178833007812,
        109.31765747070312,
        108.31949615478516,
        107.1181411743164,
        106.72752380371094,
        105.58587646484375,
        104.85599517822266,
        104.1156234741211,
        103.48872375488281,
        103.37188720703125,
        102.21639251708984,
        102.0486068725586,
        101.18125915527344,
        100.93058013916016,
        100.27767944335938,
        100.52692413330078,
        99.6636734008789,
        98.8495864868164,
        98.8380355834961,
        98.8455810546875,
        98.65829467773438,
        97.53377532958984,
        97.47355651855469,
        97.19281005859375,
        97.12774658203125,
        96.65991973876953,
        95.96221160888672,
        95.79712677001953,
        96.10979461669922,
        480.20068359375,
        135.1820068359375,
        117.17284393310547,
        111.45984649658203,
        107.65424346923828,
        105.05118560791016,
        103.14665985107422,
        101.48126220703125,
        100.25152587890625,
        99.69705963134766,
        98.5953369140625,
        97.72824096679688,
        97.29051208496094,
        96.7979736328125,
        96.159423828125,
        95.76644897460938,
        95.59480285644531,
        95.4584732055664,
        94.91152954101562,
        94.68264770507812,
        94.78671264648438,
        93.70774841308594,
        94.19165802001953,
        95.18412780761719,
        93.1541748046875,
        93.26862335205078,
        92.81587982177734,
        92.74826049804688,
        92.55514526367188,
        92.34642791748047,
        91.9271240234375,
        92.12090301513672,
        92.01863098144531,
        91.6195297241211,
        91.22354125976562,
        92.22795104980469,
        91.67057800292969,
        90.95175170898438,
        90.37606048583984,
        92.33808898925781,
        90.4300765991211,
        90.12225341796875,
        90.50361633300781,
        198.8941650390625,
        103.40866088867188,
        98.68409729003906,
        96.3932876586914,
        95.0727310180664,
        94.18531799316406,
        93.49288940429688,
        92.97000122070312,
        92.68008422851562,
        92.33963775634766,
        92.39147186279297,
        91.85964965820312,
        91.70972442626953,
        91.63436889648438,
        91.51663208007812,
        91.48361206054688,
        91.27215576171875,
        91.2437515258789,
        91.38204956054688,
        90.89401245117188,
        91.2925033569336,
        91.2587890625,
        90.61408233642578,
        90.89409637451172,
        90.63859558105469,
        90.43067169189453,
        132.5692596435547,
        96.78720092773438,
        93.20248413085938,
        91.8974609375,
        91.59022521972656,
        91.01034545898438,
        90.92366027832031,
        90.72975158691406,
        90.68125915527344,
        90.1960220336914,
        90.59486389160156,
        90.28224182128906,
        90.12762451171875,
        90.2462387084961,
        89.91706085205078,
        90.1080093383789,
        89.69100952148438,
        89.75818634033203,
        89.63385772705078,
        89.38436126708984,
        89.05918884277344,
        93.0776138305664,
        89.68682098388672,
        89.13997650146484,
        88.97216033935547,
        147.4047088623047,
        97.0007095336914,
        93.65811920166016,
        92.64045715332031,
        91.73503875732422,
        91.22547912597656,
        91.16277313232422,
        90.53410339355469,
        90.58234405517578,
        90.65609741210938,
        89.93138885498047,
        90.09907531738281,
        89.11200714111328,
        89.79183959960938,
        90.68701934814453,
        90.435302734375,
        89.3423080444336,
        90.1380615234375,
        88.90887451171875,
        88.84351348876953,
        88.86576843261719,
        88.5691146850586,
        88.7983169555664,
        89.00482177734375,
        89.75546264648438,
        87.9432144165039,
        88.63076782226562,
        88.49217224121094,
        88.05406188964844,
        105.01759338378906,
        106.77713775634766,
        91.47998809814453,
        90.46769714355469,
        89.93920135498047,
        89.51817321777344,
        88.7855453491211,
        88.69941711425781,
        88.6126937866211,
        88.37340545654297,
        87.97731018066406,
        88.30973052978516,
        88.80843353271484,
        87.94277954101562,
        87.74446105957031,
        87.6903305053711,
        87.5082778930664,
        103.41506958007812,
        90.77655792236328,
        90.12006378173828,
        89.43582916259766,
        89.20361328125,
        88.79429626464844,
        89.36237335205078,
        88.51002502441406,
        88.43791198730469,
        88.18242645263672,
        87.99456787109375,
        87.8499755859375,
        87.58256530761719,
        87.3166275024414,
        87.3899917602539,
        87.24520874023438,
        87.09294891357422,
        86.92732238769531,
        86.82278442382812,
        86.91911315917969,
        87.00447082519531,
        86.57749938964844,
        86.73097229003906,
        86.76534271240234,
        86.50431823730469,
        86.29791259765625,
        86.33796691894531,
        86.351318359375,
        86.29345703125,
        86.6832504272461,
        85.90313720703125,
        87.72571563720703,
        85.99701690673828,
        85.87129974365234,
        85.7164535522461,
        85.78663635253906,
        85.88468933105469,
        86.1433334350586,
        85.90838623046875,
        85.72911071777344,
        85.97345733642578,
        85.82930755615234,
        85.83892822265625,
        85.54991912841797,
        85.77779388427734,
        86.47307586669922,
        85.696533203125,
        85.56826782226562,
        85.39376831054688,
        85.5533218383789,
        756.4813842773438,
        105.60821533203125,
        96.23941802978516,
        93.2203598022461,
        91.64717102050781,
        90.67937469482422,
        89.82178497314453,
        89.2199478149414,
        88.94189453125,
        88.45606994628906,
