{
    "run_n":8,
    "run_seed":869,
    "ndims":16,
    "nsamples":100000,
    "correlation":"corr",
    "nbijectors":10,
    "bijector":"RealNVPN",
    "spline_knots":8,
    "range_min":-5,
    "hidden_layers":"128-128-128",
    "batch_size":256,
    "activation":"relu",
    "eps_regulariser":0,
    "regulariser":null,
    "dist_seed":0,
    "test_seed":0,
    "ks_mean":0.058120316340115274,
    "ks_std":0.13696434940604416,
    "ad_mean":0.0467137475060938,
    "ad_std":0.06412681777422224,
    "wd_mean":0.07061420419040523,
    "wd_std":0.02968460296198792,
    "swd_mean":0.06977001933209016,
    "swd_std":0.02727593055036184,
    "fn_mean":0.31684450414841353,
    "fn_std":0.03395391911066369,
    "epochs_input":1000,
    "epochs_output":170,
    "time":1814.6384699838236,
    "train_loss_history":[
        95.50049591064453,
        17.561185836791992,
        15.844169616699219,
        14.846816062927246,
        14.266373634338379,
        13.617537498474121,
        13.431465148925781,
        13.081938743591309,
        12.998368263244629,
        12.954005241394043,
        12.706635475158691,
        12.991353988647461,
        12.18149185180664,
        12.018780708312988,
        11.900431632995605,
        11.759592056274414,
        11.966367721557617,
        11.7134428024292,
        11.641155242919922,
        11.581461906433105,
        11.744739532470703,
        11.352717399597168,
        11.426072120666504,
        11.409090995788574,
        11.328160285949707,
        11.429414749145508,
        11.16575813293457,
        11.203916549682617,
        11.154034614562988,
        11.282626152038574,
        11.496459007263184,
        10.937216758728027,
        11.039826393127441,
        11.019901275634766,
        10.96567153930664,
        10.940698623657227,
        10.861781120300293,
        10.7453031539917,
        10.747051239013672,
        10.924612998962402,
        10.763916969299316,
        10.902327537536621,
        10.830833435058594,
        10.52355670928955,
        10.665213584899902,
        10.596211433410645,
        10.492118835449219,
        10.434556007385254,
        10.426684379577637,
        10.376212120056152,
        10.557421684265137,
        10.311458587646484,
        10.349791526794434,
        10.300601959228516,
        10.21431827545166,
        10.222549438476562,
        10.137407302856445,
        10.188680648803711,
        10.108973503112793,
        10.073545455932617,
        10.082679748535156,
        10.029067039489746,
        9.96087646484375,
        9.921513557434082,
        10.020268440246582,
        10.059812545776367,
        9.873233795166016,
        9.906746864318848,
        9.89078140258789,
        9.877935409545898,
        9.824224472045898,
        9.820438385009766,
        9.785600662231445,
        9.728199005126953,
        9.671560287475586,
        9.657139778137207,
        9.662307739257812,
        9.771004676818848,
        9.672974586486816,
        9.636697769165039,
        9.656712532043457,
        9.660799980163574,
        9.543486595153809,
        9.60922622680664,
        9.617796897888184,
        9.540788650512695,
        9.481668472290039,
        9.535130500793457,
        9.516050338745117,
        9.524359703063965,
        9.427757263183594,
        9.616325378417969,
        9.417163848876953,
        9.483247756958008,
        9.387012481689453,
        9.391738891601562,
        9.323519706726074,
        9.337020874023438,
        9.276076316833496,
        9.282641410827637,
        9.236871719360352,
        9.287092208862305,
        9.268139839172363,
        9.227683067321777,
        9.246569633483887,
        9.191069602966309,
        9.249005317687988,
        9.168010711669922,
        9.177699089050293,
        9.143335342407227,
        9.215229988098145,
        9.115860939025879,
        9.131916046142578,
        9.073434829711914,
        9.128911972045898,
        9.100674629211426,
        9.097513198852539,
        9.077800750732422,
        9.048591613769531,
        9.076462745666504,
        9.069857597351074,
        9.058112144470215,
        9.001185417175293,
        9.071961402893066,
        8.987812995910645,
        9.011064529418945,
        9.006965637207031,
        8.958942413330078,
        8.98945140838623,
        8.954520225524902,
        8.963468551635742,
        8.924850463867188,
        8.96900749206543,
        8.955598831176758,
        8.916545867919922,
        8.888808250427246,
        8.906905174255371,
        8.90335464477539,
        8.858670234680176,
        8.831782341003418,
        8.907501220703125,
        8.86375617980957,
        8.839305877685547,
        8.850282669067383,
        8.829487800598145,
        8.812995910644531,
        8.784483909606934,
        8.8348388671875,
        8.779031753540039,
        8.755016326904297,
        8.769887924194336,
        8.802603721618652,
        8.824479103088379,
        8.758622169494629,
        8.79796028137207,
        8.751447677612305,
        8.71851921081543,
        8.741887092590332,
        8.748268127441406,
        8.798344612121582,
        8.247002601623535,
        8.109182357788086,
        8.075420379638672,
        8.04945182800293,
        8.039069175720215,
        8.01966381072998,
        8.016374588012695,
        7.999401569366455,
        7.987287521362305,
        7.960615158081055
    ],