{
    "run_n":12,
    "run_seed":0,
    "ndims":16,
    "nsamples":100000,
    "correlation":"corr",
    "nbijectors":10,
    "bijector":"MAFN",
    "spline_knots":8,
    "range_min":-16,
    "hidden_layers":"256-256-256",
    "batch_size":512,
    "activation":"relu",
    "eps_regulariser":0,
    "regulariser":null,
    "dist_seed":0,
    "test_seed":0,
    "kl_divergence":-1,
    "ks_test_mean":0.053963253902904997,
    "ks_test_median":0.0032638772141052453,
    "ad_test_mean":0.0011032977116724818,
    "ad_test_median":0.01715535657268973,
    "Wasserstein_median":0.04705202021484356,
    "Wasserstein_mean":0.04705202021484356,
    "frob_norm":1.3245342922476104,
    "epochs_input":1000,
    "epochs_output":84,
    "time":397.8827796988189,
    "train_loss_history":[
        28.930221557617188,
        10.69055461883545,
        107.62989807128906,
        4.258162498474121,
        3.2865540981292725,
        3.2598447799682617,
        3.548886299133301,
        1.9918841123580933,
        1.9611091613769531,
        3.903280258178711,
        2.737389087677002,
        2.1184446811676025,
        2.4562268257141113,
        1.9377806186676025,
        1.5662389993667603,
        6.193775653839111,
        2.1900951862335205,
        1.9780254364013672,
        3.4433774948120117,
        2.2348320484161377,
        2.9893240928649902,
        3.422985076904297,
        2.48657488822937,
        3.836817502975464,
        5.42909574508667,
        2.7051122188568115,
        3.640983819961548,
        2.6243577003479004,
        1.759260654449463,
        11.32768726348877,
        4.368281841278076,
        2.452423572540283,
        NaN,
        NaN,
        NaN,
        NaN,
        NaN,
        NaN,
        NaN,
        NaN,
        NaN,
        NaN,
        NaN,
        NaN,
        NaN,
        NaN,
        NaN,
        NaN,
        NaN,
        NaN,
        NaN,
        NaN,
        NaN,
        NaN,
        NaN,
        NaN,
        NaN,
        NaN,
        NaN,
        NaN,
        NaN,
        NaN,
        NaN,
        NaN,
        NaN,
        NaN,
        NaN,
        NaN,
        NaN,
        NaN,
        NaN,
        NaN,
        NaN,
        NaN,
        NaN,
        NaN,
        NaN,
        NaN,
        NaN,
        NaN,
        NaN,
        NaN,
        NaN,
        NaN
    ],
    "val_loss_history":[
        10.167054176330566,
        8.492204666137695,
        5.211338996887207,
        3.5861570835113525,
        9.028138160705566,
        1.4043320417404175,
        2.1597893238067627,
        1.1316570043563843,
        2.4472012519836426,
        4.507699966430664,
        6.1091485023498535,
        1.4189084768295288,
        1.423646330833435,
        1.1915183067321777,
        0.6316896080970764,
        2.104457378387451,
        1.735105037689209,
        0.90265291929245,
        0.8884795308113098,
        1.2331774234771729,
        2.5446114540100098,
        1.794954776763916,
        0.7854148149490356,
        0.5141094326972961,
        1.0025593042373657,
        0.656066358089447,
        6.312572002410889,
        5.766800880432129,
        1.3222565650939941,
        3.2691588401794434,
        3.0028998851776123,
        1.6556737422943115,
        NaN,
        NaN,
        NaN,
        NaN,
        NaN,
        NaN,
        NaN,
        NaN,
        NaN,
        NaN,
        NaN,
        NaN,
        NaN,
        NaN,
        NaN,
        NaN,
        NaN,
        NaN,
        NaN,
        NaN,
        NaN,
        NaN,
        NaN,
        NaN,
        NaN,
        NaN,
        NaN,
        NaN,
        NaN,
        NaN,
        NaN,
        NaN,
        NaN,
        NaN,
        NaN,
        NaN,
        NaN,
        NaN,
        NaN,
        NaN,
        NaN,
        NaN,
        NaN,
        NaN,
        NaN,
        NaN,
        NaN,
        NaN,
        NaN,
        NaN,
        NaN,
        NaN
    ],
    "best_train_loss":[],
    "best_val_loss":NaN,
    "best_epoch":[]
}