{
    "run_n":12,
    "run_seed":0,
    "ndims":8,
    "nsamples":100000,
    "correlation":"corr",
    "nbijectors":2,
    "bijector":"MsplineN",
    "spline_knots":32,
    "range_min":-16,
    "hidden_layers":"512-512-512",
    "batch_size":512,
    "activation":"relu",
    "eps_regulariser":0,
    "regulariser":null,
    "dist_seed":0,
    "test_seed":0,
    "kl_divergence":-1,
    "ks_test_mean":0.42938159647345786,
    "ks_test_median":0.43702511240039543,
    "ad_test_mean":0.20785401697761657,
    "ad_test_median":0.19974115507575008,
    "Wasserstein_median":0.06806731360078877,
    "Wasserstein_mean":0.06806731360078877,
    "frob_norm":0.07172347533113643,
    "epochs_input":1000,
    "epochs_output":124,
    "time":684.0962981283665,
    "train_loss_history":[
        17.327299118041992,
        8.455448150634766,
        7.609560489654541,
        7.313497066497803,
        7.035205364227295,
        7.054340362548828,
        6.956778049468994,
        6.914668083190918,
        6.84886360168457,
        6.7981038093566895,
        6.820042133331299,
        6.7355570793151855,
        6.810871601104736,
        6.709050178527832,
        6.793694496154785,
        6.669534683227539,
        6.696249485015869,
        6.636696815490723,
        6.641133785247803,
        6.61091423034668,
        6.584399700164795,
        6.612155437469482,
        6.614033222198486,
        6.582526683807373,
        6.591989517211914,
        6.61278772354126,
        6.597392559051514,
        6.589932918548584,
        6.536352634429932,
        6.537017345428467,
        6.547060489654541,
        6.565282821655273,
        6.524440765380859,
        6.551584243774414,
        6.519821643829346,
        6.506171703338623,
        6.525089263916016,
        6.5039472579956055,
        6.518136501312256,
        6.500128746032715,
        6.51359224319458,
        6.501982688903809,
        6.489762783050537,
        6.495342254638672,
        6.483183860778809,
        6.491473197937012,
        6.490496635437012,
        6.493794918060303,
        6.492908477783203,
        6.482782363891602,
        6.471395969390869,
        6.474914073944092,
        6.480373859405518,
        6.4709978103637695,
        6.471699237823486,
        6.48215389251709,
        6.45822811126709,
        6.458571434020996,
        6.4551239013671875,
        6.4597601890563965,
        6.4582037925720215,
        6.451531410217285,
        6.452670097351074,
        6.443821430206299,
        6.450965404510498,
        6.445526599884033,
        6.458805561065674,
        6.44118595123291,
        6.439040660858154,
        6.524317264556885,
        6.439696788787842,
        6.422242641448975,
        6.419427871704102,
        6.424902439117432,
        6.4201531410217285,
        6.429328918457031,
        6.409183025360107,
        6.413226127624512,
        6.436014175415039,
        6.423489093780518,
        6.423049449920654,
        6.420950412750244,
        6.408252716064453,
        6.408806800842285,
        6.403904914855957,
        6.40202522277832,
        6.402292251586914,
        6.398636817932129,
        6.393072605133057,
        6.395968914031982,
        6.3872857093811035,
        6.3760881423950195,
        6.3847856521606445,
        6.530503749847412,
        6.383033752441406,
        6.383941173553467,
        6.384655952453613,
        6.377505779266357,
        6.367212772369385,
        6.36951208114624,
        6.3620805740356445,
        6.367343902587891,
        6.3632354736328125,
        6.359636306762695,
        6.349508285522461,
        6.347418308258057,
        6.373571395874023,
        6.343767166137695,
        6.3354315757751465,
        6.3366875648498535,
        6.342025279998779,
        6.338805675506592,
        6.331053256988525,
        6.336908340454102,
        6.213564872741699,
        6.201210021972656,
        6.19228982925415,
        6.190088748931885,
        6.187676906585693,
        6.1834564208984375,
        6.183759689331055,
        6.180437088012695,
        6.1761474609375,
        6.177076816558838
    ],
    "val_loss_history":[
        9.387580871582031,
        8.561860084533691,
        7.772683620452881,
        7.312643051147461,
        6.981719970703125,
        7.648359298706055,
        6.833401203155518,
        6.827363967895508,
        6.9243855476379395,
        6.692214488983154,
        6.7986884117126465,
        6.791609764099121,
        6.883788108825684,
        6.716375350952148,
        6.748234272003174,
        6.616771697998047,
        6.631900310516357,
        6.726490497589111,
        6.705698013305664,
        6.651211261749268,
        6.73327112197876,
        6.613457679748535,
        6.6015825271606445,
        6.542184829711914,
        6.526973724365234,
        6.670119285583496,
        6.643519401550293,
        6.538830757141113,
        6.661664009094238,
        6.558149814605713,
        6.740304470062256,
        6.6468119621276855,
        6.591846942901611,
        6.6322221755981445,
        6.5127387046813965,
        6.8539042472839355,
        6.522630214691162,
        6.64183235168457,
        6.545860290527344,
        6.535559177398682,
        6.536424160003662,
        6.518471717834473,
        6.5181121826171875,
        6.591775894165039,
        6.482404708862305,
        6.552455425262451,
        6.562710762023926,
        6.5561604499816895,
        6.498370170593262,
        6.510095119476318,
        6.621840476989746,
        6.585970401763916,
        6.554797172546387,
        6.56200647354126,
        6.669618129730225,
        6.52822208404541,
        6.544093132019043,
        6.488725185394287,
        6.547339916229248,
        6.484640121459961,
        6.519357681274414,
        6.520893096923828,
        6.496310234069824,
        6.4635233879089355,
        6.5298638343811035,
        6.59272575378418,
        6.480384826660156,
        6.5144219398498535,
        6.4711761474609375,
        6.57082462310791,
        6.565100193023682,
        6.519094944000244,
        6.531604290008545,
        6.50900936126709,
        6.584004878997803,
        6.547366142272949,
        6.4709038734436035,
        6.497629642486572,
        6.619128227233887,
        6.496167182922363,
        6.527688980102539,
        6.490292549133301,
        6.479091644287109,
        6.514079570770264,
        6.4911417961120605,
        6.518593788146973,
        6.492579460144043,
        6.542038440704346,
        6.486289978027344,
        6.523174285888672,
        6.482236862182617,
        6.501415252685547,
        6.530671119689941,
        6.544669151306152,
        6.494050979614258,
        6.53952693939209,
        6.509894371032715,
        6.547219753265381,
        6.5445966720581055,
        6.511242866516113,
        6.520334720611572,
        6.551820278167725,
        6.514497756958008,
        6.535699844360352,
        6.496561050415039,
        6.491299152374268,
        6.5107502937316895,
        6.5257744789123535,
        6.585422515869141,
        6.5333476066589355,
        6.552404403686523,
        6.569268703460693,
        6.609294414520264,
        6.50368595123291,
        6.4806365966796875,
        6.478460311889648,
        6.489587783813477,
        6.499935626983643,
        6.507978439331055,
        6.497810363769531,
        6.510712146759033,
        6.512299060821533,
        6.516613960266113,
        6.531761169433594
    ],
    "best_train_loss":6.443821430206299,
    "best_val_loss":6.4635233879089355,
    "best_epoch":63
}