{
    "run_n":2,
    "run_seed":187,
    "ndims":16,
    "nsamples":100000,
    "correlation":"corr",
    "nbijectors":5,
    "bijector":"CsplineN",
    "spline_knots":8,
    "range_min":-16,
    "hidden_layers":"128-128-128",
    "batch_size":512,
    "activation":"relu",
    "eps_regulariser":0,
    "regulariser":null,
    "dist_seed":0,
    "test_seed":0,
    "kl_divergence":-1,
    "ks_test_mean":0.38525784404813057,
    "ks_test_median":0.3989628803728918,
    "ad_test_mean":0.1942977574209089,
    "ad_test_median":0.18507647379341977,
    "Wasserstein_median":0.03608789379384532,
    "Wasserstein_mean":0.03608789379384532,
    "frob_norm":0.563703619684572,
    "epochs_input":1000,
    "epochs_output":144,
    "time":2881.1143152127042,
    "train_loss_history":[
        32.04315185546875,
        9.57650375366211,
        7.697139263153076,
        7.253580093383789,
        6.650303363800049,
        6.469847202301025,
        6.312552452087402,
        6.128440856933594,
        6.068181991577148,
        6.002834320068359,
        5.867860794067383,
        5.833371639251709,
        5.7730326652526855,
        5.73309326171875,
        5.721214771270752,
        5.659522533416748,
        5.659183502197266,
        5.654048919677734,
        5.578424453735352,
        5.577019214630127,
        5.529335021972656,
        5.582132339477539,
        5.566596984863281,
        5.495858669281006,
        5.478017330169678,
        5.506411552429199,
        5.4548139572143555,
        5.453893661499023,
        5.43082332611084,
        5.436252593994141,
        5.405932903289795,
        5.408595561981201,
        5.389578342437744,
        5.395211696624756,
        5.426078796386719,
        5.365312576293945,
        5.379915714263916,
        5.362283706665039,
        5.341196060180664,
        5.320189952850342,
        5.346236228942871,
        5.36366081237793,
        5.322688102722168,
        5.307812690734863,
        5.334124565124512,
        5.286624431610107,
        5.265810966491699,
        5.296108245849609,
        5.300812721252441,
        5.271867752075195,
        5.274003505706787,
        5.287064075469971,
        5.244359016418457,
        5.249518394470215,
        5.285196781158447,
        5.245360851287842,
        5.246158123016357,
        5.250997543334961,
        5.215266704559326,
        5.199908256530762,
        5.1968183517456055,
        5.2033915519714355,
        5.212885856628418,
        5.206305503845215,
        5.201372146606445,
        5.192580223083496,
        5.172244071960449,
        5.183409214019775,
        5.172059535980225,
        5.164316177368164,
        5.1901936531066895,
        5.171799659729004,
        5.142911911010742,
        5.152111053466797,
        5.143238544464111,
        5.111493110656738,
        5.139402389526367,
        5.130840301513672,
        5.119938373565674,
        5.117840766906738,
        5.117576599121094,
        5.092697620391846,
        5.089327335357666,
        5.107018947601318,
        5.1147966384887695,
        5.072505474090576,
        5.0951738357543945,
        5.073421478271484,
        5.066851615905762,
        5.074550628662109,
        5.059234142303467,
        5.041831016540527,
        5.0460991859436035,
        5.040295600891113,
        5.044903755187988,
        5.032253742218018,
        5.029699325561523,
        5.003256320953369,
        5.029168605804443,
        5.019954681396484,
        5.006529331207275,
        4.995426654815674,
        5.007843971252441,
        4.981161117553711,
        4.986449718475342,
        4.976993083953857,
        4.949594020843506,
        4.9747314453125,
        4.964794635772705,
        4.963551998138428,
        4.930628776550293,
        4.952319622039795,
        4.974109649658203,
        4.944040298461914,
        4.914220809936523,
        4.909083843231201,
        4.907955646514893,
        4.941318511962891,
        4.911805629730225,
        4.905986309051514,
        4.901675701141357,
        4.900714874267578,
        4.897303581237793,
        4.874306678771973,
        4.867077827453613,
        4.889558792114258,
        4.857879161834717,
        4.8730974197387695,
        4.86861515045166,
        4.852218151092529,
        4.842108726501465,
        4.833674907684326,
        4.848271369934082,
        4.828188419342041,
        4.621038913726807,
        4.566332817077637,
        4.553193092346191,
        4.545536994934082,
        4.540400505065918,
        4.530721664428711,
        4.5271077156066895,
        4.527033805847168,
        4.522521495819092,
        4.519925117492676
    ],