{
    "run_n":5,
    "run_seed":null,
    "ndims":100,
    "nsamples":100000,
    "correlation":"corr",
    "nbijectors":5,
    "bijector":"CsplineN",
    "spline_knots":8,
    "range_min":-16,
    "hidden_layers":"512-512-512",
    "batch_size":512,
    "activation":"relu",
    "eps_regulariser":0,
    "regulariser":null,
    "dist_seed":0,
    "test_seed":0,
    "ks_mean":0.020644864755483945,
    "ks_std":0.07293798422404985,
    "ad_mean":0.013497582987867506,
    "ad_std":0.03842472575502534,
    "wd_mean":0.09556206360410098,
    "wd_std":0.04702115071481281,
    "swd_mean":0.09063179913193178,
    "swd_std":0.051031574979319365,
    "fn_mean":2.337175648498094,
    "fn_std":0.22211659818849336,
    "epochs_input":1000,
    "epochs_output":125,
    "time":3525.717470864998,
    "train_loss_history":[
        913.73681640625,
        176.95468139648438,
        100.23404693603516,
        80.66571807861328,
        75.22318267822266,
        66.90135955810547,
        64.33543395996094,
        62.12804412841797,
        60.0781364440918,
        57.59435272216797,
        57.0380744934082,
        55.81919479370117,
        56.00518035888672,
        54.904457092285156,
        53.699615478515625,
        54.47588348388672,
        53.12071228027344,
        52.23861312866211,
        51.68366241455078,
        52.024417877197266,
        51.6841926574707,
        51.2925910949707,
        51.445919036865234,
        50.25718688964844,
        50.16334533691406,
        50.17936706542969,
        49.73191833496094,
        49.57199478149414,
        49.83656311035156,
        50.00598907470703,
        50.1165771484375,
        48.78787612915039,
        49.562313079833984,
        49.62854766845703,
        48.9481201171875,
        49.033775329589844,
        48.21358108520508,
        48.43214416503906,
        51.50344467163086,
        48.550148010253906,
        47.64305114746094,
        47.453433990478516,
        47.30826950073242,
        47.26993179321289,
        48.274417877197266,
        49.81303024291992,
        46.45973205566406,
        46.906593322753906,
        47.49626541137695,
        47.15993881225586,
        46.3518180847168,
        46.73415756225586,
        46.97308349609375,
        46.53099822998047,
        46.213050842285156,
        45.88227462768555,
        45.26828384399414,
        46.719261169433594,
        45.81451416015625,
        44.987117767333984,
        45.17041015625,
        45.10285949707031,
        45.67866134643555,
        44.629947662353516,
        45.536380767822266,
        44.06209182739258,
        44.45539855957031,
        44.02975845336914,
        44.07704162597656,
        43.83830642700195,
        43.75733184814453,
        43.527339935302734,
        43.4821662902832,
        43.68582534790039,
        43.17103576660156,
        43.72685241699219,
        42.901493072509766,
        42.901161193847656,
        42.5968017578125,
        42.62273025512695,
        42.13410949707031,
        42.13796615600586,
        42.21628189086914,
        42.75715255737305,
        41.91761016845703,
        41.48790740966797,
        41.371253967285156,
        41.48752212524414,
        41.7383918762207,
        41.145511627197266,
        40.59226608276367,
        41.275821685791016,
        40.27295684814453,
        40.57173538208008,
        40.225730895996094,
        40.21147155761719,
        39.79891586303711,
        39.824703216552734,
        39.91545104980469,
        39.277923583984375,
        39.36348342895508,
        39.10567855834961,
        39.30141067504883,
        38.970375061035156,
        39.02255630493164,
        38.881568908691406,
        38.278038024902344,
        38.27363967895508,
        38.00439453125,
        38.04318618774414,
        38.135135650634766,
        37.63554000854492,
        37.75228500366211,
        37.26512908935547,
        37.341827392578125,
        33.069766998291016,
        32.01985168457031,
        31.607789993286133,
        31.317575454711914,
        31.1335391998291,
        31.050329208374023,
        30.811813354492188,
        30.654817581176758,
        30.561681747436523,
        30.267196655273438
    ],
    "val_loss_history":[
        201.07154846191406,
        117.41621398925781,
        87.37834930419922,
        79.7021255493164,
        71.99820709228516,
        64.68826293945312,
        65.96786499023438,
        59.67402267456055,
        59.736419677734375,
        57.18440246582031,
        58.54500961303711,
        59.24258041381836,
        52.98867416381836,
        54.1456298828125,
        61.354347229003906,
        54.89694595336914,
        54.31560134887695,
        50.03709411621094,
        53.128623962402344,
        53.52400588989258,
        50.664756774902344,
        49.66748046875,
        49.623924255371094,
        53.5147590637207,
        52.9352912902832,
        50.47138214111328,
        52.59596633911133,
        49.744781494140625,
        52.90303421020508,
        51.239036560058594,
        50.17539978027344,
        52.36271286010742,
        47.9307861328125,
        52.406951904296875,
        48.71846008300781,
        47.16965866088867,
        47.10031509399414,
        51.699073791503906,
        47.55987548828125,
        47.62006759643555,
        50.43006134033203,
        49.118167877197266,
        48.384864807128906,
        49.997562408447266,
        48.25080108642578,
        49.34809112548828,
        45.971370697021484,
        46.154144287109375,
        46.025146484375,
        47.851280212402344,
        48.6214599609375,
        49.430912017822266,
        49.01506805419922,
        47.17682647705078,
        47.75607681274414,
        46.20389175415039,
        56.2514533996582,
        46.25303649902344,
        46.4904899597168,
        46.243648529052734,
        46.449493408203125,
        46.93769073486328,
        47.92391586303711,
        46.125396728515625,
        45.426239013671875,
        45.87896728515625,
        46.7255859375,
        48.284400939941406,
        45.991451263427734,
        46.204994201660156,
        46.370872497558594,
        47.026283264160156,
        45.64270782470703,
        47.95994567871094,
        45.70526123046875,
        47.333065032958984,
        46.23930358886719,
        46.91044616699219,
        45.8833122253418,
        46.834014892578125,
        45.731964111328125,
        46.379730224609375,
        47.196712493896484,
        46.19098663330078,
        46.14284896850586,
        46.17258834838867,
        46.490196228027344,
        46.484249114990234,
        46.76301574707031,
        47.275352478027344,
        49.206905364990234,
        46.63753890991211,
        47.74150466918945,
        47.71495056152344,
        47.133018493652344,
        48.32090377807617,
        48.89191436767578,
        49.37019729614258,
        49.766510009765625,
        50.22542953491211,
        50.566436767578125,
        47.58155822753906,
        48.21651077270508,
        48.220829010009766,
        49.620201110839844,
        48.718318939208984,
        49.7533073425293,
        48.64957046508789,
        49.30630111694336,
        49.285152435302734,
        48.96837615966797,
        51.038333892822266,
        49.45355987548828,
        49.86000442504883,
        49.875308990478516,
        50.80839920043945,
        51.477901458740234,
        52.038265228271484,
        52.437705993652344,
        52.73672103881836,
        53.42147445678711,
        53.57405471801758,
        54.032508850097656,
        54.85172653198242,
        54.64517593383789
    ],
    "best_train_loss":45.536380767822266,
    "best_val_loss":45.426239013671875,
    "best_epoch":64
}