{
    "run_n":7,
    "run_seed":721,
    "ndims":4,
    "nsamples":100000,
    "correlation":"corr",
    "nbijectors":10,
    "bijector":"RealNVPN",
    "spline_knots":8,
    "range_min":-5,
    "hidden_layers":"256-256-256",
    "batch_size":256,
    "activation":"relu",
    "eps_regulariser":0,
    "regulariser":null,
    "dist_seed":0,
    "test_seed":0,
    "ks_mean":0.3031244380087648,
    "ks_std":0.24112560753173642,
    "ad_mean":0.17483022118476885,
    "ad_std":0.10174507279991919,
    "wd_mean":0.024346332638792063,
    "wd_std":0.006890175480323945,
    "swd_mean":0.02455815744876553,
    "swd_std":0.008108963837742539,
    "fn_mean":0.04171068280103727,
    "fn_std":0.018737002637288894,
    "epochs_input":1000,
    "epochs_output":340,
    "time":3702.7130210289615,
    "train_loss_history":[
        10.121929168701172,
        4.156444072723389,
        5.105129241943359,
        3.827425003051758,
        3.656195878982544,
        3.2701897621154785,
        3.2032246589660645,
        3.129040002822876,
        3.0093517303466797,
        2.975489616394043,
        2.926772356033325,
        2.9455983638763428,
        2.7859416007995605,
        2.7503786087036133,
        2.731842279434204,
        2.6901252269744873,
        2.6735172271728516,
        2.6706106662750244,
        2.661226511001587,
        2.635312080383301,
        2.6344223022460938,
        2.638017177581787,
        2.6107707023620605,
        2.615739107131958,
        2.5983638763427734,
        2.5999913215637207,
        2.619283437728882,
        2.5853018760681152,
        2.5672900676727295,
        2.6015877723693848,
        2.5757241249084473,
        2.5732674598693848,
        2.604372262954712,
        2.5412609577178955,
        2.554039239883423,
        2.5420427322387695,
        2.556952714920044,
        2.5512683391571045,
        2.5519840717315674,
        2.5481574535369873,
        2.5454578399658203,
        2.5343761444091797,
        2.5428216457366943,
        2.5207016468048096,
        2.5437052249908447,
        2.5083119869232178,
        2.5273773670196533,
        2.5176031589508057,
        2.503972053527832,
        2.51060152053833,
        2.5156502723693848,
        2.5043718814849854,
        2.5051050186157227,
        2.495410442352295,
        2.5181493759155273,
        2.4768426418304443,
        2.501979351043701,
        2.495314836502075,
        2.5075693130493164,
        2.4963064193725586,
        2.4808456897735596,
        2.501246452331543,
        2.4818732738494873,
        2.5069308280944824,
        2.475633144378662,
        2.4679157733917236,
        2.476691722869873,
        2.4674575328826904,
        2.479081153869629,
        2.4872026443481445,
        2.475773334503174,
        2.469633102416992,
        2.4720497131347656,
        2.4595062732696533,
        2.4726181030273438,
        2.4607203006744385,
        2.469266414642334,
        2.4602370262145996,
        2.4770188331604004,
        2.4685018062591553,
        2.468388557434082,
        2.4785311222076416,
        2.445573329925537,
        2.474863052368164,
        2.4807510375976562,
        2.4522502422332764,
        2.455026388168335,
        2.470097303390503,
        2.443723678588867,
        2.4595088958740234,
        2.447849988937378,
        2.4697718620300293,
        2.452495813369751,
        2.4406983852386475,
        2.4533445835113525,
        2.443164587020874,
        2.4581241607666016,
        2.4496729373931885,
        2.4547953605651855,
        2.441429376602173,
        2.448066234588623,
        2.452949285507202,
        2.446028232574463,
        2.4577596187591553,
        2.4458649158477783,
        2.4542582035064697,
        2.445742607116699,
        2.4420595169067383,
        2.4485135078430176,
        2.4290268421173096,
        2.460019588470459,
        2.4503986835479736,
        2.4299423694610596,
        2.446033477783203,
        2.4395055770874023,
        2.4531610012054443,
        2.4354989528656006,
        2.4297406673431396,
        2.4503796100616455,
        2.4388275146484375,
        2.4412903785705566,
        2.441063165664673,
        2.4456121921539307,
        2.4468562602996826,
        2.4335720539093018,
        2.4445698261260986,
        2.4358675479888916,
        2.446760654449463,
        2.427433729171753,
        2.4265124797821045,
        2.4336838722229004,
        2.4336037635803223,
        2.442671060562134,
        2.4408390522003174,
        2.4273810386657715,
        2.451646566390991,
        2.4287240505218506,
        2.4321024417877197,
        2.4330861568450928,
        2.4333765506744385,
        2.443037748336792,
        2.4309117794036865,
        2.420468807220459,
        2.442708730697632,
        2.4453423023223877,
        2.425818681716919,
        2.422621250152588,
        2.4292964935302734,
        2.443446397781372,
        2.434885025024414,
        2.4418272972106934,
        2.4195806980133057,
        2.436904191970825,
        2.4222817420959473,
        2.428969383239746,
        2.427213668823242,
        2.426213502883911,
        2.4270358085632324,
        2.41662859916687,
        2.4169366359710693,
        2.4217658042907715,
        2.4261889457702637,
        2.4303994178771973,
        2.418428897857666,
        2.424577474594116,
        2.4165401458740234,
        2.430499792098999,
        2.422133445739746,
        2.4055001735687256,
        2.4250986576080322,
        2.4226601123809814,
        2.434237003326416,
        2.4367473125457764,
        2.436229705810547,
        2.4118528366088867,
        2.4222049713134766,
        2.4200432300567627,
        2.4295012950897217,
        2.415954828262329,
        2.412048101425171,
        2.4228343963623047,
        2.4178249835968018,
        2.414666175842285,
        2.4296250343322754,
        2.4120471477508545,
        2.4168639183044434,
        2.428579568862915,
        2.423678159713745,
        2.415609121322632,
        2.4130561351776123,
        2.412196397781372,
        2.422501564025879,
        2.4266159534454346,
        2.410923480987549,
        2.4257709980010986,
        2.4109914302825928,
        2.420677900314331,
        2.423177480697632,
        2.4109809398651123,
        2.4131083488464355,
        2.412174940109253,
        2.4113271236419678,
        2.432318687438965,
        2.412154197692871,
        2.4101579189300537,
        2.410083055496216,
        2.4222240447998047,
        2.4112961292266846,
        2.4228668212890625,
        2.4417152404785156,
        2.419635534286499,
        2.4001708030700684,
        2.411581039428711,
        2.423504114151001,
        2.421138286590576,
        2.4234089851379395,
        2.407470703125,
        2.40621280670166,
        2.4105706214904785,
        2.4053428173065186,
        2.441638946533203,
        2.4160070419311523,
        2.4005417823791504,
        2.41918683052063,
        2.410637378692627,
        2.410036087036133,
        2.4076099395751953,
        2.4107751846313477,
        2.4104835987091064,
        2.421762228012085,
        2.4121387004852295,
        2.4250712394714355,
        2.411557912826538,
        2.41159987449646,
        2.415687322616577,
        2.4195022583007812,
        2.415574073791504,
        2.4066507816314697,
        2.4005866050720215,
        2.4146366119384766,
        2.410116195678711,
        2.405661106109619,
        2.4284181594848633,
        2.4064221382141113,
        2.4126408100128174,
        2.4066922664642334,
        2.410646915435791,
        2.4093339443206787,
        2.411349296569824,
        2.4127094745635986,
        2.4051694869995117,
        2.4077813625335693,
        2.4062082767486572,
        2.417715072631836,
        2.4069693088531494,
        2.4093496799468994,
        2.4096596240997314,
        2.4000470638275146,
        2.404550313949585,
        2.409757614135742,
