{
    "run_n":10,
    "run_seed":933,
    "ndims":8,
    "nsamples":100000,
    "correlation":"corr",
    "nbijectors":5,
    "bijector":"RealNVPN",
    "spline_knots":8,
    "range_min":-5,
    "hidden_layers":"128-128-128",
    "batch_size":256,
    "activation":"relu",
    "eps_regulariser":0,
    "regulariser":null,
    "dist_seed":0,
    "test_seed":0,
    "kl_divergence":-1,
    "ks_test_mean":0.4336336778281673,
    "ks_test_median":0.43221596021692216,
    "ad_test_mean":0.20117947924633678,
    "ad_test_median":0.20360894738453086,
    "Wasserstein_median":0.026705202505564643,
    "Wasserstein_mean":0.026705202505564643,
    "frob_norm":0.04106083484524033,
    "epochs_input":1000,
    "epochs_output":278,
    "time":1475.2620733710937,
    "train_loss_history":[
        18.56785774230957,
        7.370056629180908,
        6.647318363189697,
        6.148221969604492,
        5.977301120758057,
        5.877562999725342,
        5.724437713623047,
        5.625812530517578,
        5.586829662322998,
        5.423654079437256,
        5.780378818511963,
        5.353909015655518,
        5.318045616149902,
        5.319648265838623,
        5.219780921936035,
        5.170262336730957,
        5.208499431610107,
        5.075954914093018,
        5.215445041656494,
        5.055933475494385,
        5.019186019897461,
        5.070612907409668,
        4.980035781860352,
        4.981200218200684,
        4.93178129196167,
        4.909616470336914,
        4.913660049438477,
        4.880007743835449,
        4.845950126647949,
        4.84313440322876,
        4.883888244628906,
        4.825326442718506,
        4.849996089935303,
        4.804879665374756,
        4.767641544342041,
        4.777807712554932,
        4.778216361999512,
        4.7840046882629395,
        4.794303894042969,
        4.717360496520996,
        4.743423938751221,
        4.744619846343994,
        4.75055456161499,
        4.698195457458496,
        4.805616855621338,
        4.73671817779541,
        4.709662437438965,
        4.716801643371582,
        4.6642985343933105,
        4.7864179611206055,
        4.663270473480225,
        5.093173503875732,
        4.7713189125061035,
        4.677685260772705,
        4.814946174621582,
        4.610384464263916,
        4.629532337188721,
        4.663599491119385,
        4.819666385650635,
        4.612361907958984,
        4.587309837341309,
        4.521577835083008,
        4.6012701988220215,
        4.692962169647217,
        4.587634086608887,
        4.667366027832031,
        4.509683132171631,
        4.545093059539795,
        4.5244140625,
        4.531689643859863,
        4.691676616668701,
        4.466568946838379,
        4.60636043548584,
        4.443601608276367,
        4.476835250854492,
        4.635994911193848,
        4.458622455596924,
        4.4594035148620605,
        4.433343410491943,
        4.390629768371582,
        4.556371212005615,
        4.392731666564941,
        4.390926837921143,
        4.439735412597656,
        4.575004577636719,
        4.375036716461182,
        4.387573719024658,
        4.402702808380127,
        4.3585333824157715,
        4.397956371307373,
        4.37367582321167,
        4.361613750457764,
        4.3609724044799805,
        4.390465259552002,
        4.369599342346191,
        4.342264652252197,
        4.351063251495361,
        4.387724876403809,
        4.344712734222412,
        4.333755016326904,
        4.345363616943359,
        4.583708763122559,
        4.371583461761475,
        4.329516887664795,
        4.371694087982178,
        4.357492923736572,
        4.337522029876709,
        4.342556476593018,
        4.310527324676514,
        4.353584289550781,
        4.320930004119873,
        4.448050498962402,
        4.32496452331543,
        4.312117099761963,
        4.308422088623047,
        4.428680896759033,
        4.300632953643799,
        4.298116683959961,
        4.311965465545654,
        4.3330159187316895,
        4.322169780731201,
        4.299117565155029,
        4.304376125335693,
        4.316822052001953,
        4.341737270355225,
        4.323189735412598,
        4.317733287811279,
        4.288044452667236,
        4.3123345375061035,
        4.278606414794922,
        4.305556774139404,
        4.277716159820557,
        4.312182903289795,
        4.303258419036865,
        4.293531894683838,
        4.296205520629883,
        4.284329414367676,
        4.2830705642700195,
        4.286169528961182,
        4.281881332397461,
        4.315996170043945,
        4.297740459442139,
        4.29084587097168,
        4.273566722869873,
        4.301840305328369,
        4.256843566894531,
        4.293210029602051,
        4.26289176940918,
        4.294655799865723,
        4.270765781402588,
        4.278541088104248,
        4.266924858093262,
        4.276914596557617,
        4.263277530670166,
        4.28770112991333,
        4.263699531555176,
        4.279175758361816,
        4.266668796539307,
        4.25184440612793,
        4.257950782775879,
        4.251435279846191,
        4.253905296325684,
        4.256249904632568,
        4.268001079559326,
        4.270600318908691,
        4.276529788970947,
        4.261116981506348,
        4.248134613037109,
        4.249863624572754,
        4.261219024658203,
        4.234524726867676,
        4.271790981292725,
        4.266756057739258,
        4.2564520835876465,
        4.253830909729004,
        4.256937026977539,
        4.252958297729492,
        4.376175403594971,
        4.263609886169434,
        4.244908332824707,
        4.278233051300049,
        4.241309642791748,
        4.229957580566406,
        4.275362014770508,
        4.237694263458252,
        4.249359130859375,
        4.231344699859619,
        4.233791351318359,
        4.2963786125183105,
        4.255041122436523,
        4.232317924499512,
        4.230575084686279,
        4.229063034057617,
        4.235780239105225,
        4.250977516174316,
        4.239012718200684,
        4.246920585632324,
        4.223330974578857,
        4.2834391593933105,
        4.2299299240112305,
        4.214890480041504,
        4.220050811767578,
        4.241812229156494,
        4.2344136238098145,
        4.249651908874512,
        4.236489295959473,
        4.215799808502197,
        4.218165397644043,
        4.228331089019775,
        4.204312324523926,
        4.234060764312744,
        4.221215724945068,
        4.2129998207092285,
        4.073892116546631,
        4.0640411376953125,
        4.060408592224121,
        4.067206859588623,
        4.06097412109375,
        4.066558361053467,
        4.062292575836182,
        4.0592451095581055,
        4.060046195983887,
        4.055540561676025,
        4.056552886962891,
        4.056915760040283,
        4.057361602783203,
        4.0638508796691895,
        4.055459976196289,
        4.055983543395996,
        4.054556369781494,
        4.051509857177734,
        4.052702903747559,
        4.0518598556518555,
        4.050917148590088,
        4.056704521179199,
        4.05344820022583,
        4.050785541534424,
        4.043392658233643,
        4.052767276763916,
        4.050804138183594,
        4.054269313812256,
        4.048212051391602,
        4.048613548278809,
        4.042476654052734,
        4.043997287750244,
        4.0486531257629395,
        4.04655647277832,
        4.050670146942139,
        4.043765068054199,
        4.042341709136963,
        4.048370361328125,
        4.044665813446045,
        4.042041778564453,
        4.041747093200684,
        4.040552616119385,
        4.039510250091553,
        4.033319473266602,
        4.043223857879639,
        4.049821853637695,
        4.04052209854126,
        4.036857604980469,
        4.044327259063721,
        4.042716026306152,
        4.0350260734558105,
        4.035950183868408,
        4.040299415588379,
        4.037996292114258,
