{
    "run_n":18,
    "run_seed":0,
    "ndims":64,
    "nsamples":100000,
    "correlation":"corr",
    "nbijectors":2,
    "bijector":"MsplineN",
    "spline_knots":32,
    "range_min":-16,
    "hidden_layers":"512-512-512",
    "batch_size":512,
    "activation":"relu",
    "eps_regulariser":0,
    "regulariser":null,
    "dist_seed":0,
    "test_seed":0,
    "kl_divergence":-1,
    "ks_test_mean":0.4161297744832929,
    "ks_test_median":0.4422139338875698,
    "ad_test_mean":0.2126475704643136,
    "ad_test_median":0.19847197564550811,
    "Wasserstein_median":0.07016060778547001,
    "Wasserstein_mean":0.07016060778547001,
    "frob_norm":0.8598835335101987,
    "epochs_input":1000,
    "epochs_output":108,
    "time":632.7980411667377,
    "train_loss_history":[
        108.6517562866211,
        40.62255859375,
        35.30831527709961,
        33.17543029785156,
        32.05083084106445,
        31.43602180480957,
        30.865253448486328,
        30.492382049560547,
        30.21586036682129,
        29.89086151123047,
        29.76605796813965,
        29.69901466369629,
        29.35593605041504,
        29.339675903320312,
        29.14965057373047,
        29.3001766204834,
        29.148574829101562,
        28.866619110107422,
        28.884376525878906,
        28.674821853637695,
        28.699949264526367,
        28.749286651611328,
        28.586145401000977,
        28.677976608276367,
        28.398883819580078,
        28.297985076904297,
        28.453479766845703,
        28.284032821655273,
        28.238935470581055,
        28.201183319091797,
        28.19727325439453,
        28.217166900634766,
        28.20537567138672,
        28.153032302856445,
        28.017602920532227,
        27.92770767211914,
        28.00672149658203,
        27.85576820373535,
        27.805377960205078,
        27.78849983215332,
        27.894426345825195,
        27.757335662841797,
        27.686969757080078,
        27.66870880126953,
        27.645183563232422,
        27.565645217895508,
        27.54767608642578,
        27.52777099609375,
        27.559886932373047,
        27.423431396484375,
        27.440967559814453,
        27.402341842651367,
        27.368894577026367,
        27.44600486755371,
        27.252798080444336,
        27.267353057861328,
        27.134674072265625,
        27.0936336517334,
        27.14362907409668,
        27.040027618408203,
        26.924638748168945,
        26.952665328979492,
        26.825227737426758,
        26.8969783782959,
        26.77942657470703,
        26.690919876098633,
        26.660024642944336,
        26.588436126708984,
        26.6345272064209,
        26.474170684814453,
        26.477781295776367,
        26.43711280822754,
        26.41657257080078,
        26.33414077758789,
        26.233728408813477,
        26.11759376525879,
        26.240821838378906,
        26.119470596313477,
        25.987821578979492,
        25.954463958740234,
        25.8828067779541,
        25.872774124145508,
        25.81706428527832,
        25.708942413330078,
        25.62649917602539,
        25.650714874267578,
        25.733583450317383,
        25.66445541381836,
        25.541318893432617,
        25.474945068359375,
        25.4567813873291,
        25.444156646728516,
        25.341440200805664,
        25.314620971679688,
        25.380693435668945,
        25.24805450439453,
        25.160219192504883,
        25.13702964782715,
        23.795663833618164,
        23.489349365234375,
        23.43115997314453,
        23.356517791748047,
        23.328025817871094,
        23.303945541381836,
        23.28777503967285,
        23.234970092773438,
        23.24738121032715,
        23.19266128540039
    ],
    "val_loss_history":[
        46.45768737792969,
        36.7961540222168,
        34.58055114746094,
        31.9664249420166,
        31.658851623535156,
        30.893861770629883,
        31.410371780395508,
        30.234710693359375,
        30.35709571838379,
        30.75869369506836,
        30.001218795776367,
        30.674041748046875,
        29.468524932861328,
        29.443506240844727,
        29.107423782348633,
        28.721717834472656,
        28.948341369628906,
        28.883934020996094,
        29.254817962646484,
        28.399158477783203,
        28.90085792541504,
        29.50298309326172,
        28.751779556274414,
        28.632606506347656,
        28.34221839904785,
        28.474868774414062,
        28.45855712890625,
        28.701101303100586,
        28.19976043701172,
        28.638273239135742,
        29.511680603027344,
        28.610855102539062,
        28.613201141357422,
        28.12136459350586,
        29.12314796447754,
        28.379274368286133,
        28.276391983032227,
        28.77260398864746,
        28.161727905273438,
        29.278661727905273,
        28.1502685546875,
        28.26313591003418,
        28.121492385864258,
        27.958694458007812,
        28.25136375427246,
        27.955760955810547,
        28.189422607421875,
        27.951204299926758,
        28.06896209716797,
        28.492979049682617,
        28.107807159423828,
        28.20523452758789,
        28.336105346679688,
        29.04096794128418,
        28.40706443786621,
        28.36865997314453,
        28.2918701171875,
        28.78275489807129,
        28.59796714782715,
        28.45979118347168,
        28.71561050415039,
        28.421802520751953,
        28.25063705444336,
        28.404142379760742,
        28.455080032348633,
        28.787654876708984,
        28.909751892089844,
        28.957958221435547,
        29.166179656982422,
        29.02609634399414,
        28.7459774017334,
        29.49997329711914,
        28.49563217163086,
        29.0481014251709,
        28.769006729125977,
        29.59752655029297,
        29.074209213256836,
        28.910261154174805,
        29.81429100036621,
        29.04727554321289,
        29.236488342285156,
        29.72771453857422,
        30.106983184814453,
        28.99211311340332,
        30.00970458984375,
        29.351886749267578,
        29.836557388305664,
        29.64029884338379,
        29.40164566040039,
        29.653684616088867,
        29.408353805541992,
        29.688905715942383,
        29.347190856933594,
        29.915210723876953,
        30.636999130249023,
        29.6602783203125,
        30.197803497314453,
        29.896747589111328,
        29.620920181274414,
        29.80962562561035,
        29.8699951171875,
        30.11635971069336,
        30.07184410095215,
        30.15082359313965,
        30.20608901977539,
        30.34523582458496,
        30.3936710357666,
        30.599185943603516
    ],
    "best_train_loss":27.52777099609375,
    "best_val_loss":27.951204299926758,
    "best_epoch":47
}