{
    "run_n":6,
    "run_seed":541,
    "ndims":100,
    "nsamples":100000,
    "correlation":"corr",
    "nbijectors":2,
    "bijector":"MsplineN",
    "spline_knots":12,
    "range_min":-16,
    "hidden_layers":"128-128-128",
    "batch_size":512,
    "activation":"relu",
    "eps_regulariser":0,
    "regulariser":null,
    "dist_seed":0,
    "test_seed":0,
    "ks_mean":0.2960994474916424,
    "ks_std":0.25909834287871936,
    "ad_mean":0.15481895821125466,
    "ad_std":0.09849268558168839,
    "wd_mean":0.04213937585342035,
    "wd_std":0.023070184919062008,
    "swd_mean":0.042366936412365955,
    "swd_std":0.024745373681504985,
    "fn_mean":1.206942515607385,
    "fn_std":0.27694407286651435,
    "epochs_input":1000,
    "epochs_output":282,
    "time":1887.315545055084,
    "train_loss_history":[
        215.87966918945312,
        57.98978805541992,
        50.1364631652832,
        47.47855758666992,
        46.10604476928711,
        45.11018753051758,
        44.290740966796875,
        43.95599365234375,
        43.48552322387695,
        43.004276275634766,
        42.88505935668945,
        42.47557067871094,
        42.37944793701172,
        42.20673751831055,
        42.24229431152344,
        41.93470764160156,
        41.8134880065918,
        41.68973922729492,
        41.59756851196289,
        41.54423522949219,
        41.67277145385742,
        41.445491790771484,
        41.44483184814453,
        41.35213851928711,
        41.301910400390625,
        41.29338455200195,
        41.28459930419922,
        41.15320587158203,
        41.12690353393555,
        41.10014724731445,
        41.06703567504883,
        41.06196212768555,
        41.078609466552734,
        41.01313781738281,
        40.90497970581055,
        40.92254638671875,
        41.0194206237793,
        40.924224853515625,
        40.95663070678711,
        40.923858642578125,
        40.95539474487305,
        40.894775390625,
        40.866207122802734,
        40.85256576538086,
        40.79618835449219,
        40.74524688720703,
        40.76271057128906,
        40.72958755493164,
        40.74769973754883,
        40.798343658447266,
        40.70802688598633,
        40.72877502441406,
        40.68491744995117,
        40.708274841308594,
        40.6942024230957,
        40.668006896972656,
        40.700443267822266,
        40.63982391357422,
        40.669715881347656,
        40.773406982421875,
        40.65336227416992,
        40.60733413696289,
        40.618499755859375,
        40.600502014160156,
        40.63134002685547,
        40.58711624145508,
        40.59684371948242,
        40.57398223876953,
        40.61738204956055,
        40.58517074584961,
        40.59537887573242,
        40.56695556640625,
        40.50394821166992,
        40.53459167480469,
        40.51447677612305,
        40.482852935791016,
        40.520118713378906,
        40.50774383544922,
        40.534278869628906,
        40.530784606933594,
        40.48236846923828,
        40.48238754272461,
        40.543338775634766,
        40.497642517089844,
        40.462379455566406,
        40.46879196166992,
        40.4601936340332,
        40.46566390991211,
        40.43276596069336,
        40.45423889160156,
        40.450809478759766,
        40.41584014892578,
        40.412628173828125,
        40.4238166809082,
        40.435909271240234,
        40.402244567871094,
        40.426082611083984,
        40.414981842041016,
        40.406455993652344,
        40.464962005615234,
        40.39897537231445,
        40.408390045166016,
        40.408447265625,
        40.33742904663086,
        40.35025405883789,
        40.34261703491211,
        40.343326568603516,
        40.34333419799805,
        40.32310485839844,
        40.402549743652344,
        40.360313415527344,
        40.334877014160156,
        40.31328201293945,
        40.354225158691406,
        40.28224563598633,
        40.3132209777832,
        40.332157135009766,
        40.27692794799805,
        40.29755783081055,
        40.305809020996094,
        40.35874557495117,
        40.321685791015625,
        40.376678466796875,
        40.27766418457031,
        40.2907600402832,
        40.29426574707031,
        40.27865982055664,
        40.24327087402344,
        40.263641357421875,
        40.2340087890625,
        40.26853942871094,
        40.2519416809082,
        40.236942291259766,
        40.29736328125,
        40.197628021240234,
        40.20362854003906,
        40.23039245605469,
        40.17047119140625,
        40.23971939086914,
        40.194278717041016,
        40.1970329284668,
        40.19110107421875,
        40.162925720214844,
        40.24604797363281,
        40.17046356201172,
        40.19766616821289,
        40.19266891479492,
        40.194889068603516,
        40.20005798339844,
        40.15433883666992,
        40.13953399658203,
        40.2950553894043,
        40.20789337158203,
        40.15099334716797,
        40.12826156616211,
        40.192901611328125,
        40.12236785888672,
        40.1285285949707,
        40.12239456176758,
        40.11190414428711,
        40.14706802368164,
        40.13695526123047,
        40.15446090698242,
        40.108375549316406,
        40.1979866027832,
        40.1495246887207,
        40.07844543457031,
        40.16693115234375,
        40.11125183105469,
        40.19172668457031,
        40.109073638916016,
        40.10873031616211,
        40.07499694824219,
        40.074222564697266,
        40.111934661865234,
        40.095741271972656,
        40.081729888916016,
        40.11272048950195,
        40.093658447265625,
        40.11931610107422,
        40.07485580444336,
        40.07356643676758,
        40.09477615356445,
        40.04301071166992,
        40.06138610839844,
        40.099178314208984,
        40.02104949951172,
        40.046287536621094,
        40.0540771484375,
        40.025211334228516,
        40.1347770690918,
        40.11591720581055,
        40.057159423828125,
        40.07865905761719,
        40.08561706542969,
        40.01342010498047,
        40.089637756347656,
        40.01414108276367,
        40.02247619628906,
        39.991729736328125,
        40.03877639770508,
        40.07271957397461,
        39.98021697998047,
        39.99238586425781,
        40.033409118652344,
        40.01817321777344,
        40.01568603515625,
        40.000770568847656,
        39.985069274902344,
        40.00199508666992,
        40.05815505981445,
        40.000308990478516,
        40.0178337097168,
        40.00413131713867,
        39.94204330444336,
        39.959434509277344,
        40.02812194824219,
        39.97385787963867,
        39.96388626098633,
        40.01398849487305,
        39.61511993408203,
        39.587100982666016,
        39.58247375488281,
        39.58367156982422,
        39.587589263916016,
        39.5814208984375,
        39.587215423583984,
        39.58763122558594,
        39.57895278930664,
        39.58065414428711,
        39.588539123535156,
        39.57947540283203,
        39.58112716674805,
        39.58330154418945,
        39.58417510986328,
        39.58732223510742,
        39.57949447631836,
        39.57960510253906,
        39.58443832397461,
        39.588321685791016,
        39.5861701965332,
        39.58325958251953,
        39.582191467285156,
        39.595062255859375,
        39.581703186035156,
        39.57758712768555,
        39.57379913330078,
        39.58360290527344,
        39.57784652709961,
        39.583248138427734,
        39.57648849487305,
        39.584251403808594,
        39.5825080871582,
        39.57670974731445,
        39.57472610473633,
        39.56821823120117,
        39.56858444213867,
        39.55943298339844,
        39.57674026489258,
        39.57257080078125,
        39.57455825805664,
        39.56463623046875,
        39.564571380615234,
        39.57030487060547,
