{
    "run_n":6,
    "run_seed":541,
    "ndims":100,
    "nsamples":100000,
    "correlation":"corr",
    "nbijectors":2,
    "bijector":"MsplineN",
    "spline_knots":12,
    "range_min":-16,
    "hidden_layers":"256-256-256",
    "batch_size":512,
    "activation":"relu",
    "eps_regulariser":0,
    "regulariser":null,
    "dist_seed":0,
    "test_seed":0,
    "kl_divergence":-1,
    "ks_test_mean":0.39322408290613164,
    "ks_test_median":0.4313705891941853,
    "ad_test_mean":0.19900406346047775,
    "ad_test_median":0.18589986419426602,
    "Wasserstein_median":0.035499010072351525,
    "Wasserstein_mean":0.035499010072351525,
    "frob_norm":1.0122717053361896,
    "epochs_input":1000,
    "epochs_output":128,
    "time":831.9404280078597,
    "train_loss_history":[
        178.10107421875,
        55.4957275390625,
        48.886775970458984,
        46.62516784667969,
        45.079063415527344,
        44.342891693115234,
        43.83614730834961,
        43.324893951416016,
        42.907073974609375,
        42.94478988647461,
        42.98592758178711,
        42.36955642700195,
        42.405277252197266,
        42.32434844970703,
        42.21582794189453,
        41.969791412353516,
        41.804656982421875,
        41.98739242553711,
        41.818763732910156,
        41.821205139160156,
        41.79466247558594,
        41.6506233215332,
        41.75460433959961,
        41.42115020751953,
        41.50248336791992,
        41.57915496826172,
        41.37689208984375,
        41.260196685791016,
        41.19987487792969,
        41.082401275634766,
        41.089576721191406,
        41.107513427734375,
        40.99985122680664,
        41.35689163208008,
        40.97931671142578,
        40.91385269165039,
        40.84557342529297,
        40.8222770690918,
        40.95062255859375,
        40.93886947631836,
        40.82783508300781,
        40.935325622558594,
        40.80845260620117,
        40.78165054321289,
        40.704715728759766,
        40.772708892822266,
        40.6218147277832,
        40.79158401489258,
        40.72510528564453,
        40.74113845825195,
        40.6671142578125,
        40.59823226928711,
        40.660701751708984,
        40.6052131652832,
        40.63821029663086,
        40.61796951293945,
        40.63067626953125,
        40.61429977416992,
        40.52414321899414,
        40.605838775634766,
        40.51029968261719,
        40.5188102722168,
        40.51430130004883,
        40.4752311706543,
        40.56810760498047,
        40.46305465698242,
        40.43958282470703,
        40.45585632324219,
        40.49431228637695,
        40.495731353759766,
        40.48440170288086,
        40.36099624633789,
        40.34284210205078,
        40.31812286376953,
        40.38722229003906,
        40.36271667480469,
        40.34475326538086,
        40.31602478027344,
        40.37089157104492,
        40.33169174194336,
        40.314239501953125,
        40.31235122680664,
        40.304931640625,
        40.2606315612793,
        40.226749420166016,
        40.26179885864258,
        40.25126647949219,
        40.20791244506836,
        40.20841979980469,
        40.17014694213867,
        40.19712829589844,
        40.15363693237305,
        40.18746566772461,
        40.1743049621582,
        40.149356842041016,
        40.18378829956055,
        40.145843505859375,
        40.11790466308594,
        40.08553695678711,
        40.135372161865234,
        40.11019515991211,
        40.0866813659668,
        40.03035354614258,
        40.004188537597656,
        40.06504440307617,
        39.99251174926758,
        40.02413558959961,
        40.02009963989258,
        40.016605377197266,
        39.955413818359375,
        40.07505798339844,
        40.01615524291992,
        39.934879302978516,
        39.934749603271484,
        39.932491302490234,
        39.93439483642578,
        39.95089340209961,
        39.868934631347656,
        39.29970932006836,
        39.252296447753906,
        39.238155364990234,
        39.23100662231445,
        39.23886489868164,
        39.232704162597656,
        39.22127914428711,
        39.22532272338867,
        39.238826751708984,
        39.21482849121094
    ],
    "val_loss_history":[
        63.23118209838867,
        50.29146957397461,
        47.504478454589844,
        45.440521240234375,
        45.59031677246094,
        45.62015914916992,
        42.975711822509766,
        43.218536376953125,
        42.37034606933594,
        42.65061569213867,
        42.73179626464844,
        42.247108459472656,
        41.98807144165039,
        42.572349548339844,
        43.84244155883789,
        41.56298828125,
        43.1118049621582,
        41.59871292114258,
        41.43803405761719,
        41.59257507324219,
        41.30617904663086,
        45.25482940673828,
        41.654117584228516,
        41.09712600708008,
        41.3043327331543,
        42.4255256652832,
        41.23771286010742,
        41.40704345703125,
        41.0987663269043,
        40.9846305847168,
        41.81862258911133,
        41.18523025512695,
        41.24802780151367,
        41.49689483642578,
        41.33890151977539,
        41.09488296508789,
        40.89193344116211,
        41.38884353637695,
        41.17756652832031,
        40.86872482299805,
        41.89045715332031,
        40.72842788696289,
        40.94180679321289,
        41.351253509521484,
        41.948001861572266,
        40.664527893066406,
        41.35450744628906,
        40.6433219909668,
        40.87611770629883,
        40.68817138671875,
        40.83860778808594,
        40.879234313964844,
        41.430633544921875,
        40.82307815551758,
        40.86717987060547,
        41.14704513549805,
        40.82384490966797,
        40.826725006103516,
        41.0045166015625,
        40.97896194458008,
        40.73175048828125,
        40.853126525878906,
        40.65160369873047,
        40.64414596557617,
        40.82072830200195,
        40.77952194213867,
        40.69093704223633,
        40.52684020996094,
        40.754512786865234,
        40.70292663574219,
        40.82052993774414,
        40.88717269897461,
        40.5588264465332,
        40.68033981323242,
        41.41865921020508,
        40.62677001953125,
        41.26567077636719,
        41.751617431640625,
        41.24931716918945,
        40.720787048339844,
        40.78662872314453,
        40.5738639831543,
        40.650997161865234,
        40.67607498168945,
        40.81890869140625,
        40.75569152832031,
        40.93893051147461,
        41.15271759033203,
        40.695274353027344,
        40.75307083129883,
        40.821231842041016,
        40.98900604248047,
        40.83193588256836,
        40.73208236694336,
        40.94195556640625,
        40.82294464111328,
        40.85617446899414,
        40.759605407714844,
        40.835723876953125,
        40.93427658081055,
        40.83182144165039,
        40.751216888427734,
        40.93307876586914,
        40.738712310791016,
        40.71572494506836,
        41.06270980834961,
        40.87130355834961,
        40.81777572631836,
        40.76559066772461,
        40.848976135253906,
        41.393001556396484,
        40.79966354370117,
        40.71448516845703,
        40.80405044555664,
        40.803077697753906,
        40.91799545288086,
        40.7529182434082,
        40.79515075683594,
        40.57059097290039,
        40.591426849365234,
        40.56691360473633,
        40.59415054321289,
        40.61967086791992,
        40.62035369873047,
        40.59905242919922,
        40.68667984008789,
        40.64316940307617,
        40.6630973815918
    ],
    "best_train_loss":40.45585632324219,
    "best_val_loss":40.52684020996094,
    "best_epoch":67
}