{
    "run_n":25,
    "run_seed":0,
    "ndims":200,
    "nsamples":100000,
    "correlation":"corr",
    "nbijectors":2,
    "bijector":"MsplineN",
    "spline_knots":8,
    "range_min":-16,
    "hidden_layers":"128-128-128",
    "batch_size":512,
    "activation":"relu",
    "eps_regulariser":0,
    "regulariser":null,
    "dist_seed":0,
    "test_seed":0,
    "kl_divergence":-1,
    "ks_test_mean":0.4916068566831537,
    "ks_test_median":0.5022064324378084,
    "ad_test_mean":0.21650799570500337,
    "ad_test_median":0.21424913896460693,
    "Wasserstein_median":0.030501933178208335,
    "Wasserstein_mean":0.030501933178208335,
    "frob_norm":1.420361063121036,
    "epochs_input":1000,
    "epochs_output":269,
    "time":1604.2154389200732,
    "train_loss_history":[
        362.4811706542969,
        113.57420349121094,
        100.9982681274414,
        96.2087173461914,
        93.60449981689453,
        91.62602996826172,
        90.46202087402344,
        89.76115417480469,
        89.68334197998047,
        88.7680892944336,
        88.1983413696289,
        87.86531066894531,
        87.55146026611328,
        87.12976837158203,
        86.78462219238281,
        87.12690734863281,
        86.41454315185547,
        86.61642456054688,
        86.41975402832031,
        85.96276092529297,
        86.00344848632812,
        86.2303237915039,
        85.90843200683594,
        85.7763442993164,
        85.46891784667969,
        85.43446350097656,
        85.28085327148438,
        85.18063354492188,
        85.16051483154297,
        85.29005432128906,
        85.14888000488281,
        84.95450592041016,
        84.7152099609375,
        84.94426727294922,
        84.81938934326172,
        84.73480224609375,
        84.98307037353516,
        84.65413665771484,
        84.67125701904297,
        84.60939025878906,
        84.46837615966797,
        84.31074523925781,
        84.5078125,
        84.05671691894531,
        84.5943603515625,
        84.37982177734375,
        84.1819076538086,
        84.4004135131836,
        83.88213348388672,
        84.0249252319336,
        83.93415832519531,
        83.94419860839844,
        84.17898559570312,
        84.10733032226562,
        84.04720306396484,
        84.1021728515625,
        83.57303619384766,
        83.77384948730469,
        83.80482482910156,
        83.5063705444336,
        84.14736938476562,
        83.52152252197266,
        83.83049011230469,
        84.19599914550781,
        83.38597106933594,
        84.10790252685547,
        83.9208984375,
        83.37181091308594,
        83.90921783447266,
        83.90472412109375,
        83.50243377685547,
        84.1510238647461,
        83.58995819091797,
        83.64418029785156,
        83.18158721923828,
        83.38658905029297,
        83.99470520019531,
        83.27816772460938,
        83.53578186035156,
        83.13854217529297,
        83.25555419921875,
        83.14141845703125,
        83.3916244506836,
        83.03776550292969,
        83.03838348388672,
        83.20914459228516,
        83.3107681274414,
        82.9378433227539,
        83.07049560546875,
        83.21753692626953,
        83.25157165527344,
        83.6496810913086,
        83.04541778564453,
        83.20490264892578,
        82.94676208496094,
        82.86450958251953,
        82.9146499633789,
        82.70765686035156,
        82.778564453125,
        82.95075988769531,
        82.8166732788086,
        82.6228256225586,
        82.63984680175781,
        82.68486785888672,
        82.77861022949219,
        82.4996566772461,
        82.74604797363281,
        82.61598205566406,
        82.51058197021484,
        82.56185150146484,
        82.67259979248047,
        82.49299621582031,
        82.64186096191406,
        82.92638397216797,
        82.31507873535156,
        82.85433197021484,
        82.36439514160156,
        82.97511291503906,
        82.3229751586914,
        82.37213134765625,
        83.09170532226562,
        82.57247924804688,
        82.54275512695312,
        82.23342895507812,
        82.3674087524414,
        82.31166076660156,
        82.20320892333984,
        82.39309692382812,
        82.2877426147461,
        82.23434448242188,
        82.33499145507812,
        82.30001068115234,
        82.16326904296875,
        82.27098846435547,
        82.80472564697266,
        82.25152587890625,
        82.27078247070312,
        82.08721923828125,
        82.17057037353516,
        82.0950698852539,
        82.12699127197266,
        82.14488220214844,
        82.28916931152344,
        82.18243408203125,
        82.19921875,
        82.46647644042969,
        82.34610748291016,
        82.05215454101562,
        82.073486328125,
        82.27938842773438,
        81.96106719970703,
        82.0625991821289,
        82.10637664794922,
        82.13469696044922,
        81.9981689453125,
        82.09258270263672,
        82.27316284179688,
        82.31416320800781,
        82.10821533203125,
        82.00668334960938,
        81.88358306884766,
        82.08405303955078,
        81.96199035644531,
        81.9003677368164,
        81.86502838134766,
        81.89234161376953,
        82.37295532226562,
        81.80661010742188,
        81.91515350341797,
        81.7643814086914,
        81.74610137939453,
        81.86653137207031,
        81.89013671875,
        81.81783294677734,
        81.83988952636719,
        81.82190704345703,
        81.95247650146484,
        81.67262268066406,
        81.67543029785156,
        81.83551788330078,
        82.06890869140625,
        81.86174011230469,
        81.90072631835938,
        81.84332275390625,
        81.86846160888672,
        81.63990020751953,
        81.76380157470703,
        81.5645751953125,
        82.01097106933594,
        82.36260223388672,
        81.62054443359375,
        81.65900421142578,
        81.58321380615234,
        81.9981689453125,
        81.5916748046875,
        81.80220031738281,
        81.69715881347656,
        81.59561920166016,
        81.78318786621094,
        81.52025604248047,
        80.3483657836914,
        80.19595336914062,
        80.16273498535156,
        80.14464569091797,
        80.13524627685547,
        80.13321685791016,
        80.1430892944336,
        80.11996459960938,
        80.14187622070312,
        80.15493774414062,
        80.11186218261719,
        80.14559173583984,
        80.162841796875,
        80.11449432373047,
        80.13880157470703,
        80.11376190185547,
        80.12150573730469,
        80.15477752685547,
        80.13463592529297,
        80.1616439819336,
        80.14197540283203,
        80.12116241455078,
        80.11788177490234,
        80.07933044433594,
        80.11837768554688,
        80.10861206054688,
        80.11370849609375,
        80.12748718261719,
        80.10897064208984,
        80.11846160888672,
        80.10694122314453,
        80.12694549560547,
        80.0962905883789,
        80.09126281738281,
        80.1194076538086,
        80.10208129882812,
        80.12993621826172,
        80.12019348144531,
        80.07190704345703,
        80.1160888671875,
        80.09539031982422,
        80.10076904296875,
        80.07762908935547,
        80.09751892089844,
        80.11824035644531,
        80.09929656982422,
        80.10789489746094,
        80.07855224609375,
        80.09778594970703,
        80.10934448242188,
        80.07032012939453,
        80.06681060791016,
        80.10432434082031,
        80.07707977294922,
        80.09099578857422,
        80.08480072021484,
        80.06861114501953,
        80.08084106445312,
        80.10398864746094,
        79.84349060058594,
        79.81775665283203,
        79.81647491455078,
        79.81611633300781,
        79.818603515625,
        79.81948852539062,
        79.8162841796875,
        79.82086944580078,
        79.81637573242188,
        79.82679748535156
    ],