{
    "run_n":7,
    "run_seed":721,
    "ndims":32,
    "nsamples":100000,
    "correlation":"corr",
    "nbijectors":5,
    "bijector":"CsplineN",
    "spline_knots":8,
    "range_min":-16,
    "hidden_layers":"128-128-128",
    "batch_size":512,
    "activation":"relu",
    "eps_regulariser":0,
    "regulariser":null,
    "dist_seed":0,
    "test_seed":0,
    "ks_mean":0.057201765935472396,
    "ks_std":0.12408773717758122,
    "ad_mean":0.03140906439282948,
    "ad_std":0.059076600329578774,
    "wd_mean":0.060243778260023376,
    "wd_std":0.02870337158371129,
    "swd_mean":0.05924586564685052,
    "swd_std":0.028942480465423442,
    "fn_mean":1.019364572828852,
    "fn_std":0.07466901092588765,
    "epochs_input":1000,
    "epochs_output":170,
    "time":4040.7458657930256,
    "train_loss_history":[
        169.76107788085938,
        33.12044906616211,
        26.866065979003906,
        24.948734283447266,
        23.509244918823242,
        22.78780174255371,
        22.15380859375,
        22.250112533569336,
        21.548612594604492,
        21.3375186920166,
        21.381820678710938,
        20.847768783569336,
        20.941024780273438,
        20.48858070373535,
        20.645488739013672,
        20.420692443847656,
        20.481353759765625,
        19.824565887451172,
        20.077016830444336,
        19.967039108276367,
        20.056074142456055,
        19.812108993530273,
        20.175153732299805,
        19.905311584472656,
        19.542621612548828,
        19.73065185546875,
        19.542789459228516,
        19.596965789794922,
        19.5181827545166,
        19.29203987121582,
        19.39414405822754,
        19.4630126953125,
        19.098844528198242,
        19.365121841430664,
        19.42534828186035,
        19.313199996948242,
        19.148502349853516,
        19.064496994018555,
        19.181135177612305,
        19.01603889465332,
        18.923858642578125,
        18.79517364501953,
        18.827932357788086,
        18.807453155517578,
        18.955202102661133,
        18.88907241821289,
        19.138404846191406,
        18.619550704956055,
        18.55734634399414,
        18.594087600708008,
        18.783672332763672,
        18.514236450195312,
        18.334203720092773,
        18.77333641052246,
        18.416095733642578,
        18.353763580322266,
        18.30615997314453,
        18.281360626220703,
        18.202905654907227,
        18.102861404418945,
        18.367340087890625,
        18.05751609802246,
        18.198881149291992,
        18.166006088256836,
        18.144962310791016,
        17.935787200927734,
        17.92696189880371,
        17.904394149780273,
        17.9169921875,
        17.93154525756836,
        17.803321838378906,
        17.752243041992188,
        17.71017074584961,
        17.689838409423828,
        17.78592300415039,
        17.65445899963379,
        17.61966323852539,
        17.6456298828125,
        17.649837493896484,
        17.471349716186523,
        17.49603843688965,
        17.628345489501953,
        17.47189712524414,
        17.60023307800293,
        17.507898330688477,
        17.409908294677734,
        17.424339294433594,
        17.359601974487305,
        17.406085968017578,
        17.41193962097168,
        17.34153938293457,
        17.24615478515625,
        17.239089965820312,
        17.369077682495117,
        17.219560623168945,
        17.260095596313477,
        17.29155921936035,
        17.192249298095703,
        17.11655616760254,
        17.285255432128906,
        17.18059539794922,
        17.14686393737793,
        17.11004066467285,
        17.118860244750977,
        17.1148681640625,
        17.104204177856445,
        16.999004364013672,
        17.048006057739258,
        17.005630493164062,
        17.013713836669922,
        17.00904083251953,
        16.98488998413086,
        17.02092170715332,
        16.892356872558594,
        16.95486068725586,
        16.83244514465332,
        16.97007942199707,
        16.877470016479492,
        16.829570770263672,
        16.907398223876953,
        16.81096839904785,
        16.819698333740234,
        16.713363647460938,
        16.82846450805664,
        16.7457275390625,
        16.711381912231445,
        16.71477699279785,
        16.770456314086914,
        16.703590393066406,
        16.76243019104004,
        16.721708297729492,
        16.700471878051758,
        16.664216995239258,
        16.719388961791992,
        16.67138671875,
        16.620386123657227,
        16.574214935302734,
        16.64566993713379,
        16.58880615234375,
        16.560529708862305,
        16.555091857910156,
        16.522016525268555,
        16.49645233154297,
        16.508052825927734,
        16.48219108581543,
        16.531116485595703,
        16.448640823364258,
        16.46175765991211,
        16.42508888244629,
        16.491836547851562,
        16.39436912536621,
        16.421430587768555,
        16.484394073486328,
        16.418012619018555,
        16.372705459594727,
        16.3973388671875,
        16.346364974975586,
        16.321117401123047,
        16.34285545349121,
        16.37674903869629,
        15.759116172790527,
        15.64008903503418,
        15.609184265136719,
        15.59328556060791,
        15.571603775024414,
        15.569653511047363,
        15.558359146118164,
        15.54045581817627,
        15.543100357055664,
        15.540206909179688
    ],