{
    "run_n":4,
    "run_seed":440,
    "ndims":1000,
    "nsamples":100000,
    "correlation":"corr",
    "nbijectors":10,
    "bijector":"RealNVPN",
    "spline_knots":8,
    "range_min":-5,
    "hidden_layers":"128-128-128",
    "batch_size":256,
    "activation":"relu",
    "eps_regulariser":0,
    "regulariser":null,
    "dist_seed":0,
    "test_seed":0,
    "kl_divergence":-1,
    "ks_test_mean":0.035208868794927795,
    "ks_test_median":0.0069217497807223475,
    "ad_test_mean":0.009583051397573296,
    "ad_test_median":0.027860041189944146,
    "Wasserstein_median":0.2644824181343448,
    "Wasserstein_mean":0.2644824181343448,
    "frob_norm":39.39959662605633,
    "epochs_input":1000,
    "epochs_output":210,
    "time":2299.625181979034,
    "train_loss_history":[
        526505.875,
        1435.7918701171875,
        1067.0484619140625,
        939.3214111328125,
        866.2144165039062,
        818.5321655273438,
        783.9658203125,
        756.604736328125,
        735.1273803710938,
        714.5711059570312,
        697.467041015625,
        682.2794189453125,
        666.5463256835938,
        654.9923095703125,
        644.0819702148438,
        634.5338134765625,
        626.1768798828125,
        617.1468505859375,
        610.4306640625,
        602.2117309570312,
        594.639892578125,
        589.4534301757812,
        582.966796875,
        577.4417724609375,
        570.9921875,
        566.3904418945312,
        564.4351806640625,
        557.9403686523438,
        551.1181640625,
        550.966064453125,
        542.1455078125,
        539.6370239257812,
        906.7108764648438,
        639.4364013671875,
        555.351318359375,
        535.5905151367188,
        523.9896850585938,
        516.2017211914062,
        510.1181640625,
        505.5444030761719,
        499.7869567871094,
        495.84210205078125,
        493.7237243652344,
        487.8165283203125,
        486.0202331542969,
        482.149658203125,
        478.4113464355469,
        476.2297058105469,
        473.37481689453125,
        471.1089782714844,
        469.3594055175781,
        466.1580505371094,
        464.6850891113281,
        462.32049560546875,
        460.86077880859375,
        458.4154968261719,
        455.7244873046875,
        455.4330139160156,
        454.1947021484375,
        1113.053466796875,
        528.2985229492188,
        494.19805908203125,
        480.73736572265625,
        471.8371276855469,
        465.7374572753906,
        461.1523742675781,
        458.12908935546875,
        458.20263671875,
        450.78973388671875,
        448.40118408203125,
        1135.8662109375,
        571.209228515625,
        497.88275146484375,
        478.9571228027344,
        467.0168151855469,
        459.7393798828125,
        454.96746826171875,
        450.7578430175781,
        446.2524108886719,
        444.68878173828125,
        4758.90478515625,
        578.6442260742188,
        520.7726440429688,
        495.1689147949219,
        480.4878845214844,
        470.6321716308594,
        463.88031005859375,
        458.9622497558594,
        453.34478759765625,
        451.5647277832031,
        446.9870300292969,
        445.4925231933594,
        443.42510986328125,
        441.2902526855469,
        439.8476257324219,
        438.34747314453125,
        437.2686767578125,
        436.6831359863281,
        434.3568420410156,
        3361.29248046875,
        679.6867065429688,
        869.5820922851562,
        586.286376953125,
        549.66162109375,
        528.6663208007812,
        512.73583984375,
        502.705078125,
        494.51422119140625,
        484.9485168457031,
        479.9782409667969,
        476.1029968261719,
        471.5493469238281,
        468.7629089355469,
        464.46478271484375,
        463.9933776855469,
        880.6043090820312,
        554.9157104492188,
        495.3612060546875,
        479.22064208984375,
        471.0532531738281,
        463.2674560546875,
        459.3778381347656,
        456.4926452636719,
        453.0945739746094,
        451.5083312988281,
        447.7120361328125,
        446.63665771484375,
        445.44158935546875,
        444.37701416015625,
        441.53680419921875,
        442.34259033203125,
        560.205078125,
        454.2242126464844,
        443.3248291015625,
        440.4707946777344,
        439.73004150390625,
        437.6666259765625,
        646.0905151367188,
        489.8779296875,
        458.79400634765625,
        450.9239196777344,
        444.7647705078125,
        442.45611572265625,
        440.8435363769531,
        437.79827880859375,
        437.7969970703125,
        436.3245849609375,
        436.0552062988281,
        434.2264709472656,
        434.1875915527344,
        432.3277893066406,
        1401.024658203125,
        583.9633178710938,
        505.3989562988281,
        486.095947265625,
        474.115234375,
        467.1462097167969,
        460.1346130371094,
        456.16534423828125,
        452.9550476074219,
        449.9809875488281,
        449.0480041503906,
        443.7548828125,
        443.08013916015625,
        441.35882568359375,
        440.1282958984375,
        439.532958984375,
        437.7588806152344,
        436.4715576171875,
        1478.6666259765625,
        1454.929931640625,
        719.5252075195312,
        615.3497924804688,
        561.60009765625,
        530.7577514648438,
        512.2485961914062,
        498.4393615722656,
        489.15069580078125,
        483.74456787109375,
        476.74981689453125,
        966.2244873046875,
        553.2243041992188,
        493.5574951171875,
        475.5079040527344,
        467.02838134765625,
        460.1026306152344,
        455.6268005371094,
        452.2435302734375,
        194578.625,
        684.6939697265625,
        556.7769165039062,
        525.3529052734375,
        508.6998291015625,
        498.4110412597656,
        491.71759033203125,
        484.1006164550781,
        479.22967529296875,
        475.3414306640625,
        471.14404296875,
        467.9738464355469,
        459.6819763183594,
        458.7864685058594,
        458.1961975097656,
        457.4317321777344,
        456.52703857421875,
        455.80670166015625,
        454.9560546875,
        453.9476623535156,
        453.18255615234375,
        452.3686828613281
    ],