{
    "run_n":4,
    "run_seed":0,
    "ndims":32,
    "nsamples":100000,
    "correlation":"corr",
    "nbijectors":5,
    "bijector":"MAFN",
    "spline_knots":8,
    "range_min":-5,
    "hidden_layers":"256-256-256",
    "batch_size":512,
    "activation":"relu",
    "eps_regulariser":0,
    "regulariser":null,
    "dist_seed":0,
    "test_seed":0,
    "kl_divergence":-1,
    "ks_test_mean":0.4654644404207157,
    "ks_test_median":0.4694775985090811,
    "ad_test_mean":0.2112936265623252,
    "ad_test_median":0.21078220966780037,
    "Wasserstein_median":0.039982605459924256,
    "Wasserstein_mean":0.039982605459924256,
    "frob_norm":0.2996558094228711,
    "epochs_input":1000,
    "epochs_output":261,
    "time":670.8366621527821,
    "train_loss_history":[
        80.13203430175781,
        34.62309265136719,
        28.29644012451172,
        25.932056427001953,
        24.631166458129883,
        22.74847412109375,
        21.689109802246094,
        21.528587341308594,
        20.682968139648438,
        20.0562801361084,
        20.081066131591797,
        19.68868064880371,
        19.389175415039062,
        19.26272964477539,
        18.922048568725586,
        18.87459373474121,
        18.67723274230957,
        18.848052978515625,
        18.411388397216797,
        18.300168991088867,
        18.817489624023438,
        18.007686614990234,
        18.111743927001953,
        18.105701446533203,
        17.857404708862305,
        17.886600494384766,
        18.071090698242188,
        17.722633361816406,
        17.528287887573242,
        17.604188919067383,
        17.486282348632812,
        17.412960052490234,
        17.29490852355957,
        17.485286712646484,
        17.285198211669922,
        17.10060691833496,
        17.16396141052246,
        17.40304946899414,
        17.00606346130371,
        17.372129440307617,
        16.902820587158203,
        17.01624870300293,
        16.834341049194336,
        16.915313720703125,
        16.759681701660156,
        16.776443481445312,
        16.827363967895508,
        16.901527404785156,
        16.67757225036621,
        16.862974166870117,
        16.503679275512695,
        16.814453125,
        16.45224380493164,
        16.57192039489746,
        16.372713088989258,
        16.49323844909668,
        16.52704429626465,
        16.820491790771484,
        16.3386287689209,
        16.256269454956055,
        16.275747299194336,
        16.54912567138672,
        16.38556671142578,
        16.25493621826172,
        16.882957458496094,
        16.150049209594727,
        16.50933837890625,
        16.085201263427734,
        16.220346450805664,
        16.133455276489258,
        16.015844345092773,
        16.407913208007812,
        16.031009674072266,
        15.938248634338379,
        16.319093704223633,
        16.101322174072266,
        16.012100219726562,
        15.90295696258545,
        16.051715850830078,
        16.0909366607666,
        15.968301773071289,
        15.973140716552734,
        16.615903854370117,
        15.900203704833984,
        15.84330940246582,
        16.674760818481445,
        16.93120002746582,
        15.93332290649414,
        15.92831039428711,
        15.86504077911377,
        16.169952392578125,
        15.878657341003418,
        15.811319351196289,
        15.778251647949219,
        15.884126663208008,
        15.84368896484375,
        15.704109191894531,
        15.837103843688965,
        16.35150718688965,
        15.922892570495605,
        16.16983985900879,
        15.71509838104248,
        15.66316032409668,
        15.689544677734375,
        15.612629890441895,
        15.728797912597656,
        15.67311954498291,
        15.618003845214844,
        15.636181831359863,
        15.70419979095459,
        15.64488410949707,
        15.679540634155273,
        15.593587875366211,
        15.641007423400879,
        15.620609283447266,
        15.499180793762207,
        15.571521759033203,
        15.944256782531738,
        15.483366012573242,
        15.486509323120117,
        15.460426330566406,
        15.567686080932617,
        15.836891174316406,
        15.513453483581543,
        15.614473342895508,
        15.442424774169922,
        15.83752155303955,
        15.468449592590332,
        15.396286010742188,
        15.497598648071289,
        15.37066650390625,
        15.690085411071777,
        15.671762466430664,
        15.531160354614258,
        15.326303482055664,
        15.322985649108887,
        15.381156921386719,
        15.340411186218262,
        15.3612699508667,
        15.35316276550293,
        15.287742614746094,
        15.347049713134766,
        15.294973373413086,
        15.29485034942627,
        15.37741756439209,
        15.299273490905762,
        15.201641082763672,
        15.227014541625977,
        15.315919876098633,
        15.202390670776367,
        15.221521377563477,
        15.219019889831543,
        15.27712345123291,
        15.191494941711426,
        15.344656944274902,
        15.186278343200684,
        15.162615776062012,
        15.474967956542969,
        15.177980422973633,
        15.14806079864502,
        15.192768096923828,
        15.152952194213867,
        15.247212409973145,
        15.14518928527832,
        15.144548416137695,
        15.112056732177734,
        15.146906852722168,
        15.25649642944336,
        15.07266616821289,
        15.175765991210938,
        15.031553268432617,
        15.139732360839844,
        15.090287208557129,
        15.12382698059082,
        15.374027252197266,
        15.016087532043457,
        15.044123649597168,
        15.002535820007324,
        15.031123161315918,
        14.990578651428223,
        15.081437110900879,
        15.098910331726074,
        15.019916534423828,
        15.006378173828125,
        14.973227500915527,
        15.036657333374023,
        14.929869651794434,
        15.161479949951172,
        14.934188842773438,
        14.942203521728516,
        14.951457977294922,
        14.928690910339355,
        15.199414253234863,
        14.927303314208984,
        15.022530555725098,
        14.901260375976562,
        14.918512344360352,
        14.996170997619629,
        14.38898754119873,
        14.279664039611816,
        14.21953296661377,
        14.199579238891602,
        14.199633598327637,
        14.19570541381836,
        14.219841003417969,
        14.186905860900879,
        14.18238639831543,
        14.181994438171387,
        14.20262336730957,
        14.167325019836426,
        14.15603256225586,
        14.183348655700684,
        14.154948234558105,
        14.160125732421875,
        14.15223503112793,
        14.150821685791016,
        14.142024993896484,
        14.145020484924316,
        14.154038429260254,
        14.139260292053223,
        14.134754180908203,
        14.14893913269043,
        14.142345428466797,
        14.113696098327637,
        14.115554809570312,
        14.134145736694336,
        14.113208770751953,
        14.11867904663086,
        14.10207748413086,
        14.124303817749023,
        14.09510612487793,
        14.106046676635742,
        14.108341217041016,
        14.093209266662598,
        14.086746215820312,
        14.101908683776855,
        14.089066505432129,
        14.108023643493652,
        14.1022367477417,
        14.10324764251709,
        14.071612358093262,
        14.081933975219727,
        14.061076164245605,
        14.101041793823242,
        14.052892684936523,
        14.064610481262207,
        14.085273742675781,
        14.068074226379395,
        14.051206588745117,
        14.053388595581055,
        14.075439453125,
        13.901948928833008,
        13.879652976989746,
        13.871100425720215,
        13.870331764221191,
        13.867733001708984,
        13.868230819702148,
        13.866317749023438,
        13.86814022064209,
        13.865756034851074,
