{
    "run_n":4,
    "run_seed":440,
    "ndims":64,
    "nsamples":100000,
    "correlation":"corr",
    "nbijectors":2,
    "bijector":"MsplineN",
    "spline_knots":8,
    "range_min":-16,
    "hidden_layers":"128-128-128",
    "batch_size":512,
    "activation":"relu",
    "eps_regulariser":0,
    "regulariser":null,
    "dist_seed":0,
    "test_seed":0,
    "kl_divergence":-1,
    "ks_test_mean":0.49373339387876086,
    "ks_test_median":0.49343963795623375,
    "ad_test_mean":0.21390947933898025,
    "ad_test_median":0.2132172600911792,
    "Wasserstein_median":0.022290654812528274,
    "Wasserstein_mean":0.022290654812528274,
    "frob_norm":0.21885538024475984,
    "epochs_input":1000,
    "epochs_output":223,
    "time":1739.4263838040642,
    "train_loss_history":[
        150.53981018066406,
        43.23160934448242,
        35.67609405517578,
        32.78301239013672,
        31.38445281982422,
        30.62932777404785,
        30.177352905273438,
        29.840944290161133,
        29.66073226928711,
        29.39750099182129,
        29.207599639892578,
        29.068647384643555,
        28.955228805541992,
        28.889827728271484,
        28.867027282714844,
        28.709863662719727,
        28.65151596069336,
        28.575044631958008,
        28.53758430480957,
        28.520763397216797,
        28.43994140625,
        28.46027946472168,
        28.397817611694336,
        28.363325119018555,
        28.345836639404297,
        28.305143356323242,
        28.300174713134766,
        28.242351531982422,
        28.261442184448242,
        28.236852645874023,
        28.189023971557617,
        28.2652530670166,
        28.200258255004883,
        28.16385269165039,
        28.144962310791016,
        28.08205223083496,
        28.088085174560547,
        28.12134552001953,
        28.08501434326172,
        28.063396453857422,
        28.11048126220703,
        28.059457778930664,
        28.04910659790039,
        28.073705673217773,
        28.07623291015625,
        28.027904510498047,
        28.032806396484375,
        27.979270935058594,
        27.9816837310791,
        27.9727783203125,
        28.038345336914062,
        27.950551986694336,
        27.984079360961914,
        27.9281005859375,
        27.962909698486328,
        27.973848342895508,
        27.93163299560547,
        27.955181121826172,
        27.909690856933594,
        27.936426162719727,
        27.930131912231445,
        27.970048904418945,
        27.890674591064453,
        27.89657974243164,
        27.917787551879883,
        27.90495491027832,
        27.917343139648438,
        27.88201904296875,
        27.868450164794922,
        27.87212562561035,
        27.867862701416016,
        27.857711791992188,
        27.851404190063477,
        27.851112365722656,
        27.870698928833008,
        27.847246170043945,
        27.893102645874023,
        27.842390060424805,
        27.86643409729004,
        27.84834098815918,
        27.810054779052734,
        27.79438591003418,
        27.819839477539062,
        27.825525283813477,
        27.822120666503906,
        27.792760848999023,
        27.781404495239258,
        27.843481063842773,
        27.822704315185547,
        27.776872634887695,
        27.79500389099121,
        27.845312118530273,
        27.78081703186035,
        27.786949157714844,
        27.790809631347656,
        27.78482437133789,
        27.73847007751465,
        27.789636611938477,
        27.7381534576416,
        27.81120491027832,
        27.750112533569336,
        27.75396156311035,
        27.744417190551758,
        27.773839950561523,
        27.738645553588867,
        27.7242488861084,
        27.763179779052734,
        27.702878952026367,
        27.762245178222656,
        27.73960304260254,
        27.730587005615234,
        27.733680725097656,
        27.725343704223633,
        27.72030258178711,
        27.739933013916016,
        27.71936798095703,
        27.739877700805664,
        27.713783264160156,
        27.687057495117188,
        27.718679428100586,
        27.716516494750977,
        27.688678741455078,
        27.717227935791016,
        27.669147491455078,
        27.668855667114258,
        27.70234489440918,
        27.690879821777344,
        27.674150466918945,
        27.707717895507812,
        27.676982879638672,
        27.675966262817383,
        27.66934585571289,
        27.647762298583984,
        27.646467208862305,
        27.674774169921875,
        27.673843383789062,
        27.66864776611328,
        27.645288467407227,
        27.63604736328125,
        27.65568733215332,
        27.646148681640625,
        27.66719627380371,
        27.64852523803711,
        27.667543411254883,
        27.629322052001953,
        27.630338668823242,
        27.64381217956543,
        27.630428314208984,
        27.644113540649414,
        27.630319595336914,
        27.631576538085938,
        27.6256103515625,
        27.60863494873047,
        27.628475189208984,
        27.664030075073242,
        27.623136520385742,
        27.604570388793945,
        27.607707977294922,
        27.592918395996094,
        27.60100746154785,
        27.59702491760254,
        27.586305618286133,
        27.351970672607422,
        27.33094024658203,
        27.32913589477539,
        27.33272361755371,
        27.327308654785156,
        27.33094024658203,
        27.329593658447266,
        27.335002899169922,
        27.3328914642334,
        27.331130981445312,
        27.33224105834961,
        27.32773780822754,
        27.337190628051758,
        27.329437255859375,
        27.332185745239258,
        27.335372924804688,
        27.32978630065918,
        27.336559295654297,
        27.326684951782227,
        27.32688331604004,
        27.33289909362793,
        27.332386016845703,
        27.326906204223633,
        27.324764251708984,
        27.32810401916504,
        27.32189178466797,
        27.32912254333496,
        27.32406997680664,
        27.3230037689209,
        27.32547950744629,
        27.324480056762695,
        27.326805114746094,
        27.322547912597656,
        27.319883346557617,
        27.32070541381836,
        27.325340270996094,
        27.317625045776367,
        27.31454086303711,
        27.311981201171875,
        27.311933517456055,
        27.31191635131836,
        27.316059112548828,
        27.310075759887695,
        27.31521987915039,
        27.320262908935547,
        27.313901901245117,
        27.316566467285156,
        27.31714630126953,
        27.318016052246094,
        27.31341552734375,
        27.321083068847656,
        27.245994567871094,
        27.24060821533203,
        27.238845825195312,
        27.239126205444336,
        27.239927291870117,
        27.2408504486084,
        27.241342544555664,
        27.241600036621094,
        27.24039077758789,
        27.239316940307617
    ],