{
    "run_n":13,
    "run_seed":0,
    "ndims":32,
    "nsamples":100000,
    "correlation":"corr",
    "nbijectors":5,
    "bijector":"MAFN",
    "spline_knots":8,
    "range_min":-5,
    "hidden_layers":"128-128-128",
    "batch_size":512,
    "activation":"relu",
    "eps_regulariser":0,
    "regulariser":null,
    "dist_seed":0,
    "test_seed":0,
    "kl_divergence":-1,
    "ks_test_mean":0.502201915326642,
    "ks_test_median":0.5089971234200621,
    "ad_test_mean":0.2199157063929819,
    "ad_test_median":0.21729521522965653,
    "Wasserstein_median":0.024860611363538898,
    "Wasserstein_mean":0.024860611363538898,
    "frob_norm":0.17734510441653217,
    "epochs_input":1000,
    "epochs_output":276,
    "time":734.2820834699087,
    "train_loss_history":[
        85.7502212524414,
        30.847536087036133,
        23.70500373840332,
        21.585620880126953,
        20.701547622680664,
        20.38858985900879,
        20.38591957092285,
        19.76058578491211,
        19.386241912841797,
        19.6057186126709,
        19.34613037109375,
        18.98554039001465,
        20.52072525024414,
        19.17864990234375,
        18.835474014282227,
        18.825998306274414,
        18.589921951293945,
        19.057872772216797,
        18.36747932434082,
        18.836273193359375,
        18.92690086364746,
        18.279306411743164,
        18.206682205200195,
        18.48126220703125,
        18.356237411499023,
        18.51188087463379,
        18.120365142822266,
        18.126773834228516,
        18.169248580932617,
        18.092634201049805,
        18.03630828857422,
        18.937257766723633,
        17.84756851196289,
        18.55243682861328,
        17.822006225585938,
        19.011764526367188,
        17.950153350830078,
        17.814430236816406,
        18.034395217895508,
        18.243412017822266,
        17.676603317260742,
        17.690839767456055,
        17.72799301147461,
        17.767810821533203,
        18.05290412902832,
        17.8460693359375,
        17.700651168823242,
        17.61089515686035,
        17.636920928955078,
        17.559444427490234,
        17.918216705322266,
        17.582918167114258,
        17.55863380432129,
        17.5717830657959,
        17.600711822509766,
        17.551984786987305,
        17.505538940429688,
        17.543373107910156,
        17.747270584106445,
        17.464841842651367,
        17.3226261138916,
        17.40521812438965,
        17.385969161987305,
        17.407094955444336,
        17.527511596679688,
        17.510591506958008,
        17.26543617248535,
        17.339801788330078,
        17.27672004699707,
        17.414020538330078,
        17.83268165588379,
        17.23497200012207,
        17.27178382873535,
        17.48211097717285,
        17.34188461303711,
        17.32170295715332,
        17.374229431152344,
        17.573156356811523,
        17.40020179748535,
        17.23208236694336,
        17.259267807006836,
        17.185157775878906,
        17.240352630615234,
        17.16304588317871,
        17.180097579956055,
        17.23331642150879,
        17.164552688598633,
        17.182809829711914,
        17.234098434448242,
        17.2222900390625,
        17.229095458984375,
        17.178285598754883,
        17.320688247680664,
        17.120166778564453,
        17.357807159423828,
        17.09348487854004,
        17.116064071655273,
        17.207279205322266,
        17.12906265258789,
        17.142427444458008,
        17.3306941986084,
        17.14268684387207,
        17.059690475463867,
        17.135189056396484,
        17.103975296020508,
        17.167272567749023,
        17.10015869140625,
        17.156118392944336,
        17.147808074951172,
        17.152196884155273,
        17.090293884277344,
        17.12188720703125,
        17.236539840698242,
        17.05621337890625,
        17.07275390625,
        17.070844650268555,
        17.117652893066406,
        17.060806274414062,
        17.02423095703125,
        17.178560256958008,
        17.013296127319336,
        17.163110733032227,
        16.9957275390625,
        17.02755355834961,
        17.025936126708984,
        17.01472282409668,
        17.033201217651367,
        17.157981872558594,
        16.979110717773438,
        17.2749080657959,
        17.022037506103516,
        17.018692016601562,
        17.021709442138672,
        17.033611297607422,
        17.000019073486328,
        17.04323387145996,
        16.986909866333008,
        17.00969696044922,
        17.06413459777832,
        16.954633712768555,
        17.1304874420166,
        17.20130157470703,
        16.95433235168457,
        16.943714141845703,
        17.027902603149414,
        17.011049270629883,
        16.94965934753418,
        17.082958221435547,
        16.954275131225586,
        16.925689697265625,
        16.947147369384766,
        16.928810119628906,
        16.99296760559082,
        16.905227661132812,
        16.9404354095459,
        16.929454803466797,
        16.994346618652344,
        16.9173583984375,
        16.92538833618164,
        16.87563705444336,
        16.917362213134766,
        16.90989875793457,
        16.93086814880371,
        16.908519744873047,
        16.95649528503418,
        16.972402572631836,
        16.967798233032227,
        16.917062759399414,
        16.900543212890625,
        16.88888931274414,
        16.870412826538086,
        16.906726837158203,
        16.899330139160156,
        16.96048355102539,
        16.85112762451172,
        16.91710090637207,
        16.89580726623535,
        16.88753890991211,
        16.810285568237305,
        17.239852905273438,
        16.821863174438477,
        16.90241241455078,
        16.84626579284668,
        16.94527244567871,
        16.862319946289062,
        16.873870849609375,
        16.866331100463867,
        16.833065032958984,
        16.85016632080078,
        16.82777214050293,
        16.884981155395508,
        16.863357543945312,
        16.972890853881836,
        16.816633224487305,
        16.836322784423828,
        16.813297271728516,
        16.889205932617188,
        16.883663177490234,
        16.8422794342041,
        16.84916877746582,
        16.825180053710938,
        16.81214141845703,
        16.82704734802246,
        16.89337921142578,
        16.762590408325195,
        16.83920669555664,
        16.822864532470703,
        16.812429428100586,
        16.783056259155273,
        16.806068420410156,
        16.78614616394043,
        16.781919479370117,
        16.774654388427734,
        16.491422653198242,
        16.431852340698242,
        16.421857833862305,
        16.43026351928711,
        16.434545516967773,
        16.419519424438477,
        16.421875,
        16.43846893310547,
        16.433900833129883,
        16.437593460083008,
        16.41705894470215,
        16.41176414489746,
        16.44786262512207,
        16.427265167236328,
        16.420320510864258,
        16.42831039428711,
        16.421735763549805,
        16.426807403564453,
        16.419960021972656,
        16.41671371459961,
        16.41670799255371,
        16.411958694458008,
        16.420875549316406,
        16.417327880859375,
        16.418943405151367,
        16.43935775756836,
        16.4249324798584,
        16.418664932250977,
        16.412675857543945,
        16.410310745239258,
        16.420879364013672,
        16.40397834777832,
        16.4027042388916,
        16.429933547973633,
        16.406421661376953,
        16.415700912475586,
        16.429458618164062,
        16.41029167175293,
        16.413848876953125,
        16.42146873474121,
        16.419214248657227,
        16.39797019958496,
        16.40414047241211,
        16.403352737426758,
        16.41487693786621,
        16.393878936767578,
        16.40083122253418,
        16.40070152282715,
        16.401147842407227,
