{
    "run_n":8,
    "run_seed":869,
    "ndims":8,
    "nsamples":100000,
    "correlation":"corr",
    "nbijectors":5,
    "bijector":"RealNVPN",
    "spline_knots":8,
    "range_min":-5,
    "hidden_layers":"128-128-128",
    "batch_size":256,
    "activation":"relu",
    "eps_regulariser":0,
    "regulariser":null,
    "dist_seed":0,
    "test_seed":0,
    "kl_divergence":-1,
    "ks_test_mean":0.46198076076869365,
    "ks_test_median":0.49256877460152854,
    "ad_test_mean":0.21059157292464803,
    "ad_test_median":0.21085521881139702,
    "Wasserstein_median":0.03346501159032622,
    "Wasserstein_mean":0.03346501159032622,
    "frob_norm":0.053719120580203665,
    "epochs_input":1000,
    "epochs_output":328,
    "time":1992.3920978866518,
    "train_loss_history":[
        18.61477279663086,
        7.331666469573975,
        6.612017631530762,
        6.3451032638549805,
        6.209319591522217,
        6.123952388763428,
        5.94788932800293,
        5.774074554443359,
        5.767762184143066,
        5.693999767303467,
        5.535722732543945,
        5.519439220428467,
        5.67014217376709,
        5.388661861419678,
        5.381322860717773,
        5.391060829162598,
        5.247906684875488,
        5.23036003112793,
        5.301044464111328,
        5.247368812561035,
        5.176924228668213,
        5.148418426513672,
        5.072530269622803,
        5.345340728759766,
        5.022696495056152,
        5.103776454925537,
        5.031280517578125,
        4.993753910064697,
        5.0042948722839355,
        5.07354211807251,
        5.001090049743652,
        5.129126071929932,
        4.999936580657959,
        4.903120994567871,
        4.9234490394592285,
        4.898484230041504,
        5.041224002838135,
        4.854176998138428,
        4.846282005310059,
        4.8289899826049805,
        4.892036437988281,
        4.765499591827393,
        5.429650783538818,
        4.863588809967041,
        4.857120037078857,
        4.744081020355225,
        4.690382480621338,
        4.739055633544922,
        4.730956554412842,
        4.781414985656738,
        4.680909156799316,
        4.741613388061523,
        4.593987464904785,
        4.720355987548828,
        4.720163822174072,
        4.621552467346191,
        4.610015392303467,
        4.702472686767578,
        4.68684196472168,
        4.600215911865234,
        4.581432342529297,
        4.578219413757324,
        4.636549949645996,
        4.564463138580322,
        4.65410041809082,
        4.564560890197754,
        4.575636386871338,
        4.638521194458008,
        4.604411602020264,
        4.592467308044434,
        4.527937412261963,
        4.554417133331299,
        4.503220558166504,
        4.519434928894043,
        4.548671245574951,
        4.441177845001221,
        4.635982036590576,
        4.54761266708374,
        4.526512145996094,
        4.4350810050964355,
        4.542779445648193,
        4.766372203826904,
        4.522210121154785,
        4.511003017425537,
        4.51227331161499,
        4.474414348602295,
        4.486750602722168,
        4.45051908493042,
        4.499914169311523,
        4.452322959899902,
        4.4812469482421875,
        4.5188069343566895,
        4.436946392059326,
        4.446827411651611,
        4.466566562652588,
        4.396406650543213,
        4.411975860595703,
        4.448288917541504,
        4.493009567260742,
        4.420258522033691,
        4.398520469665527,
        4.395383358001709,
        4.384420394897461,
        4.463359832763672,
        4.385436534881592,
        4.39264440536499,
        4.364651679992676,
        4.375539779663086,
        4.3878092765808105,
        4.383368492126465,
        4.367491245269775,
        4.373692035675049,
        4.354976177215576,
        4.400821208953857,
        4.39311408996582,
        4.392186641693115,
        4.351011276245117,
        4.399866104125977,
        4.405914783477783,
        4.366475582122803,
        4.354035377502441,
        4.343451976776123,
        4.325146198272705,
        4.349551677703857,
        4.3052449226379395,
        4.380503177642822,
        4.419029712677002,
        4.372355937957764,
        4.341022491455078,
        4.395092964172363,
        4.302386283874512,
        4.327993392944336,
        4.366533279418945,
        4.344844818115234,
        4.340802192687988,
        4.329733848571777,
        4.316712856292725,
        4.31408166885376,
        4.317510604858398,
        4.3561177253723145,
        4.331113815307617,
        4.4201273918151855,
        4.397365570068359,
        4.3104963302612305,
        4.396124839782715,
        4.295070171356201,
        4.308894634246826,
        4.280270576477051,
        4.310825347900391,
        4.304816722869873,
        4.303051948547363,
        4.281471252441406,
        4.36026668548584,
        4.305137634277344,
        4.276156425476074,
        4.293828010559082,
        4.2831525802612305,
        4.306268692016602,
        4.2831034660339355,
        4.2664313316345215,
        4.288780689239502,
        4.270474910736084,
        4.278725624084473,
        4.289210319519043,
        4.286144256591797,
        4.271339416503906,
        4.3158721923828125,
        4.291289806365967,
        4.280588626861572,
        4.247834205627441,
        4.2768402099609375,
        4.260524272918701,
        4.303738594055176,
        4.273879051208496,
        4.245797157287598,
        4.299385070800781,
        4.2491021156311035,
        4.27524995803833,
        4.284084320068359,
        4.257770538330078,
        4.247692584991455,
        4.253410339355469,
        4.255853176116943,
        4.262358665466309,
        4.276684284210205,
        4.264533996582031,
        4.257907390594482,
        4.245418071746826,
        4.22730827331543,
        4.240584373474121,
        4.2582926750183105,
        4.2884650230407715,
        4.248565196990967,
        4.269421577453613,
        4.2880167961120605,
        4.247433185577393,
        4.267144203186035,
        4.248892307281494,
        4.227716445922852,
        4.231566429138184,
        4.224754810333252,
        4.325262546539307,
        4.236640453338623,
        4.247219085693359,
        4.254133224487305,
        4.239691734313965,
        4.222476005554199,
        4.245251178741455,
        4.287082195281982,
        4.227288722991943,
        4.230730056762695,
        4.254632472991943,
        4.215371608734131,
        4.257678985595703,
        4.267817497253418,
        4.230358600616455,
        4.210048198699951,
        4.222292423248291,
        4.218179702758789,
        4.239831924438477,
        4.23749303817749,
        4.229499816894531,
        4.20648193359375,
        4.241968631744385,
        4.196629047393799,
        4.553578853607178,
        4.330864429473877,
        4.282979965209961,
        4.271161079406738,
        4.223099708557129,
        4.209772109985352,
        4.21956205368042,
        4.234133243560791,
        4.243824481964111,
        4.199794292449951,
        4.219151496887207,
        4.235341548919678,
        4.211997032165527,
        4.193860054016113,
        4.218539237976074,
        4.2141194343566895,
        4.215615272521973,
        4.220694541931152,
        4.200546741485596,
        4.232805252075195,
        4.222207069396973,
        4.218539237976074,
        4.206292629241943,
        4.205440998077393,
        4.205295562744141,
        4.230288982391357,
        4.219923496246338,
        4.217093467712402,
        4.2012810707092285,
        4.211215972900391,
        4.212921142578125,
        4.235257148742676,
        4.219573020935059,
        4.189848899841309,
        4.179807662963867,
        4.229227066040039,
        4.225893974304199,
        4.207919120788574,
        4.1904215812683105,
        4.240531921386719,
        4.279844760894775,
        4.093870639801025,
