{
    "run_n":3,
    "run_seed":0,
    "ndims":4,
    "nsamples":100000,
    "correlation":"corr",
    "nbijectors":5,
    "bijector":"CsplineN",
    "spline_knots":8,
    "range_min":-16,
    "hidden_layers":"512-512-512",
    "batch_size":512,
    "activation":"relu",
    "eps_regulariser":0,
    "regulariser":null,
    "dist_seed":0,
    "test_seed":0,
    "kl_divergence":-1,
    "ks_test_mean":0.5006496437651744,
    "ks_test_median":0.5081234944344064,
    "ad_test_mean":0.2166057495646243,
    "ad_test_median":0.2157420961591798,
    "Wasserstein_median":0.02774693659209837,
    "Wasserstein_mean":0.02774693659209837,
    "frob_norm":0.008439860352271459,
    "epochs_input":1000,
    "epochs_output":294,
    "time":7245.8259145906195,
    "train_loss_history":[
        7.758496284484863,
        3.444880723953247,
        3.099194288253784,
        3.0035996437072754,
        2.94814133644104,
        2.8403310775756836,
        2.7649896144866943,
        2.769948720932007,
        2.7434794902801514,
        3.3234078884124756,
        2.774648427963257,
        2.700897455215454,
        2.646864175796509,
        2.653877019882202,
        2.614530086517334,
        2.599942922592163,
        2.590092182159424,
        2.585968494415283,
        2.565828323364258,
        2.567026376724243,
        2.5345876216888428,
        2.5378007888793945,
        2.5483784675598145,
        2.5559074878692627,
        2.5205390453338623,
        2.5155467987060547,
        2.5131208896636963,
        2.5020313262939453,
        2.5112390518188477,
        2.52805495262146,
        2.511863946914673,
        2.508361339569092,
        2.4969592094421387,
        2.493969678878784,
        2.4924097061157227,
        2.493565559387207,
        2.500675916671753,
        2.478175640106201,
        2.4908058643341064,
        2.484415292739868,
        2.488842725753784,
        2.4877066612243652,
        2.4724535942077637,
        2.469647169113159,
        2.4892637729644775,
        2.4823379516601562,
        2.4782121181488037,
        2.4686248302459717,
        2.4861092567443848,
        2.457404851913452,
        2.4576189517974854,
        2.4566309452056885,
        2.4555885791778564,
        2.4560389518737793,
        2.49273943901062,
        2.475385904312134,
        2.449265241622925,
        2.4488985538482666,
        2.4522252082824707,
        2.455655813217163,
        2.4606568813323975,
        2.4587292671203613,
        2.440910816192627,
        2.4532721042633057,
        2.462646007537842,
        2.4552252292633057,
        2.438822031021118,
        2.455266237258911,
        2.447742462158203,
        2.4563539028167725,
        2.4497618675231934,
        2.452810049057007,
        2.4378795623779297,
        2.4593520164489746,
        2.4346017837524414,
        2.4363956451416016,
        2.4422168731689453,
        2.4422781467437744,
        2.43695330619812,
        2.438673734664917,
        2.4394969940185547,
        2.4358935356140137,
        2.440464496612549,
        2.441863536834717,
        2.446929454803467,
        2.442068576812744,
        2.4299378395080566,
        2.4191768169403076,
        2.4335858821868896,
        2.4275119304656982,
        2.4323339462280273,
        2.4294564723968506,
        2.4375200271606445,
        2.4394450187683105,
        2.4298524856567383,
        2.433666229248047,
        2.4187211990356445,
        2.4280829429626465,
        2.4186887741088867,
        2.4310920238494873,
        2.4300925731658936,
        2.4234554767608643,
        2.430119752883911,
        2.4255542755126953,
        2.429060697555542,
        2.4216034412384033,
        2.4149463176727295,
        2.4385063648223877,
        2.423593521118164,
        2.4344754219055176,
        2.4239070415496826,
        2.423269748687744,
        2.4182872772216797,
        2.412166118621826,
        2.411473274230957,
        2.6987640857696533,
        2.442502498626709,
        2.4326798915863037,
        2.4223074913024902,
        2.427949905395508,
        2.423884868621826,
        2.425118923187256,
        2.4258670806884766,
        2.424398183822632,
        2.413135528564453,
        2.4251205921173096,
        2.424422264099121,
        2.422365665435791,
        2.4233012199401855,
        2.4207210540771484,
        2.415891170501709,
        2.4084348678588867,
        2.419205665588379,
        2.4191486835479736,
        2.4161128997802734,
        2.4096176624298096,
        2.410926342010498,
        2.40693998336792,
        2.4183926582336426,
        2.407402276992798,
        2.414869546890259,
        2.4170141220092773,
        2.408708333969116,
        2.4102823734283447,
        2.4044246673583984,
        2.4111175537109375,
        2.4088149070739746,
        2.4089837074279785,
        2.410804033279419,
        2.4142403602600098,
        2.4199163913726807,
        2.4129528999328613,
        2.407569408416748,
        2.408637523651123,
        2.4113731384277344,
        2.4025025367736816,
        2.403998374938965,
        2.4085633754730225,
        2.410630226135254,
        2.414189100265503,
        2.408235549926758,
        2.41292667388916,
        2.4071426391601562,
        2.4075911045074463,
        2.404863119125366,
        2.4086809158325195,
        2.40462064743042,
        2.4068002700805664,
        2.4077112674713135,
        2.4020068645477295,
        2.410353422164917,
        2.4036476612091064,
        2.411959409713745,
        2.398892641067505,
        2.4073803424835205,
        2.4002623558044434,
        2.4101386070251465,
        2.4099056720733643,
        2.4064531326293945,
        2.396346092224121,
        2.4079723358154297,
        2.4003047943115234,
        2.4042439460754395,
        2.4261322021484375,
        2.4023232460021973,
        2.397336721420288,
        2.4040675163269043,
        2.396552562713623,
        2.3974757194519043,
        2.3999269008636475,
        2.4009082317352295,
        2.4056930541992188,
        2.40104341506958,
        2.404494285583496,
        2.402482271194458,
        2.398827314376831,
        2.400846004486084,
        2.3962509632110596,
        2.3987643718719482,
        2.400707721710205,
        2.398960828781128,
        2.39627742767334,
        2.396620273590088,
        2.3995614051818848,
        2.399911403656006,
        2.3972837924957275,
        2.3975796699523926,
        2.3961286544799805,
        2.407454490661621,
        2.403059482574463,
        2.4022231101989746,
        2.399686574935913,
        2.394162178039551,
        2.3983845710754395,
        2.3930225372314453,
        2.397038221359253,
        2.3950796127319336,
        2.3991894721984863,
        2.396620750427246,
        2.405513286590576,
        2.3991336822509766,
        2.3923323154449463,
        2.3986430168151855,
        2.393512010574341,
        2.394834518432617,
        2.3989999294281006,
        2.391665458679199,
        2.3978207111358643,
        2.401236057281494,
        2.4051599502563477,
        2.3653981685638428,
        2.3626179695129395,
        2.3600857257843018,
        2.36077880859375,
        2.35978627204895,
        2.360969066619873,
        2.3593482971191406,
        2.359222412109375,
        2.3578238487243652,
        2.3594048023223877,
        2.359970808029175,
        2.358619213104248,
        2.3595502376556396,
        2.358778953552246,
        2.358731985092163,
        2.358327627182007,
        2.362351894378662,
        2.3600330352783203,
        2.3579132556915283,
        2.3589115142822266,
        2.358039617538452,
        2.3567264080047607,
        2.3585216999053955,
        2.359792947769165,
        2.357227087020874,
        2.359809160232544,
        2.3609654903411865,
        2.3579814434051514,
        2.3578739166259766,
        2.357968807220459,
        2.358599901199341,
        2.3594021797180176,
