{
    "run_n":23,
    "run_seed":0,
    "ndims":100,
    "nsamples":100000,
    "correlation":"corr",
    "nbijectors":2,
    "bijector":"MsplineN",
    "spline_knots":12,
    "range_min":-16,
    "hidden_layers":"128-128-128",
    "batch_size":512,
    "activation":"relu",
    "eps_regulariser":0,
    "regulariser":null,
    "dist_seed":0,
    "test_seed":0,
    "kl_divergence":-1,
    "ks_test_mean":0.46109851773814176,
    "ks_test_median":0.4683080910539501,
    "ad_test_mean":0.20800327397483404,
    "ad_test_median":0.2064182576746087,
    "Wasserstein_median":0.046701358123660754,
    "Wasserstein_mean":0.046701358123660754,
    "frob_norm":0.9008663480710305,
    "epochs_input":1000,
    "epochs_output":226,
    "time":1213.5491429832764,
    "train_loss_history":[
        195.1880645751953,
        53.80836868286133,
        47.48688507080078,
        45.47370147705078,
        44.309471130371094,
        43.590850830078125,
        43.52702331542969,
        42.862056732177734,
        42.49443435668945,
        42.42581558227539,
        42.313899993896484,
        42.2227897644043,
        42.0690803527832,
        41.83466339111328,
        41.7713737487793,
        41.87356185913086,
        41.671836853027344,
        41.5393180847168,
        41.5015754699707,
        41.50804138183594,
        41.49709701538086,
        41.36817932128906,
        41.34486770629883,
        41.23621368408203,
        41.25830078125,
        41.27131271362305,
        41.29203414916992,
        41.15745162963867,
        41.13515090942383,
        41.141387939453125,
        41.040260314941406,
        41.133033752441406,
        41.04287338256836,
        40.987850189208984,
        41.06935119628906,
        41.03483581542969,
        41.06038284301758,
        40.97480010986328,
        40.957496643066406,
        40.90950012207031,
        40.870849609375,
        40.880496978759766,
        40.886016845703125,
        40.87464141845703,
        40.8492546081543,
        40.77450942993164,
        40.73419952392578,
        40.76236343383789,
        41.19261169433594,
        40.96977233886719,
        40.751705169677734,
        40.79326629638672,
        40.73088073730469,
        40.736854553222656,
        40.724002838134766,
        40.692935943603516,
        41.0852165222168,
        40.685279846191406,
        40.70793151855469,
        40.64795684814453,
        40.72393035888672,
        40.681583404541016,
        40.62333679199219,
        40.6041374206543,
        40.593910217285156,
        40.60431671142578,
        40.61396408081055,
        40.643184661865234,
        40.618526458740234,
        40.596351623535156,
        40.62253952026367,
        40.55184555053711,
        40.5683479309082,
        40.544376373291016,
        40.649559020996094,
        40.4847526550293,
        40.56443405151367,
        40.545814514160156,
        40.56689453125,
        40.54179382324219,
        40.5009880065918,
        40.50803756713867,
        40.452613830566406,
        40.471466064453125,
        40.456390380859375,
        40.482078552246094,
        40.48591995239258,
        40.420040130615234,
        40.45552062988281,
        40.412940979003906,
        40.42247009277344,
        40.457069396972656,
        40.44219970703125,
        40.45908737182617,
        40.3953742980957,
        40.3939323425293,
        40.35830307006836,
        40.3781623840332,
        40.46781921386719,
        40.361083984375,
        40.368255615234375,
        40.37059783935547,
        40.34752655029297,
        40.33623504638672,
        40.33048629760742,
        40.32236099243164,
        40.358306884765625,
        40.36515426635742,
        40.319236755371094,
        40.32016372680664,
        40.316490173339844,
        40.32984161376953,
        40.32033920288086,
        40.333099365234375,
        40.30097961425781,
        40.29503631591797,
        40.305572509765625,
        40.25699234008789,
        40.27935028076172,
        40.24745178222656,
        40.26348876953125,
        40.26626205444336,
        40.21356201171875,
        40.25641632080078,
        40.27579116821289,
        40.225860595703125,
        40.281192779541016,
        40.28307342529297,
        40.17819595336914,
        40.200408935546875,
        40.25153732299805,
        40.15202331542969,
        40.199920654296875,
        40.2100830078125,
        40.204715728759766,
        40.189186096191406,
        40.18955612182617,
        40.20170974731445,
        40.18263626098633,
        40.214027404785156,
        40.146400451660156,
        40.12676239013672,
        40.16856384277344,
        40.18743133544922,
        40.232425689697266,
        40.113922119140625,
        40.105804443359375,
        40.138492584228516,
        40.154029846191406,
        40.16273880004883,
        40.14617919921875,
        40.113162994384766,
        40.0483283996582,
        40.17234802246094,
        40.088462829589844,
        40.07537841796875,
        40.13339614868164,
        40.0807991027832,
        40.07416915893555,
        40.09486770629883,
        40.08436584472656,
        40.07494354248047,
        40.12154006958008,
        40.079917907714844,
        40.10216522216797,
        39.61954116821289,
        39.584129333496094,
        39.5800666809082,
        39.58021545410156,
        39.57666015625,
        39.58485412597656,
        39.581661224365234,
        39.57536315917969,
        39.58262252807617,
        39.58778381347656,
        39.571224212646484,
        39.58362579345703,
        39.58302688598633,
        39.579097747802734,
        39.58061218261719,
        39.57741165161133,
        39.586509704589844,
        39.58324432373047,
        39.566715240478516,
        39.58220291137695,
        39.576324462890625,
        39.57592010498047,
        39.56879806518555,
        39.560264587402344,
        39.57063293457031,
        39.57368469238281,
        39.56558609008789,
        39.56948471069336,
        39.576717376708984,
        39.562191009521484,
        39.554222106933594,
        39.57406997680664,
        39.5698127746582,
        39.560489654541016,
        39.567989349365234,
        39.54997253417969,
        39.56175994873047,
        39.564613342285156,
        39.5514030456543,
        39.54841232299805,
        39.56217575073242,
        39.548118591308594,
        39.546138763427734,
        39.54791259765625,
        39.55536651611328,
        39.549686431884766,
        39.55699920654297,
        39.5576171875,
        39.54716110229492,
        39.53774642944336,
        39.5421028137207,
        39.4334602355957,
        39.42698669433594,
        39.42167282104492,
        39.42206573486328,
        39.42161178588867,
        39.42142105102539,
        39.42320251464844,
        39.422645568847656,
        39.422088623046875,
        39.42293930053711
    ],