{
    "run_n":4,
    "run_seed":440,
    "ndims":100,
    "nsamples":100000,
    "correlation":"corr",
    "nbijectors":2,
    "bijector":"MsplineN",
    "spline_knots":12,
    "range_min":-16,
    "hidden_layers":"128-128-128",
    "batch_size":512,
    "activation":"relu",
    "eps_regulariser":0,
    "regulariser":null,
    "dist_seed":0,
    "test_seed":0,
    "ks_mean":0.00242224157523473,
    "ks_std":0.02088339842937244,
    "ad_mean":0.003073560478534194,
    "ad_std":0.01747483956285511,
    "wd_mean":0.17459076020067146,
    "wd_std":0.10335568753313112,
    "swd_mean":0.16943742717100696,
    "swd_std":0.1160231971953621,
    "fn_mean":2.4378506041835943,
    "fn_std":0.24899935711088772,
    "epochs_input":1000,
    "epochs_output":223,
    "time":1739.7720731967129,
    "train_loss_history":[
        220.1000213623047,
        59.203765869140625,
        50.842254638671875,
        47.881771087646484,
        46.33616638183594,
        45.520511627197266,
        44.776344299316406,
        44.12269592285156,
        43.602943420410156,
        43.45215606689453,
        42.785072326660156,
        42.490943908691406,
        42.58469009399414,
        42.27540588378906,
        42.29533767700195,
        42.02019119262695,
        41.9777717590332,
        41.80876541137695,
        41.693321228027344,
        41.69657516479492,
        41.5518684387207,
        41.46686553955078,
        41.4149055480957,
        41.57691955566406,
        41.43511199951172,
        41.2073860168457,
        41.19380187988281,
        41.330284118652344,
        41.22167205810547,
        41.10542678833008,
        41.147342681884766,
        41.14837646484375,
        41.17040252685547,
        40.956974029541016,
        40.94705581665039,
        41.04570388793945,
        40.97840118408203,
        40.87714767456055,
        40.99866485595703,
        40.856285095214844,
        40.891014099121094,
        40.94382858276367,
        40.821327209472656,
        40.878997802734375,
        40.81643295288086,
        40.87278747558594,
        40.784481048583984,
        40.760215759277344,
        40.899391174316406,
        40.75328826904297,
        40.73406219482422,
        40.729331970214844,
        40.74102783203125,
        40.71184539794922,
        40.688594818115234,
        40.66344451904297,
        40.6856689453125,
        40.63056945800781,
        40.659908294677734,
        40.63039779663086,
        40.661190032958984,
        40.6949577331543,
        40.60895919799805,
        40.65121841430664,
        40.62604904174805,
        40.61665725708008,
        40.57904052734375,
        40.58548355102539,
        40.58662033081055,
        40.580562591552734,
        40.558074951171875,
        40.53382873535156,
        40.57816696166992,
        40.54034423828125,
        40.52941131591797,
        40.534915924072266,
        40.534523010253906,
        40.5328369140625,
        40.53059387207031,
        40.51298141479492,
        40.51038360595703,
        40.510459899902344,
        40.53330612182617,
        40.53345489501953,
        40.48863220214844,
        40.449012756347656,
        40.46743392944336,
        40.485557556152344,
        40.50809097290039,
        40.47460174560547,
        40.43772888183594,
        40.45131301879883,
        40.442848205566406,
        40.45208740234375,
        40.44580078125,
        40.410438537597656,
        40.41154861450195,
        40.466697692871094,
        40.46828079223633,
        40.403411865234375,
        40.452667236328125,
        40.386661529541016,
        40.41587448120117,
        40.36052322387695,
        40.414737701416016,
        40.41505432128906,
        40.35317611694336,
        40.391170501708984,
        40.3507080078125,
        40.39026641845703,
        40.373687744140625,
        40.372310638427734,
        40.41667938232422,
        40.37617111206055,
        40.3647346496582,
        40.35940170288086,
        40.349449157714844,
        40.31987380981445,
        40.34688949584961,
        40.357540130615234,
        40.331825256347656,
        40.324562072753906,
        40.36334991455078,
        40.369171142578125,
        40.324798583984375,
        40.27430725097656,
        40.3082389831543,
        40.28178024291992,
        40.266117095947266,
        40.316062927246094,
        40.25490188598633,
        40.3101692199707,
        40.29640579223633,
        40.296844482421875,
        40.264404296875,
        40.28595733642578,
        40.275657653808594,
        40.318687438964844,
        40.270263671875,
        40.24517059326172,
        40.232486724853516,
        40.262046813964844,
        40.26710891723633,
        40.2331657409668,
        40.24409103393555,
        40.2127685546875,
        40.23590087890625,
        40.25338363647461,
        40.28111267089844,
        40.20907974243164,
        40.27701950073242,
        40.22731018066406,
        40.23012161254883,
        40.22270584106445,
        40.185298919677734,
        40.23002243041992,
        40.20828628540039,
        40.23783874511719,
        39.809226989746094,
        39.77532196044922,
        39.77421188354492,
        39.7740592956543,
        39.774654388427734,
        39.77450180053711,
        39.780250549316406,
        39.777259826660156,
        39.77932357788086,
        39.77803421020508,
        39.7819938659668,
        39.7800407409668,
        39.7758903503418,
        39.775413513183594,
        39.778873443603516,
        39.781036376953125,
        39.79021072387695,
        39.790523529052734,
        39.7772331237793,
        39.7687873840332,
        39.77094268798828,
        39.77383804321289,
        39.77532196044922,
        39.77153778076172,
        39.784942626953125,
        39.769630432128906,
        39.78487777709961,
        39.776798248291016,
        39.7747802734375,
        39.77918243408203,
        39.7642936706543,
        39.774383544921875,
        39.77568817138672,
        39.76590347290039,
        39.76093673706055,
        39.76710510253906,
        39.77136993408203,
        39.77536392211914,
        39.760833740234375,
        39.768489837646484,
        39.7587776184082,
        39.75736618041992,
        39.766357421875,
        39.76496887207031,
        39.75760269165039,
        39.764434814453125,
        39.762237548828125,
        39.75569152832031,
        39.76526641845703,
        39.75331115722656,
        39.75102615356445,
        39.74982833862305,
        39.757511138916016,
        39.76316452026367,
        39.76536560058594,
        39.65047073364258,
        39.64440155029297,
        39.642822265625,
        39.641998291015625,
        39.64190673828125,
        39.64508819580078,
        39.642948150634766,
        39.64533996582031,
        39.64480209350586,
        39.643192291259766
    ],