{
    "run_n":4,
    "run_seed":440,
    "ndims":100,
    "nsamples":100000,
    "correlation":"corr",
    "nbijectors":2,
    "bijector":"MsplineN",
    "spline_knots":12,
    "range_min":-16,
    "hidden_layers":"256-256-256",
    "batch_size":512,
    "activation":"relu",
    "eps_regulariser":0,
    "regulariser":null,
    "dist_seed":0,
    "test_seed":0,
    "kl_divergence":-1,
    "ks_test_mean":0.39516976035080503,
    "ks_test_median":0.40962942345359454,
    "ad_test_mean":0.20049302810777112,
    "ad_test_median":0.1879533193701709,
    "Wasserstein_median":0.05806048396238741,
    "Wasserstein_mean":0.05806048396238741,
    "frob_norm":1.1866319313997773,
    "epochs_input":1000,
    "epochs_output":144,
    "time":1212.2873120619915,
    "train_loss_history":[
        175.10293579101562,
        55.75936508178711,
        49.59105682373047,
        46.57059860229492,
        45.36913299560547,
        44.75079345703125,
        44.156463623046875,
        43.59601974487305,
        43.208351135253906,
        43.2204475402832,
        42.89824676513672,
        42.67872619628906,
        42.443031311035156,
        42.578189849853516,
        42.237674713134766,
        42.39350891113281,
        42.0907096862793,
        41.91490173339844,
        41.90102005004883,
        41.74156951904297,
        41.647884368896484,
        41.642601013183594,
        41.802825927734375,
        41.405799865722656,
        41.32699966430664,
        41.26378631591797,
        41.2224006652832,
        41.42977523803711,
        41.14537048339844,
        41.1611213684082,
        41.141361236572266,
        41.089256286621094,
        41.06416320800781,
        41.05467224121094,
        40.98714828491211,
        40.95552444458008,
        41.013954162597656,
        40.856563568115234,
        40.84171676635742,
        40.8889045715332,
        40.919898986816406,
        40.78865051269531,
        40.86153793334961,
        40.79656219482422,
        40.82759475708008,
        40.823448181152344,
        40.72642517089844,
        40.78692626953125,
        40.80469512939453,
        40.73136520385742,
        40.61168670654297,
        40.78529357910156,
        40.669090270996094,
        40.771663665771484,
        40.56159973144531,
        40.59402847290039,
        40.6028938293457,
        40.53060531616211,
        40.55140686035156,
        40.58637237548828,
        40.64576721191406,
        40.51754379272461,
        40.47579574584961,
        40.50103759765625,
        40.50835037231445,
        40.454551696777344,
        40.52181625366211,
        40.59124755859375,
        40.43721008300781,
        40.41265869140625,
        40.414268493652344,
        40.38423156738281,
        40.398155212402344,
        40.3221321105957,
        40.34799575805664,
        40.31767654418945,
        40.364341735839844,
        40.354820251464844,
        40.35463333129883,
        40.30940246582031,
        40.27623748779297,
        40.299095153808594,
        40.29206085205078,
        40.2126579284668,
        40.239524841308594,
        40.1758918762207,
        40.18879318237305,
        40.18201446533203,
        40.208030700683594,
        40.821292877197266,
        40.329463958740234,
        40.1916389465332,
        40.11844253540039,
        40.145957946777344,
        40.12625503540039,
        40.08974838256836,
        40.12508010864258,
        40.08454895019531,
        40.07130813598633,
        40.03858184814453,
        40.011287689208984,
        40.00394821166992,
        40.00397491455078,
        39.97392654418945,
        39.997100830078125,
        39.99415588378906,
        39.940216064453125,
        39.960166931152344,
        39.96171569824219,
        39.957664489746094,
        39.93586349487305,
        39.95646286010742,
        40.343807220458984,
        39.93263244628906,
        39.92182540893555,
        39.89553451538086,
        39.872398376464844,
        40.42375946044922,
        39.92702102661133,
        39.88254165649414,
        39.856353759765625,
        39.834747314453125,
        39.83740997314453,
        39.79808044433594,
        39.79791259765625,
        39.77385711669922,
        39.779109954833984,
        39.727413177490234,
        39.70869827270508,
        39.772430419921875,
        39.68003463745117,
        39.82502365112305,
        39.7641487121582,
        39.710418701171875,
        39.12656021118164,
        39.06266403198242,
        39.053646087646484,
        39.047996520996094,
        39.061920166015625,
        39.04121398925781,
        39.036354064941406,
        39.040748596191406,
        39.02655792236328,
        39.03630447387695
    ],