{
    "run_n":1,
    "run_seed":0,
    "ndims":16,
    "nsamples":100000,
    "correlation":"corr",
    "nbijectors":2,
    "bijector":"MsplineN",
    "spline_knots":8,
    "range_min":-16,
    "hidden_layers":"128-128-128",
    "batch_size":512,
    "activation":"relu",
    "eps_regulariser":0,
    "regulariser":null,
    "dist_seed":0,
    "test_seed":0,
    "kl_divergence":-1,
    "ks_test_mean":0.4463622907447519,
    "ks_test_median":0.45702544721863186,
    "ad_test_mean":0.20705734959155198,
    "ad_test_median":0.19875524100286168,
    "Wasserstein_median":0.02545900293413927,
    "Wasserstein_mean":0.02545900293413927,
    "frob_norm":0.23664371514703286,
    "epochs_input":1000,
    "epochs_output":216,
    "time":1426.4092951770872,
    "train_loss_history":[
        37.64419937133789,
        7.358419418334961,
        6.205564498901367,
        5.8430609703063965,
        5.6774821281433105,
        5.586885452270508,
        5.517274856567383,
        5.4957733154296875,
        5.449549674987793,
        5.430512428283691,
        5.395515441894531,
        5.38463020324707,
        5.335227012634277,
        5.36366081237793,
        5.328994274139404,
        5.326168537139893,
        5.317090034484863,
        5.299860000610352,
        5.2811384201049805,
        5.287665367126465,
        5.290327072143555,
        5.264982223510742,
        5.274860382080078,
        5.275983810424805,
        5.263540267944336,
        5.244143486022949,
        5.271131992340088,
        5.2627949714660645,
        5.252053737640381,
        5.251230716705322,
        5.233891010284424,
        5.247262001037598,
        5.238254547119141,
        5.220693111419678,
        5.236369609832764,
        5.229654312133789,
        5.2288336753845215,
        5.226841449737549,
        5.223862648010254,
        5.233894348144531,
        5.215497016906738,
        5.250624179840088,
        5.218863010406494,
        5.21425199508667,
        5.207893371582031,
        5.229796886444092,
        5.206621170043945,
        5.190731525421143,
        5.19276762008667,
        5.207263469696045,
        5.18790340423584,
        5.199619293212891,
        5.199957847595215,
        5.209916591644287,
        5.192723274230957,
        5.203390121459961,
        5.195805549621582,
        5.1942219734191895,
        5.191854476928711,
        5.1960368156433105,
        5.181997299194336,
        5.185277462005615,
        5.182502746582031,
        5.177734375,
        5.191889762878418,
        5.183985710144043,
        5.172169208526611,
        5.16747522354126,
        5.183364391326904,
        5.178720474243164,
        5.169461250305176,
        5.1800336837768555,
        5.1626715660095215,
        5.1749725341796875,
        5.17996072769165,
        5.168665409088135,
        5.170971870422363,
        5.16766357421875,
        5.1687421798706055,
        5.161247730255127,
        5.16821813583374,
        5.153260231018066,
        5.152585506439209,
        5.15813684463501,
        5.167389392852783,
        5.194369792938232,
        5.155763626098633,
        5.154594898223877,
        5.158876419067383,
        5.164709091186523,
        5.149745464324951,
        5.151555061340332,
        5.194055557250977,
        5.168087482452393,
        5.145627975463867,
        5.149928092956543,
        5.145562648773193,
        5.144478797912598,
        5.155879974365234,
        5.153143882751465,
        5.135976791381836,
        5.140761852264404,
        5.147061824798584,
        5.146450996398926,
        5.145272254943848,
        5.144631385803223,
        5.143757343292236,
        5.136078357696533,
        5.139710903167725,
        5.13007926940918,
        5.138455390930176,
        5.138435363769531,
        5.130971908569336,
        5.14285135269165,
        5.127996444702148,
        5.13101053237915,
        5.131356239318848,
        5.134544372558594,
        5.128983020782471,
        5.132003307342529,
        5.12388801574707,
        5.138774871826172,
        5.125140190124512,
        5.126108169555664,
        5.141530513763428,
        5.126676082611084,
        5.127541542053223,
        5.124521255493164,
        5.1312642097473145,
        5.139789581298828,
        5.119926929473877,
        5.115240097045898,
        5.134426593780518,
        5.120960712432861,
        5.122013092041016,
        5.11244535446167,
        5.126905918121338,
        5.1089653968811035,
        5.117845058441162,
        5.108778953552246,
        5.123303413391113,
        5.110093593597412,
        5.112447261810303,
        5.107294082641602,
        5.106031894683838,
        5.126174449920654,
        5.113525390625,
        5.106198310852051,
        5.104411602020264,
        5.099343776702881,
        5.110555648803711,
        5.103658676147461,
        5.107027053833008,
        5.10861349105835,
        5.114194393157959,
        5.098275661468506,
        5.103481769561768,
        5.104117393493652,
        5.106735706329346,
        5.094348430633545,
        5.097477436065674,
        5.1180524826049805,
        5.088207721710205,
        5.121896266937256,
        5.110860347747803,
        5.095208644866943,
        5.075743198394775,
        5.0854082107543945,
        5.099705696105957,
        5.097984313964844,
        5.08950662612915,
        5.0933756828308105,
        5.086277961730957,
        5.099152565002441,
        5.086694240570068,
        5.098306655883789,
        5.080511569976807,
        5.090569496154785,
        5.09096097946167,
        5.079626560211182,
        5.091855049133301,
        5.085165023803711,
        5.081804275512695,
        5.080150604248047,
        5.083466053009033,
        5.076644420623779,
        5.081550598144531,
        5.076171398162842,
        5.085571765899658,
        5.081751346588135,
        5.074495315551758,
        5.068501949310303,
        5.076048851013184,
        5.080864906311035,
        5.077325820922852,
        5.074446201324463,
        5.071037769317627,
        5.07926082611084,
        5.10881233215332,
        5.074214458465576,
        5.066487789154053,
        5.0659308433532715,
        5.070949554443359,
        5.064706325531006,
        5.081625938415527,
        5.07169771194458,
        5.011722564697266,
        5.005687713623047,
        5.006686687469482,
        5.004217624664307,
        5.004748344421387,
        5.004539966583252,
        5.004505634307861,
        5.004081726074219,
        5.003766059875488,
        5.003307819366455
    ],