{
    "run_n":16,
    "run_seed":0,
    "ndims":32,
    "nsamples":100000,
    "correlation":"corr",
    "nbijectors":10,
    "bijector":"MAFN",
    "spline_knots":8,
    "range_min":-5,
    "hidden_layers":"256-256-256",
    "batch_size":512,
    "activation":"relu",
    "eps_regulariser":0,
    "regulariser":null,
    "dist_seed":0,
    "test_seed":0,
    "kl_divergence":-1,
    "ks_test_mean":0.009973692497682802,
    "ks_test_median":3.841392552817492e-06,
    "ad_test_mean":0.0010000000000000002,
    "ad_test_median":0.005442690656563879,
    "Wasserstein_median":0.29074323380073874,
    "Wasserstein_mean":0.29074323380073874,
    "frob_norm":0.46389645385483713,
    "epochs_input":1000,
    "epochs_output":72,
    "time":348.9151017330587,
    "train_loss_history":[
        77.68376159667969,
        59.54807662963867,
        57.21782684326172,
        55.999046325683594,
        55.11219024658203,
        53.88780975341797,
        52.81694412231445,
        51.89044952392578,
        51.31861877441406,
        50.76691818237305,
        50.206573486328125,
        49.685794830322266,
        51.98514175415039,
        NaN,
        NaN,
        NaN,
        NaN,
        NaN,
        NaN,
        NaN,
        NaN,
        NaN,
        NaN,
        NaN,
        NaN,
        NaN,
        NaN,
        NaN,
        NaN,
        NaN,
        NaN,
        NaN,
        NaN,
        NaN,
        NaN,
        NaN,
        NaN,
        NaN,
        NaN,
        NaN,
        NaN,
        NaN,
        NaN,
        NaN,
        NaN,
        NaN,
        NaN,
        NaN,
        NaN,
        NaN,
        NaN,
        NaN,
        NaN,
        NaN,
        NaN,
        NaN,
        NaN,
        NaN,
        NaN,
        NaN,
        NaN,
        NaN,
        NaN,
        NaN,
        NaN,
        NaN,
        NaN,
        NaN,
        NaN,
        NaN,
        NaN,
        NaN
    ],
    "val_loss_history":[
        61.36012268066406,
        58.05988693237305,
        56.74997329711914,
        55.2305908203125,
        54.33516311645508,
        53.12215042114258,
        52.45887756347656,
        51.438819885253906,
        51.536373138427734,
        50.59503173828125,
        49.727272033691406,
        49.505592346191406,
        87.7158203125,
        NaN,
        NaN,
        NaN,
        NaN,
        NaN,
        NaN,
        NaN,
        NaN,
        NaN,
        NaN,
        NaN,
        NaN,
        NaN,
        NaN,
        NaN,
        NaN,
        NaN,
        NaN,
        NaN,
        NaN,
        NaN,
        NaN,
        NaN,
        NaN,
        NaN,
        NaN,
        NaN,
        NaN,
        NaN,
        NaN,
        NaN,
        NaN,
        NaN,
        NaN,
        NaN,
        NaN,
        NaN,
        NaN,
        NaN,
        NaN,
        NaN,
        NaN,
        NaN,
        NaN,
        NaN,
        NaN,
        NaN,
        NaN,
        NaN,
        NaN,
        NaN,
        NaN,
        NaN,
        NaN,
        NaN,
        NaN,
        NaN,
        NaN,
        NaN
    ],
    "best_train_loss":[],
    "best_val_loss":NaN,
    "best_epoch":[]
}