{
    "run_n":33,
    "run_seed":0,
    "ndims":1000,
    "nsamples":100000,
    "correlation":"corr",
    "nbijectors":5,
    "bijector":"MAFN",
    "spline_knots":8,
    "range_min":-5,
    "hidden_layers":"128-128-128",
    "batch_size":512,
    "activation":"relu",
    "eps_regulariser":0,
    "regulariser":null,
    "dist_seed":0,
    "test_seed":0,
    "kl_divergence":-1,
    "ks_test_mean":0.00945859443749274,
    "ks_test_median":2.798182681147053e-15,
    "ad_test_mean":0.0010000000000000002,
    "ad_test_median":0.005276183896407782,
    "Wasserstein_median":0.6413555347005394,
    "Wasserstein_mean":0.6413555347005394,
    "frob_norm":13.878619234946152,
    "epochs_input":1000,
    "epochs_output":134,
    "time":399.41545172408223,
    "train_loss_history":[
        2935.357177734375,
        2047.8270263671875,
        2043.5174560546875,
        2041.9041748046875,
        2041.01806640625,
        2040.5126953125,
        2040.00732421875,
        2039.530029296875,
        2038.96044921875,
        2038.3280029296875,
        2038.1202392578125,
        2037.268310546875,
        2036.95654296875,
        2036.5614013671875,
        2036.522705078125,
        2036.189453125,
        2035.9158935546875,
        2035.6226806640625,
        2035.1341552734375,
        2037.724365234375,
        2034.0450439453125,
        2033.0596923828125,
        2032.4283447265625,
        2032.103759765625,
        2031.7529296875,
        2031.261962890625,
        2032.0916748046875,
        2030.9547119140625,
        2029.9403076171875,
        2029.4815673828125,
        2029.2509765625,
        2028.9298095703125,
        2029.7552490234375,
        2028.5391845703125,
        2028.4283447265625,
        2027.6962890625,
        2027.666259765625,
        2027.0098876953125,
        2026.79541015625,
        2026.7393798828125,
        2026.91015625,
        2025.931884765625,
        2025.619140625,
        2025.26123046875,
        2024.9163818359375,
        2024.4632568359375,
        2025.8233642578125,
        2024.10791015625,
        2023.73095703125,
        2023.319580078125,
        2023.4434814453125,
        2022.99560546875,
        2023.14697265625,
        2022.433837890625,
        2023.0587158203125,
        2021.358642578125,
        2021.18701171875,
        2020.498291015625,
        2020.0306396484375,
        2019.6927490234375,
        2020.4110107421875,
        2022.028564453125,
        2019.140625,
        2018.426025390625,
        2018.09375,
        2017.7650146484375,
        2017.4951171875,
        2017.308349609375,
        2019.86669921875,
        2017.24365234375,
        2016.7537841796875,
        2016.193115234375,
        2015.9345703125,
        2017.6688232421875,
        2015.98583984375,
        2015.4893798828125,
        2014.9984130859375,
        2014.6944580078125,
        2014.3677978515625,
        2014.1265869140625,
        2014.0799560546875,
        2014.031982421875,
        2013.197265625,
        2012.914794921875,
        2012.6297607421875,
        2012.6156005859375,
        2012.158203125,
        2015.4847412109375,
        2013.2347412109375,
        2011.7159423828125,
        2011.2069091796875,
        2017.29296875,
        2011.368408203125,
        2010.400634765625,
        2009.9688720703125,
        2009.4742431640625,
        2009.143310546875,
        2008.8231201171875,
        2008.771240234375,
        2008.62060546875,
        2008.47265625,
        2008.22216796875,
        2008.0921630859375,
        2007.8525390625,
        2007.5894775390625,
        2007.358642578125,
        2007.79150390625,
        2007.46240234375,
        2007.0667724609375,
        2006.8865966796875,
        2006.4141845703125,
        2006.090087890625,
        2006.013916015625,
        2006.4459228515625,
        NaN,
        NaN,
        NaN,
        NaN,
        NaN,
        NaN,
        NaN,
        NaN,
        NaN,
        NaN,
        NaN,
        NaN,
        NaN,
        NaN,
        NaN,
        NaN,
        NaN,
        NaN,
        NaN,
        NaN
    ],
    "val_loss_history":[
        2053.02001953125,
        2045.344482421875,
        2042.8858642578125,
        2041.9005126953125,
        2041.27783203125,
        2040.736572265625,
        2040.3275146484375,
        2039.9205322265625,
        2039.172607421875,
        2038.6693115234375,
        2038.168701171875,
        2039.1986083984375,
        2038.4112548828125,
        2037.437744140625,
        2036.9989013671875,
        2037.760986328125,
        2036.8109130859375,
        2036.3682861328125,
        2036.1527099609375,
        2036.0438232421875,
        2034.896240234375,
        2034.4625244140625,
        2034.622314453125,
        2032.8536376953125,
        2034.792236328125,
        2033.1920166015625,
        2032.11279296875,
        2032.29541015625,
        2032.5062255859375,
        2032.40576171875,
        2032.42431640625,
        2032.7362060546875,
        2033.0054931640625,
        2032.8924560546875,
        2031.380859375,
        2032.6602783203125,
        2031.6219482421875,
        2030.77294921875,
        2031.76318359375,
        2038.185302734375,
        2045.4337158203125,
        2030.5107421875,
        2030.084716796875,
        2030.887939453125,
        2030.644775390625,
        2031.4273681640625,
        2030.184326171875,
        2030.7730712890625,
        2030.27001953125,
        2030.334228515625,
        2030.81787109375,
        2031.301513671875,
        2030.796875,
        2036.9625244140625,
        2030.394287109375,
        2031.0264892578125,
        2030.77783203125,
        2031.34716796875,
        2030.6517333984375,
        2033.1085205078125,
        2034.5694580078125,
        2029.7823486328125,
        2031.5731201171875,
        2032.2398681640625,
        2034.118896484375,
        2031.937255859375,
        2033.21533203125,
        2034.8985595703125,
        2033.8150634765625,
        2035.382568359375,
        2033.23779296875,
        2034.7266845703125,
        2042.530517578125,
        2029.77734375,
        2033.611328125,
        2034.85400390625,
        2036.653564453125,
        2040.8740234375,
        2038.1353759765625,
        2042.0821533203125,
        2041.7860107421875,
        2045.5767822265625,
        2044.74658203125,
        2046.821044921875,
        2046.5390625,
        2046.4873046875,
        2043.0382080078125,
        2041.86865234375,
        2040.2318115234375,
        2043.84521484375,
        2049.591552734375,
        2044.0242919921875,
        2043.08154296875,
        2043.3089599609375,
        2043.76416015625,
        2042.1995849609375,
        2114.243896484375,
        2343.295654296875,
        Infinity,
        23656.029296875,
        3.042453560695205e+31,
        2134.42822265625,
        5698.43798828125,
        2064.95947265625,
        2222.663330078125,
        1.1397060726850007e+26,
        1.671690435124265e+17,
        Infinity,
        2.9051087321888195e+18,
        Infinity,
        Infinity,
        Infinity,
        Infinity,
        Infinity,
        NaN,
        NaN,
        NaN,
        NaN,
        NaN,
        NaN,
        NaN,
        NaN,
        NaN,
        NaN,
        NaN,
        NaN,
        NaN,
        NaN,
        NaN,
        NaN,
        NaN,
        NaN,
        NaN,
        NaN
    ],
    "best_train_loss":[],
    "best_val_loss":NaN,
    "best_epoch":[]
}