{
    "run_n":3,
    "run_seed":377,
    "ndims":100,
    "nsamples":100000,
    "correlation":"corr",
    "nbijectors":2,
    "bijector":"MsplineN",
    "spline_knots":12,
    "range_min":-16,
    "hidden_layers":"128-128-128",
    "batch_size":512,
    "activation":"relu",
    "eps_regulariser":0,
    "regulariser":null,
    "dist_seed":0,
    "test_seed":0,
    "ks_mean":0.2382420077142285,
    "ks_std":0.2425002449261387,
    "ad_mean":0.1352447118794788,
    "ad_std":0.10002005950351041,
    "wd_mean":0.04942103858100094,
    "wd_std":0.028387776924447224,
    "swd_mean":0.0491547280481084,
    "swd_std":0.030196852279150484,
    "fn_mean":1.4736034092273016,
    "fn_std":0.345817339507089,
    "epochs_input":1000,
    "epochs_output":211,
    "time":1481.8652160856873,
    "train_loss_history":[
        221.8397216796875,
        59.765281677246094,
        50.94573211669922,
        48.33509063720703,
        46.69561767578125,
        45.588096618652344,
        44.67361831665039,
        44.267333984375,
        43.63279342651367,
        43.105125427246094,
        42.86640167236328,
        42.933738708496094,
        42.63692855834961,
        42.114383697509766,
        42.29121780395508,
        42.26753616333008,
        42.09968185424805,
        41.911705017089844,
        41.76567459106445,
        41.695030212402344,
        41.741615295410156,
        41.55393981933594,
        41.55113220214844,
        41.36212921142578,
        41.33864212036133,
        41.319969177246094,
        41.328880310058594,
        41.44163131713867,
        41.514366149902344,
        41.20683288574219,
        41.1389045715332,
        41.22445297241211,
        41.0330924987793,
        41.046810150146484,
        41.01165008544922,
        41.070159912109375,
        40.92394256591797,
        40.93135070800781,
        40.899192810058594,
        40.91496658325195,
        40.8964729309082,
        40.90708923339844,
        40.96930694580078,
        40.77526092529297,
        40.83064651489258,
        40.77840042114258,
        40.767677307128906,
        40.81327438354492,
        40.8037223815918,
        40.800209045410156,
        40.775699615478516,
        40.68696975708008,
        40.6923713684082,
        40.69036102294922,
        40.70628356933594,
        40.66758346557617,
        40.674312591552734,
        40.66480255126953,
        40.66959762573242,
        40.653404235839844,
        40.639129638671875,
        40.64369583129883,
        40.62290573120117,
        40.659236907958984,
        40.660404205322266,
        40.63088607788086,
        40.580650329589844,
        40.581233978271484,
        40.57830047607422,
        40.55829620361328,
        40.57497787475586,
        40.534366607666016,
        40.55549621582031,
        40.52432632446289,
        40.48619079589844,
        40.506126403808594,
        40.52320861816406,
        40.510929107666016,
        40.49972152709961,
        40.504302978515625,
        40.49161148071289,
        40.554019927978516,
        40.473976135253906,
        40.491233825683594,
        40.46802520751953,
        40.50703430175781,
        40.4476318359375,
        40.452728271484375,
        40.43955993652344,
        40.43645477294922,
        40.43346405029297,
        40.42814636230469,
        40.45157241821289,
        40.40371322631836,
        40.45634078979492,
        40.42429733276367,
        40.37198257446289,
        40.39657211303711,
        40.43099594116211,
        40.4437141418457,
        40.35646057128906,
        40.4159049987793,
        40.38472366333008,
        40.3719482421875,
        40.39522933959961,
        40.38059997558594,
        40.39616012573242,
        40.338748931884766,
        40.356266021728516,
        40.36544418334961,
        40.358524322509766,
        40.31316375732422,
        40.30619812011719,
        40.39010238647461,
        40.29679870605469,
        40.277244567871094,
        40.28499221801758,
        40.3199577331543,
        40.29138946533203,
        40.320987701416016,
        40.29461669921875,
        40.28335952758789,
        40.39039611816406,
        40.310672760009766,
        40.29399108886719,
        40.27253341674805,
        40.2405891418457,
        40.232810974121094,
        40.29765319824219,
        40.26332473754883,
        40.26100540161133,
        40.23350143432617,
        40.26005172729492,
        40.23896026611328,
        40.29949951171875,
        40.24431228637695,
        40.2436408996582,
        40.227569580078125,
        40.219261169433594,
        40.26923370361328,
        40.24686813354492,
        40.19940948486328,
        40.328826904296875,
        40.18281936645508,
        40.22430419921875,
        40.22547149658203,
        40.183616638183594,
        40.22539520263672,
        40.23038101196289,
        40.17595291137695,
        39.75330352783203,
        39.7364501953125,
        39.74074172973633,
        39.73725891113281,
        39.73118209838867,
        39.740657806396484,
        39.740570068359375,
        39.72857666015625,
        39.734432220458984,
        39.73912048339844,
        39.73589324951172,
        39.745548248291016,
        39.7398681640625,
        39.74369812011719,
        39.7434196472168,
        39.73601531982422,
        39.7474365234375,
        39.735877990722656,
        39.73664474487305,
        39.736305236816406,
        39.73670959472656,
        39.736534118652344,
        39.732704162597656,
        39.73652267456055,
        39.73316955566406,
        39.73710632324219,
        39.727874755859375,
        39.73814010620117,
        39.73435592651367,
        39.731258392333984,
        39.7344970703125,
        39.73652267456055,
        39.727176666259766,
        39.73222351074219,
        39.725364685058594,
        39.72093963623047,
        39.720149993896484,
        39.726253509521484,
        39.72996520996094,
        39.71665954589844,
        39.71844482421875,
        39.73185348510742,
        39.71887969970703,
        39.71406173706055,
        39.71954345703125,
        39.7103271484375,
        39.71265411376953,
        39.70452880859375,
        39.7135124206543,
        39.707313537597656,
        39.71898651123047,
        39.60254669189453,
        39.59397506713867,
        39.59687805175781,
        39.594703674316406,
        39.594974517822266,
        39.59843444824219,
        39.59674835205078,
        39.59788131713867,
        39.597137451171875,
        39.5944938659668
    ],