{
    "run_n":1,
    "run_seed":0,
    "ndims":64,
    "nsamples":100000,
    "correlation":"corr",
    "nbijectors":5,
    "bijector":"CsplineN",
    "spline_knots":12,
    "range_min":-16,
    "hidden_layers":"128-128-128",
    "batch_size":512,
    "activation":"relu",
    "eps_regulariser":0,
    "regulariser":null,
    "dist_seed":0,
    "test_seed":0,
    "ks_mean":0.03682693888504872,
    "ks_std":0.11344795177186028,
    "ad_mean":0.02658221116285122,
    "ad_std":0.06271040146510133,
    "wd_mean":0.08174906094295767,
    "wd_std":0.03973372081645765,
    "swd_mean":0.07958499586030507,
    "swd_std":0.04458746266009219,
    "fn_mean":1.3046674901021107,
    "fn_std":0.13456304233000554,
    "epochs_input":1000,
    "epochs_output":239,
    "time":6805.153679851908,
    "train_loss_history":[
        835.9279174804688,
        142.44717407226562,
        100.00177764892578,
        79.60965728759766,
        67.35844421386719,
        59.38518524169922,
        70.10962677001953,
        51.596099853515625,
        48.15427780151367,
        46.30663299560547,
        44.30127716064453,
        42.648284912109375,
        44.37901306152344,
        40.53224563598633,
        39.93596267700195,
        38.98692321777344,
        37.689292907714844,
        38.07196044921875,
        37.68348693847656,
        36.979862213134766,
        36.71623992919922,
        36.334205627441406,
        35.68814468383789,
        35.17876434326172,
        34.928627014160156,
        35.217525482177734,
        34.53139114379883,
        34.4610481262207,
        34.54456329345703,
        34.31866455078125,
        34.224979400634766,
        34.18492889404297,
        34.42958068847656,
        33.81849670410156,
        33.885616302490234,
        33.428646087646484,
        33.59099197387695,
        33.39778137207031,
        33.368289947509766,
        33.263832092285156,
        33.332550048828125,
        32.76633834838867,
        33.2069091796875,
        33.103633880615234,
        32.838287353515625,
        32.73640060424805,
        32.9194221496582,
        32.3974609375,
        32.42538070678711,
        32.37445068359375,
        32.73617172241211,
        32.45323181152344,
        32.26434326171875,
        32.05446243286133,
        32.12920379638672,
        32.141265869140625,
        32.45390319824219,
        31.671281814575195,
        32.020240783691406,
        32.250770568847656,
        31.8096866607666,
        31.928539276123047,
        31.65559959411621,
        31.420143127441406,
        31.541263580322266,
        31.358835220336914,
        31.502492904663086,
        31.161861419677734,
        31.30596351623535,
        32.01624298095703,
        31.106739044189453,
        31.230003356933594,
        30.94467544555664,
        30.977306365966797,
        31.682167053222656,
        30.94942855834961,
        30.950735092163086,
        30.906904220581055,
        30.936864852905273,
        30.896650314331055,
        30.77743148803711,
        30.5581111907959,
        30.52768898010254,
        30.629724502563477,
        30.7752685546875,
        30.632978439331055,
        30.452777862548828,
        30.608552932739258,
        30.688274383544922,
        30.34665298461914,
        30.172149658203125,
        30.293489456176758,
        30.38512420654297,
        30.30023193359375,
        30.764204025268555,
        29.890710830688477,
        29.950551986694336,
        29.8555908203125,
        29.96916389465332,
        30.1937313079834,
        30.095304489135742,
        29.956159591674805,
        30.296642303466797,
        29.740751266479492,
        29.651185989379883,
        29.696197509765625,
        30.07119369506836,
        29.586740493774414,
        29.906414031982422,
        29.465404510498047,
        29.655153274536133,
        29.61284065246582,
        29.40258026123047,
        29.802289962768555,
        29.35671615600586,
        29.491683959960938,
        29.46276092529297,
        29.567941665649414,
        29.182167053222656,
        29.429834365844727,
        29.367263793945312,
        29.445585250854492,
        29.385677337646484,
        29.176816940307617,
        29.540266036987305,
        29.026988983154297,
        29.238622665405273,
        29.20843505859375,
        29.025897979736328,
        29.43413543701172,
        29.061216354370117,
        28.985841751098633,
        28.996543884277344,
        28.886011123657227,
        29.054466247558594,
        28.87642478942871,
        28.80589485168457,
        28.988449096679688,
        28.87932586669922,
        28.881805419921875,
        28.772823333740234,
        28.973424911499023,
        28.713315963745117,
        28.7056827545166,
        28.796524047851562,
        28.639822006225586,
        28.662250518798828,
        28.583744049072266,
        28.697021484375,
        28.709951400756836,
        28.584144592285156,
        28.501956939697266,
        28.575031280517578,
        28.522220611572266,
        28.48973846435547,
        28.594066619873047,
        28.42718505859375,
        28.48289680480957,
        28.673852920532227,
        28.355878829956055,
        28.438806533813477,
        28.402847290039062,
        28.339712142944336,
        28.48896026611328,
        28.29946517944336,
        28.33209991455078,
        28.434701919555664,
        28.19527244567871,
        28.186750411987305,
        28.166915893554688,
        28.141704559326172,
        28.213735580444336,
        28.109270095825195,
        28.215280532836914,
        28.32634735107422,
        28.09572410583496,
        28.15243911743164,
        28.07448959350586,
        28.081167221069336,
        28.103059768676758,
        28.06775665283203,
        28.02713394165039,
        27.99204444885254,
        28.083816528320312,
        28.02617645263672,
        27.9006290435791,
        27.924884796142578,
        28.019258499145508,
        27.938018798828125,
        27.943811416625977,
        27.887346267700195,
        27.89729118347168,
        27.8448543548584,
        27.885454177856445,
        27.88613510131836,
        27.891599655151367,
        27.816104888916016,
        27.984689712524414,
        27.81072235107422,
        27.853424072265625,
        27.787508010864258,
        27.835735321044922,
        27.644691467285156,
        27.841581344604492,
        27.866052627563477,
        27.58693504333496,
        27.856056213378906,
        27.701692581176758,
        27.636940002441406,
        27.65625762939453,
        27.70366668701172,
        27.675386428833008,
        27.5681095123291,
        27.777421951293945,
        27.570039749145508,
        27.654659271240234,
        27.61235809326172,
        27.56303596496582,
        27.665189743041992,
        27.626441955566406,
        27.54808807373047,
        27.51970672607422,
        27.483572006225586,
        27.57429313659668,
        27.602872848510742,
        27.609798431396484,
        27.53033447265625,
        27.529373168945312,
        27.44082260131836,
        26.451589584350586,
        26.269071578979492,
        26.239261627197266,
        26.234851837158203,
        26.2144718170166,
        26.21246910095215,
        26.20089340209961,
        26.217721939086914,
        26.206443786621094,
        26.20760154724121
    ],