{
    "run_n":7,
    "run_seed":721,
    "ndims":100,
    "nsamples":100000,
    "correlation":"corr",
    "nbijectors":5,
    "bijector":"CsplineN",
    "spline_knots":8,
    "range_min":-16,
    "hidden_layers":"512-512-512",
    "batch_size":512,
    "activation":"relu",
    "eps_regulariser":0,
    "regulariser":null,
    "dist_seed":0,
    "test_seed":0,
    "ks_mean":0.037154122152998334,
    "ks_std":0.1052259689989241,
    "ad_mean":0.02394351623943555,
    "ad_std":0.057049621898208544,
    "wd_mean":0.07690994528459617,
    "wd_std":0.036010198175685654,
    "swd_mean":0.07501029424040953,
    "swd_std":0.036785266262259565,
    "fn_mean":2.1096871452305734,
    "fn_std":0.2990295049875182,
    "epochs_input":1000,
    "epochs_output":132,
    "time":3800.78694249806,
    "train_loss_history":[
        1007.9026489257812,
        173.91378784179688,
        112.07257080078125,
        93.85723876953125,
        85.50601959228516,
        79.41566467285156,
        73.6265869140625,
        72.22676086425781,
        68.45964813232422,
        66.82010650634766,
        63.96768569946289,
        63.341434478759766,
        62.15035629272461,
        60.89765167236328,
        60.0718994140625,
        60.48573684692383,
        58.16399383544922,
        60.33250045776367,
        58.732059478759766,
        58.23530960083008,
        58.05797576904297,
        58.22726058959961,
        58.12351608276367,
        56.23690414428711,
        56.52554702758789,
        56.24910354614258,
        55.6329231262207,
        55.179073333740234,
        53.9832649230957,
        55.102909088134766,
        54.98855972290039,
        55.57878112792969,
        53.73115158081055,
        53.9865837097168,
        54.706424713134766,
        53.55353927612305,
        57.501529693603516,
        52.804386138916016,
        52.954673767089844,
        52.15025329589844,
        53.6190071105957,
        52.643611907958984,
        51.81807327270508,
        51.763267517089844,
        52.132869720458984,
        51.62105178833008,
        50.740135192871094,
        52.23426818847656,
        51.95751953125,
        50.45109558105469,
        52.14612579345703,
        50.791717529296875,
        50.17045974731445,
        50.57017135620117,
        49.68944549560547,
        49.54800796508789,
        49.32929229736328,
        50.27409362792969,
        49.6512336730957,
        49.451499938964844,
        48.419273376464844,
        48.74294662475586,
        49.03322219848633,
        48.86826705932617,
        47.686798095703125,
        47.2580451965332,
        47.84040451049805,
        50.60995864868164,
        48.6467399597168,
        47.4433479309082,
        47.37016677856445,
        46.61034393310547,
        49.508872985839844,
        46.51163864135742,
        46.32617950439453,
        46.71354293823242,
        46.79227066040039,
        46.06126022338867,
        47.39430618286133,
        46.29655456542969,
        45.24462890625,
        45.442073822021484,
        45.109989166259766,
        44.93334197998047,
        47.07187271118164,
        44.85599136352539,
        45.20502471923828,
        45.011959075927734,
        44.845306396484375,
        44.631813049316406,
        44.45395278930664,
        43.90890121459961,
        43.438453674316406,
        44.21955108642578,
        43.224063873291016,
        42.94685363769531,
        43.943946838378906,
        43.0056266784668,
        42.62613296508789,
        42.701026916503906,
        43.167625427246094,
        42.10054397583008,
        41.955284118652344,
        41.4757080078125,
        41.74773025512695,
        41.6377067565918,
        40.94053649902344,
        41.435890197753906,
        40.4573860168457,
        40.87749481201172,
        39.977325439453125,
        40.14326477050781,
        40.58269500732422,
        39.984291076660156,
        39.455142974853516,
        40.82479476928711,
        39.31423568725586,
        39.0460319519043,
        39.58203887939453,
        38.77948760986328,
        39.26416778564453,
        38.7726936340332,
        34.13629913330078,
        32.81924819946289,
        32.319190979003906,
        32.171016693115234,
        31.81161880493164,
        31.619163513183594,
        31.383834838867188,
        31.26469612121582,
        31.162395477294922,
        30.927806854248047
    ],