{
    "run_n":6,
    "run_seed":541,
    "ndims":16,
    "nsamples":100000,
    "correlation":"corr",
    "nbijectors":2,
    "bijector":"MsplineN",
    "spline_knots":8,
    "range_min":-16,
    "hidden_layers":"128-128-128",
    "batch_size":512,
    "activation":"relu",
    "eps_regulariser":0,
    "regulariser":null,
    "dist_seed":0,
    "test_seed":0,
    "kl_divergence":-1,
    "ks_test_mean":0.4800717711995181,
    "ks_test_median":0.4935420503832658,
    "ad_test_mean":0.22048524115894486,
    "ad_test_median":0.21421144801191616,
    "Wasserstein_median":0.018005856854855614,
    "Wasserstein_mean":0.018005856854855614,
    "frob_norm":0.13286575122208533,
    "epochs_input":1000,
    "epochs_output":223,
    "time":1565.249789361842,
    "train_loss_history":[
        38.46533966064453,
        7.452073097229004,
        6.293588161468506,
        5.884222984313965,
        5.702691078186035,
        5.616918563842773,
        5.53659200668335,
        5.516269207000732,
        5.478744029998779,
        5.451441764831543,
        5.440112590789795,
        5.420404434204102,
        5.365185737609863,
        5.3512725830078125,
        5.327366828918457,
        5.306491374969482,
        5.294909954071045,
        5.283708572387695,
        5.30264139175415,
        5.258939743041992,
        5.266083717346191,
        5.266600608825684,
        5.252691745758057,
        5.237203121185303,
        5.256833553314209,
        5.24521017074585,
        5.220390796661377,
        5.2376708984375,
        5.230473518371582,
        5.203436374664307,
        5.200006484985352,
        5.200761795043945,
        5.19851016998291,
        5.196563243865967,
        5.203005790710449,
        5.205425262451172,
        5.204544544219971,
        5.19955587387085,
        5.194302082061768,
        5.186082363128662,
        5.189855575561523,
        5.177255153656006,
        5.180075168609619,
        5.179792881011963,
        5.174159049987793,
        5.164873123168945,
        5.165255546569824,
        5.163918972015381,
        5.157487392425537,
        5.164251327514648,
        5.15118408203125,
        5.159957408905029,
        5.146845817565918,
        5.1546196937561035,
        5.161915302276611,
        5.159717559814453,
        5.152407646179199,
        5.164920806884766,
        5.142243385314941,
        5.143129825592041,
        5.137082099914551,
        5.139998912811279,
        5.1442108154296875,
        5.145777225494385,
        5.143533706665039,
        5.1423869132995605,
        5.1309990882873535,
        5.138503074645996,
        5.13726806640625,
        5.130466938018799,
        5.1364545822143555,
        5.119074821472168,
        5.126828193664551,
        5.128166198730469,
        5.122535705566406,
        5.125298976898193,
        5.129307746887207,
        5.138778209686279,
        5.12208890914917,
        5.119251728057861,
        5.132084369659424,
        5.12418794631958,
        5.12424373626709,
        5.105180740356445,
        5.110135555267334,
        5.107606410980225,
        5.11643648147583,
        5.111008644104004,
        5.119760990142822,
        5.10731315612793,
        5.10444450378418,
        5.109598636627197,
        5.101002216339111,
        5.107392311096191,
        5.109119415283203,
        5.110232830047607,
        5.094747543334961,
        5.104334831237793,
        5.107619762420654,
        5.096351623535156,
        5.101426601409912,
        5.094032287597656,
        5.098147869110107,
        5.097283840179443,
        5.093868732452393,
        5.099545478820801,
        5.088301658630371,
        5.0912699699401855,
        5.090734958648682,
        5.088030815124512,
        5.087710380554199,
        5.089524269104004,
        5.079972267150879,
        5.091326713562012,
        5.093076229095459,
        5.089831352233887,
        5.075718879699707,
        5.086696624755859,
        5.081047534942627,
        5.079504489898682,
        5.076985836029053,
        5.086545944213867,
        5.088193893432617,
        5.0744733810424805,
        5.078487396240234,
        5.081984519958496,
        5.0761847496032715,
        5.074585914611816,
        5.078153133392334,
        5.070503234863281,
        5.073040008544922,
        5.0678181648254395,
        5.065966606140137,
        5.069231033325195,
        5.069728851318359,
        5.066737651824951,
        5.081859588623047,
        5.077126979827881,
        5.066094875335693,
        5.071402549743652,
        5.059311389923096,
        5.071728229522705,
        5.061862945556641,
        5.062281608581543,
        5.0530548095703125,
        5.07781982421875,
        5.062104225158691,
        5.063653945922852,
        5.0499796867370605,
        5.062108039855957,
        5.05436897277832,
        5.061225414276123,
        5.046098232269287,
        5.0584282875061035,
        5.054200649261475,
        5.059614658355713,
        5.050706386566162,
        5.045417785644531,
        5.048642635345459,
        5.044704437255859,
        5.042369365692139,
        5.063229084014893,
        4.993087291717529,
        4.987244129180908,
        4.985106468200684,
        4.984211444854736,
        4.985884666442871,
        4.982776165008545,
        4.981818675994873,
        4.9827117919921875,
        4.983585834503174,
        4.981689453125,
        4.9810004234313965,
        4.980289936065674,
        4.979891300201416,
        4.980839729309082,
        4.980442047119141,
        4.981388568878174,
        4.979870319366455,
        4.980710029602051,
        4.980189323425293,
        4.978244781494141,
        4.981564998626709,
        4.977376937866211,
        4.979455471038818,
        4.978592872619629,
        4.979568958282471,
        4.978103160858154,
        4.975998401641846,
        4.980322360992432,
        4.975795745849609,
        4.975252628326416,
        4.976095199584961,
        4.9758148193359375,
        4.975118160247803,
        4.973114967346191,
        4.9753241539001465,
        4.976376533508301,
        4.974066734313965,
        4.973303318023682,
        4.9706315994262695,
        4.973911285400391,
        4.972891330718994,
        4.973913669586182,
        4.972781181335449,
        4.97126579284668,
        4.971274375915527,
        4.971506595611572,
        4.970149517059326,
        4.973000526428223,
        4.972077369689941,
        4.9686174392700195,
        4.969865798950195,
        4.952852249145508,
        4.95217752456665,
        4.951317310333252,
        4.951201915740967,
        4.9510674476623535,
        4.9513678550720215,
        4.951067924499512,
        4.9510393142700195,
        4.950858116149902,
        4.950442790985107
    ],