{
    "run_n":2,
    "run_seed":0,
    "ndims":8,
    "nsamples":100000,
    "correlation":"corr",
    "nbijectors":2,
    "bijector":"MsplineN",
    "spline_knots":8,
    "range_min":-5,
    "hidden_layers":"256-256-256",
    "batch_size":512,
    "activation":"relu",
    "eps_regulariser":0,
    "regulariser":null,
    "dist_seed":0,
    "test_seed":0,
    "kl_divergence":-1,
    "ks_test_mean":0.41204882045840296,
    "ks_test_median":0.45388009023656006,
    "ad_test_mean":0.20489916147819942,
    "ad_test_median":0.18732066750465146,
    "Wasserstein_median":0.019125350898198668,
    "Wasserstein_mean":0.019125350898198668,
    "frob_norm":0.05563821621547914,
    "epochs_input":1000,
    "epochs_output":74,
    "time":434.022903050296,
    "train_loss_history":[
        10.36192512512207,
        9.646710395812988,
        9.618513107299805,
        9.601161003112793,
        9.590047836303711,
        9.589483261108398,
        9.574925422668457,
        9.569987297058105,
        9.564716339111328,
        9.565460205078125,
        9.56151008605957,
        9.562260627746582,
        9.560534477233887,
        9.560571670532227,
        9.55612850189209,
        9.553465843200684,
        9.549705505371094,
        9.55034065246582,
        9.54626750946045,
        9.544960021972656,
        9.544074058532715,
        9.541346549987793,
        9.542377471923828,
        9.538576126098633,
        9.534690856933594,
        9.537606239318848,
        9.53295612335205,
        9.53588581085205,
        9.532363891601562,
        9.53253173828125,
        9.525090217590332,
        9.526700973510742,
        9.525147438049316,
        9.519682884216309,
        9.51689338684082,
        9.515007019042969,
        9.514789581298828,
        9.512731552124023,
        9.508755683898926,
        9.505538940429688,
        9.50346851348877,
        9.498615264892578,
        9.501702308654785,
        9.498822212219238,
        9.493964195251465,
        9.492977142333984,
        9.483202934265137,
        9.485002517700195,
        9.479790687561035,
        9.475362777709961,
        9.476415634155273,
        9.468711853027344,
        9.467872619628906,
        9.466894149780273,
        9.467601776123047,
        9.459996223449707,
        9.457297325134277,
        9.45328426361084,
        9.450223922729492,
        9.447198867797852,
        9.441352844238281,
        9.43940258026123,
        9.440105438232422,
        9.435946464538574,
        9.396672248840332,
        9.384193420410156,
        9.37913703918457,
        9.377312660217285,
        9.372573852539062,
        9.370624542236328,
        9.367974281311035,
        9.366186141967773,
        9.365748405456543,
        9.362156867980957
    ],
    "val_loss_history":[
        9.66822624206543,
        9.621228218078613,
        9.616582870483398,
        9.588238716125488,
        9.603978157043457,
        9.579792022705078,
        9.582819938659668,
        9.582880020141602,
        9.567397117614746,
        9.573084831237793,
        9.56831169128418,
        9.571288108825684,
        9.565024375915527,
        9.557631492614746,
        9.572097778320312,
        9.57872200012207,
        9.566534042358398,
        9.560086250305176,
        9.572522163391113,
        9.560946464538574,
        9.566041946411133,
        9.570499420166016,
        9.558248519897461,
        9.562786102294922,
        9.589516639709473,
        9.576883316040039,
        9.592020034790039,
        9.565343856811523,
        9.568716049194336,
        9.572412490844727,
        9.569418907165527,
        9.578391075134277,
        9.585472106933594,
        9.57398796081543,
        9.585554122924805,
        9.583047866821289,
        9.579236030578613,
        9.573819160461426,
        9.597966194152832,
        9.580543518066406,
        9.590044021606445,
        9.595757484436035,
        9.604961395263672,
        9.599934577941895,
        9.602388381958008,
        9.605422973632812,
        9.602354049682617,
        9.608467102050781,
        9.612405776977539,
        9.606029510498047,
        9.60777473449707,
        9.615328788757324,
        9.621724128723145,
        9.621841430664062,
        9.614582061767578,
        9.632172584533691,
        9.639540672302246,
        9.635669708251953,
        9.642383575439453,
        9.648509979248047,
        9.6482572555542,
        9.656479835510254,
        9.654152870178223,
        9.6607666015625,
        9.659464836120605,
        9.674168586730957,
        9.686101913452148,
        9.68628215789795,
        9.694061279296875,
        9.702312469482422,
        9.712186813354492,
        9.715089797973633,
        9.705448150634766,
        9.709979057312012
    ],
    "best_train_loss":9.560571670532227,
    "best_val_loss":9.557631492614746,
    "best_epoch":13
}