{
    "run_n":12,
    "run_seed":0,
    "ndims":4,
    "nsamples":100000,
    "correlation":"corr",
    "nbijectors":10,
    "bijector":"CsplineN",
    "spline_knots":12,
    "range_min":-16,
    "hidden_layers":"512-512-512",
    "batch_size":512,
    "activation":"relu",
    "eps_regulariser":0,
    "regulariser":null,
    "dist_seed":0,
    "test_seed":0,
    "kl_divergence":-1,
    "ks_test_mean":0.5014529805152168,
    "ks_test_median":0.4997096710981086,
    "ad_test_mean":0.21929737517722692,
    "ad_test_median":0.21891366371603116,
    "Wasserstein_median":0.01868192284325919,
    "Wasserstein_mean":0.01868192284325919,
    "frob_norm":0.03179276827034539,
    "epochs_input":1000,
    "epochs_output":275,
    "time":14104.81446493417,
    "train_loss_history":[
        11.468817710876465,
        5.80925178527832,
        5.740134239196777,
        5.691715717315674,
        5.63563871383667,
        5.334603786468506,
        5.539282321929932,
        4.799068450927734,
        4.649752616882324,
        4.582489967346191,
        4.333089351654053,
        4.177322864532471,
        4.080803871154785,
        4.0497026443481445,
        3.995469093322754,
        3.934739828109741,
        3.867192029953003,
        3.8828012943267822,
        3.8755674362182617,
        3.8479795455932617,
        3.831578016281128,
        3.7865097522735596,
        3.7845208644866943,
        3.782780408859253,
        3.733731269836426,
        3.718841075897217,
        3.7197959423065186,
        3.7415268421173096,
        3.7087621688842773,
        3.6671409606933594,
        3.7168540954589844,
        3.6621432304382324,
        3.6334917545318604,
        3.612762451171875,
        3.6013872623443604,
        3.587161064147949,
        3.573474168777466,
        3.571619987487793,
        3.671536445617676,
        3.55879545211792,
        3.5338075160980225,
        3.529634952545166,
        3.5408358573913574,
        3.504946708679199,
        3.5383362770080566,
        3.515958786010742,
        3.5130927562713623,
        3.5197596549987793,
        3.488203525543213,
        3.5259628295898438,
        3.6239778995513916,
        3.5233895778656006,
        3.488678455352783,
        3.477339267730713,
        3.501161813735962,
        3.4801461696624756,
        3.490048408508301,
        3.485576629638672,
        3.483579158782959,
        3.4791316986083984,
        3.4571502208709717,
        3.455854892730713,
        3.4616305828094482,
        3.472440481185913,
        3.4655046463012695,
        3.4807193279266357,
        3.4743239879608154,
        3.4594810009002686,
        3.446606397628784,
        3.4492015838623047,
        3.460163116455078,
        3.4579877853393555,
        3.6213810443878174,
        3.5184760093688965,
        3.4569602012634277,
        3.4652509689331055,
        3.430309295654297,
        3.442614793777466,
        3.456418991088867,
        3.438843250274658,
        3.437068462371826,
        3.437120199203491,
        3.4376354217529297,
        3.440974235534668,
        3.4455533027648926,
        3.437818765640259,
        3.437758445739746,
        3.426358461380005,
        3.425673484802246,
        3.4361956119537354,
        3.4349355697631836,
        3.420175790786743,
        3.428305149078369,
        3.4400863647460938,
        3.424497604370117,
        3.438056468963623,
        3.431589365005493,
        3.4300742149353027,
        3.426232099533081,
        3.4168641567230225,
        3.4386279582977295,
        3.4214398860931396,
        3.417508840560913,
        3.4243857860565186,
        3.436305522918701,
        3.407599449157715,
        3.424201250076294,
        3.4152228832244873,
        3.4175925254821777,
        3.429454803466797,
        3.426429033279419,
        3.417707681655884,
        3.426104784011841,
        3.406719207763672,
        3.4130680561065674,
        3.423222303390503,
        3.4097554683685303,
        3.4273669719696045,
        3.4076457023620605,
        3.4412319660186768,
        3.406926393508911,
        3.4076478481292725,
        3.407979726791382,
        3.4056200981140137,
        3.4153389930725098,
        3.4183504581451416,
        3.3986990451812744,
        3.406848669052124,
        3.414590835571289,
        3.400275945663452,
        3.4140777587890625,
        3.4104695320129395,
        3.4262640476226807,
        3.4178991317749023,
        3.4323389530181885,
        3.42061448097229,
        3.4119696617126465,
        3.4066851139068604,
        3.421649694442749,
        3.3997442722320557,
        3.409090280532837,
        3.4098119735717773,
        3.3996801376342773,
        3.402120590209961,
        3.3923563957214355,
        3.4107654094696045,
        3.39715313911438,
        3.398825168609619,
        3.399508237838745,
        3.4108283519744873,
        3.403160810470581,
        3.384680986404419,
        3.4023895263671875,
        3.3932199478149414,
        3.410721778869629,
        3.4034273624420166,
        3.405121088027954,
        3.396444320678711,
        3.413987159729004,
        3.4165821075439453,
        3.4028759002685547,
        3.3917295932769775,
        3.3906970024108887,
        3.405503749847412,
        3.3934552669525146,
        3.388765811920166,
        3.398683786392212,
        3.3941032886505127,
        3.384789228439331,
        3.4015581607818604,
        3.416386604309082,
        3.3937299251556396,
        3.3977928161621094,
        3.3896098136901855,
        3.385815143585205,
        3.389862298965454,
        3.390509843826294,
        3.3917038440704346,
        3.396519660949707,
        3.3822364807128906,
        3.4014103412628174,
        3.3860509395599365,
        3.3834145069122314,
        3.3900210857391357,
        3.388401508331299,
        3.38492751121521,
        3.3798530101776123,
        3.3959860801696777,
        3.40240216255188,
        3.382761001586914,
        3.3905210494995117,
        3.3792805671691895,
        3.389289140701294,
        3.3828868865966797,
        3.3974130153656006,
        3.3874666690826416,
        3.3928420543670654,
        3.3825838565826416,
        3.391712188720703,
        3.392103433609009,
        3.389132022857666,
        3.388174295425415,
        3.378356695175171,
        3.3900551795959473,
        3.390427350997925,
        3.404749631881714,
        3.3910505771636963,
        3.336693525314331,
        3.3342976570129395,
        3.3309507369995117,
        3.3283982276916504,
        3.3292367458343506,
        3.3278355598449707,
        3.3272621631622314,
        3.3320775032043457,
        3.3289847373962402,
        3.3279755115509033,
        3.3252110481262207,
        3.343944787979126,
        3.3359367847442627,
        3.3259775638580322,
        3.323524236679077,
        3.3253731727600098,
        3.327180862426758,
        3.3259541988372803,
        3.325005531311035,
        3.3259401321411133,
        3.325704336166382,
        3.326855421066284,
        3.324601888656616,
        3.322633981704712,
        3.3222951889038086,
        3.321624755859375,
        3.3263885974884033,
        3.322805166244507,
        3.325812816619873,
        3.322172164916992,
        3.321465253829956,
        3.3236422538757324,
        3.3201282024383545,
        3.3233909606933594,
        3.3267822265625,
        3.318899154663086,
        3.3222837448120117,
        3.322744607925415,
        3.3221592903137207,
        3.323176383972168,
        3.3230152130126953,
        3.3170764446258545,
        3.3209283351898193,
        3.317888021469116,
        3.3215253353118896,
        3.321239948272705,
        3.318809986114502,
        3.3185360431671143,
        3.322877883911133,
        3.321079969406128,
        3.3263652324676514,
        3.326838254928589,
        3.3158740997314453,
        3.3211824893951416,
        3.315948963165283,
