{
    "run_n":6,
    "run_seed":541,
    "ndims":8,
    "nsamples":100000,
    "correlation":"corr",
    "nbijectors":5,
    "bijector":"RealNVPN",
    "spline_knots":8,
    "range_min":-5,
    "hidden_layers":"128-128-128",
    "batch_size":256,
    "activation":"relu",
    "eps_regulariser":0,
    "regulariser":null,
    "dist_seed":0,
    "test_seed":0,
    "kl_divergence":-1,
    "ks_test_mean":0.5246789535128686,
    "ks_test_median":0.5264607423908942,
    "ad_test_mean":0.22979715191504982,
    "ad_test_median":0.2265223814567002,
    "Wasserstein_median":0.02741557216234268,
    "Wasserstein_mean":0.02741557216234268,
    "frob_norm":0.03084568984159373,
    "epochs_input":1000,
    "epochs_output":246,
    "time":1522.729702600278,
    "train_loss_history":[
        17.500478744506836,
        7.4247212409973145,
        6.897737979888916,
        6.507638454437256,
        6.392480850219727,
        6.1823039054870605,
        6.113598823547363,
        5.76486349105835,
        5.751431465148926,
        5.661345958709717,
        5.515204906463623,
        6.0596442222595215,
        5.693801403045654,
        5.326831340789795,
        5.247876167297363,
        5.080386161804199,
        5.100146293640137,
        5.0262579917907715,
        5.0552144050598145,
        4.995277404785156,
        4.930416584014893,
        4.896139621734619,
        4.882997989654541,
        4.832645893096924,
        4.816990375518799,
        4.855583190917969,
        4.832005023956299,
        4.793574810028076,
        4.739566326141357,
        4.723709583282471,
        4.743021011352539,
        4.666650295257568,
        4.6967597007751465,
        4.671083927154541,
        4.658855438232422,
        4.637684345245361,
        4.6012492179870605,
        4.625095844268799,
        4.591700553894043,
        4.597025394439697,
        4.558831214904785,
        4.525142192840576,
        4.562511920928955,
        4.505158424377441,
        4.53981351852417,
        4.544895648956299,
        4.51112699508667,
        4.479396820068359,
        4.489469051361084,
        4.505143165588379,
        4.467108726501465,
        4.45395040512085,
        4.4761857986450195,
        4.43710470199585,
        4.45347261428833,
        4.444767951965332,
        4.407431125640869,
        4.422760963439941,
        4.397012233734131,
        4.426366329193115,
        4.408221244812012,
        4.423160076141357,
        4.355523109436035,
        4.412022590637207,
        4.406097888946533,
        4.394229888916016,
        4.363173961639404,
        4.389863967895508,
        4.353412628173828,
        4.418842792510986,
        4.374810218811035,
        4.355151653289795,
        4.34685754776001,
        4.359485626220703,
        4.341865062713623,
        4.351100444793701,
        4.3323540687561035,
        4.335996150970459,
        4.326112270355225,
        4.357821464538574,
        4.329969882965088,
        4.345067977905273,
        4.299069404602051,
        4.292199611663818,
        4.567312717437744,
        4.339863300323486,
        4.317852020263672,
        4.332517623901367,
        4.312957763671875,
        4.308822154998779,
        4.2930450439453125,
        4.305426597595215,
        4.283514976501465,
        4.32056999206543,
        4.2940449714660645,
        4.334628105163574,
        4.286828517913818,
        4.291232585906982,
        4.289566516876221,
        4.297702312469482,
        4.28730583190918,
        4.285780906677246,
        4.280466079711914,
        4.253903865814209,
        4.275991916656494,
        4.256814956665039,
        4.271726608276367,
        4.281036853790283,
        4.267847537994385,
        4.2562479972839355,
        4.30284309387207,
        4.249269962310791,
        4.224050998687744,
        4.257648468017578,
        4.243802547454834,
        4.252769947052002,
        4.258105278015137,
        4.254663944244385,
        4.268620491027832,
        4.227473258972168,
        4.253606796264648,
        4.2830047607421875,
        4.265446186065674,
        4.230282306671143,
        4.2376322746276855,
        4.286840915679932,
        4.263114929199219,
        4.242870807647705,
        4.245166301727295,
        4.2395734786987305,
        4.240147590637207,
        4.2336626052856445,
        4.268059730529785,
        4.230557918548584,
        4.250382423400879,
        4.232105731964111,
        4.24013090133667,
        4.248936176300049,
        4.216442108154297,
        4.222270488739014,
        4.230616092681885,
        4.228191375732422,
        4.251655578613281,
        4.236000061035156,
        4.238801002502441,
        4.198042869567871,
        4.223947525024414,
        4.2026143074035645,
        4.23342227935791,
        4.222003936767578,
        4.206747055053711,
        4.2243499755859375,
        4.2250871658325195,
        4.237297534942627,
        4.216094970703125,
        4.225893974304199,
        4.229720592498779,
        4.198991775512695,
        4.2030720710754395,
        4.216225624084473,
        4.219613075256348,
        4.224360466003418,
        4.202198505401611,
        4.220978736877441,
        4.200275421142578,
        4.203812599182129,
        4.20830774307251,
        4.194162845611572,
        4.192352294921875,
        4.187895774841309,
        4.205279350280762,
        4.196954250335693,
        4.196281433105469,
        4.1989426612854,
        4.219089508056641,
        4.209689617156982,
        4.183034420013428,
        4.205158710479736,
        4.211619853973389,
        4.1893134117126465,
        4.197901248931885,
        4.178094387054443,
        4.187173843383789,
        4.181282997131348,
        4.194550514221191,
        4.047579288482666,
        4.0300703048706055,
        4.025425910949707,
        4.028914928436279,
        4.024163246154785,
        4.031388759613037,
        4.034746170043945,
        4.030246734619141,
        4.034224987030029,
        4.028571605682373,
        4.024551868438721,
        4.030137062072754,
        4.027899265289307,
        4.021174907684326,
        4.030398368835449,
        4.018542766571045,
        4.031975269317627,
        4.026444435119629,
        4.018598556518555,
        4.017446994781494,
        4.023183345794678,
        4.026771545410156,
        4.015695571899414,
        4.018988609313965,
        4.013807773590088,
        4.0164408683776855,
        4.022488117218018,
        4.021236896514893,
        4.020146369934082,
        4.017148494720459,
        4.017488956451416,
        4.010814666748047,
        4.014766216278076,
        4.013189315795898,
        4.015960693359375,
        4.013974666595459,
        4.018518924713135,
        4.011932849884033,
        4.015311241149902,
        4.012359142303467,
        4.010190486907959,
        4.013086318969727,
        4.008995056152344,
        4.006221294403076,
        4.007835388183594,
        4.003751754760742,
        4.013370037078857,
        4.011480331420898,
        4.005649089813232,
        4.004909515380859,
        4.008735179901123,
        3.9692304134368896,
        3.966346502304077,
        3.965146780014038,
        3.965055465698242,
        3.9644129276275635,
        3.9649736881256104,
        3.9661054611206055,
        3.9646589756011963,
        3.964606285095215,
        3.967737913131714
    ],