{
    "run_n":7,
    "run_seed":721,
    "ndims":8,
    "nsamples":100000,
    "correlation":"corr",
    "nbijectors":5,
    "bijector":"CsplineN",
    "spline_knots":12,
    "range_min":-16,
    "hidden_layers":"128-128-128",
    "batch_size":512,
    "activation":"relu",
    "eps_regulariser":0,
    "regulariser":null,
    "dist_seed":0,
    "test_seed":0,
    "kl_divergence":-1,
    "ks_test_mean":0.4844989506806571,
    "ks_test_median":0.4962220925143352,
    "ad_test_mean":0.22227533856459775,
    "ad_test_median":0.21787022454821972,
    "Wasserstein_median":0.03011782623217459,
    "Wasserstein_mean":0.03011782623217459,
    "frob_norm":0.07877180779440784,
    "epochs_input":1000,
    "epochs_output":208,
    "time":5264.6181319919415,
    "train_loss_history":[
        17.79978370666504,
        7.186583042144775,
        5.9239888191223145,
        5.476113796234131,
        5.466791152954102,
        5.177728176116943,
        5.125727653503418,
        5.097555160522461,
        4.955932140350342,
        4.906395435333252,
        4.9758992195129395,
        5.000717639923096,
        4.781233310699463,
        4.831698894500732,
        4.7352471351623535,
        4.706604957580566,
        4.695271015167236,
        4.7619547843933105,
        4.769759654998779,
        4.586650371551514,
        4.5551676750183105,
        4.589382171630859,
        4.5344719886779785,
        4.515225410461426,
        4.4894609451293945,
        4.520193099975586,
        4.498677730560303,
        4.511435031890869,
        4.4163713455200195,
        4.452901363372803,
        4.463800430297852,
        4.44965934753418,
        4.414691925048828,
        4.401922702789307,
        4.41416072845459,
        4.379574775695801,
        4.401265621185303,
        4.402287483215332,
        4.360114574432373,
        4.337307453155518,
        4.363472938537598,
        4.372623443603516,
        4.35999059677124,
        4.3038811683654785,
        4.354838848114014,
        4.351712226867676,
        4.295499324798584,
        4.331963539123535,
        4.326057434082031,
        4.311058521270752,
        4.31636381149292,
        4.339049816131592,
        4.291620254516602,
        4.277759552001953,
        4.272233009338379,
        4.305432319641113,
        4.307342052459717,
        4.270322799682617,
        4.28285026550293,
        4.279168128967285,
        4.273077011108398,
        4.259377479553223,
        4.2634663581848145,
        4.2648515701293945,
        4.27217960357666,
        4.257118225097656,
        4.240499973297119,
        4.235463619232178,
        4.272828578948975,
        4.267939567565918,
        4.223616123199463,
        4.2073516845703125,
        4.2590250968933105,
        4.231605052947998,
        4.219824314117432,
        4.23445987701416,
        4.251885890960693,
        4.206772804260254,
        4.211784839630127,
        4.2035956382751465,
        4.21630859375,
        4.201319217681885,
        4.216541767120361,
        4.201176643371582,
        4.221998691558838,
        4.199612140655518,
        4.199860572814941,
        4.200014114379883,
        4.20286226272583,
        4.182061672210693,
        4.182719707489014,
        4.206061363220215,
        4.194199562072754,
        4.182061672210693,
        4.175675392150879,
        4.185197353363037,
        4.191709041595459,
        4.192290306091309,
        4.192893028259277,
        4.1722588539123535,
        4.171885013580322,
        4.167781352996826,
        4.171273708343506,
        4.181082248687744,
        4.17913818359375,
        4.168267726898193,
        4.148966312408447,
        4.162271499633789,
        4.182717323303223,
        4.155069828033447,
        4.174869060516357,
        4.174027442932129,
        4.168434143066406,
        4.15389347076416,
        4.175068378448486,
        4.1584320068359375,
        4.152784824371338,
        4.171272277832031,
        4.149504661560059,
        4.1378045082092285,
        4.14561128616333,
        4.148250579833984,
        4.141575336456299,
        4.156551361083984,
        4.145307540893555,
        4.1449055671691895,
        4.147857189178467,
        4.149113178253174,
        4.124536037445068,
        4.124216556549072,
        4.136568069458008,
        4.127121448516846,
        4.1435065269470215,
        4.138424873352051,
        4.131036758422852,
        4.136499881744385,
        4.129998683929443,
        4.1261372566223145,
        4.134149551391602,
        4.128432750701904,
        4.108204364776611,
        4.114413261413574,
        4.129871368408203,
        4.1011505126953125,
        4.113326072692871,
        4.119585037231445,
        4.107091903686523,
        4.0203142166137695,
        3.9987316131591797,
        3.99752140045166,
        3.9939630031585693,
        3.990894079208374,
        3.9933199882507324,
        3.9916164875030518,
        3.9948384761810303,
        3.9899847507476807,
        3.990859270095825,
        3.9842936992645264,
        3.9855241775512695,
        3.98429012298584,
        3.985379457473755,
        3.983355760574341,
        3.98622727394104,
        3.983464241027832,
        3.986520528793335,
        3.9825406074523926,
        3.9792535305023193,
        3.98262357711792,
        3.9794960021972656,
        3.9825026988983154,
        3.9817049503326416,
        3.9770097732543945,
        3.9738152027130127,
        3.9779036045074463,
        3.9728477001190186,
        3.9736526012420654,
        3.97251296043396,
        3.9720489978790283,
        3.967557668685913,
        3.974170446395874,
        3.973508834838867,
        3.9729628562927246,
        3.966928243637085,
        3.9650135040283203,
        3.967907667160034,
        3.9643187522888184,
        3.969883918762207,
        3.9591526985168457,
        3.9613821506500244,
        3.9597325325012207,
        3.9633963108062744,
        3.961740732192993,
        3.959691047668457,
        3.9576539993286133,
        3.9577486515045166,
        3.9598679542541504,
        3.9571213722229004,
        3.9520812034606934,
        3.9245071411132812,
        3.9202539920806885,
        3.9193732738494873,
        3.9188523292541504,
        3.9180946350097656,
        3.9175117015838623,
        3.917454957962036,
        3.9169397354125977,
        3.916461706161499,
        3.9163379669189453
    ],