{
    "run_n":9,
    "run_seed":0,
    "ndims":16,
    "nsamples":100000,
    "correlation":"corr",
    "nbijectors":2,
    "bijector":"MsplineN",
    "spline_knots":8,
    "range_min":-16,
    "hidden_layers":"128-128-128",
    "batch_size":512,
    "activation":"relu",
    "eps_regulariser":0,
    "regulariser":null,
    "dist_seed":0,
    "test_seed":0,
    "kl_divergence":-1,
    "ks_test_mean":0.5085478466533986,
    "ks_test_median":0.5076587794852159,
    "ad_test_mean":0.2218134932344832,
    "ad_test_median":0.21898492575721348,
    "Wasserstein_median":0.008823618509195212,
    "Wasserstein_mean":0.008823618509195212,
    "frob_norm":0.08976568049039253,
    "epochs_input":1000,
    "epochs_output":184,
    "time":980.4920187131502,
    "train_loss_history":[
        30.335575103759766,
        6.797296524047852,
        5.884527683258057,
        5.653831958770752,
        5.533298969268799,
        5.452753067016602,
        5.405730724334717,
        5.407111644744873,
        5.370555877685547,
        5.341550827026367,
        5.309374809265137,
        5.3030476570129395,
        5.283340930938721,
        5.292121410369873,
        5.263388633728027,
        5.271656036376953,
        5.2462568283081055,
        5.264999866485596,
        5.2438063621521,
        5.243072032928467,
        5.248213291168213,
        5.2179460525512695,
        5.223910331726074,
        5.228118896484375,
        5.218994140625,
        5.2021260261535645,
        5.211990833282471,
        5.207447052001953,
        5.2025604248046875,
        5.193906307220459,
        5.192418098449707,
        5.2018723487854,
        5.20210599899292,
        5.172362327575684,
        5.186161041259766,
        5.185473918914795,
        5.186705589294434,
        5.1708984375,
        5.173561096191406,
        5.177451133728027,
        5.1721272468566895,
        5.171087265014648,
        5.164290904998779,
        5.15913200378418,
        5.15958833694458,
        5.162762641906738,
        5.15728235244751,
        5.153003215789795,
        5.140758514404297,
        5.155666351318359,
        5.1416015625,
        5.1508893966674805,
        5.150980472564697,
        5.150913238525391,
        5.1473517417907715,
        5.14223051071167,
        5.145448684692383,
        5.130285263061523,
        5.141834259033203,
        5.142050266265869,
        5.137728691101074,
        5.132532596588135,
        5.127995014190674,
        5.136627197265625,
        5.132820129394531,
        5.129074573516846,
        5.126378059387207,
        5.118634223937988,
        5.131716728210449,
        5.124085903167725,
        5.120710372924805,
        5.114688396453857,
        5.125657558441162,
        5.129075527191162,
        5.121763229370117,
        5.122964859008789,
        5.115199089050293,
        5.113624572753906,
        5.110393524169922,
        5.1182684898376465,
        5.112486839294434,
        5.109679222106934,
        5.098905563354492,
        5.113100051879883,
        5.100355625152588,
        5.106243133544922,
        5.110612869262695,
        5.108349323272705,
        5.100437641143799,
        5.105621814727783,
        5.101864814758301,
        5.091652870178223,
        5.100266456604004,
        5.0958733558654785,
        5.09550142288208,
        5.093602180480957,
        5.099355220794678,
        5.08455228805542,
        5.100492000579834,
        5.095678329467773,
        5.084239959716797,
        5.08952522277832,
        5.096301555633545,
        5.084882736206055,
        5.088517189025879,
        5.075329780578613,
        5.0721001625061035,
        5.079314231872559,
        5.077527046203613,
        5.075128078460693,
        5.0846123695373535,
        5.075482368469238,
        5.0796685218811035,
        5.075643062591553,
        5.070399284362793,
        5.078279972076416,
        5.07036828994751,
        5.073021411895752,
        5.060401439666748,
        5.069421768188477,
        5.062653541564941,
        5.072299003601074,
        5.0666279792785645,
        5.007651329040527,
        4.99953031539917,
        4.998542785644531,
        4.998051166534424,
        4.999117851257324,
        4.998126983642578,
        4.998286247253418,
        4.9960479736328125,
        4.997634410858154,
        4.997042655944824,
        4.996046543121338,
        4.99674654006958,
        4.996097087860107,
        4.995319843292236,
        4.995578289031982,
        4.993711948394775,
        4.993549823760986,
        4.992273330688477,
        4.993707656860352,
        4.994217395782471,
        4.993494033813477,
        4.99198579788208,
        4.99106502532959,
        4.991167068481445,
        4.989859580993652,
        4.99182653427124,
        4.989812850952148,
        4.989206790924072,
        4.9880781173706055,
        4.9898858070373535,
        4.98803186416626,
        4.988032341003418,
        4.9863386154174805,
        4.986400604248047,
        4.985595226287842,
        4.987002849578857,
        4.986815452575684,
        4.986009120941162,
        4.98712682723999,
        4.983553886413574,
        4.9855780601501465,
        4.984110355377197,
        4.983429431915283,
        4.983611106872559,
        4.981412410736084,
        4.982923984527588,
        4.982059001922607,
        4.982224941253662,
        4.9825921058654785,
        4.980517387390137,
        4.980074405670166,
        4.9664306640625,
        4.962940692901611,
        4.962902069091797,
        4.962541580200195,
        4.961965084075928,
        4.962236404418945,
        4.962120532989502,
        4.9616522789001465,
        4.961739540100098,
        4.962162494659424
    ],