{
    "run_n":26,
    "run_seed":0,
    "ndims":16,
    "nsamples":100000,
    "correlation":"corr",
    "nbijectors":5,
    "bijector":"CsplineN",
    "spline_knots":8,
    "range_min":-16,
    "hidden_layers":"256-256-256",
    "batch_size":512,
    "activation":"relu",
    "eps_regulariser":0,
    "regulariser":null,
    "dist_seed":0,
    "test_seed":0,
    "kl_divergence":-1,
    "ks_test_mean":0.14925783745390794,
    "ks_test_median":0.14408572193775085,
    "ad_test_mean":0.09804838594243029,
    "ad_test_median":0.10561360283670057,
    "Wasserstein_median":0.11232679421620312,
    "Wasserstein_mean":0.11232679421620312,
    "frob_norm":0.1518333521059609,
    "epochs_input":1000,
    "epochs_output":145,
    "time":3135.462778200861,
    "train_loss_history":[
        40.19928741455078,
        24.93009376525879,
        23.23542594909668,
        22.423009872436523,
        21.781627655029297,
        21.33026695251465,
        21.031169891357422,
        20.852584838867188,
        20.60335922241211,
        20.362255096435547,
        20.19224739074707,
        20.038002014160156,
        20.008869171142578,
        19.838220596313477,
        19.829092025756836,
        19.653406143188477,
        19.610673904418945,
        19.49636459350586,
        19.451269149780273,
        19.389522552490234,
        19.34385108947754,
        19.343944549560547,
        19.13396453857422,
        19.197040557861328,
        19.130123138427734,
        19.074708938598633,
        19.142826080322266,
        19.036155700683594,
        18.902225494384766,
        18.949739456176758,
        18.902700424194336,
        18.832120895385742,
        18.854782104492188,
        18.789188385009766,
        18.79177474975586,
        18.7818660736084,
        18.75230598449707,
        18.701215744018555,
        18.67983627319336,
        18.588096618652344,
        18.64277458190918,
        18.633243560791016,
        18.54231071472168,
        18.635387420654297,
        18.566530227661133,
        18.523014068603516,
        18.512250900268555,
        18.465410232543945,
        18.447214126586914,
        18.4023494720459,
        18.38770866394043,
        18.376440048217773,
        18.375261306762695,
        18.3680419921875,
        18.340417861938477,
        18.414474487304688,
        18.319320678710938,
        18.312610626220703,
        18.272838592529297,
        18.282167434692383,
        18.25520896911621,
        18.217365264892578,
        18.191492080688477,
        18.205808639526367,
        18.20294952392578,
        18.16025733947754,
        18.131013870239258,
        18.126249313354492,
        18.185592651367188,
        18.12052345275879,
        18.112150192260742,
        18.021793365478516,
        18.037187576293945,
        18.04518699645996,
        18.01494026184082,
        17.956092834472656,
        17.971174240112305,
        17.90614891052246,
        17.85199737548828,
        17.845619201660156,
        17.8018798828125,
        17.799705505371094,
        17.719379425048828,
        17.71879005432129,
        17.711599349975586,
        17.651084899902344,
        17.709396362304688,
        17.621662139892578,
        17.57196044921875,
        17.593652725219727,
        17.57581329345703,
        17.545516967773438,
        17.507125854492188,
        17.499658584594727,
        17.478485107421875,
        17.43252182006836,
        17.445098876953125,
        17.38313865661621,
        17.405759811401367,
        17.374187469482422,
        17.359317779541016,
        17.316736221313477,
        17.346525192260742,
        17.314651489257812,
        17.306352615356445,
        17.258586883544922,
        17.291259765625,
        17.245424270629883,
        17.220605850219727,
        17.211977005004883,
        17.140933990478516,
        17.166105270385742,
        17.254289627075195,
        17.121570587158203,
        17.13136863708496,
        17.08625602722168,
        17.098468780517578,
        17.07054328918457,
        17.07761001586914,
        17.043981552124023,
        17.034385681152344,
        17.019344329833984,
        17.00665283203125,
        16.98008155822754,
        16.9938907623291,
        16.944805145263672,
        16.93205451965332,
        16.950315475463867,
        16.892696380615234,
        16.900474548339844,
        16.850906372070312,
        16.893815994262695,
        16.87202262878418,
        16.798736572265625,
        16.835582733154297,
        16.281686782836914,
        16.120277404785156,
        16.056711196899414,
        16.035720825195312,
        15.987441062927246,
        15.962325096130371,
        15.947406768798828,
        15.922497749328613,
        15.900689125061035,
        15.890532493591309
    ],