{
    "run_n":15,
    "run_seed":0,
    "ndims":32,
    "nsamples":100000,
    "correlation":"corr",
    "nbijectors":10,
    "bijector":"RealNVPN",
    "spline_knots":8,
    "range_min":-16,
    "hidden_layers":"128-128-128",
    "batch_size":256,
    "activation":"relu",
    "eps_regulariser":0,
    "regulariser":null,
    "dist_seed":0,
    "test_seed":0,
    "kl_divergence":-1,
    "ks_test_mean":0.16465596533448706,
    "ks_test_median":0.13328840646715345,
    "ad_test_mean":0.04710345450412651,
    "ad_test_median":0.05337772667044921,
    "Wasserstein_median":0.014092999105888154,
    "Wasserstein_mean":0.014092999105888154,
    "frob_norm":0.7111262759516814,
    "epochs_input":1000,
    "epochs_output":180,
    "time":1589.182567274198,
    "train_loss_history":[
        1354.1156005859375,
        17.725414276123047,
        4.511421203613281,
        1.6286741495132446,
        -0.3279505670070648,
        -0.3235802948474884,
        -1.7824623584747314,
        -1.201668620109558,
        -2.3635945320129395,
        -2.5783255100250244,
        -3.1099350452423096,
        -3.326404571533203,
        -3.776834726333618,
        -4.3132500648498535,
        -4.247716903686523,
        -4.704909801483154,
        -5.093502521514893,
        -4.693964004516602,
        -4.84024715423584,
        -5.526749610900879,
        -4.869239807128906,
        -5.462545871734619,
        -5.7286152839660645,
        -5.8139872550964355,
        -4.67784309387207,
        -6.081428527832031,
        -5.841245174407959,
        -6.117802619934082,
        -6.092971324920654,
        -4.530090808868408,
        -3.254422426223755,
        -6.0718302726745605,
        -1.7863569259643555,
        -6.335717678070068,
        -5.862185001373291,
        -5.4779863357543945,
        -6.59229040145874,
        -1.4691427946090698,
        -5.421296119689941,
        -6.569326400756836,
        -6.2741475105285645,
        -6.562023639678955,
        -6.2235636711120605,
        -6.507430076599121,
        -6.89190673828125,
        -6.990409851074219,
        -6.291593074798584,
        -6.149864196777344,
        -7.230676651000977,
        -7.085565090179443,
        -1.3799192905426025,
        -6.467637062072754,
        -6.319794178009033,
        -7.583698272705078,
        -7.2384209632873535,
        -7.607870578765869,
        -7.899868011474609,
        -7.386478900909424,
        -7.895033836364746,
        -7.897314071655273,
        -8.237841606140137,
        -8.015143394470215,
        -8.222434043884277,
        -8.234539031982422,
        -8.55760383605957,
        -7.5337910652160645,
        -8.3097562789917,
        -8.687198638916016,
        -8.548931121826172,
        -8.703121185302734,
        -8.92485237121582,
        -8.635957717895508,
        -9.07262134552002,
        -8.983006477355957,
        -8.98034954071045,
        -9.040926933288574,
        -9.008820533752441,
        -9.061540603637695,
        -9.259737968444824,
        -9.334199905395508,
        -9.453010559082031,
        -9.54877758026123,
        -9.495819091796875,
        -9.602839469909668,
        -9.626825332641602,
        -9.642008781433105,
        -9.506375312805176,
        -9.490668296813965,
        -9.637471199035645,
        -9.751410484313965,
        -9.590325355529785,
        -9.676229476928711,
        -9.786662101745605,
        -9.819602966308594,
        -9.879557609558105,
        -9.986313819885254,
        -9.829504013061523,
        -10.078573226928711,
        -10.05976676940918,
        -10.196102142333984,
        -9.865286827087402,
        -10.33405590057373,
        -10.394124984741211,
        -10.280570030212402,
        -10.35494327545166,
        -10.474839210510254,
        -10.281781196594238,
        -10.518865585327148,
        -10.500362396240234,
        -10.545595169067383,
        -10.056683540344238,
        -10.705344200134277,
        -10.664106369018555,
        -10.587382316589355,
        -10.68862247467041,
        -10.631053924560547,
        -10.70136547088623,
        -10.683570861816406,
        -10.541651725769043,
        -10.789591789245605,
        -10.785223007202148,
        -10.822811126708984,
        -10.694676399230957,
        -10.938288688659668,
        -10.824024200439453,
        -10.381104469299316,
        -11.025026321411133,
        -10.778103828430176,
        -11.043781280517578,
        -11.031437873840332,
        -11.055741310119629,
        -11.058303833007812,
        -11.060338973999023,
        -11.132184028625488,
        -11.146663665771484,
        -11.117332458496094,
        -11.053205490112305,
        -11.199225425720215,
        -11.185735702514648,
        -11.083440780639648,
        -11.235013008117676,
        -11.18897819519043,
        -11.29151725769043,
        -11.325995445251465,
        -10.982015609741211,
        -11.291072845458984,
        -11.386625289916992,
        -11.380203247070312,
        -11.36667537689209,
        -11.268058776855469,
        -11.3945951461792,
        -11.423863410949707,
        -11.361623764038086,
        -11.418086051940918,
        -11.487916946411133,
        -11.387343406677246,
        -11.410783767700195,
        -11.475290298461914,
        -11.502619743347168,
        -11.617652893066406,
        -11.453514099121094,
        -11.414616584777832,
        -11.551065444946289,
        -11.592808723449707,
        -11.650703430175781,
        -11.495221138000488,
        -11.524240493774414,
        -11.608393669128418,
        -11.277546882629395,
        -11.677985191345215,
        -12.586135864257812,
        -12.698455810546875,
        -12.718987464904785,
        -12.737842559814453,
        -12.757896423339844,
        -12.758746147155762,
        -12.754241943359375,
        -12.769441604614258,
        -12.759242057800293,
        -12.764241218566895
    ],