{
    "run_n": 15,
    "run_seed": 0,
    "ndims": 32,
    "nsamples": 100000,
    "correlation": "corr",
    "nbijectors": 2,
    "bijector": "MsplineN",
    "spline_knots": 12,
    "range_min": -16,
    "hidden_layers": "128-128-128",
    "batch_size": 512,
    "activation": "relu",
    "eps_regulariser": 0,
    "regulariser": null,
    "dist_seed": 0,
    "test_seed": 0,
    "kl_divergence": -1,
    "ks_test_mean": 0.3056769785385007,
    "ks_test_median": 0.35726789169752704,
    "ad_test_mean": 0.1633522890148224,
    "ad_test_median": 0.1519028292482087,
    "Wasserstein_median": 0.05887446174957878,
    "Wasserstein_mean": 0.05887446174957878,
    "frob_norm": 0.24160045963567015,
    "epochs_input": 1000,
    "epochs_output": 160,
    "time": 895.136683953926,
    "train_loss_history": [
        80.9677963256836,
        43.40351104736328,
        41.47888946533203,
        40.65221405029297,
        40.333072662353516,
        39.603702545166016,
        39.3714599609375,
        39.01498794555664,
        38.90889358520508,
        38.82057571411133,
        38.52676010131836,
        38.42452621459961,
        38.42529296875,
        38.01795196533203,
        39.02158737182617,
        38.29158401489258,
        38.064857482910156,
        38.159732818603516,
        38.12910461425781,
        37.81047821044922,
        37.80952072143555,
        37.84814453125,
        38.4107666015625,
        38.191097259521484,
        37.61258316040039,
        38.19491195678711,
        38.104068756103516,
        37.65858840942383,
        37.865760803222656,
        37.70366287231445,
        37.7451057434082,
        37.995323181152344,
        37.54488754272461,
        37.623050689697266,
        37.5297737121582,
        37.57845687866211,
        37.496028900146484,
        38.28705596923828,
        37.603885650634766,
        37.46116256713867,
        37.356163024902344,
        37.47167205810547,
        37.60004806518555,
        37.437808990478516,
        37.40053939819336,
        37.321189880371094,
        37.4438591003418,
        37.72294235229492,
        37.48996353149414,
        37.52819061279297,
        37.493804931640625,
        37.662200927734375,
        37.157081604003906,
        37.874637603759766,
        38.40700149536133,
        37.95494079589844,
        37.78579330444336,
        37.759334564208984,
        37.283935546875,
        37.6132926940918,
        37.32935333251953,
        37.51792526245117,
        37.349937438964844,
        37.293949127197266,
        37.352325439453125,
        37.40155792236328,
        37.31135177612305,
        36.98428726196289,
        37.03548812866211,
        37.1800422668457,
        37.62117385864258,
        37.78726577758789,
        37.18438720703125,
        37.133026123046875,
        37.64219665527344,
        37.085018157958984,
        37.091548919677734,
        37.077205657958984,
        37.01021194458008,
        37.27919006347656,
        37.62178039550781,
        37.12206268310547,
        36.986385345458984,
        37.04948043823242,
        37.15446853637695,
        37.12373733520508,
        36.9455451965332,
        37.03978729248047,
        36.936744689941406,
        37.08868408203125,
        37.09197235107422,
        36.953125,
        37.028167724609375,
        36.926082611083984,
        37.45466613769531,
        37.03707504272461,
        37.04872512817383,
        36.96538162231445,
        36.94609069824219,
        37.395469665527344,
        36.991737365722656,
        37.797950744628906,
        37.63542938232422,
        37.29118728637695,
        37.158714294433594,
        36.90513229370117,
        37.007877349853516,
        37.129669189453125,
        36.97416305541992,
        36.82503890991211,
        36.900997161865234,
        37.03394317626953,
        37.11700439453125,
        36.93954849243164,
        36.78819274902344,
        36.86493682861328,
        37.11704635620117,
        36.89519500732422,
        37.21014404296875,
        36.87738037109375,
        36.855712890625,
        36.94139862060547,
        36.733299255371094,
        36.98771667480469,
        36.74338912963867,
        37.008975982666016,
        37.004310607910156,
        37.00199890136719,
        36.97002029418945,
        37.05585861206055,
        36.87880325317383,
        36.89017105102539,
        36.68701171875,
        36.874473571777344,
        37.68968963623047,
        37.24665451049805,
        37.465946197509766,
        37.482425689697266,
        36.72432327270508,
        36.73711013793945,
        36.707427978515625,
        37.07111358642578,
        36.639678955078125,
        36.879302978515625,
        36.71052932739258,
        36.86421203613281,
        37.09426498413086,
        37.45036315917969,
        36.84159469604492,
        36.655696868896484,
        36.36452102661133,
        36.319183349609375,
        36.29656982421875,
        36.320045471191406,
        36.28452682495117,
        36.335227966308594,
        36.311519622802734,
        36.33367156982422,
        36.2884407043457,
        36.264644622802734
    ],