{
    "run_n":5,
    "run_seed":0,
    "ndims":4,
    "nsamples":100000,
    "correlation":"corr",
    "nbijectors":5,
    "bijector":"CsplineN",
    "spline_knots":12,
    "range_min":-16,
    "hidden_layers":"256-256-256",
    "batch_size":512,
    "activation":"relu",
    "eps_regulariser":0,
    "regulariser":null,
    "dist_seed":0,
    "test_seed":0,
    "kl_divergence":-1,
    "ks_test_mean":0.2582632290689798,
    "ks_test_median":0.2740993123865826,
    "ad_test_mean":0.17273143717531325,
    "ad_test_median":0.17403835053846348,
    "Wasserstein_median":0.04130791383140631,
    "Wasserstein_mean":0.04130791383140631,
    "frob_norm":0.055878130803951036,
    "epochs_input":1000,
    "epochs_output":176,
    "time":4556.2766123819165,
    "train_loss_history":[
        8.171290397644043,
        6.600820064544678,
        6.346677303314209,
        6.073617935180664,
        5.894100666046143,
        5.76753044128418,
        5.400222301483154,
        4.968926906585693,
        5.465206623077393,
        5.11029577255249,
        5.259064674377441,
        5.10447359085083,
        4.486884117126465,
        4.095831394195557,
        3.9395039081573486,
        3.902003526687622,
        3.8746397495269775,
        3.858386993408203,
        3.8284308910369873,
        3.8232316970825195,
        3.823589324951172,
        3.7757294178009033,
        3.8112802505493164,
        3.763887405395508,
        3.775686502456665,
        3.7770204544067383,
        3.753206729888916,
        3.761845588684082,
        3.723665714263916,
        3.74052095413208,
        3.7335638999938965,
        3.7146527767181396,
        3.756624937057495,
        3.6999127864837646,
        3.7204530239105225,
        3.683173894882202,
        3.715590476989746,
        3.690545082092285,
        3.6867570877075195,
        3.677067995071411,
        3.6598780155181885,
        3.6542084217071533,
        3.661447048187256,
        3.6523327827453613,
        3.6464931964874268,
        3.6498043537139893,
        3.670205593109131,
        3.6592631340026855,
        3.62487530708313,
        3.631340503692627,
        3.630815267562866,
        3.6166436672210693,
        3.6450936794281006,
        3.604454755783081,
        3.617692470550537,
        3.6366469860076904,
        3.623570680618286,
        3.6096534729003906,
        3.5903282165527344,
        3.6011850833892822,
        3.5968475341796875,
        3.58390474319458,
        3.578887939453125,
        3.6016108989715576,
        3.6211249828338623,
        3.6046924591064453,
        3.604114294052124,
        3.5887885093688965,
        3.5638346672058105,
        3.5861880779266357,
        3.5730366706848145,
        3.5818049907684326,
        3.5624184608459473,
        3.592402935028076,
        3.560417890548706,
        3.5658607482910156,
        3.5479300022125244,
        3.5760958194732666,
        3.550217628479004,
        3.5727741718292236,
        3.5705292224884033,
        3.5658020973205566,
        3.5735464096069336,
        3.5588088035583496,
        3.544534206390381,
        3.5449328422546387,
        3.5748331546783447,
        3.552544593811035,
        3.5172855854034424,
        3.548297882080078,
        3.5618996620178223,
        3.5457518100738525,
        3.5492637157440186,
        3.5568478107452393,
        3.5384602546691895,
        3.5379724502563477,
        3.5395801067352295,
        3.5314440727233887,
        3.5537984371185303,
        3.5454375743865967,
        3.557180166244507,
        3.5478365421295166,
        3.5304501056671143,
        3.564805030822754,
        3.5642738342285156,
        3.578388214111328,
        3.5689094066619873,
        3.5905470848083496,
        3.543769598007202,
        3.5433273315429688,
        3.5407907962799072,
        3.5432820320129395,
        3.5826268196105957,
        3.608076333999634,
        3.577793836593628,
        3.5305912494659424,
        3.5879647731781006,
        3.5679593086242676,
        3.56811785697937,
        3.5500121116638184,
        3.5539395809173584,
        3.557685613632202,
        3.6449227333068848,
        3.635744333267212,
        3.5742175579071045,
        3.6203811168670654,
        3.647292137145996,
        3.5543224811553955,
        3.717985153198242,
        3.596036434173584,
        3.649667739868164,
        3.5911855697631836,
        3.62296462059021,
        3.6282570362091064,
        3.584566593170166,
        3.7176241874694824,
        3.647932767868042,
        3.7421767711639404,
        3.6657700538635254,
        3.6360559463500977,
        3.573249101638794,
        3.634500503540039,
        3.650294542312622,
        3.7218377590179443,
        3.68780779838562,
        3.8123607635498047,
        3.7124736309051514,
        4.02830171585083,
        3.692411184310913,
        3.659308671951294,
        3.6235532760620117,
        3.75777268409729,
        3.7771785259246826,
        3.7565081119537354,
        3.8156259059906006,
        3.721925735473633,
        3.6453423500061035,
        3.63372540473938,
        3.674860954284668,
        3.6142683029174805,
        3.652655839920044,
        3.6741721630096436,
        3.7412526607513428,
        3.682307243347168,
        3.7827677726745605,
        3.846068859100342,
        3.7283599376678467,
        3.6514534950256348,
        3.601616144180298,
        3.589770555496216,
        3.5858922004699707,
        3.560112237930298,
        3.5862104892730713,
        3.5546677112579346,
        3.545438051223755,
        3.541560411453247
    ],