{
    "run_n":4,
    "run_seed":440,
    "ndims":8,
    "nsamples":100000,
    "correlation":"corr",
    "nbijectors":5,
    "bijector":"CsplineN",
    "spline_knots":12,
    "range_min":-16,
    "hidden_layers":"128-128-128",
    "batch_size":512,
    "activation":"relu",
    "eps_regulariser":0,
    "regulariser":null,
    "dist_seed":0,
    "test_seed":0,
    "kl_divergence":-1,
    "ks_test_mean":0.4763833405697897,
    "ks_test_median":0.4705005238697323,
    "ad_test_mean":0.21323923106323228,
    "ad_test_median":0.20990925655317175,
    "Wasserstein_median":0.030636822003739912,
    "Wasserstein_mean":0.030636822003739912,
    "frob_norm":0.0649337083018907,
    "epochs_input":1000,
    "epochs_output":183,
    "time":4141.555692389142,
    "train_loss_history":[
        13.295552253723145,
        6.467832565307617,
        5.958750247955322,
        5.522331714630127,
        5.2226948738098145,
        5.156479358673096,
        4.9775543212890625,
        4.898409843444824,
        4.766979694366455,
        4.7505083084106445,
        4.770514488220215,
        4.89492654800415,
        4.644083023071289,
        4.685743808746338,
        4.629671573638916,
        4.532064437866211,
        4.477198600769043,
        4.498048782348633,
        4.464578628540039,
        4.438021659851074,
        4.479259967803955,
        4.446661472320557,
        4.421048641204834,
        4.409408092498779,
        4.361111164093018,
        4.3939690589904785,
        4.384019374847412,
        4.38700008392334,
        4.343846797943115,
        4.34250020980835,
        4.324150085449219,
        4.313454627990723,
        4.3206000328063965,
        4.3180060386657715,
        4.3443217277526855,
        4.322563648223877,
        4.325748443603516,
        4.287294864654541,
        4.269577980041504,
        4.282040119171143,
        4.281827449798584,
        4.286317825317383,
        4.26610803604126,
        4.303790092468262,
        4.267802715301514,
        4.299959182739258,
        4.26381778717041,
        4.262011528015137,
        4.255324363708496,
        4.260804176330566,
        4.2453999519348145,
        4.26530122756958,
        4.246368408203125,
        4.241897106170654,
        4.250231742858887,
        4.245189666748047,
        4.232884407043457,
        4.233760356903076,
        4.241743564605713,
        4.210360050201416,
        4.220020771026611,
        4.219259262084961,
        4.216601848602295,
        4.228757858276367,
        4.20333194732666,
        4.22006893157959,
        4.226109027862549,
        4.21815299987793,
        4.222167491912842,
        4.18481969833374,
        4.188926696777344,
        4.206557750701904,
        4.182511806488037,
        4.2087883949279785,
        4.18925666809082,
        4.191037178039551,
        4.177358150482178,
        4.184481143951416,
        4.171106815338135,
        4.194594860076904,
        4.205216884613037,
        4.186705589294434,
        4.1693902015686035,
        4.173985004425049,
        4.176471710205078,
        4.162411212921143,
        4.146697521209717,
        4.167659759521484,
        4.170060634613037,
        4.171627998352051,
        4.144618034362793,
        4.169532299041748,
        4.158571243286133,
        4.1786627769470215,
        4.1631669998168945,
        4.13897705078125,
        4.1617207527160645,
        4.142265319824219,
        4.137359142303467,
        4.1354475021362305,
        4.129182815551758,
        4.129898548126221,
        4.151249885559082,
        4.128095626831055,
        4.134555816650391,
        4.125600337982178,
        4.121530532836914,
        4.131524562835693,
        4.116411209106445,
        4.133639812469482,
        4.117700576782227,
        4.113595962524414,
        4.136099338531494,
        4.114424705505371,
        4.125951766967773,
        4.1129255294799805,
        4.124233245849609,
        4.126758098602295,
        4.1097002029418945,
        4.106270790100098,
        4.099263668060303,
        4.096179008483887,
        3.9893174171447754,
        3.9715898036956787,
        3.964399576187134,
        3.9628353118896484,
        3.9640092849731445,
        3.9585065841674805,
        3.958353042602539,
        3.957643747329712,
        3.9589388370513916,
        3.954530715942383,
        3.9546446800231934,
        3.9540164470672607,
        3.9499592781066895,
        3.955152750015259,
        3.9478330612182617,
        3.9477713108062744,
        3.9451804161071777,
        3.9436936378479004,
        3.9461402893066406,
        3.9412224292755127,
        3.9411139488220215,
        3.9372026920318604,
        3.9361767768859863,
        3.9425384998321533,
        3.940657615661621,
        3.931976795196533,
        3.9350624084472656,
        3.93183970451355,
        3.9302682876586914,
        3.929800510406494,
        3.930403232574463,
        3.9284026622772217,
        3.9303696155548096,
        3.937347412109375,
        3.9301414489746094,
        3.9204556941986084,
        3.922146797180176,
        3.922926425933838,
        3.9207308292388916,
        3.9182469844818115,
        3.9211575984954834,
        3.9201722145080566,
        3.917351245880127,
        3.9170780181884766,
        3.918484926223755,
        3.9066097736358643,
        3.9078173637390137,
        3.911379814147949,
        3.9063620567321777,
        3.9100334644317627,
        3.9016273021698,
        3.8687496185302734,
        3.863448143005371,
        3.8632688522338867,
        3.862095594406128,
        3.8620731830596924,
        3.8620402812957764,
        3.860297203063965,
        3.860220193862915,
        3.8610575199127197,
        3.858952283859253
    ],