{
    "run_n":8,
    "run_seed":null,
    "ndims":100,
    "nsamples":100000,
    "correlation":"corr",
    "nbijectors":5,
    "bijector":"CsplineN",
    "spline_knots":8,
    "range_min":-16,
    "hidden_layers":"512-512-512",
    "batch_size":512,
    "activation":"relu",
    "eps_regulariser":0,
    "regulariser":null,
    "dist_seed":0,
    "test_seed":0,
    "ks_mean":1.7571131578913516e-38,
    "ks_std":3.0607035818771975e-37,
    "ad_mean":0.0010000000000000005,
    "ad_std":4.336808689942018e-19,
    "wd_mean":1.9977665198686088,
    "wd_std":2.4619685343657816,
    "swd_mean":2.7012300998313785,
    "swd_std":1.6133404078332427,
    "fn_mean":60.19848201990244,
    "fn_std":0.20045669499852473,
    "epochs_input":1000,
    "epochs_output":89,
    "time":2494.5552836130373,
    "train_loss_history":[
        1154.07080078125,
        242.0478057861328,
        193.82901000976562,
        187.3350067138672,
        209.2740020751953,
        166.50717163085938,
        156.9334259033203,
        292.82000732421875,
        140.65789794921875,
        218.63316345214844,
        149.5550079345703,
        117.4239730834961,
        112.23660278320312,
        105.57716369628906,
        106.03607177734375,
        123.33501434326172,
        116.83817291259766,
        102.90908813476562,
        102.52397918701172,
        96.43489074707031,
        100.18353271484375,
        102.53397369384766,
        94.9378890991211,
        92.8443832397461,
        98.30253601074219,
        97.0435791015625,
        92.95287322998047,
        97.93641662597656,
        92.5726318359375,
        91.04631805419922,
        91.14395904541016,
        92.28201293945312,
        93.12564086914062,
        90.559814453125,
        91.01002502441406,
        121.55284118652344,
        93.3159408569336,
        90.84455108642578,
        98.16045379638672,
        91.43656158447266,
        88.9464111328125,
        88.4494400024414,
        88.5877456665039,
        87.7696533203125,
        88.08551788330078,
        89.02521514892578,
        86.62998962402344,
        90.87339782714844,
        89.11450958251953,
        87.31572723388672,
        86.78433227539062,
        85.9770278930664,
        85.32799530029297,
        85.52839660644531,
        86.40953826904297,
        85.95791625976562,
        86.30992126464844,
        85.0942153930664,
        97.41220092773438,
        87.97869110107422,
        85.52561950683594,
        86.01500701904297,
        85.03707885742188,
        85.5471420288086,
        85.54722595214844,
        84.43486785888672,
        84.26436614990234,
        86.677490234375,
        84.29607391357422,
        84.0069580078125,
        90.7490234375,
        93.25575256347656,
        86.32444763183594,
        85.466064453125,
        84.82202911376953,
        86.83332824707031,
        84.34504699707031,
        85.50717163085938,
        84.50746154785156,
        85.02108764648438,
        84.90470123291016,
        83.39453887939453,
        83.27418518066406,
        83.1429443359375,
        83.45498657226562,
        83.86038208007812,
        83.18421936035156,
        83.28298950195312,
        NaN
    ],
    "val_loss_history":[
        320.0272521972656,
        201.17355346679688,
        211.39825439453125,
        167.32652282714844,
        174.6534881591797,
        161.360107421875,
        152.90113830566406,
        170.64051818847656,
        143.97900390625,
        199.2200927734375,
        126.62123107910156,
        115.7395248413086,
        106.24640655517578,
        104.94346618652344,
        99.77234649658203,
        174.9281463623047,
        104.42683410644531,
        100.95862579345703,
        102.59192657470703,
        95.53422546386719,
        122.00706481933594,
        98.08321380615234,
        91.09286499023438,
        98.03829956054688,
        124.72623443603516,
        91.88228607177734,
        91.04451751708984,
        92.42141723632812,
        90.2848129272461,
        93.9859390258789,
        91.36003875732422,
        89.85968017578125,
        95.4338150024414,
        98.26019287109375,
        93.71802520751953,
        94.3378677368164,
        91.33662414550781,
        92.59899139404297,
        99.73835754394531,
        94.20576477050781,
        88.66179656982422,
        88.2000732421875,
        88.7812271118164,
        87.37409973144531,
        86.79794311523438,
        85.9337158203125,
        84.53211975097656,
        92.93269348144531,
        90.24015808105469,
        86.30069732666016,
        88.83769226074219,
        86.80113983154297,
        86.06221008300781,
        83.98515319824219,
        84.37112426757812,
        84.25720977783203,
        85.60242462158203,
        87.05648803710938,
        86.3980712890625,
        84.81298065185547,
        85.44464874267578,
        84.06532287597656,
        83.27363586425781,
        85.948486328125,
        85.64368438720703,
        83.14449310302734,
        83.70011901855469,
        82.63751983642578,
        84.026123046875,
        83.81854248046875,
        130.1634979248047,
        88.04751586914062,
        85.60862731933594,
        85.0982437133789,
        86.161376953125,
        83.95140075683594,
        83.04943084716797,
        83.58065795898438,
        82.94429779052734,
        97.12430572509766,
        85.40673828125,
        82.93428802490234,
        82.92922973632812,
        83.47091674804688,
        84.85690307617188,
        82.23772430419922,
        82.2757339477539,
        84.94664764404297,
        NaN
    ],
    "best_train_loss":[],
    "best_val_loss":NaN,
    "best_epoch":[]
}