{
    "run_n":32,
    "run_seed":0,
    "ndims":16,
    "nsamples":100000,
    "correlation":"corr",
    "nbijectors":10,
    "bijector":"CsplineN",
    "spline_knots":8,
    "range_min":-16,
    "hidden_layers":"256-256-256",
    "batch_size":512,
    "activation":"relu",
    "eps_regulariser":0,
    "regulariser":null,
    "dist_seed":0,
    "test_seed":0,
    "kl_divergence":-1,
    "ks_test_mean":0.29461086573230916,
    "ks_test_median":0.32317528987680044,
    "ad_test_mean":0.13582637448770796,
    "ad_test_median":0.11933436607305735,
    "Wasserstein_median":0.015769438140743025,
    "Wasserstein_mean":0.015769438140743025,
    "frob_norm":0.20788104477424707,
    "epochs_input":1000,
    "epochs_output":143,
    "time":6508.505871059373,
    "train_loss_history":[
        135.71865844726562,
        13.649662017822266,
        7.197122097015381,
        3.483384370803833,
        2.625986337661743,
        1.5372350215911865,
        1.3778181076049805,
        1.5153526067733765,
        0.9987931847572327,
        1.209653377532959,
        0.6365199685096741,
        0.8648722767829895,
        0.7116372585296631,
        0.7044960856437683,
        0.9020273089408875,
        1.2752206325531006,
        0.7437788844108582,
        0.23537929356098175,
        1.3409466743469238,
        0.35186541080474854,
        0.3120777904987335,
        0.2236746996641159,
        0.14514710009098053,
        0.118763767182827,
        0.28427064418792725,
        -0.006231843028217554,
        -0.024670002982020378,
        0.019130675122141838,
        0.020632045343518257,
        0.3025178909301758,
        -0.014067020267248154,
        -0.32490646839141846,
        -0.04771127924323082,
        0.06634394824504852,
        -0.38398587703704834,
        -0.5453535318374634,
        -0.09271601587533951,
        -0.2555183172225952,
        -0.49517422914505005,
        -0.5648621916770935,
        0.041530363261699677,
        -0.39820435643196106,
        -0.42581334710121155,
        -0.23086892068386078,
        -0.5158997178077698,
        -0.6518085598945618,
        -0.49001896381378174,
        -0.7244681119918823,
        -0.788470447063446,
        -0.6323826909065247,
        -0.725195586681366,
        -0.8609838485717773,
        -0.6551100611686707,
        -0.566499650478363,
        -0.7033067345619202,
        -0.8769979476928711,
        -0.551206648349762,
        -0.9198955297470093,
        -0.6967938542366028,
        -0.890579104423523,
        -0.7485891580581665,
        -0.9045956134796143,
        -0.8866182565689087,
        -0.9996599555015564,
        -0.9588546752929688,
        -1.0532935857772827,
        -0.7954161167144775,
        -1.1535546779632568,
        -0.8822461366653442,
        -1.137186884880066,
        -0.9894829392433167,
        -0.9734379649162292,
        -1.03233802318573,
        -1.1092225313186646,
        -0.9591931700706482,
        -0.8897983431816101,
        -1.1983906030654907,
        -1.1147056818008423,
        -1.2234501838684082,
        -1.2307498455047607,
        -1.1650773286819458,
        -1.34415864944458,
        -0.6516924500465393,
        -1.2462067604064941,
        -1.049943447113037,
        -1.3412442207336426,
        -1.3510500192642212,
        -1.2578532695770264,
        -1.2960832118988037,
        -1.3382630348205566,
        -1.4441490173339844,
        -1.4931321144104004,
        -1.3008800745010376,
        -1.411989688873291,
        -1.4053465127944946,
        -1.3119115829467773,
        -1.379919171333313,
        -1.5680574178695679,
        -1.3910598754882812,
        -1.4806773662567139,
        -1.590965986251831,
        -1.4211457967758179,
        -1.6188368797302246,
        -1.509545922279358,
        -1.5784356594085693,
        -1.604800820350647,
        -1.5065010786056519,
        -1.6937350034713745,
        -1.6309144496917725,
        -1.6396286487579346,
        -1.5158182382583618,
        -1.6902581453323364,
        -1.7145271301269531,
        -1.76210618019104,
        -1.7620338201522827,
        -1.6957062482833862,
        -1.7371407747268677,
        -1.829068899154663,
        -1.7413246631622314,
        -1.451696753501892,
        -1.9161760807037354,
        -1.9643839597702026,
        -1.90236496925354,
        -1.9372053146362305,
        -1.9467060565948486,
        -1.9779149293899536,
        -1.9272741079330444,
        -1.9930238723754883,
        -1.9423127174377441,
        -2.0059192180633545,
        -1.9458417892456055,
        -2.0862014293670654,
        -1.9821882247924805,
        -2.7728474140167236,
        -3.0080838203430176,
        -3.09739351272583,
        -3.1534459590911865,
        -3.2060673236846924,
        -3.237497329711914,
        -3.276092529296875,
        -3.315424680709839,
        -3.340488910675049,
        -3.3737943172454834
    ],