{
    "run_n":31,
    "run_seed":0,
    "ndims":200,
    "nsamples":100000,
    "correlation":"corr",
    "nbijectors":5,
    "bijector":"MsplineN",
    "spline_knots":12,
    "range_min":-16,
    "hidden_layers":"128-128-128",
    "batch_size":512,
    "activation":"relu",
    "eps_regulariser":0,
    "regulariser":null,
    "dist_seed":0,
    "test_seed":0,
    "kl_divergence":-1,
    "ks_test_mean":0.26291307919576923,
    "ks_test_median":0.25812822684241543,
    "ad_test_mean":0.1551492800170758,
    "ad_test_median":0.14922671250525774,
    "Wasserstein_median":0.14188436927530396,
    "Wasserstein_mean":0.14188436927530396,
    "frob_norm":6.714460429924463,
    "epochs_input":1000,
    "epochs_output":191,
    "time":2990.937485153787,
    "train_loss_history":[
        337.90777587890625,
        114.20586395263672,
        101.78754425048828,
        97.01358032226562,
        94.03034210205078,
        92.14915466308594,
        90.72481536865234,
        89.79232788085938,
        88.94386291503906,
        88.54846954345703,
        87.90339660644531,
        87.75382995605469,
        87.19989013671875,
        86.9076919555664,
        86.7708740234375,
        86.30862426757812,
        86.17268371582031,
        86.26593780517578,
        85.90840148925781,
        85.65695190429688,
        85.34748077392578,
        85.32842254638672,
        85.09223937988281,
        85.07367706298828,
        84.83331298828125,
        84.761962890625,
        84.8202133178711,
        84.4896240234375,
        84.26972198486328,
        84.33663177490234,
        84.3807373046875,
        84.05485534667969,
        84.16094207763672,
        84.21626281738281,
        83.76302337646484,
        83.8150405883789,
        83.92061614990234,
        83.75699615478516,
        83.82550048828125,
        83.66180419921875,
        83.51387786865234,
        83.56307983398438,
        83.40245819091797,
        83.3839111328125,
        83.3224105834961,
        83.16168212890625,
        83.09898376464844,
        83.06794738769531,
        83.05105590820312,
        82.9360122680664,
        82.92487335205078,
        82.94288635253906,
        82.81262969970703,
        82.80030059814453,
        82.72240447998047,
        82.68551635742188,
        82.65823364257812,
        82.51419067382812,
        82.50470733642578,
        82.45653533935547,
        82.43061065673828,
        82.40071868896484,
        82.4136962890625,
        82.34862518310547,
        82.28117370605469,
        82.24462890625,
        82.21685791015625,
        82.11923217773438,
        82.20632934570312,
        81.98849487304688,
        82.0124740600586,
        82.07935333251953,
        81.9164810180664,
        81.99164581298828,
        81.91517639160156,
        81.94264221191406,
        81.76056671142578,
        82.0339126586914,
        81.734619140625,
        81.88774871826172,
        81.77780151367188,
        81.61507415771484,
        81.67355346679688,
        81.72794342041016,
        81.61640930175781,
        81.52436065673828,
        81.50032806396484,
        81.58484649658203,
        81.57840728759766,
        81.43428802490234,
        81.47763061523438,
        81.4642105102539,
        81.49076843261719,
        81.262939453125,
        81.27926635742188,
        81.1848373413086,
        81.3110122680664,
        81.14793395996094,
        81.26573944091797,
        81.10899353027344,
        81.09295654296875,
        81.15465545654297,
        81.08621978759766,
        81.08309173583984,
        81.13944244384766,
        80.97834777832031,
        81.01753234863281,
        80.87252044677734,
        80.89444732666016,
        80.84709167480469,
        80.86026000976562,
        80.72945404052734,
        80.81903839111328,
        80.9087142944336,
        80.76406860351562,
        80.69912719726562,
        80.77101135253906,
        80.73152160644531,
        80.60791015625,
        80.64942169189453,
        80.58638763427734,
        80.62516021728516,
        80.57601165771484,
        80.48224639892578,
        80.51010131835938,
        80.67792510986328,
        80.51040649414062,
        78.44522094726562,
        78.1429672241211,
        78.23020935058594,
        78.0569839477539,
        78.19227600097656,
        78.15985107421875,
        78.04436492919922,
        78.01300048828125,
        77.98223114013672,
        77.92815399169922,
        77.97499084472656,
        78.00212860107422,
        77.93890380859375,
        77.90485382080078,
        77.97993469238281,
        77.81864929199219,
        77.96822357177734,
        77.96490478515625,
        77.87407684326172,
        77.99028778076172,
        77.82865905761719,
        77.88459014892578,
        77.74884796142578,
        77.90030670166016,
        77.84146881103516,
        77.80265808105469,
        77.77828216552734,
        77.77900695800781,
        77.76170349121094,
        77.71708679199219,
        77.86438751220703,
        77.91622161865234,
        77.765625,
        77.66478729248047,
        77.78491973876953,
        77.65099334716797,
        77.59040069580078,
        77.74296569824219,
        77.61799621582031,
        77.66378021240234,
        77.7399673461914,
        77.61302947998047,
        77.67894744873047,
        77.69818115234375,
        77.63306427001953,
        77.64036560058594,
        77.71769714355469,
        77.5104751586914,
        77.6993408203125,
        77.57464599609375,
        77.5736312866211,
        77.59274291992188,
        77.55783081054688,
        77.53282928466797,
        76.78089904785156,
        76.68321228027344,
        76.6494369506836,
        76.69633483886719,
        76.62825012207031,
        76.62722778320312,
        76.58985137939453,
        76.6658935546875,
        76.65454864501953,
        76.56427001953125
    ],