{
    "run_n":9,
    "run_seed":0,
    "ndims":16,
    "nsamples":100000,
    "correlation":"corr",
    "nbijectors":5,
    "bijector":"MAFN",
    "spline_knots":8,
    "range_min":-5,
    "hidden_layers":"128-128-128",
    "batch_size":512,
    "activation":"relu",
    "eps_regulariser":0,
    "regulariser":null,
    "dist_seed":0,
    "test_seed":0,
    "kl_divergence":-1,
    "ks_test_mean":0.43466147830444074,
    "ks_test_median":0.45763475902641937,
    "ad_test_mean":0.20484188941932685,
    "ad_test_median":0.19543712018487766,
    "Wasserstein_median":0.038592438167777195,
    "Wasserstein_mean":0.038592438167777195,
    "frob_norm":0.6533790335435259,
    "epochs_input":1000,
    "epochs_output":216,
    "time":571.4447497301735,
    "train_loss_history":[
        43.34699249267578,
        10.026776313781738,
        7.137546062469482,
        6.510011672973633,
        6.166112899780273,
        6.015011310577393,
        5.9181060791015625,
        5.798027992248535,
        5.770684719085693,
        5.694182395935059,
        5.6471734046936035,
        5.575530052185059,
        5.594166278839111,
        5.549311637878418,
        5.518606185913086,
        5.516311168670654,
        5.495053291320801,
        5.4968647956848145,
        5.4444122314453125,
        5.436314105987549,
        5.441838264465332,
        6.323868274688721,
        5.916310787200928,
        5.4988813400268555,
        5.442972660064697,
        5.440235614776611,
        5.4087677001953125,
        5.4059929847717285,
        5.381500720977783,
        5.358580589294434,
        5.371160507202148,
        5.376047611236572,
        5.363300323486328,
        5.326138019561768,
        5.3403778076171875,
        5.319724082946777,
        5.335206031799316,
        5.3375654220581055,
        5.320684909820557,
        5.3086442947387695,
        5.29427433013916,
        5.331660270690918,
        5.339169502258301,
        5.301257610321045,
        5.300078392028809,
        5.297597885131836,
        5.2843337059021,
        5.272367000579834,
        5.2863593101501465,
        5.29470682144165,
        5.261432647705078,
        5.282103538513184,
        5.281862735748291,
        5.3154096603393555,
        5.2697906494140625,
        5.3774189949035645,
        5.2995381355285645,
        5.282498836517334,
        5.286757469177246,
        5.253936290740967,
        5.25868558883667,
        5.270082950592041,
        5.270969867706299,
        5.280405044555664,
        5.259779930114746,
        5.227126121520996,
        5.246561527252197,
        5.2408552169799805,
        5.260985851287842,
        5.2338666915893555,
        5.241283893585205,
        5.255967140197754,
        5.229743003845215,
        5.259669780731201,
        5.199025630950928,
        5.222023010253906,
        5.228360652923584,
        5.212850570678711,
        5.206719875335693,
        5.232179641723633,
        5.24326229095459,
        5.215908527374268,
        5.225099086761475,
        5.224094867706299,
        5.207054138183594,
        5.206225395202637,
        5.2256951332092285,
        5.215050220489502,
        5.202367782592773,
        5.1930975914001465,
        5.192507743835449,
        5.202827453613281,
        5.211550235748291,
        5.188612461090088,
        5.19980525970459,
        5.197709083557129,
        5.212799549102783,
        5.199498176574707,
        5.223327159881592,
        5.198734283447266,
        5.198966979980469,
        5.194984436035156,
        5.176856994628906,
        5.187066078186035,
        5.178703308105469,
        5.1837849617004395,
        5.1895833015441895,
        5.1646599769592285,
        5.181192398071289,
        5.183264255523682,
        5.185126304626465,
        5.18391227722168,
        5.173916339874268,
        5.165937423706055,
        5.174680709838867,
        5.187615394592285,
        5.17109489440918,
        5.158351898193359,
        5.164839744567871,
        5.17861270904541,
        5.1702351570129395,
        5.171040058135986,
        5.156861782073975,
        5.170699119567871,
        5.1752729415893555,
        5.146693706512451,
        5.173299789428711,
        5.1493821144104,
        5.169557094573975,
        5.179393768310547,
        5.153583526611328,
        5.160523414611816,
        5.159732818603516,
        5.1665849685668945,
        5.159913063049316,
        5.165268421173096,
        5.158306121826172,
        5.1372175216674805,
        5.158389091491699,
        5.16518497467041,
        5.138299942016602,
        5.164628982543945,
        5.156567573547363,
        5.147486209869385,
        5.1613898277282715,
        5.1424241065979,
        5.152166843414307,
        5.148919105529785,
        5.149637222290039,
        5.127098560333252,
        5.144484519958496,
        5.155662536621094,
        5.141486644744873,
        5.164869785308838,
        5.145614147186279,
        5.133350849151611,
        5.126790523529053,
        5.13165283203125,
        5.1373982429504395,
        5.1283698081970215,
        5.138613700866699,
        5.142700672149658,
        5.147281646728516,
        5.132698059082031,
        5.129665851593018,
        5.134295463562012,
        5.13131856918335,
        5.1313862800598145,
        5.1409010887146,
        5.124763488769531,
        5.119174003601074,
        5.10586404800415,
        5.106709957122803,
        5.1196794509887695,
        5.110250949859619,
        5.1225056648254395,
        5.141241073608398,
        5.133606433868408,
        5.100831031799316,
        5.120132923126221,
        5.113844871520996,
        5.120869159698486,
        5.108148574829102,
        5.111982822418213,
        5.118513107299805,
        5.107865810394287,
        5.109361171722412,
        5.129641532897949,
        5.127485275268555,
        5.131555557250977,
        5.097762107849121,
        5.107926845550537,
        5.1025543212890625,
        5.1086506843566895,
        5.109272003173828,
        5.1058244705200195,
        5.090706825256348,
        5.107834339141846,
        5.104698657989502,
        5.1023712158203125,
        5.094311714172363,
        5.0876922607421875,
        5.096579551696777,
        5.0866618156433105,
        5.121463298797607,
        5.0879292488098145,
        4.998444080352783,
        4.991309642791748,
        4.993642807006836,
        4.9901628494262695,
        4.99105167388916,
        4.988725185394287,
        4.988914966583252,
        4.993819713592529,
        4.989873886108398,
        4.993565559387207
    ],