{
    "run_n":9,
    "run_seed":0,
    "ndims":4,
    "nsamples":100000,
    "correlation":"corr",
    "nbijectors":10,
    "bijector":"CsplineN",
    "spline_knots":8,
    "range_min":-16,
    "hidden_layers":"512-512-512",
    "batch_size":512,
    "activation":"relu",
    "eps_regulariser":0,
    "regulariser":null,
    "dist_seed":0,
    "test_seed":0,
    "kl_divergence":-1,
    "ks_test_mean":0.5003445835883732,
    "ks_test_median":0.5038994611528221,
    "ad_test_mean":0.22097385387542523,
    "ad_test_median":0.22116472162600162,
    "Wasserstein_median":0.029315840013151295,
    "Wasserstein_mean":0.029315840013151295,
    "frob_norm":0.02930457002082715,
    "epochs_input":1000,
    "epochs_output":221,
    "time":16107.593597849831,
    "train_loss_history":[
        10.707695007324219,
        5.269911766052246,
        4.87017822265625,
        4.614379405975342,
        4.366914749145508,
        4.27033805847168,
        4.018946170806885,
        4.117857456207275,
        3.747837543487549,
        3.7876017093658447,
        3.6301259994506836,
        3.6739084720611572,
        3.4743812084198,
        3.3962841033935547,
        3.620258092880249,
        3.2075908184051514,
        3.0889482498168945,
        3.1370129585266113,
        2.889155387878418,
        2.8530163764953613,
        2.7669992446899414,
        2.8959128856658936,
        2.7347333431243896,
        2.7009072303771973,
        2.6159541606903076,
        2.603750228881836,
        2.6380200386047363,
        2.652512550354004,
        3.0857467651367188,
        2.5782923698425293,
        2.5795931816101074,
        2.5881619453430176,
        2.567979574203491,
        2.5423190593719482,
        2.5199480056762695,
        2.507021427154541,
        2.5175938606262207,
        2.5279321670532227,
        2.531710386276245,
        2.6563611030578613,
        2.5740082263946533,
        2.536496639251709,
        2.5107383728027344,
        2.4839587211608887,
        2.499398946762085,
        2.4875307083129883,
        2.4974896907806396,
        2.476020336151123,
        2.4894418716430664,
        2.4900033473968506,
        2.453585386276245,
        2.5214810371398926,
        2.488628387451172,
        2.4924304485321045,
        2.462120294570923,
        2.4760868549346924,
        2.459228754043579,
        2.477269172668457,
        2.479771137237549,
        2.459519624710083,
        2.5826356410980225,
        2.460925579071045,
        2.450120687484741,
        2.4557583332061768,
        2.4770686626434326,
        2.5142266750335693,
        2.4424867630004883,
        2.4722368717193604,
        2.460251569747925,
        2.4810938835144043,
        2.4560437202453613,
        2.459545373916626,
        2.4728355407714844,
        2.4632136821746826,
        2.4502601623535156,
        2.4846904277801514,
        2.444225549697876,
        2.4499716758728027,
        2.442009925842285,
        2.449054002761841,
        2.440760374069214,
        2.4678876399993896,
        2.4497134685516357,
        2.4977240562438965,
        2.4444639682769775,
        2.430359125137329,
        2.445456027984619,
        2.4401814937591553,
        2.447420120239258,
        2.444828510284424,
        2.418623924255371,
        2.4601428508758545,
        2.4395883083343506,
        2.4344370365142822,
        2.458454132080078,
        2.4390294551849365,
        2.440156936645508,
        2.531883955001831,
        2.4491262435913086,
        2.4156336784362793,
        2.454698324203491,
        2.7133007049560547,
        2.439397096633911,
        2.4686553478240967,
        2.4309580326080322,
        2.4277713298797607,
        2.466090679168701,
        2.4508795738220215,
        2.431217670440674,
        2.426147937774658,
        2.4186198711395264,
        2.406996011734009,
        2.4328670501708984,
        2.410712718963623,
        2.423783302307129,
        2.4675471782684326,
        2.429161548614502,
        2.436251640319824,
        2.410953998565674,
        2.442880392074585,
        2.484469175338745,
        2.4102530479431152,
        2.422116994857788,
        2.4226248264312744,
        2.4236979484558105,
        2.4157307147979736,
        2.4184460639953613,
        2.4219467639923096,
        2.427079200744629,
        2.4039745330810547,
        2.43365740776062,
        2.413961410522461,
        2.4091713428497314,
        2.4273931980133057,
        2.410767078399658,
        2.4532148838043213,
        2.4311435222625732,
        2.4179344177246094,
        2.4154396057128906,
        2.4245529174804688,
        2.4118845462799072,
        2.4242522716522217,
        2.405672311782837,
        2.4122726917266846,
        2.4335927963256836,
        2.4229166507720947,
        2.423954963684082,
        2.408316135406494,
        2.402737855911255,
        2.4154932498931885,
        2.4095582962036133,
        2.4020373821258545,
        2.417665958404541,
        2.407473087310791,
        2.4216151237487793,
        2.358286142349243,
        2.3530988693237305,
        2.355832576751709,
        2.3533759117126465,
        2.355212450027466,
        2.354963779449463,
        2.3531477451324463,
        2.357464075088501,
        2.352506399154663,
        2.3512208461761475,
        2.352013111114502,
        2.3553073406219482,
        2.3534319400787354,
        2.357191324234009,
        2.354809045791626,
        2.352372169494629,
        2.357654333114624,
        2.354219913482666,
        2.354438304901123,
        2.356823682785034,
        2.3524117469787598,
        2.36067271232605,
        2.3532826900482178,
        2.353933095932007,
        2.357412576675415,
        2.35619854927063,
        2.349776268005371,
        2.353233814239502,
        2.3496291637420654,
        2.354166269302368,
        2.350433588027954,
        2.35441517829895,
        2.349421977996826,
        2.351205348968506,
        2.34893798828125,
        2.349821090698242,
        2.3571298122406006,
        2.3530054092407227,
        2.3509886264801025,
        2.3530077934265137,
        2.3524672985076904,
        2.347583532333374,
        2.345582962036133,
        2.3524856567382812,
        2.355494260787964,
        2.351464033126831,
        2.347289800643921,
        2.3514928817749023,
        2.3519256114959717,
        2.3505825996398926,
        2.354031562805176,
        2.347533941268921,
        2.3464269638061523,
        2.350494623184204,
        2.3534398078918457,
        2.3522677421569824,
        2.3384060859680176,
        2.3356754779815674,
        2.3346331119537354,
        2.334268569946289,
        2.3336594104766846,
        2.3333640098571777,
        2.333507776260376,
        2.3364222049713135,
        2.3336586952209473,
        2.3339359760284424
    ],