{
    "run_n":2,
    "run_seed":187,
    "ndims":32,
    "nsamples":100000,
    "correlation":"corr",
    "nbijectors":5,
    "bijector":"MAFN",
    "spline_knots":8,
    "range_min":-5,
    "hidden_layers":"256-256-256",
    "batch_size":512,
    "activation":"relu",
    "eps_regulariser":0,
    "regulariser":null,
    "dist_seed":0,
    "test_seed":0,
    "kl_divergence":-1,
    "ks_test_mean":0.4287573216460606,
    "ks_test_median":0.4232893468000192,
    "ad_test_mean":0.20117150766794212,
    "ad_test_median":0.19782871794096749,
    "Wasserstein_median":0.031120747455520695,
    "Wasserstein_mean":0.031120747455520695,
    "frob_norm":0.2554781414384292,
    "epochs_input":1000,
    "epochs_output":249,
    "time":3089.8418697180005,
    "train_loss_history":[
        83.2833023071289,
        28.2219181060791,
        23.196308135986328,
        21.58664894104004,
        20.539920806884766,
        20.41303062438965,
        20.050386428833008,
        20.04456329345703,
        20.632953643798828,
        19.517114639282227,
        19.450702667236328,
        19.330562591552734,
        19.30354118347168,
        19.209636688232422,
        19.049266815185547,
        19.062597274780273,
        19.07182502746582,
        18.90084457397461,
        18.983665466308594,
        18.82845687866211,
        18.79828643798828,
        18.50770378112793,
        18.811073303222656,
        18.624340057373047,
        18.652259826660156,
        18.88327407836914,
        18.445491790771484,
        18.389469146728516,
        18.90797996520996,
        18.3408145904541,
        18.86384391784668,
        18.373857498168945,
        18.346542358398438,
        18.542829513549805,
        18.319276809692383,
        18.34889030456543,
        18.32896614074707,
        18.38237953186035,
        18.14773941040039,
        18.153127670288086,
        18.31209945678711,
        18.631628036499023,
        18.055410385131836,
        17.87468910217285,
        18.122865676879883,
        18.082914352416992,
        18.20659637451172,
        17.837705612182617,
        17.823368072509766,
        18.15923309326172,
        17.992868423461914,
        17.988346099853516,
        17.93722152709961,
        17.943939208984375,
        17.93911361694336,
        17.80825424194336,
        17.69542121887207,
        17.823698043823242,
        17.884784698486328,
        18.13463020324707,
        18.00800895690918,
        18.24520492553711,
        17.716764450073242,
        17.603515625,
        17.791501998901367,
        17.899085998535156,
        18.118331909179688,
        17.698640823364258,
        17.709978103637695,
        17.632549285888672,
        17.564189910888672,
        17.738428115844727,
        17.65053367614746,
        17.646451950073242,
        17.662830352783203,
        17.56256103515625,
        17.919599533081055,
        17.870641708374023,
        17.560007095336914,
        17.625751495361328,
        17.52617073059082,
        17.57581901550293,
        17.599632263183594,
        17.501672744750977,
        17.58004379272461,
        17.488862991333008,
        17.47149085998535,
        17.413902282714844,
        17.413227081298828,
        17.711711883544922,
        17.354591369628906,
        17.693485260009766,
        17.587162017822266,
        17.53994369506836,
        17.373138427734375,
        17.49324607849121,
        17.47771644592285,
        17.528095245361328,
        17.527645111083984,
        17.479482650756836,
        17.45264434814453,
        17.572471618652344,
        17.38866424560547,
        17.313343048095703,
        17.45876693725586,
        17.55470085144043,
        17.464065551757812,
        17.418725967407227,
        17.78997039794922,
        17.562149047851562,
        17.466093063354492,
        17.454143524169922,
        17.474002838134766,
        17.370264053344727,
        17.69498062133789,
        17.273115158081055,
        17.370141983032227,
        17.812105178833008,
        17.40553092956543,
        17.223220825195312,
        17.390047073364258,
        17.228620529174805,
        17.61762046813965,
        17.391645431518555,
        17.255603790283203,
        17.345211029052734,
        17.202091217041016,
        17.469772338867188,
        17.469186782836914,
        17.446149826049805,
        17.42972183227539,
        17.359201431274414,
        17.393362045288086,
        17.344520568847656,
        17.62222671508789,
        17.22042465209961,
        17.414384841918945,
        17.1878662109375,
        17.290098190307617,
        17.560749053955078,
        17.117116928100586,
        17.187950134277344,
        17.287092208862305,
        17.288122177124023,
        17.32175064086914,
        17.48827362060547,
        17.27235984802246,
        17.194950103759766,
        17.46472930908203,
        17.173139572143555,
        17.160324096679688,
        17.334720611572266,
        17.286174774169922,
        17.160375595092773,
        17.27288818359375,
        17.339599609375,
        17.382173538208008,
        17.103391647338867,
        17.106002807617188,
        17.298751831054688,
        17.13388442993164,
        17.063217163085938,
        17.24338150024414,
        17.304067611694336,
        17.045169830322266,
        17.10222053527832,
        17.413434982299805,
        16.788267135620117,
        16.61476707458496,
        16.572233200073242,
        16.54645347595215,
        16.535282135009766,
        16.55002784729004,
        16.514028549194336,
        16.49953842163086,
        16.506946563720703,
        16.499929428100586,
        16.506366729736328,
        16.495590209960938,
        16.48209571838379,
        16.48838996887207,
        16.481313705444336,
        16.473491668701172,
        16.483108520507812,
        16.502662658691406,
        16.478145599365234,
        16.489622116088867,
        16.476295471191406,
        16.485706329345703,
        16.446561813354492,
        16.461523056030273,
        16.50396156311035,
        16.46018409729004,
        16.482547760009766,
        16.464202880859375,
        16.45815086364746,
        16.466663360595703,
        16.451122283935547,
        16.463407516479492,
        16.464797973632812,
        16.44411849975586,
        16.46182632446289,
        16.464115142822266,
        16.45409393310547,
        16.448488235473633,
        16.437828063964844,
        16.48604965209961,
        16.455703735351562,
        16.44312858581543,
        16.437753677368164,
        16.42424201965332,
        16.478397369384766,
        16.426530838012695,
        16.4251708984375,
        16.42738151550293,
        16.44135093688965,
        16.42730712890625,
        16.42766571044922,
        16.456584930419922,
        16.4455509185791,
        16.447219848632812,
        16.421552658081055,
        16.404388427734375,
        16.44179344177246,
        16.43715476989746,
        16.449634552001953,
        16.42578887939453,
        16.40964698791504,
        16.425764083862305,
        16.421262741088867,
        16.442245483398438,
        16.401416778564453,
        16.402759552001953,
        16.416584014892578,
        16.40735626220703,
        16.440345764160156,
        16.417213439941406,
        16.43402862548828,
        16.42787742614746,
        16.32964515686035,
        16.32425308227539,
        16.32422637939453,
        16.322690963745117,
        16.32394027709961,
        16.32500648498535,
        16.32895851135254,
        16.324357986450195,
        16.32234764099121,
        16.325284957885742
    ],