{
    "run_n":28,
    "run_seed":0,
    "ndims":32,
    "nsamples":100000,
    "correlation":"corr",
    "nbijectors":5,
    "bijector":"MsplineN",
    "spline_knots":12,
    "range_min":-16,
    "hidden_layers":"128-128-128",
    "batch_size":512,
    "activation":"relu",
    "eps_regulariser":0,
    "regulariser":null,
    "dist_seed":0,
    "test_seed":0,
    "kl_divergence":-1,
    "ks_test_mean":0.4803532174845345,
    "ks_test_median":0.48835043846445914,
    "ad_test_mean":0.21311193125910738,
    "ad_test_median":0.21289264176588987,
    "Wasserstein_median":0.03953424563628242,
    "Wasserstein_mean":0.03953424563628242,
    "frob_norm":0.2561232043268125,
    "epochs_input":1000,
    "epochs_output":202,
    "time":3076.124506507069,
    "train_loss_history":[
        64.19613647460938,
        23.5042724609375,
        19.738447189331055,
        18.47984504699707,
        17.73422622680664,
        17.264610290527344,
        16.904226303100586,
        16.699134826660156,
        16.392873764038086,
        16.283885955810547,
        16.193965911865234,
        16.023128509521484,
        16.003032684326172,
        15.901269912719727,
        15.85618782043457,
        15.816121101379395,
        15.756901741027832,
        15.668462753295898,
        15.639333724975586,
        15.524812698364258,
        15.58381462097168,
        15.530783653259277,
        15.521439552307129,
        15.432164192199707,
        15.40859317779541,
        15.382137298583984,
        15.44830322265625,
        15.372894287109375,
        15.358175277709961,
        15.342106819152832,
        15.309419631958008,
        15.283546447753906,
        15.340466499328613,
        15.226408958435059,
        15.26811408996582,
        15.247544288635254,
        15.200937271118164,
        15.252310752868652,
        15.19964599609375,
        15.174234390258789,
        15.178035736083984,
        15.177573204040527,
        15.207693099975586,
        15.180221557617188,
        15.125653266906738,
        15.132930755615234,
        15.116594314575195,
        15.115296363830566,
        15.075857162475586,
        15.098610877990723,
        15.058026313781738,
        15.061943054199219,
        15.013684272766113,
        15.061224937438965,
        15.032727241516113,
        15.011539459228516,
        15.00007152557373,
        15.017537117004395,
        15.004903793334961,
        14.978538513183594,
        14.97657585144043,
        14.946487426757812,
        14.92676830291748,
        14.94740104675293,
        14.958930969238281,
        14.890978813171387,
        14.986276626586914,
        14.957843780517578,
        14.935004234313965,
        14.924920082092285,
        14.889647483825684,
        14.878721237182617,
        14.953801155090332,
        14.907855033874512,
        14.871909141540527,
        14.900466918945312,
        14.845685005187988,
        14.891266822814941,
        14.840700149536133,
        14.861299514770508,
        14.81517505645752,
        14.819107055664062,
        14.771278381347656,
        14.78880500793457,
        14.789083480834961,
        14.808829307556152,
        14.784806251525879,
        14.768977165222168,
        14.761220932006836,
        14.746073722839355,
        14.807177543640137,
        14.757437705993652,
        14.772546768188477,
        14.737780570983887,
        14.78591251373291,
        14.740233421325684,
        14.724958419799805,
        14.697504997253418,
        14.722991943359375,
        14.673198699951172,
        14.666259765625,
        14.6646728515625,
        14.67404556274414,
        14.64751148223877,
        14.650362968444824,
        14.656882286071777,
        14.639113426208496,
        14.61520004272461,
        14.611849784851074,
        14.611062049865723,
        14.613412857055664,
        14.611455917358398,
        14.569416046142578,
        14.641980171203613,
        14.618205070495605,
        14.581579208374023,
        14.58825397491455,
        14.557236671447754,
        14.532044410705566,
        14.580484390258789,
        14.573331832885742,
        14.547024726867676,
        14.556221008300781,
        14.540322303771973,
        14.524543762207031,
        14.525842666625977,
        14.507440567016602,
        14.563407897949219,
        14.544628143310547,
        14.510004043579102,
        14.489676475524902,
        14.52495002746582,
        14.484820365905762,
        14.473198890686035,
        14.488360404968262,
        14.452536582946777,
        14.462152481079102,
        14.456071853637695,
        14.452352523803711,
        14.46019172668457,
        14.468097686767578,
        14.0678129196167,
        14.014564514160156,
        14.003409385681152,
        14.002113342285156,
        13.999842643737793,
        13.994973182678223,
        13.990235328674316,
        13.98011589050293,
        13.993016242980957,
        13.981735229492188,
        13.977180480957031,
        13.976656913757324,
        13.975279808044434,
        13.96890640258789,
        13.968339920043945,
        13.96519660949707,
        13.96654224395752,
        13.957777976989746,
        13.949735641479492,
        13.95887279510498,
        13.95358943939209,
        13.940559387207031,
        13.953509330749512,
        13.943073272705078,
        13.943815231323242,
        13.944337844848633,
        13.933903694152832,
        13.935159683227539,
        13.937479972839355,
        13.929571151733398,
        13.925673484802246,
        13.927480697631836,
        13.92307186126709,
        13.915324211120605,
        13.918713569641113,
        13.913951873779297,
        13.921028137207031,
        13.90235710144043,
        13.906416893005371,
        13.907071113586426,
        13.90856647491455,
        13.909351348876953,
        13.901992797851562,
        13.890560150146484,
        13.890111923217773,
        13.891372680664062,
        13.884342193603516,
        13.8887300491333,
        13.886165618896484,
        13.88480281829834,
        13.87826919555664,
        13.776347160339355,
        13.764554023742676,
        13.762565612792969,
        13.761214256286621,
        13.761710166931152,
        13.759256362915039,
        13.759392738342285,
        13.757121086120605,
        13.755000114440918,
        13.757649421691895
    ],