{
    "run_n":15,
    "run_seed":0,
    "ndims":16,
    "nsamples":100000,
    "correlation":"corr",
    "nbijectors":2,
    "bijector":"MsplineN",
    "spline_knots":64,
    "range_min":-16,
    "hidden_layers":"512-512-512",
    "batch_size":512,
    "activation":"relu",
    "eps_regulariser":0,
    "regulariser":null,
    "dist_seed":0,
    "test_seed":0,
    "kl_divergence":-1,
    "ks_test_mean":0.34511031887079835,
    "ks_test_median":0.364489814482492,
    "ad_test_mean":0.1778731149920934,
    "ad_test_median":0.17525269042422592,
    "Wasserstein_median":0.10026904818258062,
    "Wasserstein_mean":0.10026904818258062,
    "frob_norm":0.3530410968054323,
    "epochs_input":1000,
    "epochs_output":110,
    "time":628.3430437259376,
    "train_loss_history":[
        33.644142150878906,
        13.142043113708496,
        11.214038848876953,
        10.42138671875,
        10.014963150024414,
        9.837509155273438,
        9.625290870666504,
        9.573752403259277,
        9.495092391967773,
        9.320358276367188,
        9.396985054016113,
        9.249960899353027,
        9.275774955749512,
        9.186052322387695,
        9.162696838378906,
        9.098808288574219,
        9.13656234741211,
        9.068809509277344,
        9.035551071166992,
        9.000189781188965,
        8.958097457885742,
        8.9319486618042,
        9.0554780960083,
        8.992470741271973,
        9.032062530517578,
        8.970335960388184,
        8.882948875427246,
        8.927468299865723,
        8.887005805969238,
        8.883954048156738,
        8.849287033081055,
        8.852827072143555,
        8.828901290893555,
        8.877129554748535,
        8.828259468078613,
        8.827720642089844,
        8.853401184082031,
        8.820123672485352,
        8.82811164855957,
        8.79590129852295,
        8.798818588256836,
        8.801502227783203,
        8.764825820922852,
        8.7833251953125,
        8.765948295593262,
        8.766863822937012,
        8.732054710388184,
        8.78785514831543,
        8.730851173400879,
        8.751519203186035,
        8.696934700012207,
        8.718960762023926,
        8.708152770996094,
        8.73795223236084,
        8.714025497436523,
        8.711884498596191,
        8.67312240600586,
        8.67900562286377,
        8.72297191619873,
        8.684704780578613,
        8.692172050476074,
        8.629971504211426,
        8.675394058227539,
        8.628605842590332,
        8.606241226196289,
        8.610858917236328,
        8.608681678771973,
        8.611170768737793,
        8.593156814575195,
        8.578063011169434,
        8.612958908081055,
        8.562715530395508,
        8.561457633972168,
        8.56684398651123,
        8.538759231567383,
        8.547661781311035,
        8.508942604064941,
        8.499156951904297,
        8.492348670959473,
        8.464544296264648,
        8.481122016906738,
        8.470373153686523,
        8.454699516296387,
        8.467884063720703,
        8.434576988220215,
        8.440075874328613,
        8.447460174560547,
        8.406654357910156,
        8.397506713867188,
        8.415470123291016,
        8.363775253295898,
        8.381559371948242,
        8.337220191955566,
        8.328330993652344,
        8.34613037109375,
        8.30709171295166,
        8.298446655273438,
        8.307254791259766,
        8.281813621520996,
        8.261920928955078,
        7.958817958831787,
        7.910884857177734,
        7.894893646240234,
        7.880228519439697,
        7.8722100257873535,
        7.863561630249023,
        7.857234001159668,
        7.847054481506348,
        7.84127140045166,
        7.838420391082764
    ],
    "val_loss_history":[
        15.299756050109863,
        12.013855934143066,
        10.528965950012207,
        10.746296882629395,
        10.16135025024414,
        9.42625904083252,
        9.795985221862793,
        10.007414817810059,
        9.381566047668457,
        9.27903938293457,
        9.300281524658203,
        9.119562149047852,
        9.406319618225098,
        9.67160415649414,
        9.12226676940918,
        9.531401634216309,
        8.956536293029785,
        9.380240440368652,
        9.089067459106445,
        9.353556632995605,
        8.908263206481934,
        9.221342086791992,
        9.117179870605469,
        9.093199729919434,
        8.987040519714355,
        8.944879531860352,
        8.940118789672852,
        8.911036491394043,
        8.940600395202637,
        8.858962059020996,
        8.99154281616211,
        8.869889259338379,
        8.905008316040039,
        8.936639785766602,
        8.941068649291992,
        8.867141723632812,
        8.84364128112793,
        8.946146011352539,
        8.929862976074219,
        8.864235877990723,
        8.837153434753418,
        8.905511856079102,
        8.921009063720703,
        8.813791275024414,
        9.004247665405273,
        8.820868492126465,
        8.851806640625,
        9.057613372802734,
        8.973238945007324,
        8.811454772949219,
        8.977218627929688,
        8.91016674041748,
        8.880134582519531,
        9.057380676269531,
        8.885601043701172,
        8.85749626159668,
        8.96791934967041,
        8.842763900756836,
        8.89757251739502,
        8.90473747253418,
        8.842391014099121,
        8.821704864501953,
        8.857760429382324,
        9.026280403137207,
        8.901065826416016,
        8.920329093933105,
        8.92666244506836,
        8.91706657409668,
        8.927206039428711,
        8.95340347290039,
        8.970016479492188,
        8.8938627243042,
        8.948068618774414,
        8.957460403442383,
        8.958989143371582,
        8.92546272277832,
        8.909832000732422,
        8.943268775939941,
        8.973448753356934,
        8.969635009765625,
        9.039505958557129,
        9.015287399291992,
        9.132518768310547,
        9.140378952026367,
        8.952140808105469,
        8.964017868041992,
        9.143528938293457,
        9.071138381958008,
        8.98957633972168,
        9.236151695251465,
        9.05756664276123,
        9.037795066833496,
        9.091804504394531,
        9.016572952270508,
        9.0962495803833,
        9.081021308898926,
        9.076726913452148,
        9.204587936401367,
        9.110499382019043,
        9.121590614318848,
        9.036822319030762,
        9.099228858947754,
        9.092921257019043,
        9.134493827819824,
        9.123226165771484,
        9.146672248840332,
        9.179112434387207,
        9.17080020904541,
        9.183741569519043,
        9.215852737426758
    ],
    "best_train_loss":8.751519203186035,
    "best_val_loss":8.811454772949219,
    "best_epoch":49
}