{
    "run_n":7,
    "run_seed":721,
    "ndims":100,
    "nsamples":100000,
    "correlation":"corr",
    "nbijectors":2,
    "bijector":"MsplineN",
    "spline_knots":12,
    "range_min":-16,
    "hidden_layers":"128-128-128",
    "batch_size":512,
    "activation":"relu",
    "eps_regulariser":0,
    "regulariser":null,
    "dist_seed":0,
    "test_seed":0,
    "ks_mean":0.4327982172819662,
    "ks_std":0.28591256981524954,
    "ad_mean":0.20596025225884226,
    "ad_std":0.07374762975595701,
    "wd_mean":0.03578269505336727,
    "wd_std":0.022649145991691523,
    "swd_mean":0.03587575389978418,
    "swd_std":0.025179097556926353,
    "fn_mean":0.7833784267733166,
    "fn_std":0.13507139350159433,
    "epochs_input":1000,
    "epochs_output":306,
    "time":2153.018290885724,
    "train_loss_history":[
        233.79022216796875,
        60.498878479003906,
        50.87604904174805,
        47.46116256713867,
        45.84959030151367,
        45.1249885559082,
        44.237552642822266,
        43.7828483581543,
        43.29750442504883,
        43.50579833984375,
        42.8922233581543,
        42.84374237060547,
        42.53527069091797,
        42.51504898071289,
        42.57271194458008,
        42.12397003173828,
        41.98289108276367,
        42.14448547363281,
        41.87199020385742,
        41.870723724365234,
        41.94216537475586,
        41.72090530395508,
        41.766845703125,
        41.721534729003906,
        41.55048751831055,
        41.51435470581055,
        41.4881591796875,
        41.441001892089844,
        41.375831604003906,
        41.39663314819336,
        41.27063751220703,
        41.27758026123047,
        41.22257995605469,
        41.19008255004883,
        41.133934020996094,
        41.08816146850586,
        41.16207504272461,
        41.31844711303711,
        41.117855072021484,
        41.01109313964844,
        41.01536178588867,
        41.00126647949219,
        40.939361572265625,
        41.043880462646484,
        41.01995849609375,
        40.926170349121094,
        40.911678314208984,
        41.13056945800781,
        40.89165496826172,
        40.871421813964844,
        40.823280334472656,
        40.881282806396484,
        40.82558059692383,
        40.803733825683594,
        40.73895263671875,
        40.77693557739258,
        40.84253692626953,
        40.80175018310547,
        40.803470611572266,
        40.78754806518555,
        40.802555084228516,
        40.69740676879883,
        40.69401931762695,
        40.73080062866211,
        40.64883041381836,
        40.7071418762207,
        40.72774887084961,
        40.6378059387207,
        40.66314697265625,
        40.713401794433594,
        40.65990447998047,
        40.62885665893555,
        40.673404693603516,
        40.64874267578125,
        40.61000442504883,
        40.605186462402344,
        40.6710319519043,
        40.563785552978516,
        40.54878234863281,
        40.54969024658203,
        40.56300735473633,
        40.57858657836914,
        40.54704284667969,
        40.59405517578125,
        40.547523498535156,
        40.55473709106445,
        40.50691223144531,
        40.553260803222656,
        40.528316497802734,
        40.54693603515625,
        40.49372482299805,
        40.51791000366211,
        40.542945861816406,
        40.52146530151367,
        40.51113510131836,
        40.4749641418457,
        40.51922607421875,
        40.453792572021484,
        40.51424026489258,
        40.45680236816406,
        40.53599166870117,
        40.44297409057617,
        40.449180603027344,
        40.47842025756836,
        40.42284393310547,
        40.448646545410156,
        40.46826171875,
        40.442787170410156,
        40.45427703857422,
        40.43402862548828,
        40.41033172607422,
        40.454071044921875,
        40.40251922607422,
        40.399600982666016,
        40.400455474853516,
        40.4171028137207,
        40.38193130493164,
        40.39483642578125,
        40.39320373535156,
        40.3945198059082,
        40.38503646850586,
        40.34514617919922,
        40.360958099365234,
        40.40182113647461,
        40.34403610229492,
        40.3918571472168,
        40.35029983520508,
        40.3065185546875,
        40.32948303222656,
        40.319698333740234,
        40.309749603271484,
        40.35082244873047,
        40.36517333984375,
        40.333152770996094,
        40.28990173339844,
        40.314178466796875,
        40.31190490722656,
        40.33707809448242,
        40.34914779663086,
        40.29814147949219,
        40.30647659301758,
        39.82203674316406,
        39.7962532043457,
        39.79286193847656,
        39.78934860229492,
        39.79492950439453,
        39.79484939575195,
        39.79897689819336,
        39.79771423339844,
        39.80597686767578,
        39.802425384521484,
        39.7978515625,
        39.803714752197266,
        39.80738830566406,
        39.80894470214844,
        39.803977966308594,
        39.805850982666016,
        39.811622619628906,
        39.81142807006836,
        39.80939483642578,
        39.80445098876953,
        39.81511306762695,
        39.809043884277344,
        39.8101806640625,
        39.80516052246094,
        39.79283905029297,
        39.8034553527832,
        39.797183990478516,
        39.800689697265625,
        39.81346130371094,
        39.796241760253906,
        39.79480743408203,
        39.78843688964844,
        39.79505157470703,
        39.79446029663086,
        39.80076599121094,
        39.787662506103516,
        39.79254913330078,
        39.79518127441406,
        39.78296661376953,
        39.79902267456055,
        39.786705017089844,
        39.787437438964844,
        39.79020690917969,
        39.79279708862305,
        39.77914047241211,
        39.785640716552734,
        39.78497314453125,
        39.76822280883789,
        39.78097152709961,
        39.77703094482422,
        39.801021575927734,
        39.77914810180664,
        39.7775764465332,
        39.665306091308594,
        39.656837463378906,
        39.65784454345703,
        39.6564826965332,
        39.658241271972656,
        39.655330657958984,
        39.65594482421875,
        39.656803131103516,
        39.6574821472168,
        39.6584587097168,
        39.658592224121094,
        39.65803146362305,
        39.65690612792969,
        39.65921401977539,
        39.65666961669922,
        39.657169342041016,
        39.658226013183594,
        39.6575813293457,
        39.6567497253418,
        39.654781341552734,
        39.65890884399414,
        39.65782928466797,
        39.6604118347168,
        39.65636444091797,
        39.65977478027344,
        39.65671920776367,
        39.65700149536133,
        39.651485443115234,
        39.6562614440918,
        39.6561164855957,
        39.655738830566406,
        39.65456008911133,
        39.653892517089844,
        39.65271759033203,
        39.65591049194336,
        39.65217590332031,
        39.652835845947266,
        39.654510498046875,
        39.65296936035156,
        39.65130615234375,
        39.653167724609375,
        39.65480041503906,
        39.650333404541016,
        39.653682708740234,
        39.652679443359375,
        39.655372619628906,
        39.653385162353516,
        39.65500259399414,
        39.65218734741211,
        39.6566162109375,
        39.649085998535156,
        39.624717712402344,
        39.621524810791016,
        39.62155532836914,
        39.62045669555664,
        39.62153244018555,
        39.62110900878906,
        39.62074661254883,
        39.621498107910156,
        39.62127685546875,
        39.621578216552734,
        39.6209602355957,
        39.621212005615234,
        39.621673583984375,
        39.62125015258789,
        39.6215705871582,
        39.62079620361328,
        39.62089538574219,
        39.622352600097656,
        39.61995315551758,
