{
    "run_n":7,
    "run_seed":721,
    "ndims":100,
    "nsamples":100000,
    "correlation":"corr",
    "nbijectors":2,
    "bijector":"MsplineN",
    "spline_knots":12,
    "range_min":-16,
    "hidden_layers":"256-256-256",
    "batch_size":512,
    "activation":"relu",
    "eps_regulariser":0,
    "regulariser":null,
    "dist_seed":0,
    "test_seed":0,
    "kl_divergence":-1,
    "ks_test_mean":0.4897368529348529,
    "ks_test_median":0.4974428794711152,
    "ad_test_mean":0.2170741762575556,
    "ad_test_median":0.21394464030489854,
    "Wasserstein_median":0.029050795572457225,
    "Wasserstein_mean":0.029050795572457225,
    "frob_norm":0.6710643785744868,
    "epochs_input":1000,
    "epochs_output":170,
    "time":1108.6974428649992,
    "train_loss_history":[
        177.45248413085938,
        56.445777893066406,
        49.32381057739258,
        47.18595504760742,
        45.57410430908203,
        44.785701751708984,
        44.34510040283203,
        43.70969009399414,
        43.36601638793945,
        43.46018600463867,
        42.8576774597168,
        42.841148376464844,
        42.54539108276367,
        42.52001953125,
        42.17739486694336,
        42.358970642089844,
        42.26712417602539,
        42.1932487487793,
        41.87250900268555,
        42.066524505615234,
        41.83575439453125,
        41.89833450317383,
        41.624977111816406,
        41.660282135009766,
        41.513511657714844,
        41.60838317871094,
        41.44218826293945,
        41.34670639038086,
        41.52908706665039,
        41.50331115722656,
        41.183326721191406,
        41.28181076049805,
        41.10127258300781,
        41.28425216674805,
        41.06505584716797,
        41.017459869384766,
        41.07035446166992,
        41.12919998168945,
        40.96848678588867,
        41.006019592285156,
        40.944698333740234,
        40.86806106567383,
        40.90047836303711,
        40.987030029296875,
        40.96308517456055,
        40.84408950805664,
        40.82330322265625,
        40.825260162353516,
        40.77895736694336,
        40.76355743408203,
        40.783390045166016,
        40.833648681640625,
        40.7247314453125,
        40.76906204223633,
        40.71333312988281,
        40.68895721435547,
        40.749393463134766,
        40.690032958984375,
        40.653804779052734,
        40.65690612792969,
        40.67040252685547,
        40.629337310791016,
        40.60321807861328,
        40.616302490234375,
        40.56452178955078,
        40.54081344604492,
        40.57322311401367,
        40.648468017578125,
        40.520286560058594,
        40.51578140258789,
        40.58964157104492,
        40.46320343017578,
        40.5573844909668,
        40.49103927612305,
        40.437095642089844,
        40.51021957397461,
        40.46626281738281,
        40.47102355957031,
        40.415802001953125,
        40.398414611816406,
        40.416744232177734,
        40.39383316040039,
        40.379207611083984,
        40.354209899902344,
        40.3712158203125,
        40.28135681152344,
        40.299766540527344,
        40.325077056884766,
        40.31094741821289,
        40.31649398803711,
        40.352325439453125,
        40.28237533569336,
        40.284793853759766,
        40.299129486083984,
        40.245113372802734,
        40.226097106933594,
        40.213932037353516,
        40.23799514770508,
        40.24748611450195,
        40.17918014526367,
        40.28853988647461,
        40.139892578125,
        40.152862548828125,
        40.19647216796875,
        40.1358528137207,
        40.0803108215332,
        40.10369873046875,
        40.0925178527832,
        40.13249588012695,
        39.49813461303711,
        39.4244499206543,
        39.410057067871094,
        39.413116455078125,
        39.40745162963867,
        39.40385055541992,
        39.401676177978516,
        39.3916130065918,
        39.41108322143555,
        39.392486572265625,
        39.40999984741211,
        39.387908935546875,
        39.38650131225586,
        39.38283920288086,
        39.40851974487305,
        39.38449478149414,
        39.39830780029297,
        39.37455749511719,
        39.37712097167969,
        39.36891555786133,
        39.36707305908203,
        39.34632873535156,
        39.36051940917969,
        39.369876861572266,
        39.339515686035156,
        39.35778045654297,
        39.35300827026367,
        39.34770202636719,
        39.3507194519043,
        39.35295486450195,
        39.33618927001953,
        39.335121154785156,
        39.33635330200195,
        39.32951736450195,
        39.33787155151367,
        39.325050354003906,
        39.317726135253906,
        39.31937789916992,
        39.303680419921875,
        39.30216598510742,
        39.30710220336914,
        39.29316711425781,
        39.29974365234375,
        39.28858184814453,
        39.30772399902344,
        39.29470443725586,
        39.28717041015625,
        39.29137420654297,
        39.285888671875,
        39.28574752807617,
        39.28015899658203,
        39.11578369140625,
        39.10361862182617,
        39.102840423583984,
        39.10376739501953,
        39.09814453125,
        39.099639892578125,
        39.101287841796875,
        39.09606170654297,
        39.099082946777344,
        39.10008239746094
    ],