{
    "run_n":35,
    "run_seed":0,
    "ndims":1000,
    "nsamples":100000,
    "correlation":"corr",
    "nbijectors":10,
    "bijector":"MAFN",
    "spline_knots":8,
    "range_min":-5,
    "hidden_layers":"128-128-128",
    "batch_size":512,
    "activation":"relu",
    "eps_regulariser":0,
    "regulariser":null,
    "dist_seed":0,
    "test_seed":0,
    "kl_divergence":-1,
    "ks_test_mean":0.000578235439750021,
    "ks_test_median":7.856016477765572e-27,
    "ad_test_mean":0.0010000000000000002,
    "ad_test_median":0.0012743980173423623,
    "Wasserstein_median":0.8569915834836059,
    "Wasserstein_mean":0.8569915834836059,
    "frob_norm":171.10430113395407,
    "epochs_input":1000,
    "epochs_output":74,
    "time":568.6592032951303,
    "train_loss_history":[
        2068.1748046875,
        602.6204833984375,
        539.5735473632812,
        521.1740112304688,
        507.97662353515625,
        507.1041564941406,
        479.4877014160156,
        477.0992736816406,
        475.4968566894531,
        465.6363220214844,
        462.78948974609375,
        459.32281494140625,
        455.73809814453125,
        455.6827392578125,
        NaN,
        NaN,
        NaN,
        NaN,
        NaN,
        NaN,
        NaN,
        NaN,
        NaN,
        NaN,
        NaN,
        NaN,
        NaN,
        NaN,
        NaN,
        NaN,
        NaN,
        NaN,
        NaN,
        NaN,
        NaN,
        NaN,
        NaN,
        NaN,
        NaN,
        NaN,
        NaN,
        NaN,
        NaN,
        NaN,
        NaN,
        NaN,
        NaN,
        NaN,
        NaN,
        NaN,
        NaN,
        NaN,
        NaN,
        NaN,
        NaN,
        NaN,
        NaN,
        NaN,
        NaN,
        NaN,
        NaN,
        NaN,
        NaN,
        NaN,
        NaN,
        NaN,
        NaN,
        NaN,
        NaN,
        NaN,
        NaN,
        NaN,
        NaN,
        NaN
    ],
    "val_loss_history":[
        704.901123046875,
        560.9594116210938,
        516.207763671875,
        503.8392639160156,
        486.4529724121094,
        490.6734924316406,
        480.1164855957031,
        464.59661865234375,
        468.4796447753906,
        479.50823974609375,
        457.121337890625,
        457.8489074707031,
        446.6764221191406,
        444.7536315917969,
        NaN,
        NaN,
        NaN,
        NaN,
        NaN,
        NaN,
        NaN,
        NaN,
        NaN,
        NaN,
        NaN,
        NaN,
        NaN,
        NaN,
        NaN,
        NaN,
        NaN,
        NaN,
        NaN,
        NaN,
        NaN,
        NaN,
        NaN,
        NaN,
        NaN,
        NaN,
        NaN,
        NaN,
        NaN,
        NaN,
        NaN,
        NaN,
        NaN,
        NaN,
        NaN,
        NaN,
        NaN,
        NaN,
        NaN,
        NaN,
        NaN,
        NaN,
        NaN,
        NaN,
        NaN,
        NaN,
        NaN,
        NaN,
        NaN,
        NaN,
        NaN,
        NaN,
        NaN,
        NaN,
        NaN,
        NaN,
        NaN,
        NaN,
        NaN,
        NaN
    ],
    "best_train_loss":[],
    "best_val_loss":NaN,
    "best_epoch":[]
}