{
    "run_n":10,
    "run_seed":0,
    "ndims":4,
    "nsamples":100000,
    "correlation":"corr",
    "nbijectors":10,
    "bijector":"CsplineN",
    "spline_knots":12,
    "range_min":-16,
    "hidden_layers":"128-128-128",
    "batch_size":512,
    "activation":"relu",
    "eps_regulariser":0,
    "regulariser":null,
    "dist_seed":0,
    "test_seed":0,
    "kl_divergence":-1,
    "ks_test_mean":0.4712816818419708,
    "ks_test_median":0.485717295811425,
    "ad_test_mean":0.2119274916534663,
    "ad_test_median":0.20568010510798684,
    "Wasserstein_median":0.015341635313830142,
    "Wasserstein_mean":0.015341635313830142,
    "frob_norm":0.010662075595829412,
    "epochs_input":1000,
    "epochs_output":252,
    "time":12248.278204747941,
    "train_loss_history":[
        9.187088012695312,
        4.629044055938721,
        4.26350736618042,
        3.7615692615509033,
        3.559678077697754,
        3.907853603363037,
        3.418621063232422,
        3.463127851486206,
        3.2100634574890137,
        3.1944353580474854,
        2.8733043670654297,
        2.8351950645446777,
        2.889136791229248,
        2.7619330883026123,
        2.710599660873413,
        3.0909647941589355,
        2.611353874206543,
        2.636866331100464,
        2.590000867843628,
        2.572981834411621,
        2.5971248149871826,
        2.569066286087036,
        2.5312907695770264,
        2.530181884765625,
        2.545527458190918,
        2.511695384979248,
        2.5010883808135986,
        2.509535312652588,
        2.5157740116119385,
        2.497727632522583,
        2.527435541152954,
        2.511542558670044,
        2.5140843391418457,
        2.511913537979126,
        2.524522066116333,
        2.4987995624542236,
        2.4883038997650146,
        2.5049936771392822,
        2.471170425415039,
        2.4973065853118896,
        2.4645209312438965,
        2.4599733352661133,
        2.478787660598755,
        2.4899322986602783,
        2.4711570739746094,
        2.465824842453003,
        2.484973669052124,
        2.492511749267578,
        2.4472713470458984,
        2.470884084701538,
        2.4937925338745117,
        2.4499945640563965,
        2.4761266708374023,
        2.459505796432495,
        2.4687881469726562,
        2.4593448638916016,
        2.4712679386138916,
        2.458049774169922,
        2.4407968521118164,
        2.4458508491516113,
        2.451624870300293,
        2.4321184158325195,
        2.442924737930298,
        2.455033302307129,
        2.442359685897827,
        2.4842514991760254,
        2.4506418704986572,
        2.4422812461853027,
        2.4360787868499756,
        2.460413694381714,
        2.449963331222534,
        2.440333366394043,
        2.4362642765045166,
        2.43818736076355,
        2.4313478469848633,
        2.4351396560668945,
        2.4354758262634277,
        2.4299142360687256,
        2.4232447147369385,
        2.432866096496582,
        2.4142141342163086,
        2.4277710914611816,
        2.428633451461792,
        2.4247217178344727,
        2.429564952850342,
        2.434272289276123,
        2.4344983100891113,
        2.4191503524780273,
        2.419837236404419,
        2.43725323677063,
        2.413980722427368,
        2.434922456741333,
        2.423828125,
        2.423060894012451,
        2.422696113586426,
        2.4187710285186768,
        2.4276466369628906,
        2.4157512187957764,
        2.4190423488616943,
        2.4151408672332764,
        2.423370122909546,
        2.4222230911254883,
        2.4142308235168457,
        2.413052797317505,
        2.424847364425659,
        2.418374538421631,
        2.4140543937683105,
        2.429835319519043,
        2.400785207748413,
        2.418107748031616,
        2.402372121810913,
        2.402435541152954,
        2.415616989135742,
        2.4147937297821045,
        2.4098923206329346,
        2.416703701019287,
        2.410935163497925,
        2.430781841278076,
        2.4103846549987793,
        2.413282632827759,
        2.408707618713379,
        2.4138872623443604,
        2.4116101264953613,
        2.399101972579956,
        2.411208152770996,
        2.4029548168182373,
        2.406611680984497,
        2.397742748260498,
        2.4115281105041504,
        2.4052751064300537,
        2.40739107131958,
        2.402930736541748,
        2.411513328552246,
        2.396500825881958,
        2.414574146270752,
        2.411238670349121,
        2.393141508102417,
        2.402947187423706,
        2.406524181365967,
        2.393219232559204,
        2.4022538661956787,
        2.4035110473632812,
        2.401043653488159,
        2.4007773399353027,
        2.387483596801758,
        2.395991086959839,
        2.398345470428467,
        2.403676986694336,
        2.3926799297332764,
        2.403383255004883,
        2.393893241882324,
        2.394807815551758,
        2.396066904067993,
        2.3934361934661865,
        2.412175416946411,
        2.392843008041382,
        2.4114723205566406,
        2.403043270111084,
        2.400174140930176,
        2.4066855907440186,
        2.3912034034729004,
        2.3979222774505615,
        2.386712074279785,
        2.393523931503296,
        2.3892805576324463,
        2.389033794403076,
        2.3946239948272705,
        2.399036407470703,
        2.391089677810669,
        2.3947408199310303,
        2.3824238777160645,
        2.3863251209259033,
        2.408738851547241,
        2.3918886184692383,
        2.385207176208496,
        2.3897945880889893,
        2.3900911808013916,
        2.398267984390259,
        2.3958253860473633,
        2.400209665298462,
        2.393815755844116,
        2.38002872467041,
        2.392016887664795,
        2.3986096382141113,
        2.385941982269287,
        2.3792004585266113,
        2.387244939804077,
        2.40087890625,
        2.389099597930908,
        2.351945638656616,
        2.3456826210021973,
        2.3447813987731934,
        2.3433732986450195,
        2.3431129455566406,
        2.3445279598236084,
        2.3447563648223877,
        2.3443233966827393,
        2.342470169067383,
        2.344298839569092,
        2.342108964920044,
        2.3426454067230225,
        2.3419406414031982,
        2.342461347579956,
        2.3419957160949707,
        2.3426566123962402,
        2.3410260677337646,
        2.3435490131378174,
        2.3415701389312744,
        2.3411858081817627,
        2.3438141345977783,
        2.3411521911621094,
        2.342634677886963,
        2.33964467048645,
        2.339907646179199,
        2.3393568992614746,
        2.340701103210449,
        2.3391122817993164,
        2.3398687839508057,
        2.339869976043701,
        2.3399155139923096,
        2.341911554336548,
        2.338592529296875,
        2.340740442276001,
        2.340264320373535,
        2.339965581893921,
        2.3393054008483887,
        2.3357596397399902,
        2.337172746658325,
        2.3364431858062744,
        2.340376615524292,
        2.338019609451294,
        2.340579032897949,
        2.3360018730163574,
        2.3372325897216797,
        2.336568593978882,
        2.3362667560577393,
        2.3368093967437744,
        2.335834503173828,
        2.3358774185180664,
        2.3369107246398926,
        2.340690851211548,
        2.3353493213653564,
        2.325500011444092,
        2.3243632316589355,
        2.3238844871520996,
        2.3237404823303223,
        2.323667049407959,
        2.3234474658966064,
        2.323554515838623,
        2.3238143920898438,
        2.322967052459717,
        2.3230233192443848
    ],