{
    "run_n":4,
    "run_seed":0,
    "ndims":4,
    "nsamples":100000,
    "correlation":"corr",
    "nbijectors":10,
    "bijector":"MAFN",
    "spline_knots":8,
    "range_min":-16,
    "hidden_layers":"256-256-256",
    "batch_size":512,
    "activation":"relu",
    "eps_regulariser":0,
    "regulariser":null,
    "dist_seed":0,
    "test_seed":0,
    "kl_divergence":-1,
    "ks_test_mean":0.4800811842714489,
    "ks_test_median":0.5002427860777272,
    "ad_test_mean":0.21204318718942453,
    "ad_test_median":0.2013437428117828,
    "Wasserstein_median":0.008590909159822639,
    "Wasserstein_mean":0.008590909159822639,
    "frob_norm":0.05053379883642981,
    "epochs_input":1000,
    "epochs_output":109,
    "time":493.0126518327743,
    "train_loss_history":[
        4.552250385284424,
        2.2581682205200195,
        2.212225914001465,
        2.2093276977539062,
        2.1609389781951904,
        2.157134532928467,
        2.134882926940918,
        2.1467478275299072,
        2.1847105026245117,
        2.121772527694702,
        2.1270179748535156,
        2.12980055809021,
        2.1354470252990723,
        2.113659620285034,
        2.1250264644622803,
        2.1136314868927,
        2.105823278427124,
        2.102417230606079,
        2.123833179473877,
        2.0987839698791504,
        2.0986461639404297,
        2.145845651626587,
        2.111546516418457,
        2.0904879570007324,
        2.082130193710327,
        2.1186342239379883,
        2.0808897018432617,
        2.0866286754608154,
        2.081958293914795,
        2.0871238708496094,
        2.077519655227661,
        2.0863802433013916,
        2.0701143741607666,
        2.0818116664886475,
        2.0820398330688477,
        2.0880374908447266,
        2.0710809230804443,
        2.083115339279175,
        2.0985560417175293,
        2.0641982555389404,
        2.0576488971710205,
        2.077223300933838,
        2.0625648498535156,
        2.1214754581451416,
        2.1079084873199463,
        2.067410707473755,
        2.0521726608276367,
        2.0711586475372314,
        2.0576348304748535,
        2.0506651401519775,
        2.0779426097869873,
        2.07279109954834,
        2.066737651824951,
        2.071636199951172,
        2.0664095878601074,
        2.047492265701294,
        2.069591999053955,
        2.0709521770477295,
        2.0562610626220703,
        2.0645177364349365,
        2.0652480125427246,
        2.0603809356689453,
        2.062940835952759,
        2.0558996200561523,
        2.055046319961548,
        2.053424596786499,
        2.0531578063964844,
        NaN,
        NaN,
        NaN,
        NaN,
        NaN,
        NaN,
        NaN,
        NaN,
        NaN,
        NaN,
        NaN,
        NaN,
        NaN,
        NaN,
        NaN,
        NaN,
        NaN,
        NaN,
        NaN,
        NaN,
        NaN,
        NaN,
        NaN,
        NaN,
        NaN,
        NaN,
        NaN,
        NaN,
        NaN,
        NaN,
        NaN,
        NaN,
        NaN,
        NaN,
        NaN,
        NaN,
        NaN,
        NaN,
        NaN,
        NaN,
        NaN,
        NaN
    ],
    "val_loss_history":[
        2.2677862644195557,
        2.2116878032684326,
        2.205662965774536,
        2.1770243644714355,
        2.1323487758636475,
        2.1231143474578857,
        2.108637571334839,
        2.1823718547821045,
        2.1110241413116455,
        2.148944854736328,
        2.126814842224121,
        2.1726796627044678,
        2.0976996421813965,
        2.161068916320801,
        2.1837358474731445,
        2.152933359146118,
        2.117122173309326,
        2.115508794784546,
        2.0859293937683105,
        2.1634175777435303,
        2.093897581100464,
        2.1304354667663574,
        2.1120800971984863,
        2.0611824989318848,
        2.1637790203094482,
        2.113659143447876,
        2.0733397006988525,
        2.0653512477874756,
        2.0690157413482666,
        2.0859336853027344,
        2.0787510871887207,
        2.131091356277466,
        2.0570292472839355,
        2.06396222114563,
        2.1875882148742676,
        2.102332830429077,
        2.085172176361084,
        2.1588966846466064,
        2.0761940479278564,
        2.062631845474243,
        2.070347309112549,
        2.054079294204712,
        2.1657497882843018,
        2.110558032989502,
        2.065294027328491,
        2.0478765964508057,
        2.0603556632995605,
        2.0538694858551025,
        2.0349831581115723,
        2.066208600997925,
        2.1122164726257324,
        2.059448480606079,
        2.041424512863159,
        2.088841199874878,
        2.061126470565796,
        2.0356857776641846,
        2.064673900604248,
        2.0429234504699707,
        2.0755207538604736,
        2.0648250579833984,
        2.0532922744750977,
        2.1375913619995117,
        2.1265642642974854,
        2.100829601287842,
        2.0387661457061768,
        2.0472660064697266,
        2.0614075660705566,
        NaN,
        NaN,
        NaN,
        NaN,
        NaN,
        NaN,
        NaN,
        NaN,
        NaN,
        NaN,
        NaN,
        NaN,
        NaN,
        NaN,
        NaN,
        NaN,
        NaN,
        NaN,
        NaN,
        NaN,
        NaN,
        NaN,
        NaN,
        NaN,
        NaN,
        NaN,
        NaN,
        NaN,
        NaN,
        NaN,
        NaN,
        NaN,
        NaN,
        NaN,
        NaN,
        NaN,
        NaN,
        NaN,
        NaN,
        NaN,
        NaN,
        NaN
    ],
    "best_train_loss":[],
    "best_val_loss":NaN,
    "best_epoch":[]
}