{
    "run_n":8,
    "run_seed":869,
    "ndims":16,
    "nsamples":100000,
    "correlation":"corr",
    "nbijectors":5,
    "bijector":"CsplineN",
    "spline_knots":8,
    "range_min":-16,
    "hidden_layers":"128-128-128",
    "batch_size":512,
    "activation":"relu",
    "eps_regulariser":0,
    "regulariser":null,
    "dist_seed":0,
    "test_seed":0,
    "kl_divergence":-1,
    "ks_test_mean":0.3594650754633401,
    "ks_test_median":0.3943631406453732,
    "ad_test_mean":0.19733400103408172,
    "ad_test_median":0.17090949803706026,
    "Wasserstein_median":0.022994388083107976,
    "Wasserstein_mean":0.022994388083107976,
    "frob_norm":0.282535274102713,
    "epochs_input":1000,
    "epochs_output":122,
    "time":2840.0427690092474,
    "train_loss_history":[
        39.31698226928711,
        9.840209007263184,
        8.103522300720215,
        7.2747344970703125,
        6.805148601531982,
        6.634099960327148,
        6.479561805725098,
        6.345323085784912,
        6.219707489013672,
        6.133768558502197,
        6.050313472747803,
        6.048593997955322,
        5.88150691986084,
        5.907661437988281,
        5.8046698570251465,
        5.857387065887451,
        5.838094711303711,
        5.785045623779297,
        5.771157264709473,
        5.66728401184082,
        5.688166618347168,
        5.644274711608887,
        5.684891700744629,
        5.645261764526367,
        5.587189197540283,
        5.601314544677734,
        5.571530818939209,
        5.539783477783203,
        5.58497953414917,
        5.503328800201416,
        5.529854774475098,
        5.521022796630859,
        5.477425575256348,
        5.515052318572998,
        5.592891693115234,
        5.405655384063721,
        5.439716815948486,
        5.4812469482421875,
        5.449097156524658,
        5.392874240875244,
        5.394874572753906,
        5.415616989135742,
        5.400720119476318,
        5.375397682189941,
        5.388834476470947,
        5.358580112457275,
        5.317558765411377,
        5.410037994384766,
        5.346158981323242,
        5.332490921020508,
        5.335637092590332,
        5.324038028717041,
        5.3128485679626465,
        5.334164619445801,
        5.291995048522949,
        5.261526107788086,
        5.294427394866943,
        5.263443470001221,
        5.278204917907715,
        5.2275071144104,
        5.262945652008057,
        5.244649410247803,
        5.272568702697754,
        5.285144805908203,
        5.228011608123779,
        5.206663131713867,
        5.243062496185303,
        5.2134318351745605,
        5.219668865203857,
        5.2090630531311035,
        5.214679718017578,
        5.234511852264404,
        5.167172431945801,
        5.176807880401611,
        5.205828666687012,
        5.187010288238525,
        5.160148620605469,
        5.154582500457764,
        5.151018142700195,
        5.172445774078369,
        5.135167121887207,
        5.135076522827148,
        5.126677989959717,
        5.12375020980835,
        5.141319751739502,
        5.115081787109375,
        5.122532367706299,
        5.13852071762085,
        5.093226909637451,
        5.090845108032227,
        5.087467193603516,
        5.088679790496826,
        5.046345233917236,
        5.066251754760742,
        5.070878028869629,
        5.04957389831543,
        5.033263206481934,
        5.057110786437988,
        5.071376800537109,
        5.0259599685668945,
        5.016180992126465,
        4.997838020324707,
        5.022897720336914,
        5.002963066101074,
        4.987810134887695,
        5.007843494415283,
        5.0003767013549805,
        4.984053611755371,
        4.968987941741943,
        4.973162651062012,
        4.935969829559326,
        4.9961442947387695,
        4.723226547241211,
        4.673732280731201,
        4.66130256652832,
        4.6572675704956055,
        4.644694805145264,
        4.639441013336182,
        4.634891033172607,
        4.632936477661133,
        4.628166675567627,
        4.619118690490723
    ],
    "val_loss_history":[
        13.600790977478027,
        7.868416786193848,
        8.981952667236328,
        6.888383865356445,
        6.653005599975586,
        6.281678676605225,
        6.440612316131592,
        6.139935493469238,
        7.188249111175537,
        6.113811016082764,
        6.101963520050049,
        6.216719627380371,
        5.822117805480957,
        5.714200019836426,
        6.05543851852417,
        5.669815540313721,
        5.718600749969482,
        5.747631072998047,
        5.836699962615967,
        5.691376209259033,
        6.074081897735596,
        5.704699993133545,
        5.73420524597168,
        5.544355869293213,
        5.691023349761963,
        5.660511493682861,
        5.638916015625,
        5.629467487335205,
        5.710940837860107,
        5.512984752655029,
        5.535552501678467,
        6.165421962738037,
        5.557717800140381,
        5.467658996582031,
        5.629122257232666,
        5.616948127746582,
        5.5341877937316895,
        5.688934803009033,
        5.453735828399658,
        5.523820400238037,
        5.566795825958252,
        5.5616302490234375,
        5.482375144958496,
        5.412184715270996,
        5.536660194396973,
        5.521176338195801,
        5.5663371086120605,
        5.493026256561279,
        5.470889568328857,
        5.64311408996582,
        5.4702839851379395,
        5.524753093719482,
        5.432110786437988,
        5.659523010253906,
        5.543956279754639,
        5.3704938888549805,
        5.468448638916016,
        5.3761186599731445,
        5.461368083953857,
        5.450157642364502,
        5.588159561157227,
        5.358738899230957,
        5.403367519378662,
        5.497138023376465,
        5.468168258666992,
        5.515160083770752,
        5.461125373840332,
        5.503524303436279,
        5.5169572830200195,
        5.496449947357178,
        5.57265043258667,
        5.463529109954834,
        5.50825834274292,
        5.519175052642822,
        5.460092544555664,
        5.455418586730957,
        5.364215850830078,
        5.564469814300537,
        5.394575595855713,
        5.499127388000488,
        5.3951263427734375,
        5.460982322692871,
        5.539987564086914,
        5.5406813621521,
        5.555063247680664,
        5.508376121520996,
        5.452305316925049,
        5.460356712341309,
        5.473321437835693,
        5.618049144744873,
        5.426070213317871,
        5.416975498199463,
        5.433851718902588,
        5.407146453857422,
        5.5153632164001465,
        5.427043437957764,
        5.497005939483643,
        5.515199661254883,
        5.442235946655273,
        5.540807723999023,
        5.478115558624268,
        5.492985248565674,
        5.462349891662598,
        5.502308368682861,
        5.618629455566406,
        5.513935565948486,
        5.557412624359131,
        5.597752094268799,
        5.528071403503418,
        5.496158123016357,
        5.719888210296631,
        5.491410255432129,
        5.503810405731201,
        5.510246753692627,
        5.558043956756592,
        5.5885515213012695,
        5.599618911743164,
        5.569789886474609,
        5.601059436798096,
        5.610443592071533,
        5.61361837387085,
        5.6485595703125
    ],
    "best_train_loss":5.244649410247803,
    "best_val_loss":5.358738899230957,
    "best_epoch":61
}