{
    "run_n":36,
    "run_seed":0,
    "ndims":16,
    "nsamples":100000,
    "correlation":"corr",
    "nbijectors":10,
    "bijector":"CsplineN",
    "spline_knots":12,
    "range_min":-16,
    "hidden_layers":"512-512-512",
    "batch_size":512,
    "activation":"relu",
    "eps_regulariser":0,
    "regulariser":null,
    "dist_seed":0,
    "test_seed":0,
    "kl_divergence":-1,
    "ks_test_mean":0.2690689994664339,
    "ks_test_median":0.28376516708004185,
    "ad_test_mean":0.14932339694827523,
    "ad_test_median":0.12753809344512243,
    "Wasserstein_median":0.03871104948160291,
    "Wasserstein_mean":0.03871104948160291,
    "frob_norm":0.4283747750590029,
    "epochs_input":1000,
    "epochs_output":80,
    "time":4517.843282094225,
    "train_loss_history":[
        31.718425750732422,
        10.504711151123047,
        8.104559898376465,
        9.024967193603516,
        6.775737762451172,
        6.462684154510498,
        6.162333011627197,
        6.255585670471191,
        6.1279497146606445,
        6.052596569061279,
        5.9173583984375,
        5.8364949226379395,
        5.699758529663086,
        5.713446140289307,
        5.802733898162842,
        5.817711353302002,
        5.684150218963623,
        5.621252536773682,
        5.541836738586426,
        5.561769962310791,
        5.517640113830566,
        5.55785608291626,
        5.455324649810791,
        5.42958927154541,
        5.504174709320068,
        5.3967366218566895,
        5.491594314575195,
        5.427297115325928,
        5.315107822418213,
        5.3125386238098145,
        5.352795124053955,
        5.324718475341797,
        5.263714790344238,
        5.208633899688721,
        5.2431416511535645,
        5.240351676940918,
        5.1586594581604,
        5.128547668457031,
        5.155296802520752,
        5.172262191772461,
        5.16743803024292,
        5.075285911560059,
        5.079086780548096,
        5.043161869049072,
        5.075850963592529,
        4.984859466552734,
        4.923079967498779,
        4.953402042388916,
        4.912963390350342,
        4.906308174133301,
        4.871612548828125,
        4.848596096038818,
        4.831684112548828,
        4.8050408363342285,
        4.7947001457214355,
        4.738816261291504,
        4.758078098297119,
        4.698390483856201,
        4.665115833282471,
        4.659365653991699,
        4.623432159423828,
        4.601815223693848,
        4.58365535736084,
        4.56022834777832,
        4.526782035827637,
        4.494865894317627,
        4.432816982269287,
        4.395423412322998,
        4.365251064300537,
        4.375033378601074,
        3.6791043281555176,
        3.376413583755493,
        3.242173910140991,
        3.147289752960205,
        3.077360153198242,
        3.013578414916992,
        2.936904191970825,
        2.8763744831085205,
        2.840663433074951,
        2.7710673809051514
    ],
    "val_loss_history":[
        9.623566627502441,
        8.065443992614746,
        13.126730918884277,
        6.595941543579102,
        6.1138715744018555,
        6.387048244476318,
        5.830822467803955,
        5.932804584503174,
        6.488831043243408,
        5.77211332321167,
        6.286434173583984,
        5.889811992645264,
        5.619614601135254,
        5.512146949768066,
        5.786917209625244,
        5.803194999694824,
        5.776672840118408,
        5.568532466888428,
        5.565899848937988,
        5.445295333862305,
        5.615048408508301,
        5.663722991943359,
        5.6757659912109375,
        5.952458381652832,
        5.6898884773254395,
        5.572089672088623,
        5.4681925773620605,
        5.872220993041992,
        5.480614185333252,
        5.541233539581299,
        5.520193099975586,
        5.6688313484191895,
        5.5624003410339355,
        5.630895614624023,
        5.693845272064209,
        5.538272857666016,
        5.650814056396484,
        5.694938659667969,
        5.601572513580322,
        5.607812404632568,
        5.650916576385498,
        5.862790107727051,
        6.013340950012207,
        5.574371814727783,
        5.551660060882568,
        5.623395919799805,
        5.627628326416016,
        5.6674370765686035,
        5.663732528686523,
        5.70631742477417,
        5.803121566772461,
        5.663982391357422,
        5.845765590667725,
        5.848500728607178,
        5.766534805297852,
        5.979660511016846,
        5.840611934661865,
        5.842648029327393,
        5.986819267272949,
        5.983370780944824,
        5.931946277618408,
        5.928563117980957,
        6.275123119354248,
        6.46787166595459,
        6.003560543060303,
        6.053215503692627,
        6.147878170013428,
        6.08251428604126,
        6.111911296844482,
        6.27085542678833,
        6.634771823883057,
        6.967722415924072,
        7.099618911743164,
        7.452856063842773,
        7.612197399139404,
        7.7546210289001465,
        7.892657279968262,
        8.127547264099121,
        8.182372093200684,
        8.362870216369629
    ],
    "best_train_loss":5.561769962310791,
    "best_val_loss":5.445295333862305,
    "best_epoch":19
}