{
    "run_n":3,
    "run_seed":377,
    "ndims":4,
    "nsamples":100000,
    "correlation":"corr",
    "nbijectors":10,
    "bijector":"RealNVPN",
    "spline_knots":8,
    "range_min":-5,
    "hidden_layers":"256-256-256",
    "batch_size":256,
    "activation":"relu",
    "eps_regulariser":0,
    "regulariser":null,
    "dist_seed":0,
    "test_seed":0,
    "ks_mean":0.11760375659975657,
    "ks_std":0.19434788395555913,
    "ad_mean":0.0594848653897468,
    "ad_std":0.08820338974777121,
    "wd_mean":0.07841571466945925,
    "wd_std":0.04145823698947923,
    "swd_mean":0.0740076005683955,
    "swd_std":0.029963458765386496,
    "fn_mean":0.06224659064337118,
    "fn_std":0.009974216337708253,
    "epochs_input":1000,
    "epochs_output":191,
    "time":2222.443372150883,
    "train_loss_history":[
        19.333845138549805,
        5.217136383056641,
        4.550931930541992,
        4.743710041046143,
        4.091986179351807,
        3.817277669906616,
        3.693833112716675,
        3.6806979179382324,
        3.51102876663208,
        3.5488500595092773,
        3.4512174129486084,
        3.3508636951446533,
        3.37412428855896,
        3.3509469032287598,
        3.301727771759033,
        3.489497184753418,
        3.309316635131836,
        3.25807785987854,
        3.26546573638916,
        3.2377216815948486,
        3.230401039123535,
        3.1848669052124023,
        3.190646171569824,
        3.1999311447143555,
        3.1942451000213623,
        3.176252603530884,
        3.1983120441436768,
        3.1800906658172607,
        3.164402723312378,
        3.153963088989258,
        3.2303245067596436,
        3.1474475860595703,
        3.1338775157928467,
        3.1163086891174316,
        3.112907886505127,
        3.143415689468384,
        3.1312496662139893,
        3.1117453575134277,
        3.1171839237213135,
        3.083130359649658,
        3.13690185546875,
        3.0908308029174805,
        3.0904557704925537,
        3.041830539703369,
        3.0768041610717773,
        3.050034761428833,
        3.0890510082244873,
        3.0864388942718506,
        3.0448977947235107,
        3.02066707611084,
        3.0335559844970703,
        3.0260162353515625,
        3.023709774017334,
        3.025761842727661,
        3.008988380432129,
        3.0346803665161133,
        3.0140981674194336,
        3.0073931217193604,
        3.0313687324523926,
        2.9976353645324707,
        2.965481758117676,
        2.9764111042022705,
        2.95065975189209,
        2.972745656967163,
        3.0684900283813477,
        2.9812958240509033,
        2.9340598583221436,
        2.965007781982422,
        2.955681800842285,
        2.984687566757202,
        2.954646348953247,
        2.9345312118530273,
        2.943850517272949,
        2.924576997756958,
        2.937770366668701,
        2.9256982803344727,
        2.9161429405212402,
        2.958674669265747,
        2.9413230419158936,
        2.9284069538116455,
        2.9216713905334473,
        2.944589853286743,
        2.9264755249023438,
        2.9077208042144775,
        2.9149169921875,
        2.893500804901123,
        2.998481512069702,
        2.9015350341796875,
        2.885298013687134,
        2.8933990001678467,
        2.8904895782470703,
        2.907365560531616,
        2.8649277687072754,
        2.883669137954712,
        2.8850085735321045,
        2.8762669563293457,
        2.960644006729126,
        2.8902268409729004,
        2.917949914932251,
        2.875316858291626,
        2.883316993713379,
        2.875627040863037,
        2.8683032989501953,
        2.8890836238861084,
        2.851172924041748,
        2.904637575149536,
        2.902726411819458,
        2.8553600311279297,
        2.8641293048858643,
        2.848015785217285,
        2.895575761795044,
        2.8573923110961914,
        2.8627235889434814,
        2.878000020980835,
        2.84582257270813,
        2.8628385066986084,
        2.8457908630371094,
        2.886475086212158,
        2.8611533641815186,
        2.8941993713378906,
        2.8528356552124023,
        2.9708378314971924,
        2.9323294162750244,
        2.8520634174346924,
        2.820746421813965,
        2.8926444053649902,
        2.8562560081481934,
        2.8562495708465576,
        2.8484654426574707,
        2.8804616928100586,
        2.836949110031128,
        2.840820074081421,
        2.830604314804077,
        2.830814838409424,
        2.843966484069824,
        2.819998025894165,
        2.8375184535980225,
        2.839831590652466,
        2.9020864963531494,
        3.0801849365234375,
        2.920213222503662,
        2.8748772144317627,
        2.8541502952575684,
        2.8375182151794434,
        2.8318374156951904,
        2.8359532356262207,
        2.8188459873199463,
        2.843707799911499,
        2.8856990337371826,
        2.8344786167144775,
        2.8244030475616455,
        2.833564043045044,
        2.819849967956543,
        2.876880645751953,
        2.838979721069336,
        2.8637630939483643,
        2.8170177936553955,
        2.821336269378662,
        2.808788299560547,
        2.8390626907348633,
        2.8444604873657227,
        2.8057732582092285,
        2.8078813552856445,
        2.8819739818573,
        2.8842177391052246,
        2.8482606410980225,
        2.8532614707946777,
        2.82586932182312,
        2.8127048015594482,
        3.0457708835601807,
        3.0238521099090576,
        2.8538320064544678,
        2.8986544609069824,
        2.836743116378784,
        2.793551445007324,
        3.085036516189575,
        3.228320360183716,
        3.074965715408325,
        2.9607300758361816,
        2.9019033908843994,
        3.455416440963745,
        3.0987255573272705,
        2.9808568954467773,
        2.9300291538238525,
        2.894557476043701,
        2.869436502456665,
        2.8546438217163086,
        2.840482473373413,
        2.870978355407715,
        2.8196816444396973,
        2.8026535511016846
    ],