{
    "run_n":19,
    "run_seed":0,
    "ndims":64,
    "nsamples":100000,
    "correlation":"corr",
    "nbijectors":10,
    "bijector":"MAFN",
    "spline_knots":8,
    "range_min":-5,
    "hidden_layers":"128-128-128",
    "batch_size":512,
    "activation":"relu",
    "eps_regulariser":0,
    "regulariser":null,
    "dist_seed":0,
    "test_seed":0,
    "kl_divergence":-1,
    "ks_test_mean":0.00846366852772429,
    "ks_test_median":5.435623090873869e-05,
    "ad_test_mean":0.001000089734646912,
    "ad_test_median":0.005707742143742547,
    "Wasserstein_median":0.2652583544580296,
    "Wasserstein_mean":0.2652583544580296,
    "frob_norm":1.7016663376369037,
    "epochs_input":1000,
    "epochs_output":163,
    "time":731.9775725398213,
    "train_loss_history":[
        203.18035888671875,
        129.69117736816406,
        128.7090606689453,
        128.27694702148438,
        127.82331085205078,
        127.20793914794922,
        126.72221374511719,
        126.0942153930664,
        125.3338851928711,
        124.69378662109375,
        124.06757354736328,
        123.3869857788086,
        122.66172790527344,
        122.05514526367188,
        121.78681182861328,
        121.13148498535156,
        120.37374114990234,
        119.61072540283203,
        118.87059020996094,
        118.22813415527344,
        117.88249969482422,
        117.40433502197266,
        117.12858581542969,
        117.39446258544922,
        116.71760559082031,
        116.35533142089844,
        116.20210266113281,
        115.82843017578125,
        116.03961181640625,
        116.0560531616211,
        115.5174560546875,
        115.37620544433594,
        114.74876403808594,
        114.45594024658203,
        113.82276153564453,
        113.49266052246094,
        113.3147201538086,
        113.07036590576172,
        112.71728515625,
        112.49341583251953,
        112.26177215576172,
        112.3985824584961,
        111.87915802001953,
        111.84540557861328,
        111.54578399658203,
        111.48207092285156,
        111.25811767578125,
        111.02650451660156,
        110.754150390625,
        110.61563873291016,
        110.43059539794922,
        110.41236114501953,
        110.18518829345703,
        110.04874420166016,
        109.84608459472656,
        109.82447814941406,
        109.5721435546875,
        109.5176010131836,
        109.39107513427734,
        109.30762481689453,
        108.77183532714844,
        108.54410552978516,
        108.41564178466797,
        108.1263198852539,
        108.1412353515625,
        107.96647644042969,
        107.90011596679688,
        107.6159439086914,
        107.75528717041016,
        107.47517395019531,
        107.50923156738281,
        107.41043853759766,
        107.31239318847656,
        107.16669464111328,
        107.12454986572266,
        107.10588073730469,
        107.85802459716797,
        106.92090606689453,
        106.80067443847656,
        106.8302001953125,
        106.70137023925781,
        106.473388671875,
        106.63903045654297,
        106.40933990478516,
        106.05158996582031,
        106.26296997070312,
        106.0486068725586,
        106.01925659179688,
        106.14649963378906,
        105.81629180908203,
        106.15299987792969,
        105.91141510009766,
        105.61470031738281,
        105.44356536865234,
        105.38117218017578,
        105.42375183105469,
        104.98676300048828,
        104.7555923461914,
        104.5149917602539,
        104.4508285522461,
        104.27364349365234,
        104.93025970458984,
        104.61578369140625,
        NaN,
        NaN,
        NaN,
        NaN,
        NaN,
        NaN,
        NaN,
        NaN,
        NaN,
        NaN,
        NaN,
        NaN,
        NaN,
        NaN,
        NaN,
        NaN,
        NaN,
        NaN,
        NaN,
        NaN,
        NaN,
        NaN,
        NaN,
        NaN,
        NaN,
        NaN,
        NaN,
        NaN,
        NaN,
        NaN,
        NaN,
        NaN,
        NaN,
        NaN,
        NaN,
        NaN,
        NaN,
        NaN,
        NaN,
        NaN,
        NaN,
        NaN,
        NaN,
        NaN,
        NaN,
        NaN,
        NaN,
        NaN,
        NaN,
        NaN,
        NaN,
        NaN,
        NaN,
        NaN,
        NaN,
        NaN,
        NaN,
        NaN,
        NaN,
        NaN
    ],