{
    "run_n":5,
    "run_seed":520,
    "ndims":8,
    "nsamples":100000,
    "correlation":"corr",
    "nbijectors":5,
    "bijector":"RealNVPN",
    "spline_knots":8,
    "range_min":-5,
    "hidden_layers":"128-128-128",
    "batch_size":256,
    "activation":"relu",
    "eps_regulariser":0,
    "regulariser":null,
    "dist_seed":0,
    "test_seed":0,
    "ks_mean":0.027129456759686664,
    "ks_std":0.061161777889923316,
    "ad_mean":0.026502661423578766,
    "ad_std":0.05892380351083579,
    "wd_mean":0.11044687036692916,
    "wd_std":0.038948537734579465,
    "swd_mean":0.11013053620597937,
    "swd_std":0.05252061233052682,
    "fn_mean":0.3231989990246946,
    "fn_std":0.02271775288808139,
    "epochs_input":1000,
    "epochs_output":302,
    "time":1988.9097172683105,
    "train_loss_history":[
        17.74957275390625,
        10.735335350036621,
        9.918686866760254,
        9.66424560546875,
        9.122573852539062,
        8.91905403137207,
        8.765238761901855,
        8.610980987548828,
        8.770695686340332,
        8.433304786682129,
        8.435955047607422,
        8.289989471435547,
        8.200721740722656,
        8.294953346252441,
        8.155380249023438,
        8.112120628356934,
        8.544435501098633,
        8.069222450256348,
        8.079912185668945,
        7.9389214515686035,
        7.914968967437744,
        7.997334957122803,
        7.9852070808410645,
        7.817026615142822,
        7.834901809692383,
        8.018367767333984,
        7.792956352233887,
        7.783167839050293,
        7.795297145843506,
        7.784905433654785,
        7.680400848388672,
        7.6697516441345215,
        7.6435160636901855,
        7.596868515014648,
        7.62291145324707,
        7.597420692443848,
        7.5525221824646,
        7.5409159660339355,
        7.9094696044921875,
        7.533742904663086,
        7.504916191101074,
        7.532331943511963,
        7.5079874992370605,
        7.4747443199157715,
        7.5241570472717285,
        7.748981475830078,
        7.738760948181152,
        7.486276149749756,
        7.473036766052246,
        7.455934047698975,
        7.691267967224121,
        7.504002571105957,
        7.425919055938721,
        7.405616283416748,
        7.407528877258301,
        7.44468355178833,
        7.481202125549316,
        7.299020767211914,
        7.569275856018066,
        7.32806396484375,
        7.427249431610107,
        7.314830303192139,
        7.265302658081055,
        7.312698841094971,
        7.300443649291992,
        7.263166427612305,
        7.25900411605835,
        7.279717445373535,
        7.214293956756592,
        7.3614044189453125,
        7.353022575378418,
        7.463266372680664,
        7.200044631958008,
        7.31489896774292,
        7.155750274658203,
        7.22208309173584,
        7.194995403289795,
        7.165173053741455,
        7.197234153747559,
        7.143211364746094,
        7.1713128089904785,
        7.275554656982422,
        7.144465923309326,
        7.110870361328125,
        7.166138648986816,
        7.114880561828613,
        7.167622089385986,
        7.18196439743042,
        7.2385053634643555,
        7.1466145515441895,
        7.0854315757751465,
        7.138838768005371,
        7.110459804534912,
        7.172719955444336,
        7.110790252685547,
        7.081765174865723,
        7.090651512145996,
        7.152975082397461,
        7.1139960289001465,
        7.072515487670898,
        7.066312313079834,
        7.134088516235352,
        7.1396918296813965,
        7.056129455566406,
        7.088855266571045,
        7.224438667297363,
        7.082653999328613,
        7.040226936340332,
        7.066321849822998,
        7.139089107513428,
        7.11311674118042,
        7.053144454956055,
        7.1378679275512695,
        7.060804843902588,
        7.020518779754639,
        6.992135047912598,
        7.073669910430908,
        7.005594253540039,
        7.032397270202637,
        7.079147815704346,
        7.012148857116699,
        7.0569071769714355,
        7.053129196166992,
        7.097079277038574,
        7.032207489013672,
        7.052393913269043,
        6.9997968673706055,
        7.02513313293457,
        7.046372413635254,
        6.948687553405762,
        6.982508182525635,
        7.01474142074585,
        7.020081520080566,
        6.974654197692871,
        6.991291046142578,
        6.945352554321289,
        6.953255653381348,
        6.969172477722168,
        7.079625129699707,
        6.994528770446777,
        7.03370475769043,
        6.950631618499756,
        6.995691776275635,
        6.9905548095703125,
        7.032618522644043,
        7.016268253326416,
        7.004262924194336,
        6.9418792724609375,
        6.941623210906982,
        6.988336086273193,
        6.927558422088623,
        7.0224080085754395,
        7.028370380401611,
        6.941483497619629,
        7.022571563720703,
        6.9951677322387695,
        6.920597553253174,
        6.933010101318359,
        6.903889179229736,
        6.931972503662109,
        6.943432807922363,
        7.0543012619018555,
        6.950652599334717,
        7.115363121032715,
        6.902076721191406,
        7.230887413024902,
        6.921053409576416,
        6.9138288497924805,
        6.949839115142822,
        6.885693550109863,
        6.9054412841796875,
        6.915152072906494,
        6.912449359893799,
        6.869386196136475,
        6.905679225921631,
        6.870726108551025,
        6.906467437744141,
        6.889871120452881,
        6.993447303771973,
        6.890917778015137,
        6.893773555755615,
        6.994263172149658,
        6.888123035430908,
        6.835480690002441,
        6.865334510803223,
        7.033632278442383,
        6.876155853271484,
        6.826303958892822,
        6.898209571838379,
        6.893759250640869,
        6.94548225402832,
        6.93100643157959,
        6.843865394592285,
        6.884705066680908,
        6.857461452484131,
        6.93278694152832,
        6.805734157562256,
        6.850358486175537,
        6.866303443908691,
        6.940565586090088,
        6.908309459686279,
        6.96217155456543,
        7.172263145446777,
        7.7427473068237305,
        7.138025760650635,
        6.978628158569336,
        6.9137139320373535,
        6.952545642852783,
        6.937170505523682,
        6.949742317199707,
        6.856851100921631,
        6.999222278594971,
        6.9307355880737305,
        6.847254753112793,
        6.83109712600708,
        6.997528076171875,
        7.191470146179199,
        6.882745265960693,
        6.913521766662598,
        6.835274696350098,
        7.0088911056518555,
        6.874598979949951,
        6.832900047302246,
        6.825155735015869,
        6.823070049285889,
        6.827569484710693,
        6.810403347015381,
        6.874755382537842,
        6.815457820892334,
        6.848546504974365,
        6.8536858558654785,
        6.944730758666992,
        6.798063278198242,
        6.824939250946045,
        6.871209144592285,
        6.998474597930908,
        6.794396877288818,
        6.839491367340088,
        6.580799102783203,
        6.5382537841796875,
        6.5295820236206055,
        6.5166778564453125,
        6.505960941314697,
        6.502691268920898,
        6.4945597648620605,
        6.490801811218262,
        6.498941898345947,
        6.492359161376953,
        6.477575302124023,
        6.4799909591674805,
        6.471508502960205,
        6.4809064865112305,
        6.467820644378662,
        6.4633073806762695,
        6.476711750030518,
        6.452020645141602,
        6.458448886871338,
        6.45175838470459,
        6.469558238983154,
        6.45095157623291,
        6.449789524078369,
        6.439174175262451,
        6.443723201751709,
        6.447720527648926,
        6.43410587310791,
