{
    "run_n":3,
    "run_seed":377,
    "ndims":400,
    "nsamples":100000,
    "correlation":"corr",
    "nbijectors":5,
    "bijector":"MAFN",
    "spline_knots":8,
    "range_min":-5,
    "hidden_layers":"128-128-128",
    "batch_size":512,
    "activation":"relu",
    "eps_regulariser":0,
    "regulariser":null,
    "dist_seed":0,
    "test_seed":0,
    "ks_mean":3.1682088999336223e-09,
    "ks_std":6.700574554611983e-08,
    "ad_mean":0.0010000000000000005,
    "ad_std":4.336808689942018e-19,
    "wd_mean":0.6861806673772717,
    "wd_std":0.27352923658983935,
    "swd_mean":0.7511152356492816,
    "swd_std":0.26488162199108267,
    "fn_mean":71.82332998592192,
    "fn_std":0.826621640047917,
    "epochs_input":1000,
    "epochs_output":223,
    "time":588.4041071785614,
    "train_loss_history":[
        1497.2940673828125,
        686.9588012695312,
        465.6658020019531,
        383.17987060546875,
        340.7917175292969,
        313.0877990722656,
        292.9218444824219,
        277.92718505859375,
        266.7217712402344,
        257.17828369140625,
        249.653564453125,
        243.34532165527344,
        237.923095703125,
        233.8377227783203,
        229.86573791503906,
        226.58079528808594,
        223.3524169921875,
        220.6724090576172,
        217.92135620117188,
        216.00808715820312,
        213.79714965820312,
        212.40145874023438,
        210.21817016601562,
        208.8850555419922,
        207.34886169433594,
        205.8624725341797,
        204.38311767578125,
        203.48008728027344,
        202.4151153564453,
        201.57676696777344,
        200.382080078125,
        199.77944946289062,
        198.83108520507812,
        197.65411376953125,
        197.82347106933594,
        196.14163208007812,
        195.7226104736328,
        194.76397705078125,
        194.29782104492188,
        193.8367462158203,
        193.5580596923828,
        192.39047241210938,
        192.15419006347656,
        191.4447021484375,
        191.1255340576172,
        190.67918395996094,
        190.07847595214844,
        189.65411376953125,
        202.658447265625,
        189.551513671875,
        188.57791137695312,
        188.48385620117188,
        187.69764709472656,
        187.55372619628906,
        186.8937225341797,
        186.53988647460938,
        186.37110900878906,
        185.8914337158203,
        185.75205993652344,
        185.10748291015625,
        185.2412872314453,
        184.8209228515625,
        184.58433532714844,
        184.114501953125,
        183.85313415527344,
        183.76541137695312,
        183.33035278320312,
        183.12559509277344,
        182.86865234375,
        182.53775024414062,
        182.52432250976562,
        182.2783660888672,
        182.12269592285156,
        182.17898559570312,
        181.75924682617188,
        181.1243896484375,
        181.60678100585938,
        180.5830078125,
        180.3927459716797,
        180.12620544433594,
        180.52633666992188,
        180.04669189453125,
        179.85311889648438,
        179.8440704345703,
        179.47900390625,
        179.18630981445312,
        178.9803009033203,
        178.76617431640625,
        179.0624237060547,
        178.79476928710938,
        178.46438598632812,
        178.3541717529297,
        177.90284729003906,
        177.93797302246094,
        177.9819793701172,
        177.53179931640625,
        178.04942321777344,
        177.5426788330078,
        177.97711181640625,
        177.0877685546875,
        178.04299926757812,
        177.09539794921875,
        177.3530731201172,
        176.35687255859375,
        176.4114990234375,
        176.2587432861328,
        176.46885681152344,
        176.3907012939453,
        176.05548095703125,
        176.47604370117188,
        175.91592407226562,
        175.57723999023438,
        176.16854858398438,
        176.1288604736328,
        175.6228790283203,
        175.16810607910156,
        175.2454071044922,
        175.5723419189453,
        175.05844116210938,
        175.8652801513672,
        174.64169311523438,
        174.71054077148438,
        174.68560791015625,
        175.00367736816406,
        174.2992706298828,
        174.46270751953125,
        174.6266326904297,
        176.107421875,
        173.7667694091797,
        174.4845428466797,
        174.4412078857422,
        174.2503204345703,
        173.94480895996094,
        174.27647399902344,
        173.95399475097656,
        173.87060546875,
        174.15374755859375,
        173.8800506591797,
        174.19259643554688,
        173.2259521484375,
        173.59622192382812,
        173.2891845703125,
        173.43289184570312,
        173.28170776367188,
        173.94842529296875,
        173.35108947753906,
        172.8892364501953,
        173.75146484375,
        174.44781494140625,
        172.47972106933594,
        173.24346923828125,
        172.8421630859375,
        172.5671844482422,
        172.75228881835938,
        172.73196411132812,
        173.41111755371094,
        172.88018798828125,
        173.76348876953125,
        172.53268432617188,
        172.4437255859375,
        172.71160888671875,
        172.26699829101562,
        172.48902893066406,
        171.90982055664062,
        172.04632568359375,
        172.68080139160156,
        172.27548217773438,
        171.8522186279297,
        171.87184143066406,
        172.30873107910156,
        171.87953186035156,
        171.98223876953125,
        171.7670135498047,
        171.98777770996094,
        172.03436279296875,
        1511.198974609375,
        785.4472045898438,
        636.4570922851562,
        565.2685546875,
        515.778076171875,
        477.26544189453125,
        448.3788146972656,
        425.52459716796875,
        406.478515625,
        390.32598876953125,
        376.51214599609375,
        364.51983642578125,
        353.2923278808594,
        343.0952453613281,
        333.5154724121094,
        324.8258056640625,
        316.8197021484375,
        309.6706237792969,
        303.22735595703125,
        297.1941833496094,
        291.7245178222656,
        286.2185974121094,
        281.3009338378906,
        276.47894287109375,
        271.9925231933594,
        267.6961669921875,
        263.3344421386719,
        259.5066223144531,
        255.69625854492188,
        252.2303924560547,
        248.7672576904297,
        245.61331176757812,
        242.5997772216797,
        239.6919708251953,
        237.09165954589844,
        234.634765625,
        232.24017333984375,
        229.9153289794922,
        225.6101531982422,
        224.85557556152344,
        224.321533203125,
        223.80621337890625,
        223.1753387451172,
        222.60772705078125,
        222.0355987548828,
        221.4503936767578,
        220.81349182128906,
        220.14053344726562
    ],