{
    "run_n":10,
    "run_seed":933,
    "ndims":64,
    "nsamples":100000,
    "correlation":"corr",
    "nbijectors":2,
    "bijector":"MsplineN",
    "spline_knots":8,
    "range_min":-16,
    "hidden_layers":"128-128-128",
    "batch_size":512,
    "activation":"relu",
    "eps_regulariser":0,
    "regulariser":null,
    "dist_seed":0,
    "test_seed":0,
    "kl_divergence":-1,
    "ks_test_mean":0.4676335797875715,
    "ks_test_median":0.4651993730322486,
    "ad_test_mean":0.21321036452297323,
    "ad_test_median":0.21120232900973104,
    "Wasserstein_median":0.021154220468056466,
    "Wasserstein_mean":0.021154220468056466,
    "frob_norm":0.33004365610375935,
    "epochs_input":1000,
    "epochs_output":242,
    "time":1474.2831423887983,
    "train_loss_history":[
        153.70217895507812,
        39.938262939453125,
        33.98412322998047,
        32.13860321044922,
        31.03179931640625,
        30.321027755737305,
        29.876365661621094,
        29.575544357299805,
        29.376583099365234,
        29.32965087890625,
        29.102874755859375,
        28.98289680480957,
        28.86948585510254,
        28.791353225708008,
        28.745704650878906,
        28.739116668701172,
        28.563913345336914,
        28.608781814575195,
        28.52042007446289,
        28.448184967041016,
        28.4455509185791,
        28.41933822631836,
        28.351490020751953,
        28.329639434814453,
        28.300352096557617,
        28.226829528808594,
        28.30352210998535,
        28.242820739746094,
        28.190319061279297,
        28.15793228149414,
        28.200714111328125,
        28.258996963500977,
        28.15934181213379,
        28.147661209106445,
        28.110820770263672,
        28.069202423095703,
        28.114599227905273,
        28.07366943359375,
        28.064464569091797,
        28.133512496948242,
        28.036081314086914,
        28.01637840270996,
        27.989309310913086,
        28.030742645263672,
        27.994535446166992,
        27.993501663208008,
        27.984540939331055,
        27.983943939208984,
        27.971282958984375,
        28.014415740966797,
        27.995473861694336,
        27.971277236938477,
        27.944448471069336,
        27.94718360900879,
        27.963407516479492,
        27.987274169921875,
        27.95733070373535,
        27.916505813598633,
        27.920978546142578,
        27.889869689941406,
        27.913036346435547,
        27.903051376342773,
        27.90219497680664,
        27.893980026245117,
        27.876708984375,
        27.917783737182617,
        27.87912940979004,
        27.88045883178711,
        27.889692306518555,
        27.886873245239258,
        27.87131118774414,
        27.859943389892578,
        27.832015991210938,
        27.86370849609375,
        27.86988067626953,
        27.858247756958008,
        27.814620971679688,
        27.82525634765625,
        27.833236694335938,
        27.84157943725586,
        27.810810089111328,
        27.826539993286133,
        27.862384796142578,
        27.82454490661621,
        27.80677032470703,
        27.806333541870117,
        27.808462142944336,
        27.802410125732422,
        27.78675079345703,
        27.8057861328125,
        27.825176239013672,
        27.792905807495117,
        27.790897369384766,
        27.76451873779297,
        27.7631778717041,
        27.784433364868164,
        27.787973403930664,
        27.766189575195312,
        27.785053253173828,
        27.785987854003906,
        27.734941482543945,
        27.765466690063477,
        27.751277923583984,
        27.745616912841797,
        27.740028381347656,
        27.758153915405273,
        27.751667022705078,
        27.75056266784668,
        27.749849319458008,
        27.7474422454834,
        27.73240089416504,
        27.7431583404541,
        27.734485626220703,
        27.744264602661133,
        27.73069190979004,
        27.702482223510742,
        27.713430404663086,
        27.698505401611328,
        27.689105987548828,
        27.695755004882812,
        27.712369918823242,
        27.71316909790039,
        27.71021270751953,
        27.70505714416504,
        27.68337631225586,
        27.708457946777344,
        27.69991111755371,
        27.69183349609375,
        27.667640686035156,
        27.665700912475586,
        27.68989372253418,
        27.685306549072266,
        27.658737182617188,
        27.6680908203125,
        27.702068328857422,
        27.663969039916992,
        27.681034088134766,
        27.673086166381836,
        27.646207809448242,
        27.670513153076172,
        27.685077667236328,
        27.646268844604492,
        27.65047264099121,
        27.63713264465332,
        27.65884017944336,
        27.620147705078125,
        27.656179428100586,
        27.643281936645508,
        27.630599975585938,
        27.638078689575195,
        27.645721435546875,
        27.653491973876953,
        27.626256942749023,
        27.61949920654297,
        27.636438369750977,
        27.629596710205078,
        27.633350372314453,
        27.6387882232666,
        27.629100799560547,
        27.612642288208008,
        27.615652084350586,
        27.601457595825195,
        27.639183044433594,
        27.607223510742188,
        27.605487823486328,
        27.610679626464844,
        27.62151336669922,
        27.616592407226562,
        27.597904205322266,
        27.634565353393555,
        27.604190826416016,
        27.606447219848633,
        27.608745574951172,
        27.59459686279297,
        27.603952407836914,
        27.586936950683594,
        27.591150283813477,
        27.565216064453125,
        27.586179733276367,
        27.350736618041992,
        27.32863998413086,
        27.322847366333008,
        27.322895050048828,
        27.325483322143555,
        27.323741912841797,
        27.32908821105957,
        27.329755783081055,
        27.322664260864258,
        27.330015182495117,
        27.328655242919922,
        27.326738357543945,
        27.325847625732422,
        27.32286834716797,
        27.33019256591797,
        27.3295955657959,
        27.327322006225586,
        27.334373474121094,
        27.328866958618164,
        27.32275390625,
        27.3294677734375,
        27.325927734375,
        27.3283748626709,
        27.325227737426758,
        27.326435089111328,
        27.325468063354492,
        27.323522567749023,
        27.32203483581543,
        27.321630477905273,
        27.315717697143555,
        27.323169708251953,
        27.323976516723633,
        27.32341194152832,
        27.313766479492188,
        27.31224250793457,
        27.31661033630371,
        27.31547737121582,
        27.318206787109375,
        27.31414794921875,
        27.312990188598633,
        27.312767028808594,
        27.316848754882812,
        27.31606674194336,
        27.313663482666016,
        27.309185028076172,
        27.309873580932617,
        27.316875457763672,
        27.311113357543945,
        27.307754516601562,
        27.31280517578125,
        27.31070899963379,
        27.31429100036621,
        27.308809280395508,
        27.24435806274414,
        27.240320205688477,
        27.238954544067383,
        27.24149513244629,
        27.24044418334961,
        27.240156173706055,
        27.239727020263672,
        27.238842010498047,
        27.24077606201172,
        27.241443634033203
    ],