{
    "run_n":1,
    "run_seed":0,
    "ndims":32,
    "nsamples":100000,
    "correlation":"corr",
    "nbijectors":5,
    "bijector":"RealNVPN",
    "spline_knots":8,
    "range_min":-5,
    "hidden_layers":"128-128-128",
    "batch_size":256,
    "activation":"relu",
    "eps_regulariser":0,
    "regulariser":null,
    "dist_seed":0,
    "test_seed":0,
    "kl_divergence":-1,
    "ks_test_mean":0.3147834330919736,
    "ks_test_median":0.35410710278817736,
    "ad_test_mean":0.18296743298887896,
    "ad_test_median":0.16720570515140806,
    "Wasserstein_median":0.053122712051380264,
    "Wasserstein_mean":0.053122712051380264,
    "frob_norm":0.4583769686028559,
    "epochs_input":1000,
    "epochs_output":161,
    "time":1255.0647181193344,
    "train_loss_history":[
        87.28319549560547,
        25.331283569335938,
        24.256732940673828,
        22.933427810668945,
        22.06132698059082,
        21.63150978088379,
        21.24361801147461,
        20.781452178955078,
        20.598072052001953,
        20.364044189453125,
        20.32317352294922,
        20.12308692932129,
        20.082571029663086,
        19.999523162841797,
        19.92050552368164,
        19.8228816986084,
        19.806245803833008,
        19.815099716186523,
        19.525741577148438,
        19.662132263183594,
        19.7028865814209,
        19.48332405090332,
        19.413606643676758,
        19.785808563232422,
        19.390277862548828,
        19.24521827697754,
        19.53770637512207,
        19.163848876953125,
        19.441329956054688,
        19.240140914916992,
        19.337865829467773,
        19.120573043823242,
        19.047870635986328,
        19.23916244506836,
        18.91545867919922,
        19.111793518066406,
        19.079193115234375,
        19.15301513671875,
        18.767152786254883,
        18.916465759277344,
        18.859975814819336,
        18.673648834228516,
        18.677949905395508,
        19.047422409057617,
        18.776756286621094,
        18.547626495361328,
        18.831218719482422,
        18.613008499145508,
        18.484880447387695,
        18.8139705657959,
        18.449798583984375,
        18.557064056396484,
        18.36736488342285,
        18.42308807373047,
        18.24684715270996,
        18.48617172241211,
        18.375728607177734,
        18.172101974487305,
        18.27102279663086,
        18.33894157409668,
        18.09426498413086,
        18.260427474975586,
        18.172744750976562,
        18.073795318603516,
        18.268054962158203,
        18.01898193359375,
        18.01279067993164,
        18.05339241027832,
        17.96673011779785,
        18.16087532043457,
        18.11846160888672,
        17.86048126220703,
        17.93718910217285,
        18.1331729888916,
        17.812467575073242,
        17.915660858154297,
        17.80497932434082,
        17.80021858215332,
        17.74993896484375,
        17.819622039794922,
        17.706377029418945,
        17.823755264282227,
        17.67383575439453,
        17.804584503173828,
        17.6292724609375,
        17.728092193603516,
        17.595069885253906,
        17.72789764404297,
        17.64327621459961,
        17.607711791992188,
        17.609092712402344,
        17.560712814331055,
        17.554506301879883,
        17.50958824157715,
        17.56877326965332,
        17.536724090576172,
        17.58220863342285,
        17.986970901489258,
        17.512819290161133,
        17.55779457092285,
        17.425430297851562,
        17.452587127685547,
        17.39347267150879,
        17.59164047241211,
        17.45684051513672,
        17.40857696533203,
        17.436992645263672,
        17.373319625854492,
        17.433053970336914,
        17.33478355407715,
        17.374340057373047,
        17.31731414794922,
        17.318458557128906,
        17.386812210083008,
        17.31852912902832,
        17.291786193847656,
        17.269508361816406,
        17.428335189819336,
        17.296873092651367,
        17.360153198242188,
        17.254514694213867,
        17.300025939941406,
        17.338050842285156,
        17.17042350769043,
        17.285799026489258,
        17.17566680908203,
        17.321104049682617,
        17.212343215942383,
        17.08991241455078,
        17.193077087402344,
        17.117626190185547,
        17.11408233642578,
        17.104707717895508,
        17.141311645507812,
        17.25673484802246,
        17.103322982788086,
        17.1732177734375,
        17.473581314086914,
        17.073705673217773,
        17.10598373413086,
        17.1643123626709,
        17.150238037109375,
        17.065826416015625,
        17.078474044799805,
        17.05904769897461,
        17.081560134887695,
        17.051294326782227,
        17.04890251159668,
        17.07090187072754,
        17.062795639038086,
        17.215208053588867,
        16.434547424316406,
        16.348670959472656,
        16.315855026245117,
        16.28005027770996,
        16.266265869140625,
        16.26035499572754,
        16.259008407592773,
        16.253074645996094,
        16.214614868164062,
        16.216388702392578
    ],