{
    "run_n":5,
    "run_seed":520,
    "ndims":400,
    "nsamples":100000,
    "correlation":"corr",
    "nbijectors":2,
    "bijector":"MsplineN",
    "spline_knots":12,
    "range_min":-16,
    "hidden_layers":"256-256-256",
    "batch_size":512,
    "activation":"relu",
    "eps_regulariser":0,
    "regulariser":null,
    "dist_seed":0,
    "test_seed":0,
    "ks_mean":0.2232983623082695,
    "ks_std":0.228207781598316,
    "ad_mean":0.10739264091246921,
    "ad_std":0.09830536187560275,
    "wd_mean":0.05182594313613899,
    "wd_std":0.02907601267058281,
    "swd_mean":0.050837116338179215,
    "swd_std":0.031113315404929974,
    "fn_mean":25.61345639443646,
    "fn_std":3.2520452145738536,
    "epochs_input":1000,
    "epochs_output":214,
    "time":1707.2627953761257,
    "train_loss_history":[
        611.1006469726562,
        219.1938018798828,
        204.76844787597656,
        199.71353149414062,
        196.5070037841797,
        193.64584350585938,
        192.8106689453125,
        191.41580200195312,
        190.13697814941406,
        189.5850067138672,
        188.68118286132812,
        188.4625701904297,
        188.04051208496094,
        187.21742248535156,
        187.04977416992188,
        186.93502807617188,
        186.34852600097656,
        186.3849639892578,
        186.06698608398438,
        185.7825927734375,
        185.62582397460938,
        185.14002990722656,
        185.364990234375,
        184.88206481933594,
        184.7910614013672,
        184.74386596679688,
        184.95294189453125,
        184.65435791015625,
        184.2973175048828,
        184.69772338867188,
        183.96426391601562,
        184.1933135986328,
        183.93545532226562,
        184.05227661132812,
        183.93910217285156,
        183.59912109375,
        183.8603057861328,
        183.38204956054688,
        183.46380615234375,
        183.44387817382812,
        183.4122772216797,
        183.36502075195312,
        183.24319458007812,
        183.30230712890625,
        182.974853515625,
        183.1291961669922,
        183.0077667236328,
        183.04946899414062,
        182.87094116210938,
        182.9365234375,
        182.84286499023438,
        182.67355346679688,
        182.9524688720703,
        182.6458282470703,
        182.612548828125,
        182.57125854492188,
        182.6486053466797,
        182.54551696777344,
        182.68214416503906,
        182.38873291015625,
        182.47457885742188,
        182.39431762695312,
        182.25827026367188,
        182.45596313476562,
        182.22256469726562,
        182.6045684814453,
        182.1586456298828,
        182.25027465820312,
        182.1277313232422,
        182.14881896972656,
        182.0144500732422,
        181.9394989013672,
        182.09095764160156,
        182.12034606933594,
        182.07415771484375,
        181.93850708007812,
        181.92120361328125,
        182.1914520263672,
        181.86160278320312,
        181.9927978515625,
        181.73887634277344,
        181.8221893310547,
        181.6797637939453,
        181.72927856445312,
        181.72067260742188,
        181.6055450439453,
        181.60289001464844,
        181.6368865966797,
        181.69314575195312,
        181.62290954589844,
        181.5823211669922,
        181.51109313964844,
        181.48768615722656,
        181.57420349121094,
        181.71810913085938,
        181.3499298095703,
        181.39051818847656,
        181.44338989257812,
        181.35159301757812,
        181.26885986328125,
        181.34356689453125,
        181.29470825195312,
        181.13009643554688,
        181.322021484375,
        181.25778198242188,
        181.22161865234375,
        181.11474609375,
        181.0603790283203,
        181.09776306152344,
        181.08218383789062,
        181.09568786621094,
        181.22557067871094,
        181.04689025878906,
        181.03292846679688,
        181.09640502929688,
        180.8369903564453,
        180.8487091064453,
        180.84271240234375,
        180.9708251953125,
        180.89378356933594,
        180.98570251464844,
        180.86599731445312,
        180.69888305664062,
        181.12413024902344,
        180.73463439941406,
        181.03062438964844,
        180.66925048828125,
        180.6860809326172,
        180.7023468017578,
        180.81727600097656,
        180.57894897460938,
        180.60499572753906,
        180.64254760742188,
        180.67076110839844,
        180.6258087158203,
        180.5371856689453,
        180.58291625976562,
        180.44406127929688,
        180.3905792236328,
        180.51585388183594,
        180.61167907714844,
        180.4254913330078,
        180.42080688476562,
        180.3699951171875,
        180.3642120361328,
        180.31893920898438,
        180.25405883789062,
        180.2197265625,
        180.26693725585938,
        180.63780212402344,
        180.20553588867188,
        178.41287231445312,
        178.17559814453125,
        178.10108947753906,
        178.05520629882812,
        178.03402709960938,
        177.98728942871094,
        177.99290466308594,
        177.9792938232422,
        177.96444702148438,
        177.93655395507812,
        177.9309539794922,
        177.95359802246094,
        177.89002990722656,
        177.9394073486328,
        177.8801727294922,
        177.90887451171875,
        177.870849609375,
        177.91159057617188,
        177.91835021972656,
        177.8227081298828,
        177.7865753173828,
        177.8551788330078,
        177.8202362060547,
        177.80538940429688,
        177.8266143798828,
        177.77651977539062,
        177.98912048339844,
        177.79075622558594,
        177.7699432373047,
        177.75448608398438,
        177.8187713623047,
        177.74473571777344,
        177.70814514160156,
        177.7185821533203,
        177.87921142578125,
        177.71243286132812,
        177.7478485107422,
        177.64434814453125,
        177.66969299316406,
        177.63839721679688,
        177.6770782470703,
        177.64881896972656,
        177.62322998046875,
        177.64991760253906,
        177.5888214111328,
        177.61801147460938,
        177.91061401367188,
        177.5701141357422,
        177.58160400390625,
        177.97569274902344,
        177.5946502685547,
        177.5382843017578,
        177.54576110839844,
        177.06793212890625,
        177.0274658203125,
        177.0217742919922,
        177.01522827148438,
        177.00926208496094,
        177.00564575195312,
        177.0045623779297,
        177.00160217285156,
        177.00167846679688,
        176.9982452392578
    ],