{
    "run_n":16,
    "run_seed":0,
    "ndims":8,
    "nsamples":100000,
    "correlation":"corr",
    "nbijectors":5,
    "bijector":"CsplineN",
    "spline_knots":12,
    "range_min":-16,
    "hidden_layers":"128-128-128",
    "batch_size":512,
    "activation":"relu",
    "eps_regulariser":0,
    "regulariser":null,
    "dist_seed":0,
    "test_seed":0,
    "kl_divergence":-1,
    "ks_test_mean":0.40728553348809227,
    "ks_test_median":0.407993228462825,
    "ad_test_mean":0.19221585518970197,
    "ad_test_median":0.18307375470669815,
    "Wasserstein_median":0.008565601058638513,
    "Wasserstein_mean":0.008565601058638513,
    "frob_norm":0.06366031636472008,
    "epochs_input":1000,
    "epochs_output":214,
    "time":7290.999133832753,
    "train_loss_history":[
        9.014127731323242,
        1.4795857667922974,
        0.3181144893169403,
        0.0676785260438919,
        -0.4554681181907654,
        -0.5485448241233826,
        -0.8333736062049866,
        -0.6278749108314514,
        -0.9227808117866516,
        -0.9518404006958008,
        -0.9149447679519653,
        -0.9888712167739868,
        -1.0209684371948242,
        -0.9138617515563965,
        -1.1660549640655518,
        -1.0644158124923706,
        -1.088673710823059,
        -1.1245301961898804,
        -1.168531894683838,
        -1.1560431718826294,
        -1.0798654556274414,
        -1.1979589462280273,
        -1.1907774209976196,
        -1.1226873397827148,
        -1.2439213991165161,
        -1.2956962585449219,
        -1.1048506498336792,
        -1.2395074367523193,
        -1.2489999532699585,
        -1.2944834232330322,
        -1.2116566896438599,
        -1.2142606973648071,
        -1.2651640176773071,
        -1.277882695198059,
        -1.35578453540802,
        -1.2479497194290161,
        -1.304624080657959,
        -1.3266433477401733,
        -1.3166524171829224,
        -1.3711742162704468,
        -1.3226584196090698,
        -1.3258411884307861,
        -1.3698242902755737,
        -1.2884119749069214,
        -1.4043388366699219,
        -1.3716239929199219,
        -1.44636869430542,
        -1.3460376262664795,
        -1.3629976511001587,
        -1.4380888938903809,
        -1.413673758506775,
        -1.4417635202407837,
        -1.3394432067871094,
        -1.469892978668213,
        -1.4184229373931885,
        -1.405902624130249,
        -1.4145009517669678,
        -1.504234790802002,
        -1.462767243385315,
        -1.4233986139297485,
        -1.4605164527893066,
        -1.4934169054031372,
        -1.4784826040267944,
        -1.3799402713775635,
        -1.3647973537445068,
        -1.4688364267349243,
        -1.4875184297561646,
        -1.4910906553268433,
        -1.488490343093872,
        -1.498043417930603,
        -1.5029770135879517,
        -1.5006109476089478,
        -1.5064219236373901,
        -1.5092612504959106,
        -1.4750908613204956,
        -1.4832396507263184,
        -1.4751819372177124,
        -1.4949393272399902,
        -1.5224947929382324,
        -1.5748202800750732,
        -1.554591417312622,
        -1.4761898517608643,
        -1.5429986715316772,
        -1.5261987447738647,
        -1.533042550086975,
        -1.544991374015808,
        -1.5436599254608154,
        -1.5500671863555908,
        -1.5255836248397827,
        -1.5179080963134766,
        -1.527417540550232,
        -1.556902527809143,
        -1.542397379875183,
        -1.514291524887085,
        -1.622698426246643,
        -1.5670157670974731,
        -1.4895179271697998,
        -1.533981204032898,
        -1.5926496982574463,
        -1.5902436971664429,
        -1.5264548063278198,
        -1.5793485641479492,
        -1.5835545063018799,
        -1.5459595918655396,
        -1.6058111190795898,
        -1.5493816137313843,
        -1.5733771324157715,
        -1.6146998405456543,
        -1.6217323541641235,
        -1.5423322916030884,
        -1.5848439931869507,
        -1.5761712789535522,
        -1.595170259475708,
        -1.5844001770019531,
        -1.5560951232910156,
        -1.584115743637085,
        -1.624488115310669,
        -1.6194698810577393,
        -1.5397902727127075,
        -1.6053773164749146,
        -1.622103214263916,
        -1.5942895412445068,
        -1.6471827030181885,
        -1.5939091444015503,
        -1.6134841442108154,
        -1.6340402364730835,
        -1.5928027629852295,
        -1.5995548963546753,
        -1.6240562200546265,
        -1.5775357484817505,
        -1.5959463119506836,
        -1.6401591300964355,
        -1.5673227310180664,
        -1.5699280500411987,
        -1.6485705375671387,
        -1.568183422088623,
        -1.6579240560531616,
        -1.6627410650253296,
        -1.6340609788894653,
        -1.628736138343811,
        -1.640981912612915,
        -1.5704525709152222,
        -1.697770595550537,
        -1.5420572757720947,
        -1.6027284860610962,
        -1.6394622325897217,
        -1.671013593673706,
        -1.629215955734253,
        -1.618618369102478,
        -1.6789216995239258,
        -1.644822359085083,
        -1.6124762296676636,
        -1.6421533823013306,
        -1.8090035915374756,
        -1.8289973735809326,
        -1.8341511487960815,
        -1.8308207988739014,
        -1.8374944925308228,
        -1.8416723012924194,
        -1.8317567110061646,
        -1.837924838066101,
        -1.844286561012268,
        -1.847612977027893,
        -1.8454959392547607,
        -1.8469377756118774,
        -1.8505897521972656,
        -1.835740566253662,
        -1.8420145511627197,
        -1.841292142868042,
        -1.8440803289413452,
        -1.85271155834198,
        -1.8521302938461304,
        -1.8438522815704346,
        -1.8522809743881226,
        -1.8551973104476929,
        -1.8590025901794434,
        -1.8570630550384521,
        -1.8585035800933838,
        -1.850337028503418,
        -1.8644509315490723,
        -1.8493932485580444,
        -1.8579477071762085,
        -1.864895224571228,
        -1.8601152896881104,
        -1.8662731647491455,
        -1.8716905117034912,
        -1.8657071590423584,
        -1.8622634410858154,
        -1.8662354946136475,
        -1.8723950386047363,
        -1.8548024892807007,
        -1.8723840713500977,
        -1.8670461177825928,
        -1.868527889251709,
        -1.875834584236145,
        -1.8739734888076782,
        -1.8745696544647217,
        -1.8714613914489746,
        -1.8707009553909302,
        -1.8672760725021362,
        -1.8783209323883057,
        -1.8797247409820557,
        -1.8769904375076294,
        -1.865573763847351,
        -1.9105095863342285,
        -1.9164037704467773,
        -1.9168658256530762,
        -1.9151687622070312,
        -1.91731858253479,
        -1.9156906604766846,
        -1.9162131547927856,
        -1.9181660413742065,
        -1.917941689491272,
        -1.9187818765640259
    ],