{
    "run_n":5,
    "run_seed":520,
    "ndims":100,
    "nsamples":100000,
    "correlation":"corr",
    "nbijectors":2,
    "bijector":"MsplineN",
    "spline_knots":12,
    "range_min":-16,
    "hidden_layers":"128-128-128",
    "batch_size":512,
    "activation":"relu",
    "eps_regulariser":0,
    "regulariser":null,
    "dist_seed":0,
    "test_seed":0,
    "ks_mean":0.3920964924840698,
    "ks_std":0.2890126686713307,
    "ad_mean":0.1881064745880552,
    "ad_std":0.08753090444389154,
    "wd_mean":0.031302618373996456,
    "wd_std":0.016107620184093282,
    "swd_mean":0.03079252137733263,
    "swd_std":0.01602827195118461,
    "fn_mean":0.7939719988679858,
    "fn_std":0.14330528175686458,
    "epochs_input":1000,
    "epochs_output":276,
    "time":1741.2472785841674,
    "train_loss_history":[
        212.3963165283203,
        58.69065475463867,
        51.057090759277344,
        48.17456817626953,
        46.66053771972656,
        45.65250778198242,
        44.975677490234375,
        44.660343170166016,
        44.16619110107422,
        43.7534065246582,
        43.565086364746094,
        43.33784103393555,
        42.85108947753906,
        42.49322509765625,
        42.47971725463867,
        42.22338104248047,
        41.96379089355469,
        41.8391227722168,
        41.757415771484375,
        41.59196472167969,
        41.74717330932617,
        41.64047622680664,
        41.40146255493164,
        41.4011344909668,
        41.26216506958008,
        41.19727325439453,
        41.20958709716797,
        41.43131637573242,
        41.10514450073242,
        41.15229034423828,
        41.31885528564453,
        41.155906677246094,
        41.007911682128906,
        40.94164276123047,
        40.933292388916016,
        40.9638786315918,
        40.92238235473633,
        40.943275451660156,
        40.9073486328125,
        40.90076446533203,
        40.855594635009766,
        40.906436920166016,
        40.85483932495117,
        40.78860855102539,
        40.80839538574219,
        40.821041107177734,
        40.76327896118164,
        40.7890625,
        40.7894287109375,
        40.78108596801758,
        40.73250198364258,
        40.72247314453125,
        40.74229049682617,
        40.70634460449219,
        40.73471450805664,
        40.67939758300781,
        40.67992401123047,
        40.62754821777344,
        40.631858825683594,
        40.66209411621094,
        40.61086654663086,
        40.63719940185547,
        40.6746826171875,
        40.64173889160156,
        40.54646301269531,
        40.591163635253906,
        40.580810546875,
        40.558990478515625,
        40.593326568603516,
        40.596248626708984,
        40.52299118041992,
        40.6125373840332,
        40.5496940612793,
        40.514591217041016,
        40.50205612182617,
        40.51749038696289,
        40.518028259277344,
        40.511898040771484,
        40.48881149291992,
        40.493431091308594,
        40.532108306884766,
        40.51314926147461,
        40.470645904541016,
        40.5116081237793,
        40.453895568847656,
        40.4732780456543,
        40.434303283691406,
        40.46571350097656,
        40.46645736694336,
        40.46812438964844,
        40.464290618896484,
        40.46576690673828,
        40.45698165893555,
        40.40210723876953,
        40.399559020996094,
        40.4207878112793,
        40.401920318603516,
        40.39399719238281,
        40.39445877075195,
        40.37474822998047,
        40.431156158447266,
        40.395912170410156,
        40.32091522216797,
        40.37240982055664,
        40.42842483520508,
        40.36772537231445,
        40.35548400878906,
        40.32905197143555,
        40.31488037109375,
        40.39426040649414,
        40.34627914428711,
        40.33946228027344,
        40.36849594116211,
        40.343990325927734,
        40.322574615478516,
        40.33963394165039,
        40.290618896484375,
        40.33089828491211,
        40.305938720703125,
        40.339263916015625,
        40.34125900268555,
        40.28479766845703,
        40.24705505371094,
        40.3120002746582,
        40.2833251953125,
        40.29020690917969,
        40.271663665771484,
        40.24478530883789,
        40.27768325805664,
        40.24629211425781,
        40.31471252441406,
        40.28123474121094,
        40.2803955078125,
        40.26007843017578,
        40.223289489746094,
        40.236053466796875,
        40.24028396606445,
        40.244163513183594,
        40.24789047241211,
        40.222232818603516,
        40.24134063720703,
        40.23661804199219,
        40.21629333496094,
        40.18836212158203,
        40.21522521972656,
        40.23138427734375,
        40.19905090332031,
        40.20924377441406,
        40.2001838684082,
        40.19944381713867,
        40.198158264160156,
        40.18309020996094,
        40.17864227294922,
        40.17448043823242,
        40.1973991394043,
        40.188697814941406,
        40.17192840576172,
        40.182762145996094,
        40.18363571166992,
        40.196502685546875,
        40.14429473876953,
        40.19495391845703,
        40.144798278808594,
        40.14726257324219,
        40.153202056884766,
        40.17534255981445,
        40.14915084838867,
        40.136741638183594,
        40.15946960449219,
        40.13026809692383,
        40.125518798828125,
        40.12699508666992,
        40.101314544677734,
        40.12384033203125,
        40.13013458251953,
        40.15983581542969,
        40.0916862487793,
        40.103179931640625,
        40.106868743896484,
        40.127689361572266,
        40.10285186767578,
        40.08884811401367,
        40.09718322753906,
        40.097572326660156,
        40.105281829833984,
        40.082847595214844,
        40.08684158325195,
        40.083473205566406,
        40.0684700012207,
        40.139366149902344,
        40.06306457519531,
        40.05964279174805,
        40.120487213134766,
        40.072265625,
        40.054100036621094,
        40.06197738647461,
        40.0499267578125,
        40.04758071899414,
        40.064876556396484,
        40.05567932128906,
        40.078208923339844,
        40.028438568115234,
        40.05509567260742,
        40.07816696166992,
        40.080440521240234,
        40.03889465332031,
        40.027626037597656,
        40.00324630737305,
        40.05598831176758,
        40.00153732299805,
        40.04644775390625,
        40.04049301147461,
        39.99991989135742,
        40.064510345458984,
        40.000030517578125,
        39.64659881591797,
        39.616798400878906,
        39.615169525146484,
        39.609703063964844,
        39.61292266845703,
        39.610904693603516,
        39.62313461303711,
        39.61601638793945,
        39.61865234375,
        39.6192626953125,
        39.623165130615234,
        39.62424087524414,
        39.614986419677734,
        39.620849609375,
        39.611576080322266,
        39.618446350097656,
        39.61005783081055,
        39.61542510986328,
        39.60761260986328,
        39.61251449584961,
        39.606224060058594,
        39.615394592285156,
        39.61909103393555,
        39.61637878417969,
        39.608680725097656,
        39.60820770263672,
        39.61700439453125,
        39.60829544067383,
        39.60881042480469,
        39.613895416259766,
        39.605186462402344,
        39.61376190185547,
        39.59770584106445,
        39.60615539550781,
        39.615440368652344,
        39.601318359375,
        39.60261154174805,
        39.60047149658203,
        39.59415817260742,
        39.59241485595703,
        39.59951400756836,
        39.59333038330078,
        39.59786605834961,
        39.587398529052734,
        39.60728073120117,
        39.59446334838867,
        39.597808837890625,
        39.59316635131836,
        39.600067138671875,
