{
    "run_n":24,
    "run_seed":0,
    "ndims":100,
    "nsamples":100000,
    "correlation":"corr",
    "nbijectors":10,
    "bijector":"MAFN",
    "spline_knots":8,
    "range_min":-5,
    "hidden_layers":"256-256-256",
    "batch_size":512,
    "activation":"relu",
    "eps_regulariser":0,
    "regulariser":null,
    "dist_seed":0,
    "test_seed":0,
    "kl_divergence":-1,
    "ks_test_mean":0.34244937934974884,
    "ks_test_median":0.38442562076354514,
    "ad_test_mean":0.18341743235217128,
    "ad_test_median":0.16255600066006687,
    "Wasserstein_median":0.057044265928192714,
    "Wasserstein_mean":0.057044265928192714,
    "frob_norm":0.7962135889599598,
    "epochs_input":1000,
    "epochs_output":141,
    "time":692.7646695086733,
    "train_loss_history":[
        217.56649780273438,
        67.1919937133789,
        62.81061553955078,
        57.91461944580078,
        56.120361328125,
        56.765769958496094,
        54.49109649658203,
        52.115543365478516,
        53.62032699584961,
        52.88639831542969,
        50.86547088623047,
        49.734764099121094,
        53.153717041015625,
        49.15668869018555,
        47.86892318725586,
        47.850563049316406,
        50.65544891357422,
        47.66427230834961,
        49.52837371826172,
        47.7060432434082,
        49.76274108886719,
        47.053070068359375,
        46.15361022949219,
        46.57002639770508,
        45.7008171081543,
        45.95232009887695,
        46.054901123046875,
        46.77201461791992,
        46.69898986816406,
        46.50837326049805,
        46.92285919189453,
        46.41663360595703,
        45.176536560058594,
        46.26051712036133,
        45.36560821533203,
        45.66686248779297,
        45.6339111328125,
        44.716468811035156,
        47.18640899658203,
        60.71702194213867,
        47.5948486328125,
        47.014564514160156,
        45.14862060546875,
        44.97590637207031,
        45.026695251464844,
        45.65449142456055,
        47.94782638549805,
        45.85599136352539,
        44.66221618652344,
        44.35434341430664,
        48.220787048339844,
        44.545589447021484,
        44.10870361328125,
        44.5970573425293,
        44.5338134765625,
        44.2228889465332,
        43.8831787109375,
        43.842041015625,
        44.25343704223633,
        43.84820556640625,
        44.45952606201172,
        45.49711990356445,
        44.15497589111328,
        44.11149215698242,
        43.89938735961914,
        43.743778228759766,
        44.163063049316406,
        43.5390625,
        45.400779724121094,
        44.93611526489258,
        44.543548583984375,
        43.31292724609375,
        44.16579818725586,
        43.86936950683594,
        43.38636779785156,
        43.2686653137207,
        43.567752838134766,
        43.181278228759766,
        44.14398956298828,
        43.27516174316406,
        42.6215934753418,
        42.5401611328125,
        43.085575103759766,
        42.86668395996094,
        42.287994384765625,
        43.692935943603516,
        43.62520217895508,
        42.70833206176758,
        42.35564041137695,
        43.138038635253906,
        42.44997024536133,
        42.21926498413086,
        42.55965042114258,
        43.414615631103516,
        42.21812057495117,
        41.6963996887207,
        41.9379768371582,
        42.24842834472656,
        41.85535430908203,
        41.37251663208008,
        41.52402877807617,
        41.86583709716797,
        42.92287826538086,
        42.77814865112305,
        41.277713775634766,
        41.12645721435547,
        41.37533187866211,
        40.868595123291016,
        41.744163513183594,
        41.17136764526367,
        41.32120895385742,
        42.79511260986328,
        41.285377502441406,
        41.97947311401367,
        41.830039978027344,
        40.79374694824219,
        41.1519660949707,
        40.84439468383789,
        40.714229583740234,
        41.37579345703125,
        42.36015319824219,
        40.71062469482422,
        40.797969818115234,
        40.27655792236328,
        41.40583801269531,
        40.474056243896484,
        40.21964645385742,
        40.20134353637695,
        40.13645553588867,
        40.46164321899414,
        39.83967208862305,
        37.93326950073242,
        37.53791046142578,
        37.45573806762695,
        37.41630554199219,
        37.39957046508789,
        37.323787689208984,
        37.2988166809082,
        37.25570297241211,
        37.19883346557617,
        37.20942687988281
    ],