{
    "run_n":10,
    "run_seed":0,
    "ndims":16,
    "nsamples":100000,
    "correlation":"corr",
    "nbijectors":2,
    "bijector":"CsplineN",
    "spline_knots":8,
    "range_min":-5,
    "hidden_layers":"256-256-256",
    "batch_size":512,
    "activation":"relu",
    "eps_regulariser":0,
    "regulariser":null,
    "dist_seed":0,
    "test_seed":0,
    "kl_divergence":-1,
    "ks_test_mean":0.2511043159868033,
    "ks_test_median":0.2532548474353375,
    "ad_test_mean":0.1341797937989538,
    "ad_test_median":0.12384688757805075,
    "Wasserstein_median":0.03675830669224262,
    "Wasserstein_mean":0.03675830669224262,
    "frob_norm":0.14577486319864685,
    "epochs_input":1000,
    "epochs_output":127,
    "time":1014.9597646752372,
    "train_loss_history":[
        21.982572555541992,
        20.263051986694336,
        20.15341567993164,
        20.099628448486328,
        20.044748306274414,
        19.96292495727539,
        19.943681716918945,
        19.890960693359375,
        19.873493194580078,
        19.86527442932129,
        19.85402488708496,
        19.87141990661621,
        19.828245162963867,
        19.820117950439453,
        19.81380844116211,
        19.803916931152344,
        19.78516387939453,
        19.77723503112793,
        19.768835067749023,
        19.765300750732422,
        19.739892959594727,
        19.9305419921875,
        19.762577056884766,
        19.727252960205078,
        19.706092834472656,
        19.70111083984375,
        19.687049865722656,
        19.696979522705078,
        19.662878036499023,
        19.648096084594727,
        19.63834571838379,
        19.626602172851562,
        19.639116287231445,
        19.600194931030273,
        19.58728790283203,
        19.605796813964844,
        19.568574905395508,
        19.559818267822266,
        19.558515548706055,
        19.56574821472168,
        19.534517288208008,
        19.5231876373291,
        19.531232833862305,
        19.500900268554688,
        19.49331283569336,
        19.481889724731445,
        19.467845916748047,
        19.474708557128906,
        19.459440231323242,
        19.465547561645508,
        19.43387794494629,
        19.436288833618164,
        19.4209041595459,
        19.420297622680664,
        19.413063049316406,
        19.408170700073242,
        19.381088256835938,
        19.373868942260742,
        19.395172119140625,
        20.014976501464844,
        19.709449768066406,
        19.595069885253906,
        19.536182403564453,
        19.52011489868164,
        19.471782684326172,
        19.488662719726562,
        19.371023178100586,
        19.353816986083984,
        19.30986976623535,
        19.308547973632812,
        19.281007766723633,
        19.287782669067383,
        19.260974884033203,
        19.242727279663086,
        19.23336410522461,
        19.242475509643555,
        19.217126846313477,
        19.21181869506836,
        19.198244094848633,
        19.231531143188477,
        19.179271697998047,
        19.140247344970703,
        19.13010025024414,
        19.1169490814209,
        19.1123104095459,
        19.120729446411133,
        19.090124130249023,
        19.100492477416992,
        19.07268714904785,
        19.078575134277344,
        19.05613899230957,
        19.042388916015625,
        19.043941497802734,
        19.027624130249023,
        19.01995086669922,
        19.01984405517578,
        19.001901626586914,
        19.046064376831055,
        18.99648094177246,
        18.97696304321289,
        18.977384567260742,
        18.96891212463379,
        18.98426055908203,
        18.917619705200195,
        18.81068229675293,
        18.836170196533203,
        18.793048858642578,
        18.840682983398438,
        18.808826446533203,
        18.759984970092773,
        18.763092041015625,
        18.77946662902832,
        18.792724609375,
        18.728973388671875,
        18.744369506835938,
        18.726829528808594,
        18.703643798828125,
        18.548513412475586,
        18.495750427246094,
        18.479270935058594,
        18.465930938720703,
        18.460453033447266,
        18.447813034057617,
        18.43815803527832,
        18.433069229125977,
        18.42452049255371,
        18.417482376098633
    ],
    "val_loss_history":[
        20.368738174438477,
        20.195051193237305,
        20.148534774780273,
        20.133337020874023,
        20.030536651611328,
        20.01273536682129,
        19.963960647583008,
        19.94610595703125,
        19.941322326660156,
        19.921798706054688,
        19.95625877380371,
        19.92533302307129,
        19.894189834594727,
        19.925844192504883,
        19.913497924804688,
        19.862749099731445,
        19.865352630615234,
        19.88654136657715,
        19.848093032836914,
        19.858156204223633,
        19.85587501525879,
        19.91209602355957,
        19.847646713256836,
        19.840707778930664,
        19.817874908447266,
        19.80107307434082,
        19.805456161499023,
        19.8102970123291,
        19.78748893737793,
        19.776386260986328,
        19.77475357055664,
        19.797239303588867,
        19.776885986328125,
        19.76470947265625,
        19.756301879882812,
        19.77298927307129,
        19.76089096069336,
        19.807388305664062,
        19.776004791259766,
        19.762062072753906,
        19.745033264160156,
        19.77179718017578,
        19.757389068603516,
        19.78754997253418,
        19.76275062561035,
        19.77837371826172,
        19.78517723083496,
        19.809301376342773,
        19.776792526245117,
        19.777589797973633,
        19.841022491455078,
        19.78655433654785,
        19.773805618286133,
        19.797603607177734,
        19.801067352294922,
        19.82118797302246,
        19.82189178466797,
        19.824268341064453,
        19.80707550048828,
        19.999658584594727,
        19.85968780517578,
        19.81009292602539,
        19.811847686767578,
        19.83519744873047,
        19.805452346801758,
        19.767629623413086,
        19.736774444580078,
        19.747949600219727,
        19.770736694335938,
        19.750368118286133,
        19.776126861572266,
        19.74829864501953,
        19.766101837158203,
        19.771780014038086,
        19.79090118408203,
        19.80058479309082,
        19.83489418029785,
        19.811073303222656,
        19.821788787841797,
        19.789859771728516,
        19.80259132385254,
        19.805389404296875,
        19.811311721801758,
        19.79877471923828,
        19.82087516784668,
        19.843833923339844,
        19.84748077392578,
        19.852712631225586,
        19.871118545532227,
        19.883502960205078,
        19.883790969848633,
        19.876991271972656,
        19.908771514892578,
        19.932918548583984,
        19.917858123779297,
        19.90837860107422,
        19.923290252685547,
        19.93167495727539,
        19.920377731323242,
        19.97773551940918,
        20.001920700073242,
        19.979726791381836,
        19.980443954467773,
        19.890647888183594,
        19.86498260498047,
        19.88742446899414,
        19.88080596923828,
        19.90403175354004,
        19.85845947265625,
        19.891162872314453,
        19.924955368041992,
        19.906784057617188,
        19.902450561523438,
        19.962894439697266,
        19.998079299926758,
        19.94318199157715,
        19.994029998779297,
        19.986574172973633,
        20.02118492126465,
        20.035701751708984,
        20.062490463256836,
        20.07050323486328,
        20.062915802001953,
        20.087955474853516,
        20.091787338256836,
        20.110973358154297,
        20.122314453125
    ],
    "best_train_loss":19.371023178100586,
    "best_val_loss":19.736774444580078,
    "best_epoch":66
}