{
    "run_n":3,
    "run_seed":377,
    "ndims":400,
    "nsamples":100000,
    "correlation":"corr",
    "nbijectors":10,
    "bijector":"RealNVPN",
    "spline_knots":8,
    "range_min":-5,
    "hidden_layers":"128-128-128",
    "batch_size":256,
    "activation":"relu",
    "eps_regulariser":0,
    "regulariser":null,
    "dist_seed":0,
    "test_seed":0,
    "ks_mean":0.011336471107036254,
    "ks_std":0.05746947779002128,
    "ad_mean":0.011084641510165697,
    "ad_std":0.03641882556957958,
    "wd_mean":0.13456227785923514,
    "wd_std":0.07397739313078344,
    "swd_mean":0.13032918692778692,
    "swd_std":0.07995627194365713,
    "fn_mean":55.52367375664183,
    "fn_std":3.2379236745468574,
    "epochs_input":1000,
    "epochs_output":327,
    "time":4073.8274961690186,
    "train_loss_history":[
        352643.75,
        1443.522705078125,
        761.4314575195312,
        658.4788208007812,
        612.4736938476562,
        582.9440307617188,
        558.9462890625,
        538.4813232421875,
        522.5768432617188,
        507.8374328613281,
        494.75164794921875,
        482.5849609375,
        471.1576843261719,
        460.69122314453125,
        450.71807861328125,
        440.56085205078125,
        431.24835205078125,
        422.5682678222656,
        414.3194274902344,
        405.1253662109375,
        396.2401428222656,
        388.4892578125,
        381.05877685546875,
        374.5830078125,
        366.654052734375,
        358.1814880371094,
        350.7645568847656,
        343.92120361328125,
        336.9149169921875,
        330.59326171875,
        323.6998596191406,
        318.2143859863281,
        312.198974609375,
        307.1940612792969,
        302.2481994628906,
        297.3760070800781,
        292.93798828125,
        288.85919189453125,
        284.400146484375,
        279.7936706542969,
        275.9317932128906,
        271.9092712402344,
        267.8012390136719,
        264.2592468261719,
        260.14630126953125,
        256.60430908203125,
        253.35263061523438,
        249.72537231445312,
        247.62774658203125,
        243.60964965820312,
        240.62869262695312,
        238.00218200683594,
        235.30886840820312,
        232.6676788330078,
        230.09457397460938,
        227.89625549316406,
        225.96719360351562,
        224.03810119628906,
        222.13121032714844,
        220.2770233154297,
        218.7926483154297,
        216.94151306152344,
        215.3538055419922,
        214.07717895507812,
        212.8938751220703,
        212.2150421142578,
        546.5722045898438,
        312.3231506347656,
        244.4071502685547,
        230.67398071289062,
        223.90272521972656,
        218.8831787109375,
        215.20956420898438,
        212.4678497314453,
        210.2959747314453,
        208.61122131347656,
        206.7314910888672,
        206.2144012451172,
        204.3903045654297,
        204.70269775390625,
        202.72610473632812,
        452.098388671875,
        240.89231872558594,
        224.43429565429688,
        217.5383758544922,
        213.70155334472656,
        210.1393280029297,
        208.46630859375,
        206.68539428710938,
        204.66879272460938,
        203.99671936035156,
        496.0039978027344,
        240.0164031982422,
        220.2509307861328,
        213.5096893310547,
        209.33457946777344,
        206.44053649902344,
        204.0284881591797,
        202.88348388671875,
        201.5261993408203,
        200.61502075195312,
        199.93206787109375,
        199.05760192871094,
        419.6838684082031,
        282.898193359375,
        215.24070739746094,
        208.0888214111328,
        204.25631713867188,
        201.89952087402344,
        200.33895874023438,
        199.34622192382812,
        198.74354553222656,
        197.8759307861328,
        197.20570373535156,
        196.7595672607422,
        196.54542541503906,
        196.16249084472656,
        195.70643615722656,
        195.46360778808594,
        195.26657104492188,
        195.52908325195312,
        196.583984375,
        194.4301300048828,
        194.75418090820312,
        194.2992401123047,
        194.6259307861328,
        424.26116943359375,
        214.9580841064453,
        207.10675048828125,
        203.06288146972656,
        200.91249084472656,
        199.24310302734375,
        197.9115447998047,
        197.2084503173828,
        196.54481506347656,
        195.81051635742188,
        194.9803924560547,
        194.5452880859375,
        194.3275146484375,
        195.28811645507812,
        194.0979766845703,
        193.13714599609375,
        193.60751342773438,
        193.44442749023438,
        193.9510955810547,
        193.15980529785156,
        195.4298553466797,
        192.21446228027344,
        329.1979064941406,
        218.9761505126953,
        207.0030059814453,
        202.314208984375,
        199.95278930664062,
        198.33172607421875,
        5177.447265625,
        343.0987548828125,
        229.05010986328125,
        217.1660919189453,
        210.76283264160156,
        206.98077392578125,
        204.92581176757812,
        203.42782592773438,
        201.92657470703125,
        200.42514038085938,
        199.7422332763672,
        198.86012268066406,
        198.33624267578125,
        198.5006866455078,
        197.0204315185547,
        196.8162078857422,
        197.3036346435547,
        195.48231506347656,
        195.47665405273438,
        195.3629608154297,
        195.7965850830078,
        194.89666748046875,
        283.76544189453125,
        208.89427185058594,
        201.91639709472656,
        199.4166259765625,
        197.94386291503906,
        197.13394165039062,
        196.65858459472656,
        245.98831176757812,
        210.61534118652344,
        198.94276428222656,
        196.75714111328125,
        195.54891967773438,
        195.0555419921875,
        194.5252227783203,
        194.1271209716797,
        194.38082885742188,
        193.7633819580078,
        193.34878540039062,
        189.83648681640625,
        189.56846618652344,
        189.47625732421875,
        189.396484375,
        189.27947998046875,
        189.22706604003906,
        189.1240997314453,
        189.03173828125,
        188.97422790527344,
        188.79638671875,
        188.71331787109375,
        188.614501953125,
        188.53684997558594,
        188.40390014648438,
        188.28627014160156,
        188.17254638671875,
        188.06436157226562,
        187.97183227539062,
        187.97637939453125,
        187.7692413330078,
        187.8961639404297,
        187.6586151123047,
        187.58441162109375,
        187.5728302001953,
        187.40414428710938,
        187.23992919921875,
        187.26092529296875,
        187.17486572265625,
        187.1683807373047,
        187.06076049804688,
        186.96359252929688,
        186.9839630126953,
        186.95217895507812,
        186.90017700195312,
        186.67694091796875,
        186.77049255371094,
        186.7003631591797,
        186.670654296875,
        186.7337188720703,
        186.68826293945312,
        186.69732666015625,
        186.60977172851562,
        186.6486358642578,
        186.32601928710938,
        186.39674377441406,
        186.47332763671875,
        186.2978515625,
        186.26719665527344,
        186.3034210205078,
        186.22959899902344,
        186.2554473876953,
        186.1030731201172,
        186.1066131591797,
        186.10986328125,
        186.0628204345703,
        185.95521545410156,
        186.22799682617188,
        185.9191436767578,
        185.86012268066406,
        185.86988830566406,
        186.0724639892578,
        185.76820373535156,
        185.93565368652344,
        186.06265258789062,
        185.52059936523438,
        185.74307250976562,
        185.85772705078125,
        185.66473388671875,
