{
    "run_n":24,
    "run_seed":0,
    "ndims":8,
    "nsamples":100000,
    "correlation":"corr",
    "nbijectors":10,
    "bijector":"CsplineN",
    "spline_knots":12,
    "range_min":-16,
    "hidden_layers":"512-512-512",
    "batch_size":512,
    "activation":"relu",
    "eps_regulariser":0,
    "regulariser":null,
    "dist_seed":0,
    "test_seed":0,
    "kl_divergence":-1,
    "ks_test_mean":0.41339192523074264,
    "ks_test_median":0.4419601219075457,
    "ad_test_mean":0.20598531777370394,
    "ad_test_median":0.20298482464148704,
    "Wasserstein_median":0.0324199072017049,
    "Wasserstein_mean":0.0324199072017049,
    "frob_norm":0.06936734175596569,
    "epochs_input":1000,
    "epochs_output":138,
    "time":7204.03615463106,
    "train_loss_history":[
        23.046039581298828,
        12.235591888427734,
        11.840376853942871,
        11.534936904907227,
        11.50375747680664,
        11.285446166992188,
        11.218245506286621,
        11.105921745300293,
        11.028227806091309,
        10.969660758972168,
        10.90972900390625,
        10.888199806213379,
        10.828595161437988,
        10.822535514831543,
        10.726551055908203,
        10.694657325744629,
        10.713762283325195,
        10.661155700683594,
        10.617414474487305,
        10.6101713180542,
        10.562816619873047,
        10.531464576721191,
        10.53261661529541,
        10.486489295959473,
        10.475899696350098,
        10.442821502685547,
        10.442876815795898,
        10.427793502807617,
        10.379692077636719,
        10.353286743164062,
        10.343707084655762,
        10.282796859741211,
        10.350589752197266,
        10.33387279510498,
        10.261427879333496,
        10.234578132629395,
        10.235774040222168,
        10.191201210021973,
        10.160353660583496,
        10.172567367553711,
        10.165867805480957,
        10.164671897888184,
        10.16529369354248,
        10.125995635986328,
        10.1133394241333,
        10.097222328186035,
        10.079716682434082,
        10.088160514831543,
        10.06523323059082,
        10.071439743041992,
        10.048310279846191,
        10.045541763305664,
        10.0791597366333,
        10.050437927246094,
        10.024934768676758,
        10.000847816467285,
        10.043838500976562,
        10.013236999511719,
        10.018895149230957,
        9.999969482421875,
        9.971358299255371,
        9.984718322753906,
        9.962121963500977,
        9.984150886535645,
        9.967856407165527,
        9.979445457458496,
        9.937875747680664,
        9.935822486877441,
        9.938102722167969,
        9.928269386291504,
        9.9209566116333,
        9.920853614807129,
        9.928813934326172,
        9.920215606689453,
        9.88610553741455,
        9.891630172729492,
        9.892316818237305,
        9.89620590209961,
        9.84872817993164,
        9.878927230834961,
        9.862040519714355,
        9.851966857910156,
        9.84508991241455,
        9.854621887207031,
        9.856223106384277,
        9.824902534484863,
        9.813637733459473,
        9.820512771606445,
        9.797837257385254,
        9.810609817504883,
        9.792380332946777,
        9.784300804138184,
        9.807741165161133,
        9.77796459197998,
        9.780198097229004,
        9.77247142791748,
        9.736597061157227,
        9.737568855285645,
        9.742444038391113,
        9.716161727905273,
        9.739870071411133,
        9.743904113769531,
        9.727441787719727,
        9.721478462219238,
        9.697742462158203,
        9.6810302734375,
        9.667262077331543,
        9.663389205932617,
        9.647710800170898,
        9.65587329864502,
        9.661067008972168,
        9.62990665435791,
        9.636380195617676,
        9.617725372314453,
        9.613017082214355,
        9.619858741760254,
        9.612126350402832,
        9.580339431762695,
        9.601238250732422,
        9.598061561584473,
        9.567445755004883,
        9.551963806152344,
        9.554654121398926,
        9.54261589050293,
        9.530137062072754,
        9.519632339477539,
        9.529206275939941,
        9.517650604248047,
        9.283915519714355,
        9.196316719055176,
        9.163915634155273,
        9.133724212646484,
        9.115452766418457,
        9.091287612915039,
        9.080205917358398,
        9.072040557861328,
        9.045902252197266,
        9.030170440673828
    ],