{
    "run_n":7,
    "run_seed":721,
    "ndims":4,
    "nsamples":100000,
    "correlation":"corr",
    "nbijectors":5,
    "bijector":"MAFN",
    "spline_knots":8,
    "range_min":-5,
    "hidden_layers":"256-256-256",
    "batch_size":512,
    "activation":"relu",
    "eps_regulariser":0,
    "regulariser":null,
    "dist_seed":0,
    "test_seed":0,
    "ks_mean":4.732255206809035e-31,
    "ks_std":1.7828232991511394e-30,
    "ad_mean":0.001,
    "ad_std":0.0,
    "wd_mean":0.44095215655021036,
    "wd_std":0.09041733748286426,
    "swd_mean":0.39411782254017275,
    "swd_std":0.12020337751386359,
    "fn_mean":0.4773730884950306,
    "fn_std":0.00812561566565915,
    "epochs_input":1000,
    "epochs_output":77,
    "time":241.75229168997612,
    "train_loss_history":[
        10.952803611755371,
        7.60405158996582,
        6.443909168243408,
        6.436010837554932,
        6.203546047210693,
        6.32708740234375,
        5.712190628051758,
        5.799030780792236,
        5.456015110015869,
        5.3013787269592285,
        5.103588581085205,
        5.390223979949951,
        5.213407039642334,
        4.883810997009277,
        4.897029399871826,
        4.687508583068848,
        4.774380207061768,
        10.420814514160156,
        9.49186897277832,
        6.728514194488525,
        6.3318610191345215,
        6.183044910430908,
        5.87857723236084,
        5.773240566253662,
        5.475823879241943,
        10.060385704040527,
        5.928519248962402,
        NaN,
        NaN,
        NaN,
        NaN,
        NaN,
        NaN,
        NaN,
        NaN,
        NaN,
        NaN,
        NaN,
        NaN,
        NaN,
        NaN,
        NaN,
        NaN,
        NaN,
        NaN,
        NaN,
        NaN,
        NaN,
        NaN,
        NaN,
        NaN,
        NaN,
        NaN,
        NaN,
        NaN,
        NaN,
        NaN,
        NaN,
        NaN,
        NaN,
        NaN,
        NaN,
        NaN,
        NaN,
        NaN,
        NaN,
        NaN,
        NaN,
        NaN,
        NaN,
        NaN,
        NaN,
        NaN,
        NaN,
        NaN,
        NaN,
        NaN
    ],
    "val_loss_history":[
        7.647082805633545,
        6.791468143463135,
        6.2256550788879395,
        7.9199442863464355,
        6.164973258972168,
        5.79801607131958,
        5.741499900817871,
        5.823179721832275,
        5.257625579833984,
        5.518102169036865,
        5.9341139793396,
        4.82875919342041,
        4.837841510772705,
        4.625520706176758,
        4.891987323760986,
        4.512380123138428,
        4.485751628875732,
        9.534215927124023,
        7.219635009765625,
        6.383812427520752,
        5.902652740478516,
        5.727989196777344,
        5.647080898284912,
        6.130420207977295,
        5.212402820587158,
        7.108259201049805,
        5.440518379211426,
        NaN,
        NaN,
        NaN,
        NaN,
        NaN,
        NaN,
        NaN,
        NaN,
        NaN,
        NaN,
        NaN,
        NaN,
        NaN,
        NaN,
        NaN,
        NaN,
        NaN,
        NaN,
        NaN,
        NaN,
        NaN,
        NaN,
        NaN,
        NaN,
        NaN,
        NaN,
        NaN,
        NaN,
        NaN,
        NaN,
        NaN,
        NaN,
        NaN,
        NaN,
        NaN,
        NaN,
        NaN,
        NaN,
        NaN,
        NaN,
        NaN,
        NaN,
        NaN,
        NaN,
        NaN,
        NaN,
        NaN,
        NaN,
        NaN,
        NaN
    ],
    "best_train_loss":[],
    "best_val_loss":NaN,
    "best_epoch":[]
}