{
    "run_n":18,
    "run_seed":0,
    "ndims":64,
    "nsamples":100000,
    "correlation":"corr",
    "nbijectors":5,
    "bijector":"MAFN",
    "spline_knots":8,
    "range_min":-5,
    "hidden_layers":"256-256-256",
    "batch_size":512,
    "activation":"relu",
    "eps_regulariser":0,
    "regulariser":null,
    "dist_seed":0,
    "test_seed":0,
    "kl_divergence":-1,
    "ks_test_mean":0.3812833289236421,
    "ks_test_median":0.4254796086926201,
    "ad_test_mean":0.19816189789395922,
    "ad_test_median":0.17848643450722357,
    "Wasserstein_median":0.03719713895502535,
    "Wasserstein_mean":0.03719713895502535,
    "frob_norm":0.4456621392773248,
    "epochs_input":1000,
    "epochs_output":145,
    "time":416.1655931789428,
    "train_loss_history":[
        139.9979248046875,
        45.961387634277344,
        42.01976776123047,
        37.514251708984375,
        35.71216583251953,
        35.1142578125,
        34.016502380371094,
        33.65601348876953,
        35.175838470458984,
        32.599937438964844,
        32.271324157714844,
        32.438968658447266,
        33.54461669921875,
        32.26692581176758,
        32.04623794555664,
        32.8127326965332,
        31.44048500061035,
        31.46463966369629,
        31.026199340820312,
        31.035818099975586,
        31.042682647705078,
        31.122196197509766,
        31.244359970092773,
        30.591632843017578,
        30.75740623474121,
        30.96095085144043,
        30.963825225830078,
        31.577106475830078,
        31.025768280029297,
        30.581918716430664,
        31.21573257446289,
        30.469043731689453,
        30.20404624938965,
        30.49385643005371,
        30.692768096923828,
        30.190120697021484,
        29.79092788696289,
        30.3183536529541,
        30.084575653076172,
        30.151145935058594,
        30.382564544677734,
        30.286239624023438,
        29.513212203979492,
        29.61796760559082,
        29.454477310180664,
        30.46129608154297,
        29.563669204711914,
        29.78958511352539,
        29.396982192993164,
        31.787168502807617,
        32.90957260131836,
        29.713932037353516,
        29.811792373657227,
        29.031566619873047,
        29.3173770904541,
        29.264127731323242,
        29.114431381225586,
        29.801971435546875,
        29.05508804321289,
        29.04167366027832,
        29.00116539001465,
        29.073928833007812,
        28.89179039001465,
        28.990942001342773,
        28.827470779418945,
        28.90389060974121,
        28.863468170166016,
        29.0626277923584,
        28.899110794067383,
        29.656160354614258,
        28.64402961730957,
        28.95587158203125,
        28.845638275146484,
        28.882352828979492,
        28.613828659057617,
        29.393016815185547,
        28.629735946655273,
        28.64845085144043,
        28.58942413330078,
        28.548933029174805,
        28.702117919921875,
        28.51056480407715,
        28.861774444580078,
        28.910022735595703,
        28.500324249267578,
        28.54153060913086,
        28.350582122802734,
        28.3901424407959,
        28.472074508666992,
        28.941028594970703,
        28.288253784179688,
        28.2358341217041,
        28.564281463623047,
        28.406213760375977,
        28.95134162902832,
        28.35799789428711,
        28.349119186401367,
        28.27675437927246,
        28.68597412109375,
        28.486202239990234,
        28.15595054626465,
        28.348594665527344,
        28.265525817871094,
        28.242542266845703,
        28.1729793548584,
        28.31104278564453,
        27.97491455078125,
        28.30487823486328,
        28.150104522705078,
        28.135658264160156,
        28.205232620239258,
        28.786272048950195,
        28.293012619018555,
        27.973285675048828,
        28.041847229003906,
        27.86983299255371,
        27.98179817199707,
        27.855497360229492,
        28.38343620300293,
        27.977874755859375,
        27.851125717163086,
        27.964651107788086,
        27.868114471435547,
        27.8621826171875,
        27.951555252075195,
        27.81613540649414,
        28.0108642578125,
        27.981704711914062,
        28.185993194580078,
        27.774168014526367,
        27.8525447845459,
        27.713470458984375,
        27.87217140197754,
        27.781328201293945,
        27.746538162231445,
        26.937158584594727,
        26.7844181060791,
        26.779449462890625,
        26.77480125427246,
        26.75775146484375,
        26.756675720214844,
        26.757381439208984,
        26.735218048095703,
        26.783084869384766,
        26.770729064941406
    ],