{
    "run_n":29,
    "run_seed":0,
    "ndims":400,
    "nsamples":100000,
    "correlation":"corr",
    "nbijectors":5,
    "bijector":"RealNVPN",
    "spline_knots":8,
    "range_min":-5,
    "hidden_layers":"128-128-128",
    "batch_size":256,
    "activation":"relu",
    "eps_regulariser":0,
    "regulariser":null,
    "dist_seed":0,
    "test_seed":0,
    "kl_divergence":-1,
    "ks_test_mean":0.010292876832635692,
    "ks_test_median":3.9165490831399544e-07,
    "ad_test_mean":0.0010000000000000002,
    "ad_test_median":0.0067930941187325225,
    "Wasserstein_median":0.424651802561265,
    "Wasserstein_mean":0.424651802561265,
    "frob_norm":40.95971566513498,
    "epochs_input":1000,
    "epochs_output":153,
    "time":867.0077782659791,
    "train_loss_history":[
        2248.209716796875,
        347.97479248046875,
        304.4867858886719,
        280.890380859375,
        266.2627868652344,
        256.82830810546875,
        248.50523376464844,
        243.4029998779297,
        237.50662231445312,
        233.48294067382812,
        229.62713623046875,
        228.4864044189453,
        225.9833984375,
        379.9693603515625,
        284.6115417480469,
        247.2244873046875,
        234.7881622314453,
        228.57516479492188,
        224.6816864013672,
        222.168212890625,
        219.66990661621094,
        217.1513214111328,
        214.75323486328125,
        213.56304931640625,
        214.091064453125,
        212.05885314941406,
        211.16580200195312,
        492.5766296386719,
        263.16497802734375,
        249.32960510253906,
        244.36477661132812,
        241.04351806640625,
        238.23117065429688,
        235.81874084472656,
        234.3500213623047,
        233.29481506347656,
        232.50230407714844,
        231.6641082763672,
        230.7669219970703,
        230.092041015625,
        229.12136840820312,
        229.47265625,
        226.4879608154297,
        224.67103576660156,
        223.17153930664062,
        221.96957397460938,
        220.55636596679688,
        218.56053161621094,
        323.9729919433594,
        266.4842834472656,
        237.68069458007812,
        225.1118927001953,
        217.57794189453125,
        214.20799255371094,
        212.2156219482422,
        211.54891967773438,
        210.12020874023438,
        486.14715576171875,
        256.9690246582031,
        234.7710418701172,
        227.2485809326172,
        475.2368469238281,
        322.58892822265625,
        294.7004089355469,
        281.62249755859375,
        274.97674560546875,
        270.27215576171875,
        265.722900390625,
        260.9231262207031,
        256.6217956542969,
        253.47837829589844,
        250.76625061035156,
        248.07691955566406,
        246.27096557617188,
        243.9213104248047,
        242.05633544921875,
        239.5345916748047,
        454.2828369140625,
        313.9879455566406,
        247.98968505859375,
        231.80828857421875,
        225.74948120117188,
        222.49948120117188,
        219.7276153564453,
        217.99949645996094,
        216.78269958496094,
        215.15536499023438,
        213.7642364501953,
        212.7212677001953,
        211.73953247070312,
        210.5924072265625,
        209.48243713378906,
        208.95518493652344,
        428.46990966796875,
        321.10369873046875,
        290.39471435546875,
        274.9483947753906,
        265.4545593261719,
        256.3475646972656,
        249.2909393310547,
        241.86065673828125,
        235.6302490234375,
        232.9831085205078,
        229.2039337158203,
        225.7293701171875,
        223.41563415527344,
        617.9049682617188,
        309.16461181640625,
        289.2021179199219,
        277.9210205078125,
        269.521484375,
        262.73724365234375,
        258.5032653808594,
        253.50865173339844,
        247.61376953125,
        243.2353973388672,
        240.9196319580078,
        238.15098571777344,
        235.40199279785156,
        233.03302001953125,
        232.09463500976562,
        231.76573181152344,
        227.88209533691406,
        473.3107604980469,
        262.7785949707031,
        247.7197723388672,
        239.82872009277344,
        235.07057189941406,
        231.2499237060547,
        229.1092529296875,
        226.7988739013672,
        16286.5078125,
        385.5643310546875,
        301.9582214355469,
        284.099853515625,
        273.5180358886719,
        267.2908020019531,
        669.3729248046875,
        351.8058166503906,
        270.2146301269531,
        256.05615234375,
        250.97930908203125,
        248.6852569580078,
        246.2088623046875,
        245.8716583251953,
        245.53733825683594,
        245.1793670654297,
        244.88809204101562,
        244.60328674316406,
        244.29934692382812,
        243.97779846191406,
        243.68040466308594,
        243.41891479492188
    ],