{
    "run_n":22,
    "run_seed":0,
    "ndims":8,
    "nsamples":100000,
    "correlation":"corr",
    "nbijectors":10,
    "bijector":"CsplineN",
    "spline_knots":12,
    "range_min":-16,
    "hidden_layers":"128-128-128",
    "batch_size":512,
    "activation":"relu",
    "eps_regulariser":0,
    "regulariser":null,
    "dist_seed":0,
    "test_seed":0,
    "kl_divergence":-1,
    "ks_test_mean":0.2810052186120365,
    "ks_test_median":0.26870127119231724,
    "ad_test_mean":0.18483449507531077,
    "ad_test_median":0.16427808785894818,
    "Wasserstein_median":0.056250967791553516,
    "Wasserstein_mean":0.056250967791553516,
    "frob_norm":0.09575013496530738,
    "epochs_input":1000,
    "epochs_output":144,
    "time":7330.175569571089,
    "train_loss_history":[
        21.081716537475586,
        11.958221435546875,
        11.428970336914062,
        11.115999221801758,
        10.955172538757324,
        10.8074312210083,
        10.76418399810791,
        10.697731971740723,
        10.593178749084473,
        10.623885154724121,
        10.548644065856934,
        10.480368614196777,
        10.530182838439941,
        10.439332008361816,
        10.384984970092773,
        10.431174278259277,
        10.370491027832031,
        10.359375953674316,
        10.351154327392578,
        10.320100784301758,
        10.323189735412598,
        10.30285930633545,
        10.285299301147461,
        10.290355682373047,
        10.27216625213623,
        10.257455825805664,
        10.24559211730957,
        10.253066062927246,
        10.226224899291992,
        10.237601280212402,
        10.190195083618164,
        10.20760440826416,
        10.193550109863281,
        10.185969352722168,
        10.161702156066895,
        10.148545265197754,
        10.128725051879883,
        10.129899024963379,
        10.121170997619629,
        10.115209579467773,
        10.10354232788086,
        10.11305046081543,
        10.103468894958496,
        10.095818519592285,
        10.066810607910156,
        10.092368125915527,
        10.07909870147705,
        10.092767715454102,
        10.062372207641602,
        10.060487747192383,
        10.039158821105957,
        10.056248664855957,
        10.033263206481934,
        10.045549392700195,
        10.039636611938477,
        10.035611152648926,
        10.0260591506958,
        10.021684646606445,
        10.031717300415039,
        10.017199516296387,
        10.012880325317383,
        10.005308151245117,
        9.999027252197266,
        10.004769325256348,
        9.988637924194336,
        9.986138343811035,
        9.971012115478516,
        9.988698959350586,
        9.972823143005371,
        9.96251106262207,
        9.97966480255127,
        9.964447975158691,
        9.968226432800293,
        9.963475227355957,
        9.945297241210938,
        9.933307647705078,
        9.93726921081543,
        9.934484481811523,
        9.942526817321777,
        9.933870315551758,
        9.920575141906738,
        9.916667938232422,
        9.91397762298584,
        9.910806655883789,
        9.911602020263672,
        9.895777702331543,
        9.889766693115234,
        9.906548500061035,
        9.892967224121094,
        9.898820877075195,
        9.8876953125,
        9.878730773925781,
        9.877553939819336,
        9.876508712768555,
        9.866800308227539,
        9.871240615844727,
        9.8562650680542,
        9.857843399047852,
        9.855447769165039,
        9.858952522277832,
        9.853399276733398,
        9.846158981323242,
        9.8472900390625,
        9.820443153381348,
        9.833305358886719,
        9.826467514038086,
        9.827616691589355,
        9.819587707519531,
        9.817110061645508,
        9.806824684143066,
        9.809415817260742,
        9.795149803161621,
        9.792716979980469,
        9.796600341796875,
        9.78518009185791,
        9.795398712158203,
        9.7877779006958,
        9.772618293762207,
        9.776982307434082,
        9.776537895202637,
        9.76640510559082,
        9.75432300567627,
        9.779870986938477,
        9.752946853637695,
        9.750720977783203,
        9.742243766784668,
        9.748408317565918,
        9.73705005645752,
        9.738730430603027,
        9.737029075622559,
        9.74070930480957,
        9.72622013092041,
        9.72469711303711,
        9.715578079223633,
        9.594049453735352,
        9.556234359741211,
        9.540887832641602,
        9.533442497253418,
        9.527640342712402,
        9.520495414733887,
        9.51341438293457,
        9.508113861083984,
        9.502854347229004,
        9.497726440429688
    ],