{
    "run_n":15,
    "run_seed":0,
    "ndims":8,
    "nsamples":100000,
    "correlation":"corr",
    "nbijectors":5,
    "bijector":"CsplineN",
    "spline_knots":8,
    "range_min":-16,
    "hidden_layers":"512-512-512",
    "batch_size":512,
    "activation":"relu",
    "eps_regulariser":0,
    "regulariser":null,
    "dist_seed":0,
    "test_seed":0,
    "kl_divergence":-1,
    "ks_test_mean":0.2187567790119082,
    "ks_test_median":0.2133987041987829,
    "ad_test_mean":0.14326161885909877,
    "ad_test_median":0.13598793927464542,
    "Wasserstein_median":0.06190994745551292,
    "Wasserstein_mean":0.06190994745551292,
    "frob_norm":0.15258899906888607,
    "epochs_input":1000,
    "epochs_output":170,
    "time":3733.022981497925,
    "train_loss_history":[
        19.632625579833984,
        12.860140800476074,
        12.419827461242676,
        12.08969497680664,
        11.957849502563477,
        11.943509101867676,
        11.811246871948242,
        11.801898002624512,
        11.73288631439209,
        11.734904289245605,
        11.636723518371582,
        11.615865707397461,
        11.603753089904785,
        11.518152236938477,
        11.502372741699219,
        11.466636657714844,
        11.393831253051758,
        11.36996841430664,
        11.387836456298828,
        11.2943754196167,
        11.277859687805176,
        11.223834991455078,
        11.225015640258789,
        11.188096046447754,
        11.153461456298828,
        11.104576110839844,
        11.075533866882324,
        11.065373420715332,
        11.02433967590332,
        11.011635780334473,
        10.991246223449707,
        10.955011367797852,
        10.956618309020996,
        10.933553695678711,
        10.909072875976562,
        10.90270709991455,
        10.865987777709961,
        10.845712661743164,
        10.845187187194824,
        10.82357120513916,
        10.814746856689453,
        10.769892692565918,
        10.765823364257812,
        10.758495330810547,
        10.741068840026855,
        10.750458717346191,
        10.714359283447266,
        10.730826377868652,
        10.686630249023438,
        10.687535285949707,
        10.64115047454834,
        10.633930206298828,
        10.59489631652832,
        10.55855941772461,
        10.583956718444824,
        10.513401985168457,
        10.538915634155273,
        10.525071144104004,
        10.49130630493164,
        10.471817016601562,
        10.517374038696289,
        10.489713668823242,
        10.441399574279785,
        10.400893211364746,
        10.433161735534668,
        10.413232803344727,
        10.380899429321289,
        10.36758041381836,
        10.341862678527832,
        10.325570106506348,
        10.332623481750488,
        10.316877365112305,
        10.306700706481934,
        10.323148727416992,
        10.339850425720215,
        10.321290969848633,
        10.31074047088623,
        10.273351669311523,
        10.294239044189453,
        10.276277542114258,
        10.290275573730469,
        10.230419158935547,
        10.30819034576416,
        10.245978355407715,
        10.271429061889648,
        10.27154541015625,
        10.25013256072998,
        10.236804008483887,
        10.241018295288086,
        10.235831260681152,
        10.218491554260254,
        10.21602725982666,
        10.206779479980469,
        10.199623107910156,
        10.182294845581055,
        10.22258186340332,
        10.19240951538086,
        10.185976028442383,
        10.199273109436035,
        10.197145462036133,
        10.204345703125,
        10.178938865661621,
        10.224668502807617,
        10.169675827026367,
        10.16565990447998,
        10.19356918334961,
        10.156042098999023,
        10.201722145080566,
        10.15831470489502,
        10.156523704528809,
        10.12640380859375,
        10.157315254211426,
        10.1461763381958,
        10.132363319396973,
        10.166563987731934,
        10.130515098571777,
        10.122342109680176,
        10.101439476013184,
        10.10442066192627,
        10.139409065246582,
        10.122010231018066,
        10.09611701965332,
        10.105624198913574,
        10.100735664367676,
        10.093622207641602,
        10.083314895629883,
        10.085628509521484,
        10.096843719482422,
        10.06859302520752,
        10.097333908081055,
        10.095544815063477,
        10.068413734436035,
        10.058478355407715,
        10.073427200317383,
        10.055070877075195,
        10.070384979248047,
        10.06202507019043,
        10.060148239135742,
        10.051802635192871,
        10.028871536254883,
        10.04507064819336,
        10.054014205932617,
        10.07184886932373,
        10.045337677001953,
        10.019548416137695,
        10.020501136779785,
        10.012404441833496,
        10.01758098602295,
        10.01678466796875,
        10.021721839904785,
        10.004281997680664,
        10.04228687286377,
        10.015267372131348,
        10.006730079650879,
        10.051578521728516,
        9.991135597229004,
        9.992948532104492,
        9.97935676574707,
        9.98706340789795,
        9.971749305725098,
        9.817944526672363,
        9.78031063079834,
        9.765645027160645,
        9.757288932800293,
        9.751160621643066,
        9.741753578186035,
        9.74337100982666,
        9.735851287841797,
        9.735725402832031,
        9.731017112731934
    ],