{
    "run_n":22,
    "run_seed":0,
    "ndims":100,
    "nsamples":100000,
    "correlation":"corr",
    "nbijectors":5,
    "bijector":"MAFN",
    "spline_knots":8,
    "range_min":-5,
    "hidden_layers":"256-256-256",
    "batch_size":512,
    "activation":"relu",
    "eps_regulariser":0,
    "regulariser":null,
    "dist_seed":0,
    "test_seed":0,
    "kl_divergence":-1,
    "ks_test_mean":0.010320233230016265,
    "ks_test_median":3.4640193774263474e-09,
    "ad_test_mean":0.0010000000000000002,
    "ad_test_median":0.007044848346446406,
    "Wasserstein_median":0.456760568864338,
    "Wasserstein_mean":0.456760568864338,
    "frob_norm":2.4358350152825468,
    "epochs_input":1000,
    "epochs_output":167,
    "time":467.99538270384073,
    "train_loss_history":[
        287.0794372558594,
        208.30760192871094,
        207.0836944580078,
        206.33969116210938,
        205.77000427246094,
        205.1596221923828,
        204.59439086914062,
        204.13717651367188,
        203.61355590820312,
        203.0200653076172,
        202.5238494873047,
        202.0109100341797,
        201.634033203125,
        201.1711883544922,
        200.73599243164062,
        200.33685302734375,
        199.7464599609375,
        198.91268920898438,
        198.22067260742188,
        197.59249877929688,
        197.07565307617188,
        196.61216735839844,
        196.20770263671875,
        195.75827026367188,
        195.41827392578125,
        195.0516357421875,
        194.71737670898438,
        194.3731689453125,
        194.01541137695312,
        193.4065399169922,
        192.954345703125,
        192.5085906982422,
        192.01873779296875,
        191.4827880859375,
        190.70265197753906,
        190.2228240966797,
        189.82470703125,
        189.33163452148438,
        188.94219970703125,
        188.51596069335938,
        188.20635986328125,
        187.9404296875,
        187.46768188476562,
        187.0990447998047,
        189.30746459960938,
        187.18350219726562,
        186.46234130859375,
        186.3041229248047,
        185.8288116455078,
        185.5914764404297,
        185.3997039794922,
        188.68356323242188,
        187.1782684326172,
        186.6066131591797,
        186.17066955566406,
        185.467529296875,
        185.3836212158203,
        185.07716369628906,
        185.03826904296875,
        184.53163146972656,
        184.66152954101562,
        184.41758728027344,
        184.04116821289062,
        184.00997924804688,
        183.73532104492188,
        183.5533447265625,
        183.3307647705078,
        183.1058349609375,
        183.01219177246094,
        182.8626251220703,
        182.80630493164062,
        182.5519256591797,
        182.4477081298828,
        182.427734375,
        181.96255493164062,
        182.01690673828125,
        181.6729736328125,
        181.61508178710938,
        181.39305114746094,
        181.20965576171875,
        180.96514892578125,
        180.84378051757812,
        180.66934204101562,
        180.54014587402344,
        180.3317108154297,
        180.13418579101562,
        180.53662109375,
        180.12171936035156,
        179.73959350585938,
        179.45587158203125,
        179.5781707763672,
        179.10450744628906,
        178.9141082763672,
        179.10595703125,
        179.0939178466797,
        179.12869262695312,
        178.5498046875,
        178.28219604492188,
        178.19677734375,
        178.3428497314453,
        181.2972412109375,
        179.59327697753906,
        178.4652557373047,
        177.96902465820312,
        178.62417602539062,
        177.77320861816406,
        177.6082305908203,
        178.21397399902344,
        178.0067901611328,
        177.54251098632812,
        177.16046142578125,
        NaN,
        NaN,
        NaN,
        NaN,
        NaN,
        NaN,
        NaN,
        NaN,
        NaN,
        NaN,
        NaN,
        NaN,
        NaN,
        NaN,
        NaN,
        NaN,
        NaN,
        NaN,
        NaN,
        NaN,
        NaN,
        NaN,
        NaN,
        NaN,
        NaN,
        NaN,
        NaN,
        NaN,
        NaN,
        NaN,
        NaN,
        NaN,
        NaN,
        NaN,
        NaN,
        NaN,
        NaN,
        NaN,
        NaN,
        NaN,
        NaN,
        NaN,
        NaN,
        NaN,
        NaN,
        NaN,
        NaN,
        NaN,
        NaN,
        NaN,
        NaN,
        NaN,
        NaN,
        NaN,
        NaN,
        NaN
    ],