{
    "run_n":66,
    "run_seed":0,
    "ndims":100,
    "nsamples":100000,
    "correlation":"corr",
    "nbijectors":5,
    "bijector":"CsplineN",
    "spline_knots":12,
    "range_min":-16,
    "hidden_layers":"512-512-512",
    "batch_size":512,
    "activation":"relu",
    "eps_regulariser":0,
    "regulariser":null,
    "dist_seed":0,
    "test_seed":0,
    "kl_divergence":-1,
    "ks_test_mean":0.09151059562317286,
    "ks_test_median":0.02393578795929148,
    "ad_test_mean":0.03568335584910243,
    "ad_test_median":0.06123427036441313,
    "Wasserstein_median":0.1750040706050081,
    "Wasserstein_mean":0.1750040706050081,
    "frob_norm":0.832717419450791,
    "epochs_input":1000,
    "epochs_output":182,
    "time":5050.196487010457,
    "train_loss_history":[
        1113.784423828125,
        224.01531982421875,
        196.2913055419922,
        185.0655975341797,
        181.568603515625,
        177.0164337158203,
        173.9724884033203,
        171.93746948242188,
        169.28709411621094,
        168.7261505126953,
        165.89071655273438,
        166.40838623046875,
        163.92669677734375,
        163.9483184814453,
        162.8642120361328,
        165.0645751953125,
        163.6619415283203,
        161.61341857910156,
        162.245361328125,
        160.26609802246094,
        160.22418212890625,
        158.96949768066406,
        159.36607360839844,
        158.25808715820312,
        157.8227081298828,
        157.90121459960938,
        157.25946044921875,
        157.77857971191406,
        156.25404357910156,
        156.5467529296875,
        157.13885498046875,
        156.934326171875,
        155.87603759765625,
        156.03231811523438,
        155.39967346191406,
        155.09695434570312,
        155.1016082763672,
        154.81732177734375,
        155.2754364013672,
        154.30348205566406,
        153.3361358642578,
        154.81553649902344,
        154.92532348632812,
        154.04513549804688,
        153.14463806152344,
        153.15411376953125,
        153.5592803955078,
        153.43194580078125,
        152.72935485839844,
        151.90487670898438,
        152.0592498779297,
        152.1404266357422,
        151.13406372070312,
        150.9405517578125,
        151.1165771484375,
        151.92420959472656,
        151.24609375,
        151.45143127441406,
        149.7687225341797,
        149.95437622070312,
        148.97434997558594,
        149.2109832763672,
        148.9362335205078,
        149.1463623046875,
        149.552001953125,
        148.881591796875,
        148.375,
        148.392578125,
        148.8732452392578,
        148.72296142578125,
        147.31640625,
        147.67115783691406,
        148.37127685546875,
        147.35916137695312,
        146.9248504638672,
        146.98989868164062,
        146.207763671875,
        145.8559112548828,
        145.88998413085938,
        145.95904541015625,
        145.80694580078125,
        145.0563201904297,
        145.4176788330078,
        144.6837615966797,
        144.30149841308594,
        144.42086791992188,
        144.40174865722656,
        144.21070861816406,
        143.86354064941406,
        143.72537231445312,
        143.8313446044922,
        143.51910400390625,
        144.83029174804688,
        144.51043701171875,
        144.11541748046875,
        143.5955047607422,
        142.9911346435547,
        142.70948791503906,
        142.48622131347656,
        141.9759521484375,
        142.042236328125,
        142.1948699951172,
        141.4434051513672,
        141.05848693847656,
        141.31813049316406,
        141.24725341796875,
        141.07325744628906,
        141.20361328125,
        140.59512329101562,
        140.9258270263672,
        140.49058532714844,
        140.75234985351562,
        140.62228393554688,
        140.1370391845703,
        140.2503662109375,
        139.77694702148438,
        139.9730987548828,
        139.6663818359375,
        139.77044677734375,
        139.76612854003906,
        139.2085723876953,
        139.04647827148438,
        139.04473876953125,
        138.9368133544922,
        139.25570678710938,
        138.5762176513672,
        138.5228729248047,
        138.59339904785156,
        138.28843688964844,
        138.1189727783203,
        138.0888671875,
        137.83575439453125,
        138.10618591308594,
        137.97708129882812,
        137.81642150878906,
        138.17547607421875,
        137.64102172851562,
        137.20388793945312,
        137.93739318847656,
        137.6082763671875,
        137.43711853027344,
        137.25299072265625,
        138.54351806640625,
        137.84783935546875,
        136.96725463867188,
        136.75946044921875,
        137.0908966064453,
        136.4844970703125,
        136.21670532226562,
        136.4635009765625,
        136.29833984375,
        136.27096557617188,
        136.23907470703125,
        135.89915466308594,
        136.06924438476562,
        136.08993530273438,
        135.71701049804688,
        135.66693115234375,
        135.5994415283203,
        136.07827758789062,
        135.3425750732422,
        135.98545837402344,
        135.26292419433594,
        135.3537139892578,
        135.26675415039062,
        135.33251953125,
        134.88966369628906,
        134.99810791015625,
        135.3220977783203,
        134.98008728027344,
        134.6034393310547,
        134.6988983154297,
        130.87991333007812,
        129.812255859375,
        129.47695922851562,
        129.23316955566406,
        129.04652404785156,
        128.910400390625,
        128.71592712402344,
        128.7133026123047,
        128.63284301757812,
        128.42385864257812
    ],